ID,Delay
1,12.058264669158108
2,13.774267716101901
3,12.787969981476248
4,10.653439824581099
5,10.86856120376578
6,10.055018130554542
7,9.684764049035099
8,0.015325658794164374
9,17.457348975187404
10,12.80773390838105
11,11.721559328655669
12,12.799248782818733
13,6.165200108756117
14,9.684764049035099
15,12.112478823187029
16,4.716237257877893
17,14.125570165301776
18,9.98727820292754
19,12.528626451838344
20,7.6638473593377725
21,5.934315194616238
22,12.1639418747366
23,10.120921051722332
24,12.787969981476248
25,12.81722875009626
26,12.112478823187029
27,18.201284431311116
28,10.633178329550322
29,0.015325658794164374
30,15.741668990073267
31,7.6851239490753365
32,11.563861773393871
33,13.512395790021818
34,13.264836511272955
35,12.213911024692832
36,12.780218535135841
37,11.082443470434844
38,11.11127573772334
39,9.208874961582241
40,10.822318109844394
41,12.212394420298873
42,12.031966640891632
43,13.366345400562862
44,12.196856848982899
45,11.721559328655669
46,8.503037004144687
47,13.69863991433734
48,0.027333109677451842
49,5.038886748307234
50,12.8054424595538
51,9.52470941089356
52,14.695601490659865
53,7.6851239490753365
54,9.64007588148686
55,12.63879389692814
56,12.621044582665496
57,12.787969981476248
58,13.907771952716754
59,10.579755108551016
60,11.827022567051673
61,13.68764136720385
62,14.028246968361051
63,11.292802446095797
64,11.082443470434844
65,12.503447089544926
66,4.51374300776806
67,6.667610608737968
68,2.529615475455854
69,6.579802437652546
70,12.823038511690218
71,15.741668990073267
72,3.0024105020281775
73,9.338990325891674
74,4.872754849903753
75,5.934315194616238
76,11.30322716303372
77,5.160642380755664
78,11.861822596629375
79,8.395542659712095
80,13.398323384922747
81,10.86856120376578
82,11.616448317508805
83,8.471414108628688
84,9.252643956005794
85,12.197888268952516
86,4.51374300776806
87,7.106562933382864
88,9.585644561031316
89,12.542328084259742
90,12.031966640891632
91,4.51374300776806
92,16.3288356108974
93,0.3714388338531008
94,12.593928617586814
95,6.573076215269474
96,2.529615475455854
97,11.616448317508805
98,9.19771324189176
99,9.208874961582241
100,12.112478823187029
101,12.396318281866899
102,9.422578860299863
103,9.576435347265834
104,13.82751392642586
105,1.2803962758475114
106,13.366345400562862
107,11.861822596629375
108,8.79069643683987
109,2.529615475455854
110,9.634794335132204
111,6.165200108756117
112,8.846705260453415
113,11.994760101537077
114,12.787969981476248
115,11.127494439625597
116,10.48255941352694
117,1.2803962758475114
118,13.026731829466438
119,10.816492879842588
120,9.421214234104609
121,9.684764049035099
122,18.201284431311116
123,8.02044088080137
124,9.767696020464282
125,4.128971955840174
126,24.425628138749065
127,12.196856848982899
128,8.100979239053162
129,13.414408748453697
130,10.512615416909096
131,3.0024105020281775
132,10.120921051722332
133,12.413456932294864
134,9.574642416632932
135,11.721559328655669
136,9.589673981654647
137,10.158984435765598
138,11.904014825220811
139,10.738269155368588
140,13.081724704757361
141,10.614833554124441
142,11.269230012146467
143,13.68764136720385
144,13.00961957683024
145,11.994760101537077
146,10.348653716994864
147,2.529615475455854
148,11.295683569867682
149,11.69195865071915
150,11.74640599971247
151,11.467754237167298
152,13.128994195109632
153,11.066991168153272
154,11.923234567635598
155,14.405959487853515
156,9.52470941089356
157,10.687130645701313
158,8.038907081394939
159,12.799043641653967
160,14.496624708691067
161,5.160642380755664
162,11.66113177867409
163,14.695601490659865
164,11.8650084502729
165,11.74640599971247
166,12.49000421126805
167,9.208874961582241
168,14.028246968361051
169,10.689543555175277
170,8.395542659712095
171,12.823038511690218
172,12.269761079504093
173,9.023501961235537
174,12.12579307744173
175,13.892606710962282
176,0.14684775989240492
177,9.422578860299863
178,10.158984435765598
179,10.689356118326117
180,13.774267716101901
181,12.509063455885768
182,10.202262204019885
183,9.574642416632932
184,12.799248782818733
185,4.128971955840174
186,12.650730329252788
187,11.229364735770675
188,8.100979239053162
189,11.539621885798608
190,13.001707292463683
191,16.367694746509166
192,13.61585019806674
193,9.90600665894975
194,11.779941926699694
195,11.880078730973544
196,11.779941926699694
197,13.431489756156555
198,13.382661998731788
199,7.523270982700756
200,8.055220393704243
201,13.704911869448036
202,20.781867833335898
203,13.197763514467946
204,13.489214979375824
205,7.520490731007024
206,10.946123607309499
207,9.88770609142327
208,13.674298287740715
209,13.252755233612277
210,12.76243818252969
211,13.808481286215004
212,13.895633307915295
213,14.533135938696129
214,12.312390515595268
215,20.01978203906659
216,8.938239608674238
217,13.808481286215004
218,13.382661998731788
219,13.539285319496503
220,14.486503546217348
221,23.645657214121616
222,13.252755233612277
223,17.24993742001708
224,13.190512118237708
225,12.538153631732945
226,12.718319844784027
227,12.787967313140635
228,20.781867833335898
229,12.125300457057273
230,13.457930418005247
231,13.674298287740715
232,13.61585019806674
233,14.347818758823005
234,13.895633307915295
235,11.880078730973544
236,8.055220393704243
237,13.170098993067246
238,10.707704588049712
239,11.771091386177908
240,13.252755233612277
241,12.806116168733366
242,12.744797986794758
243,12.917047139696768
244,12.016853626422055
245,13.706838229267635
246,20.01978203906659
247,13.186987708553865
248,12.282236848717002
249,11.638309497264066
250,12.504492534141258
251,9.880105774276796
252,8.941605074476124
253,12.572945198098196
254,13.431489756156555
255,18.113979282543866
256,10.707704588049712
257,11.773289119648647
258,9.922215503870511
259,8.626363588050863
260,9.209151285214727
261,5.449802070966917
262,16.714319453606517
263,13.706838229267635
264,15.321352864560028
265,12.274799184945309
266,13.687860449091144
267,13.413041301077588
268,13.687860449091144
269,13.186987708553865
270,13.855844486865125
271,11.43537876515282
272,11.43537876515282
273,16.294971757991707
274,12.880608653984767
275,13.531772580014591
276,13.316596575581046
277,12.558086970921742
278,10.59923474481363
279,13.216629266371706
280,18.26507672680734
281,12.516567028874995
282,13.687860449091144
283,13.855844486865125
284,13.172170309547969
285,11.880078730973544
286,13.023275926105812
287,13.728995086519484
288,13.254936183861728
289,11.794327101399514
290,9.209151285214727
291,13.148013079598924
292,12.550689069931046
293,10.223092882342037
294,13.382661998731788
295,17.3048395571544
296,13.799154290716379
297,12.538153631732945
298,15.6886307153783
299,12.125300457057273
300,13.245843740757271
301,8.938239608674238
302,13.148013079598924
303,13.069892277086595
304,11.779941926699694
305,13.289965471810861
306,12.890558196872226
307,17.771561224693155
308,18.113979282543866
309,14.065471614380098
310,13.216629266371706
311,14.13366900368245
312,12.55215907147646
313,12.125300457057273
314,13.294858196880675
315,14.279854458939056
316,12.671189103300387
317,13.520252059939486
318,13.74858837795689
319,12.933870800631711
320,12.016853626422055
321,15.030531384204144
322,12.838814989013848
323,14.347818758823005
324,13.029939593398757
325,13.126249079247016
326,13.874806519993651
327,13.069892277086595
328,8.471991919613366
329,12.555075147182498
330,13.23902581245119
331,20.01978203906659
332,12.73275906801539
333,13.687860449091144
334,13.245843740757271
335,13.05546838468863
336,11.771091386177908
337,13.287154768019072
338,13.148013079598924
339,13.506269480040265
340,12.312390515595268
341,12.725001325227739
342,9.922215503870511
343,12.538153631732945
344,12.312390515595268
345,13.706838229267635
346,13.155883265779845
347,13.820272985521482
348,17.24993742001708
349,13.326113758074248
350,12.125300457057273
351,12.806116168733366
352,12.550689069931046
353,13.197763514467946
354,13.411893340922834
355,15.864059286810361
356,11.638309497264066
357,13.479507109531353
358,13.238099240296771
359,12.634194811873197
360,10.868398995114667
361,12.282981107245565
362,12.906969742955058
363,13.387948105290379
364,11.78712240332525
365,10.987381412724945
366,8.522426411722964
367,3.427823813017986
368,7.4764741056557344
369,1.3556692009842333
370,11.095042543303233
371,11.606495392359218
372,2.6840804923116464
373,10.666394495897523
374,3.7514503080618975
375,11.13438684807036
376,10.021456724426649
377,11.814049409384717
378,10.666394495897523
379,15.427192864755382
380,8.412002554633295
381,11.376578964192818
382,11.45809286898286
383,2.715530940364006
384,10.868398995114667
385,15.091323255933206
386,11.599205548798444
387,14.545384329170615
388,2.715530940364006
389,1.050544300594673
390,14.769606824463269
391,10.411998899163077
392,15.644990025056895
393,10.375835281385601
394,5.599011931065888
395,18.402861920494086
396,10.797250196705615
397,2.6840804923116464
398,11.583684286659757
399,11.407610242211044
400,12.004347202738494
401,34.820901878303005
402,7.645840852676476
403,8.496746443727897
404,13.387972653405084
405,5.9031023467436885
406,12.329503114157639
407,14.955569758839292
408,12.685609241174411
409,8.373369052553892
410,3.779488867073981
411,13.387948105290379
412,9.153757092820912
413,14.175767066365903
414,3.3599983747067603
415,13.728058500350441
416,2.0288215070450355
417,0.5057700016379459
418,11.78712240332525
419,7.288172237221737
420,15.786742818197427
421,11.663804837991483
422,13.135993754155688
423,15.644990025056895
424,11.560893824617423
425,11.612354780649676
426,8.0577892294686
427,13.728058500350441
428,10.375835281385601
429,5.052528119979005
430,9.853282845136766
431,7.152330019613557
432,14.216695111016707
433,7.4764741056557344
434,10.490282266717289
435,11.400290463884607
436,10.90887576853394
437,14.82864990340565
438,9.941588296767721
439,1.707098919400979
440,12.660945092378142
441,13.24872249342153
442,18.402861920494086
443,18.402861920494086
444,10.30164174437298
445,11.606495392359218
446,12.408006428743207
447,9.36873205152559
448,10.354524836626396
449,3.7514503080618975
450,9.710299720537323
451,12.292067476500987
452,34.820901878303005
453,11.095042543303233
454,0.32945100158871293
455,12.712252756062345
456,9.853282845136766
457,9.710299720537323
458,11.869413824883225
459,2.715530940364006
460,11.776969049258474
461,11.560893824617423
462,12.355594965504247
463,13.132075632587394
464,14.955569758839292
465,13.258626098317828
466,22.296216013171676
467,8.373369052553892
468,0.5057700016379459
469,10.786162300604639
470,11.447950494848234
471,7.645840852676476
472,3.779488867073981
473,12.781013946608942
474,12.6110713786295
475,9.332102608029142
476,13.132075632587394
477,1.3556692009842333
478,13.34454195745955
479,12.634194811873197
480,5.165036420139419
481,6.817239890333429
482,12.275676408888138
483,13.24872249342153
484,10.797250196705615
485,11.612354780649676
486,11.447950494848234
487,10.501262267549924
488,2.0288215070450355
489,3.7514503080618975
490,12.712252756062345
491,11.954348279019793
492,12.282981107245565
493,14.82864990340565
494,12.408006428743207
495,8.475563165104553
496,2.0288215070450355
497,12.690216943243115
498,8.522426411722964
499,10.021456724426649
500,14.977628861640335
501,12.685609241174411
502,13.247815992255239
503,20.345717541880035
504,25.041500416827866
505,10.094073635867943
506,14.82864990340565
507,5.165036420139419
508,16.467493697174564
509,12.660945092378142
510,14.211089520554161
511,7.224079319229689
512,13.387972653405084
513,12.265653617556524
514,11.814049409384717
515,13.428156604656586
516,12.906969742955058
517,2.6840804923116464
518,9.08832249448779
519,7.288172237221737
520,13.258626098317828
521,8.824385206310366
522,2.6840804923116464
523,14.542188967328027
524,8.522426411722964
525,11.601209464822835
526,12.161712993596455
527,11.288052946430229
528,34.820901878303005
529,13.387948105290379
530,11.269900982720701
531,11.622177905165985
532,13.65571352125922
533,16.43846341821191
534,4.651606479939313
535,10.708351829837087
536,13.677207839160646
537,20.43307817832566
538,11.41230453572008
539,11.612354780649676
540,12.132122144910628
541,4.651606479939313
542,34.820901878303005
543,13.24872249342153
544,1.707098919400979
545,9.19544219964681
546,1.707098919400979
547,12.6110713786295
548,8.414328132368311
549,3.8797444945752355
550,11.34079130543907
551,9.674247415513351
552,9.200244995174655
553,11.65713064715805
554,11.553635498919444
555,12.571264087983419
556,10.927663396777973
557,12.070099723163915
558,11.522239081104015
559,12.124990509946
560,11.333115017995857
561,11.882826485077043
562,12.392108568432686
563,12.994106277632925
564,13.137674166754193
565,17.921001963241437
566,16.415502232353948
567,8.773969980562228
568,12.676331547456103
569,12.942119550697742
570,3.668776726964863
571,11.824976215292937
572,11.139635916326055
573,12.219041319846223
574,25.86549037420903
575,12.7574985206504
576,21.7066525353398
577,7.7296820110187445
578,11.25156032818045
579,10.835359359708459
580,8.705198326802396
581,15.924785727703863
582,3.8797444945752355
583,18.302340391172063
584,12.22713826711711
585,13.137674166754193
586,10.600163001724331
587,8.733045466180023
588,19.609152634154743
589,13.973374461899912
590,7.108218543547603
591,12.571264087983419
592,8.466768828790027
593,23.687754828826687
594,13.172377220740216
595,2.9091344149386025
596,4.237339348763625
597,7.108218543547603
598,9.495057116082194
599,11.897266761769806
600,14.850900062103237
601,10.982661330172222
602,8.765803897842948
603,10.659489417794623
604,9.60818232931059
605,14.836707268867452
606,2.41679272919673
607,7.187439736924577
608,12.225052045684725
609,18.86194166475824
610,10.019689153656236
611,13.239636507356973
612,11.864879387884983
613,10.835359359708459
614,12.680309473334995
615,13.973374461899912
616,10.16012915548158
617,10.667994796552229
618,10.918178778543233
619,13.258518500613361
620,7.459266349136377
621,7.108218543547603
622,13.841570073891898
623,14.072966210425454
624,19.361059662855133
625,3.9672525675925856
626,16.81138357030997
627,10.312035787101268
628,13.880323395255964
629,12.124990509946
630,6.272395799507853
631,13.880323395255964
632,12.053638248154062
633,19.41800048023667
634,7.7296820110187445
635,12.727501432887003
636,7.812568702758579
637,4.237339348763625
638,9.984866294500426
639,6.2523700191977545
640,14.836707268867452
641,11.869909972152163
642,16.81138357030997
643,13.266197524438203
644,18.656369046529598
645,14.850900062103237
646,10.500893736346375
647,11.886068930694229
648,19.68953105735052
649,10.16012915548158
650,13.431434441847559
651,10.764886650540694
652,18.656369046529598
653,11.182882639788199
654,14.969109532211194
655,3.7295874522058794
656,12.7574985206504
657,9.908390336620398
658,9.60818232931059
659,10.894102077737076
660,9.90556241521497
661,13.412840064002772
662,18.86194166475824
663,11.882826485077043
664,10.965502444849614
665,11.897266761769806
666,8.773969980562228
667,9.674247415513351
668,17.921001963241437
669,8.466768828790027
670,18.72749618172506
671,14.656441310927384
672,21.7066525353398
673,18.64260492566557
674,11.34079130543907
675,7.266397553592568
676,12.7574985206504
677,9.674247415513351
678,13.422839486581669
679,13.408354147822026
680,12.709587131742436
681,23.687754828826687
682,8.414328132368311
683,10.764886650540694
684,13.469124021657079
685,14.656441310927384
686,12.22713826711711
687,12.976529243045793
688,8.58028594268137
689,11.139635916326055
690,7.266397553592568
691,13.560824754766953
692,7.812568702758579
693,7.151645862470862
694,11.897266761769806
695,9.674247415513351
696,10.669629685399935
697,12.147099167038894
698,3.8797444945752355
699,10.600163001724331
700,5.101855724853196
701,13.258518500613361
702,0.056341419533991854
703,13.389021421726271
704,12.675062306553105
705,8.705198326802396
706,13.181900804611228
707,0.44364547791091297
708,13.560824754766953
709,12.483202789968182
710,11.600001120612248
711,10.669629685399935
712,11.359829780389054
713,11.725992498425283
714,12.263230048075942
715,2.9091344149386025
716,10.894102077737076
717,10.835359359708459
718,11.484626307328783
719,12.444922578511724
720,23.687754828826687
721,16.597518894312827
722,9.846759910894194
723,14.260792784596752
724,18.23048849636584
725,11.691702687009274
726,7.151645862470862
727,13.389021421726271
728,10.121382722694216
729,15.718207206240798
730,13.431434441847559
731,12.7574985206504
732,14.085846268342271
733,29.053278308706577
734,21.984265217081067
735,13.919754517504371
736,13.406214846248929
737,14.608017982680831
738,13.338969424338966
739,9.068358349686187
740,13.409076551773023
741,11.884556956044168
742,12.881903321944364
743,12.803860643017526
744,13.221367593019195
745,8.082637815028404
746,12.51063088770221
747,10.414296332245122
748,13.608031126530731
749,13.166326230859172
750,13.409076551773023
751,14.773272565941237
752,29.053278308706577
753,12.290849930729058
754,14.773272565941237
755,14.789113000877432
756,13.307718665101136
757,13.608031126530731
758,5.301366992092642
759,12.640281419200692
760,13.514513605593807
761,13.707037659374894
762,9.931005116982202
763,13.073717974787346
764,14.637783836717166
765,13.672347403993086
766,13.418929262523209
767,13.702705718252767
768,12.362557216932593
769,14.789113000877432
770,16.523243609508242
771,12.803883532598835
772,13.379059572653436
773,13.265510355084642
774,13.46920533154714
775,13.74580158919718
776,12.982510415363373
777,13.531255025901016
778,14.182302374515432
779,14.132417775185592
780,13.210442809964553
781,13.615495103150174
782,14.4361564840497
783,13.166326230859172
784,13.67162225649536
785,13.585076695836078
786,13.329513011232383
787,13.210442809964553
788,12.982510415363373
789,14.061213496999802
790,4.212041941690908
791,13.418929262523209
792,13.619954965038886
793,13.692606045948668
794,13.140167402232784
795,15.906816965434983
796,13.615666703617661
797,13.279446702373201
798,13.422741827918236
799,14.30506890313064
800,14.559480391885943
801,19.769117967920323
802,13.24045800455186
803,13.650317269854966
804,13.352440148927611
805,19.760999573207616
806,12.290849930729058
807,13.919754517504371
808,13.166326230859172
809,14.370637755099418
810,12.881903321944364
811,13.373370045463655
812,14.24933702309598
813,19.00209488938717
814,20.91184057961789
815,8.082637815028404
816,13.140167402232784
817,13.651799114151173
818,12.858543759305004
819,13.291172883713749
820,12.290849930729058
821,14.30506890313064
822,13.234333697253792
823,13.489408446357109
824,12.52109068234362
825,13.45479335602091
826,13.936710620247373
827,12.803883532598835
828,7.498148787268995
829,13.374401903899823
830,13.74057185165046
831,13.740647665657056
832,13.023392663964088
833,13.46125059366942
834,10.439082542385252
835,13.401553710666787
836,12.702454899619765
837,13.166326230859172
838,13.374401903899823
839,11.821993951961304
840,13.615495103150174
841,14.24933702309598
842,13.374401903899823
843,13.041851673689708
844,13.307718665101136
845,14.24933702309598
846,27.997826717454647
847,13.291172883713749
848,14.4361564840497
849,13.672347403993086
850,13.705030425406267
851,13.932491528047658
852,19.451207938506233
853,13.796052517008054
854,10.414296332245122
855,14.24933702309598
856,16.523243609508242
857,14.581885408966018
858,13.140167402232784
859,13.741803563283126
860,19.769117967920323
861,13.16244982033401
862,14.213809369033218
863,12.692616212953826
864,17.34886184480998
865,13.40867850118842
866,9.931005116982202
867,9.24277866555954
868,13.16244982033401
869,21.96955345445318
870,19.608064855582757
871,20.91184057961789
872,13.604598774629187
873,13.265510355084642
874,13.669358044841378
875,14.637783836717166
876,13.401553710666787
877,13.528687247945443
878,9.158354435694667
879,13.536755644120673
880,12.991945544717264
881,11.586541148763812
882,12.839181819107342
883,12.982510415363373
884,13.67162225649536
885,14.789113000877432
886,13.740647665657056
887,8.99045688421823
888,12.909134746963545
889,14.578191677780724
890,13.585076695836078
891,12.900647115863023
892,13.101213627256879
893,13.619954965038886
894,13.615495103150174
895,27.997826717454647
896,12.982510415363373
897,4.212041941690908
898,13.32632851879328
899,13.297372415191608
900,13.4932557596642
901,13.370344849399702
902,14.171769627396346
903,14.637783836717166
904,8.082637815028404
905,13.516345032418531
906,12.658490575281954
907,10.171460150232521
908,12.756305542137879
909,13.286235297253608
910,23.11521616136969
911,9.705686386195262
912,13.516345032418531
913,13.302030421223163
914,8.232349415484956
915,10.728088299250537
916,2.205291784282432
917,7.900044933494149
918,6.419840148538683
919,17.983942468108797
920,11.03710564217853
921,15.789854454152042
922,13.868349648172856
923,7.624564244871317
924,3.9106989274468886
925,11.880376627771673
926,13.103623892881606
927,7.530839908229107
928,12.311445436067872
929,12.658490575281954
930,11.978818598865372
931,13.67736288374931
932,12.311445436067872
933,13.489943588103586
934,13.912582328010583
935,8.137130835104477
936,11.609670811827836
937,12.756305542137879
938,8.510628955986022
939,4.463412613473571
940,11.077016370784811
941,8.990058207522942
942,12.657297571544774
943,9.231186989052885
944,11.361341126207678
945,13.199814708994698
946,13.87463982029008
947,19.62576121716568
948,8.137130835104477
949,6.359773042187459
950,7.530839908229107
951,6.246786960304651
952,16.949962607747146
953,12.595142244546764
954,12.20052762247548
955,12.598328812146017
956,4.463412613473571
957,14.625896750081143
958,8.672423324152591
959,10.002076104047573
960,12.861216587320515
961,8.645524991385757
962,12.722536134612884
963,6.246786960304651
964,12.952157639462204
965,13.566326820414913
966,12.311445436067872
967,8.510628955986022
968,2.205291784282432
969,10.821609343719137
970,9.290181055790978
971,13.199814708994698
972,14.646220747703898
973,12.00817865202393
974,12.664432779508088
975,12.658490575281954
976,13.745866238306187
977,13.286235297253608
978,10.629648246586761
979,12.619064612669758
980,10.792080903016544
981,11.922371610535167
982,8.431092499132474
983,10.63379126225793
984,8.208795532486166
985,17.983942468108797
986,11.050938419084535
987,12.55717888411661
988,3.487055191776246
989,11.87070127178263
990,13.614724908517802
991,10.193668253968246
992,15.557597332907104
993,12.311445436067872
994,13.023107543388107
995,1.696369408892653
996,9.103690373070236
997,11.84761765034537
998,9.965313022727019
999,10.792080903016544
1000,13.716528181443797
1001,10.898845599351233
1002,11.985297348346577
1003,9.290181055790978
1004,0.1729257550388546
1005,10.575850610973587
1006,6.359773042187459
1007,10.5538363032995
1008,13.023107543388107
1009,6.674708267690238
1010,10.728088299250537
1011,12.952157639462204
1012,13.055145828847175
1013,13.949922794421722
1014,13.302030421223163
1015,16.949962607747146
1016,6.684256344396347
1017,7.112173588730281
1018,15.789854454152042
1019,8.471243914456803
1020,11.276493362495527
1021,11.830247975881477
1022,17.974427617669612
1023,1.696369408892653
1024,12.952157639462204
1025,1.9758103026964817
1026,6.246786960304651
1027,11.44189064408629
1028,8.471243914456803
1029,9.287784009776068
1030,3.487055191776246
1031,6.674708267690238
1032,9.925635901672651
1033,10.728088299250537
1034,12.11698406751274
1035,8.510628955986022
1036,12.293007129832887
1037,12.595142244546764
1038,11.455412560310064
1039,11.077016370784811
1040,8.471243914456803
1041,9.925635901672651
1042,14.254296177440983
1043,10.728088299250537
1044,13.286235297253608
1045,7.108401695718239
1046,11.797201701261686
1047,13.396890134928135
1048,1.9758103026964817
1049,9.581834248107505
1050,7.958101762416345
1051,11.485322449047672
1052,10.792080903016544
1053,11.922371610535167
1054,7.624564244871317
1055,11.577908339715453
1056,10.739756682619133
1057,12.11698406751274
1058,6.359773042187459
1059,15.382355319001247
1060,8.471243914456803
1061,10.456890068486986
1062,6.34728372170832
1063,6.364790344407557
1064,12.257179189712707
1065,5.173418614449384
1066,0.6625687907138658
1067,12.846997253377047
1068,7.126170932152316
1069,11.343719455887227
1070,12.658490575281954
1071,6.818317101086039
1072,11.985297348346577
1073,13.69580945599177
1074,11.880376627771673
1075,13.286235297253608
1076,13.023107543388107
1077,13.164508949605581
1078,12.152807263778781
1079,13.302030421223163
1080,13.041693611826009
1081,11.684937804759302
1082,14.743611867590234
1083,10.093312994227807
1084,12.702557827812706
1085,11.935124904015057
1086,12.842312442364678
1087,13.325273089209492
1088,13.362695976039033
1089,16.229651719333276
1090,13.20583714405698
1091,12.05958396026958
1092,13.002571065485833
1093,11.684937804759302
1094,14.441314211950715
1095,14.258284377452089
1096,13.231350068325252
1097,33.5618619335179
1098,12.320918727581521
1099,10.747859347711632
1100,15.939180495558563
1101,13.430406740025752
1102,12.541042849743043
1103,13.85861040508294
1104,12.365399671856952
1105,12.59453392295531
1106,12.820503292188986
1107,13.231350068325252
1108,13.308635813164738
1109,36.627812915925965
1110,12.258621645999538
1111,12.268826563650217
1112,13.287049895271682
1113,14.762609543525347
1114,13.295100119228747
1115,12.974628618973355
1116,13.463033885807125
1117,36.627812915925965
1118,12.05958396026958
1119,6.907490970579668
1120,13.475266189539996
1121,12.541042849743043
1122,8.682730039226342
1123,14.299023499675062
1124,8.53774545861881
1125,13.308635813164738
1126,12.330127196915273
1127,11.935124904015057
1128,19.2685160283492
1129,19.2685160283492
1130,14.640273006942477
1131,12.702308614813447
1132,12.820503292188986
1133,12.842312442364678
1134,12.436335424728634
1135,12.921799890130307
1136,12.921799890130307
1137,14.315222506035933
1138,10.923167698778794
1139,13.040147399858913
1140,13.003940629160162
1141,12.320918727581521
1142,13.266952348296725
1143,12.548557589688484
1144,25.37572084355306
1145,13.229239453755651
1146,11.989303479928832
1147,33.5618619335179
1148,13.651128343964054
1149,14.479629375862872
1150,6.907490970579668
1151,13.54738069844718
1152,12.915303470197339
1153,16.229651719333276
1154,12.59453392295531
1155,12.561569988631394
1156,10.170183309597498
1157,13.024147545630093
1158,13.540861780701835
1159,12.924786099847877
1160,6.907490970579668
1161,12.702308614813447
1162,13.82342946825372
1163,10.648040281068997
1164,12.59453392295531
1165,14.479629375862872
1166,12.033684163737242
1167,12.902992700528687
1168,14.010204102926542
1169,12.902992700528687
1170,14.871879297953306
1171,10.923167698778794
1172,13.175345705993708
1173,13.83529227107756
1174,12.820503292188986
1175,20.822396018323452
1176,10.568903460692717
1177,12.921799890130307
1178,20.73201769586011
1179,16.229651719333276
1180,13.024147545630093
1181,8.53774545861881
1182,12.819913492259355
1183,13.02744836962145
1184,13.483114846222408
1185,13.822729828860487
1186,13.678609438557684
1187,14.39786040377024
1188,11.726018223505811
1189,13.041693611826009
1190,13.47215834265765
1191,11.287275247814806
1192,10.568903460692717
1193,12.716396406641287
1194,13.358832946422256
1195,13.651128343964054
1196,15.74124363822087
1197,14.471106686445225
1198,6.135526548113981
1199,13.024868443381134
1200,13.041693611826009
1201,19.95646887385922
1202,20.73201769586011
1203,33.5618619335179
1204,12.524338747362636
1205,17.835217721335052
1206,13.78649877764937
1207,11.199166488775711
1208,13.441862434069849
1209,12.915303470197339
1210,8.786000530982623
1211,13.642282185870855
1212,17.902835074750836
1213,13.587084396253086
1214,12.879388101657128
1215,12.54256778192505
1216,13.478765540537488
1217,21.457503178398643
1218,13.282610120464403
1219,13.02744836962145
1220,13.655636688543828
1221,13.32132168159788
1222,12.659764512873668
1223,13.234013891670042
1224,13.491103986198485
1225,13.325273089209492
1226,6.907490970579668
1227,13.444647088996353
1228,14.111883579793439
1229,17.835217721335052
1230,18.116855042401507
1231,21.339000050619273
1232,17.902835074750836
1233,13.438441918907937
1234,11.680437086527913
1235,13.292183706542879
1236,12.820503292188986
1237,13.491103986198485
1238,13.74531554174175
1239,12.399182401195539
1240,14.762609543525347
1241,12.48392574730463
1242,13.282610120464403
1243,14.871879297953306
1244,17.3127079832529
1245,13.52168816881395
1246,17.3127079832529
1247,8.786000530982623
1248,15.900454721206575
1249,6.2562845052513305
1250,12.159576316218761
1251,12.436335424728634
1252,13.177009551457866
1253,12.89544703027759
1254,14.299670778243739
1255,13.746219254461447
1256,13.746219254461447
1257,14.038107171339039
1258,15.433144071670082
1259,15.87129885123784
1260,15.402867986344509
1261,13.838018798550948
1262,12.895660036875102
1263,13.176352658434622
1264,17.151688406826523
1265,14.0313954545687
1266,14.144066493210463
1267,16.01915108363785
1268,13.926211345191318
1269,19.08819746272375
1270,14.613166509657567
1271,13.413835481350926
1272,16.970669512422795
1273,16.728616065319482
1274,13.59609638685416
1275,15.197426439277594
1276,16.028359853507148
1277,12.298200683314406
1278,13.398063848473997
1279,13.217288514593347
1280,12.852645279621333
1281,7.647999165007518
1282,13.349643130682406
1283,12.639380316047786
1284,15.433144071670082
1285,17.496012341173685
1286,14.144066493210463
1287,3.384591760246633
1288,13.173325737762735
1289,17.572498941470243
1290,8.585568936063957
1291,10.561593558301084
1292,14.500491041683956
1293,13.873876745709204
1294,14.613166509657567
1295,14.082622104541578
1296,12.52609413977658
1297,15.34146221475964
1298,12.07814753773342
1299,15.4585019479417
1300,14.208609504350843
1301,13.601575517119553
1302,17.17308829810246
1303,14.00353568541399
1304,12.852645279621333
1305,14.122023667521102
1306,13.997995415733534
1307,12.817654421226164
1308,10.99456924680893
1309,15.831448548948075
1310,15.024936158281562
1311,13.394133277911875
1312,12.586228736595055
1313,8.585568936063957
1314,13.39592153384021
1315,13.078914046377669
1316,21.02864609215206
1317,13.393068280439895
1318,17.572498941470243
1319,13.47093692152663
1320,14.208609504350843
1321,14.397998406167233
1322,14.112902279200917
1323,14.654460085545425
1324,13.951313448317281
1325,15.597306644473914
1326,14.397998406167233
1327,5.9456027211726505
1328,14.529272819353146
1329,15.569527083470575
1330,13.394133277911875
1331,13.441460544418206
1332,11.461527791065345
1333,16.728616065319482
1334,14.13788016611554
1335,13.472965326097546
1336,13.553756415496935
1337,19.08819746272375
1338,9.503425901437414
1339,13.324259576156777
1340,13.997995415733534
1341,15.87129885123784
1342,14.144066493210463
1343,11.562104750486172
1344,15.63438550107839
1345,15.233578030784477
1346,14.102233176424967
1347,15.057714455560065
1348,14.397998406167233
1349,13.05660516777799
1350,13.525590672578447
1351,14.038107171339039
1352,14.865471845204219
1353,16.728616065319482
1354,13.601575517119553
1355,13.438281631671124
1356,13.2617211786465
1357,13.718929293928461
1358,17.48713146657535
1359,12.291488795778148
1360,16.40950446552821
1361,13.438281631671124
1362,14.613166509657567
1363,8.362224225720952
1364,11.507802584433463
1365,12.455903085737386
1366,13.468854072017109
1367,13.741750685621573
1368,14.254941896624386
1369,15.597306644473914
1370,13.512675798278043
1371,16.028359853507148
1372,13.07555712282873
1373,14.00353568541399
1374,11.562104750486172
1375,13.468854072017109
1376,13.71510247573217
1377,13.525590672578447
1378,14.386361467797268
1379,13.776746169217564
1380,11.351751185507858
1381,13.601575517119553
1382,13.838018798550948
1383,13.568627263868711
1384,11.562104750486172
1385,13.741750685621573
1386,15.060217396482512
1387,13.512698603293435
1388,13.951313448317281
1389,16.135502279929398
1390,13.211767152311554
1391,8.260807577278852
1392,13.55227548361542
1393,10.99456924680893
1394,14.421957455954463
1395,14.440389778599899
1396,17.78119086548894
1397,14.37919382003132
1398,16.970669512422795
1399,13.569572531579093
1400,11.507802584433463
1401,13.516334496903125
1402,10.99456924680893
1403,13.441460544418206
1404,12.852645279621333
1405,16.028359853507148
1406,8.555040410864411
1407,14.536784685653274
1408,15.497407186660858
1409,15.402867986344509
1410,11.896632499000066
1411,13.48473175083558
1412,10.583879333784145
1413,14.342831093342022
1414,13.115641315986855
1415,6.450231791096721
1416,17.770580061682985
1417,19.670868072855395
1418,4.685872453605487
1419,13.115641315986855
1420,11.515718205804077
1421,13.66782075853717
1422,2.4368193865393875
1423,11.45548256396335
1424,13.19401126565611
1425,14.313857668084532
1426,9.619168264508858
1427,13.212284218123255
1428,18.290130173547553
1429,13.959633933465353
1430,12.163016862678667
1431,21.378257497711783
1432,4.523545584938846
1433,14.091605952765413
1434,13.134827107714093
1435,12.229724516251704
1436,11.814787821874807
1437,4.215101305207658
1438,9.209995794855601
1439,13.196140907122487
1440,4.523545584938846
1441,12.596899545818445
1442,20.22929644766344
1443,16.327190176510342
1444,12.400409325812218
1445,11.89873991108503
1446,4.215101305207658
1447,1.9322053544984108
1448,13.222920280578132
1449,12.233195487503462
1450,16.30451318226229
1451,11.886435037891081
1452,16.327190176510342
1453,13.185682838309946
1454,19.670868072855395
1455,8.094954320723957
1456,13.435128459078102
1457,14.092203640961321
1458,11.6754825504217
1459,14.234716231815856
1460,13.281824374462946
1461,6.625844946914085
1462,2.4368193865393875
1463,12.659508230132879
1464,15.387989441171973
1465,14.162240928224964
1466,13.965012820090015
1467,13.467303368471796
1468,4.215101305207658
1469,13.435128459078102
1470,13.281824374462946
1471,12.081515224610518
1472,13.647762653530295
1473,19.670868072855395
1474,21.378257497711783
1475,13.66782075853717
1476,16.14956286270489
1477,18.290130173547553
1478,13.102807563982719
1479,18.524008640420206
1480,5.116002232391723
1481,16.327190176510342
1482,13.031202929554592
1483,6.625844946914085
1484,14.162240928224964
1485,17.009649143710305
1486,13.435128459078102
1487,13.461924102877935
1488,14.281919107775371
1489,8.868129532010165
1490,12.17461004434331
1491,13.053939755887685
1492,11.89873991108503
1493,12.17461004434331
1494,13.232011951617288
1495,9.477981787110526
1496,10.497321266487814
1497,14.412863730595946
1498,16.327190176510342
1499,14.268789897499294
1500,13.525769125413804
1501,11.926662813265946
1502,13.212284218123255
1503,11.54031093706128
1504,12.17461004434331
1505,4.215101305207658
1506,13.281824374462946
1507,1.9322053544984108
1508,14.995561818566527
1509,14.184773425721344
1510,9.477981787110526
1511,13.574655711893454
1512,9.64182385391925
1513,13.031202929554592
1514,3.9785186593407933
1515,7.3639414211411065
1516,13.28267028256171
1517,18.290130173547553
1518,12.400409325812218
1519,17.770580061682985
1520,13.496012924496783
1521,15.300941667947432
1522,12.272717803652098
1523,14.35776555323716
1524,9.64182385391925
1525,13.66782075853717
1526,13.045016116370904
1527,4.215101305207658
1528,15.066583310764956
1529,13.281824374462946
1530,12.113901846290414
1531,13.115641315986855
1532,13.902411288996927
1533,14.162240928224964
1534,15.276316773322353
1535,13.115641315986855
1536,13.156104805752243
1537,12.17461004434331
1538,5.116002232391723
1539,13.467303368471796
1540,13.664295492134992
1541,13.525769125413804
1542,13.095667724204226
1543,9.477981787110526
1544,14.106243777056546
1545,13.906705677617005
1546,11.926662813265946
1547,13.165614691864937
1548,12.440313025244818
1549,16.85898416245616
1550,11.940466595495858
1551,11.6754825504217
1552,14.162240928224964
1553,13.19401126565611
1554,10.564808922168249
1555,11.89873991108503
1556,13.647762653530295
1557,25.837750329773115
1558,12.934178364994084
1559,13.939770089807359
1560,5.116002232391723
1561,9.209995794855601
1562,4.685872453605487
1563,13.232011951617288
1564,13.232011951617288
1565,14.35776555323716
1566,13.678284214759696
1567,16.85898416245616
1568,12.497508598248139
1569,14.019621311926503
1570,12.596899545818445
1571,17.009649143710305
1572,13.647762653530295
1573,12.113901846290414
1574,14.568472584708783
1575,12.400409325812218
1576,13.574655711893454
1577,9.64182385391925
1578,11.501834491040462
1579,10.101747007644736
1580,1.3142879281251598
1581,8.957548102132108
1582,6.330606114604272
1583,11.325955022361823
1584,0.4375771887901538
1585,12.835188805698023
1586,10.699203063857684
1587,0.062047084535544396
1588,16.428797422742303
1589,14.50808899740269
1590,0.2377067568148954
1591,11.066509542812375
1592,9.003033849791917
1593,8.965287765719184
1594,0.062047084535544396
1595,7.562807908877765
1596,12.332730729287766
1597,12.202494027161793
1598,10.745483014063606
1599,8.957548102132108
1600,11.63668118139553
1601,10.154482805621326
1602,13.110113704768308
1603,10.134432570819941
1604,11.470255696937842
1605,4.957893193524151
1606,10.242590687471028
1607,9.759600117746695
1608,6.582358599113401
1609,10.90408786410112
1610,13.110113704768308
1611,0.4375771887901538
1612,8.516586373368257
1613,12.665634020763767
1614,8.185397774741185
1615,11.472987142426499
1616,14.235679105464824
1617,9.88292183641541
1618,13.868583863649558
1619,13.110113704768308
1620,13.618814241516105
1621,11.473232346176287
1622,10.835001607605234
1623,14.242465632585954
1624,13.50105034240732
1625,12.168299818684694
1626,4.242786079920079
1627,9.703536507486211
1628,9.30699329534263
1629,0.050708187370955365
1630,6.637133134058019
1631,8.957548102132108
1632,10.1978216368855
1633,0.24972094564329528
1634,7.708642662923235
1635,5.982091012492612
1636,11.196808823261764
1637,11.845455479040535
1638,9.377152561142577
1639,9.003033849791917
1640,14.235679105464824
1641,8.570562739170288
1642,0.4586878647142894
1643,10.558156803198795
1644,4.957893193524151
1645,8.02285326777291
1646,11.295253651600548
1647,12.259388770552619
1648,7.887787219847708
1649,0.24972094564329528
1650,11.907706001847288
1651,0.062047084535544396
1652,13.801940868579493
1653,11.672002157133045
1654,12.981742708173355
1655,10.134432570819941
1656,11.912288397892457
1657,6.670598659387641
1658,8.668648666840927
1659,8.768276411624765
1660,0.062047084535544396
1661,11.561831514703671
1662,8.755601662681242
1663,6.331164418103367
1664,11.846505375716339
1665,11.763359861071683
1666,10.986556831849839
1667,0.23268285729362576
1668,12.259388770552619
1669,0.23268285729362576
1670,11.429481697283972
1671,10.744751390988105
1672,1.3142879281251598
1673,0.23268285729362576
1674,10.500953468987946
1675,7.522890092948741
1676,10.12028881327867
1677,0.8962530024866754
1678,9.480399396053727
1679,16.428797422742303
1680,11.54060358436374
1681,0.050708187370955365
1682,11.845455479040535
1683,11.470255696937842
1684,7.708642662923235
1685,8.118770082823012
1686,14.235679105464824
1687,11.366088183838517
1688,0.4375771887901538
1689,14.242465632585954
1690,10.652278566703101
1691,10.577660230115539
1692,11.845455479040535
1693,12.623408270165106
1694,9.480399396053727
1695,1.3142879281251598
1696,11.845455479040535
1697,11.250787770016341
1698,0.24972094564329528
1699,13.868583863649558
1700,11.472987142426499
1701,14.50808899740269
1702,16.428797422742303
1703,7.657964324021187
1704,11.066509542812375
1705,10.12028881327867
1706,9.415963676527436
1707,12.582604855489949
1708,11.916915252942177
1709,6.637133134058019
1710,12.665634020763767
1711,9.124335303498313
1712,9.003033849791917
1713,8.107347438551246
1714,10.247430067673696
1715,11.722907071909082
1716,4.242786079920079
1717,9.610526352134448
1718,11.036030202853944
1719,13.593967887369685
1720,7.589545272875111
1721,10.699203063857684
1722,10.262062409270454
1723,9.442925411756987
1724,10.154482805621326
1725,8.852087691017456
1726,9.046608460026325
1727,5.841757691560659
1728,11.916915252942177
1729,9.88292183641541
1730,14.783619922194015
1731,8.02285326777291
1732,11.76504171973254
1733,14.235679105464824
1734,10.901389585770948
1735,10.857922110232568
1736,12.961327946500091
1737,0.4586878647142894
1738,4.3821576246257585
1739,10.154482805621326
1740,12.259388770552619
1741,6.54396776177846
1742,12.66542073632345
1743,10.577660230115539
1744,6.582358599113401
1745,7.887787219847708
1746,6.158600103763788
1747,10.134432570819941
1748,10.1978216368855
1749,0.050708187370955365
1750,12.733063421650968
1751,0.8962530024866754
1752,10.808714149168752
1753,8.118770082823012
1754,6.330606114604272
1755,4.957893193524151
1756,9.124335303498313
1757,9.846908004171935
1758,10.100881000740824
1759,4.079103375834024
1760,9.300718041715186
1761,11.529379809416401
1762,11.31665426406873
1763,8.62259323361026
1764,0.062047084535544396
1765,10.753135701340508
1766,9.377152561142577
1767,7.887787219847708
1768,9.124335303498313
1769,10.875209427403698
1770,10.577660230115539
1771,4.117073436422559
1772,14.78993700891918
1773,6.578983490213482
1774,10.803189083600628
1775,5.320324237133347
1776,15.377968286257705
1777,11.490498548753116
1778,11.733563272606007
1779,11.28200676131535
1780,11.77053886380264
1781,12.049383579752948
1782,10.037202731609842
1783,11.827479070593908
1784,8.45980693281664
1785,11.978437978832986
1786,0.055688949788376296
1787,13.406907384986637
1788,9.748327809752064
1789,8.055443642777902
1790,8.7412642200913
1791,11.174761252878696
1792,11.119267359064002
1793,9.540225707869087
1794,14.379314423540409
1795,10.781851878109785
1796,10.021713174298187
1797,8.055443642777902
1798,7.922362859728258
1799,13.406907384986637
1800,14.22802117035435
1801,11.230372088351237
1802,15.630364975348375
1803,9.554187582558557
1804,11.978437978832986
1805,9.19665023360655
1806,14.498283283612958
1807,19.550747842101547
1808,13.857353834726055
1809,8.62251934855471
1810,8.62251934855471
1811,13.460347795255865
1812,6.578983490213482
1813,10.479149421089362
1814,0.8736814660702559
1815,11.948604538456108
1816,10.024102102455979
1817,13.600223703703717
1818,10.892899276473358
1819,10.617747952282873
1820,13.146951863538543
1821,14.680861473469774
1822,10.056978731027579
1823,13.541816058449864
1824,11.553703290813104
1825,15.450806579425887
1826,15.630364975348375
1827,10.479149421089362
1828,0.2943808917746495
1829,7.038654767409621
1830,11.855826271697781
1831,12.567078614980128
1832,11.012629772469438
1833,12.545542498058992
1834,11.335980787195686
1835,14.498283283612958
1836,10.7836678660023
1837,0.09719868863543768
1838,11.924944909030758
1839,11.3137859153809
1840,1.6701390961023308
1841,13.410344254356769
1842,0.055688949788376296
1843,12.319705896315803
1844,12.016896180442048
1845,10.479149421089362
1846,9.892344042524027
1847,5.693304391699976
1848,12.016896180442048
1849,10.759755598785267
1850,10.160143163560829
1851,18.093887398662105
1852,9.7552022703833
1853,10.617747952282873
1854,11.5735288188574
1855,12.36502177928807
1856,10.952481229076746
1857,15.630364975348375
1858,11.77053886380264
1859,11.99566052143957
1860,9.77459728342138
1861,10.909026622793805
1862,12.36502177928807
1863,10.413428150141904
1864,9.82583844970499
1865,13.406907384986637
1866,15.450806579425887
1867,11.855826271697781
1868,10.892036557633519
1869,11.913059113529393
1870,8.898953340716789
1871,9.167969601489498
1872,9.748327809752064
1873,12.421052231905689
1874,7.038654767409621
1875,4.088186658540095
1876,13.391208507247534
1877,0.01305467877239691
1878,11.3137859153809
1879,10.376295111182404
1880,8.0499445590192
1881,11.738542351481282
1882,7.46052426398785
1883,14.379314423540409
1884,13.303765243410744
1885,10.892899276473358
1886,14.414264221101654
1887,12.093060275371299
1888,8.79455566037323
1889,0.09719868863543768
1890,8.0499445590192
1891,0.2943808917746495
1892,9.566476186555327
1893,19.550747842101547
1894,12.682557799802726
1895,12.99360951790638
1896,4.655288525006679
1897,13.406907384986637
1898,12.45439610375983
1899,8.79455566037323
1900,5.320324237133347
1901,11.77053886380264
1902,0.055688949788376296
1903,15.630364975348375
1904,10.4731904656924
1905,13.284166138065176
1906,11.174761252878696
1907,13.05543623330349
1908,10.389117598064702
1909,13.350794301326985
1910,13.569641624633576
1911,10.339017646975524
1912,11.230372088351237
1913,11.978437978832986
1914,10.021713174298187
1915,9.77459728342138
1916,0.8736814660702559
1917,13.713001988600949
1918,1.6701390961023308
1919,14.498283283612958
1920,11.174761252878696
1921,13.460347795255865
1922,11.456063420308256
1923,8.895713582802015
1924,9.19665023360655
1925,11.913059113529393
1926,11.3137859153809
1927,8.7412642200913
1928,12.519444764505355
1929,11.978437978832986
1930,10.66901611962839
1931,8.015275620714046
1932,7.038654767409621
1933,12.093060275371299
1934,14.370631760586196
1935,10.944455963851519
1936,9.077186902118894
1937,10.625643158890597
1938,11.300475624291902
1939,15.450806579425887
1940,11.119267359064002
1941,11.285835120436305
1942,10.902625356418602
1943,8.786181564267578
1944,5.090307553195738
1945,8.640736230240876
1946,9.963022282339448
1947,11.3137859153809
1948,5.090307553195738
1949,10.037202731609842
1950,9.167969601489498
1951,14.78993700891918
1952,11.25602006740521
1953,12.918362971193455
1954,10.892899276473358
1955,6.468299255467139
1956,10.339017646975524
1957,9.748327809752064
1958,12.859128410769447
1959,14.93278995719176
1960,14.992176010378168
1961,15.350654675299747
1962,13.388660593664985
1963,13.315553033951096
1964,13.904135330412986
1965,17.116336226232807
1966,14.916650022041585
1967,12.634465652864243
1968,17.116336226232807
1969,19.05766888549344
1970,11.694818673183532
1971,14.162234973968353
1972,13.760789803753369
1973,10.895013438263138
1974,13.511978449811725
1975,6.438406195031947
1976,13.760789803753369
1977,14.032564449508085
1978,13.419622532908942
1979,12.709044558756803
1980,13.767690836282245
1981,12.90200786888157
1982,11.548814029062722
1983,16.3912321898789
1984,13.758813588831972
1985,14.773309233518637
1986,12.868700289459666
1987,13.582598521498287
1988,3.292286249028189
1989,11.916989355477398
1990,13.852743627619008
1991,12.739943688321029
1992,12.859128410769447
1993,13.511885224608362
1994,12.383265379488629
1995,13.778959370143387
1996,13.684894681824739
1997,12.868700289459666
1998,13.111319753129592
1999,3.292286249028189
2000,13.091859310480267
2001,11.548814029062722
2002,13.661576985505745
2003,11.815988925465415
2004,14.379021299350065
2005,13.633918691041472
2006,13.128190997897708
2007,13.780336681314004
2008,12.744668728908442
2009,15.989206325391494
2010,12.868700289459666
2011,9.756507649866313
2012,14.050052660605822
2013,9.394271065680554
2014,6.438406195031947
2015,20.15335437493605
2016,14.992176010378168
2017,19.03649668566262
2018,14.266327281370856
2019,12.992175325191756
2020,13.505565261915685
2021,13.673827532296576
2022,13.403651003601349
2023,13.349530688035774
2024,12.46003041778732
2025,14.183701036449031
2026,10.41691313320885
2027,13.922803266611622
2028,16.527197891681837
2029,13.774177787026337
2030,13.8988322895921
2031,13.362025535417649
2032,13.69846754296231
2033,12.160545902504285
2034,13.4836227353067
2035,13.552351155407377
2036,14.282949805581502
2037,14.565380044934997
2038,12.841650991324734
2039,15.379213994411176
2040,12.924139716505987
2041,13.722062099727964
2042,36.058197465517146
2043,13.546902625589144
2044,12.526097748072416
2045,13.390464567623502
2046,11.548814029062722
2047,14.780295161376134
2048,9.691887792461802
2049,26.200357453260168
2050,19.03649668566262
2051,14.98632217957805
2052,13.692718689404664
2053,13.50001651822997
2054,11.991864504522399
2055,13.633918691041472
2056,15.08351876053323
2057,12.981397877666321
2058,13.633918691041472
2059,8.787108807326282
2060,13.702425299055454
2061,13.706581411376552
2062,14.066402279631456
2063,14.162234973968353
2064,13.684894681824739
2065,13.355070255042078
2066,14.992176010378168
2067,10.41691313320885
2068,12.915487163751148
2069,22.252799284234936
2070,22.252799284234936
2071,14.20359856054769
2072,14.6632260371753
2073,15.989206325391494
2074,13.270681319596639
2075,14.183701036449031
2076,14.292692849084967
2077,18.07677736939209
2078,14.408511744242967
2079,11.815988925465415
2080,11.916989355477398
2081,14.032564449508085
2082,13.31979582033824
2083,9.223484906706542
2084,9.789152611971609
2085,14.162234973968353
2086,14.282949805581502
2087,12.953647405866334
2088,12.634465652864243
2089,13.486940949295283
2090,8.272264862613063
2091,13.838617400907903
2092,6.915411707873365
2093,6.438406195031947
2094,14.47317581896568
2095,9.756507649866313
2096,13.403651003601349
2097,13.428251912024692
2098,13.443586999344895
2099,12.724393791928291
2100,15.989206325391494
2101,9.691887792461802
2102,13.175262340829978
2103,9.756507649866313
2104,13.016406915665296
2105,4.421112917770843
2106,13.486940949295283
2107,13.007609275955112
2108,14.183701036449031
2109,15.379213994411176
2110,9.691887792461802
2111,13.782881296106536
2112,14.408511744242967
2113,13.945099195543865
2114,12.992175325191756
2115,12.951231509759038
2116,9.756507649866313
2117,6.438406195031947
2118,13.690991546744735
2119,14.386698944511288
2120,13.2300246405481
2121,6.915411707873365
2122,12.526097748072416
2123,10.163218621699782
2124,15.989206325391494
2125,13.128190997897708
2126,12.868700289459666
2127,15.311588207063846
2128,13.760330299164334
2129,19.128593903323285
2130,14.20359856054769
2131,10.187047416484994
2132,12.978054808307416
2133,12.279806843105854
2134,9.952691707316507
2135,14.705919097332659
2136,18.192608299595868
2137,12.524120643629823
2138,11.549136839544174
2139,6.61023698491827
2140,4.5097244123521465
2141,14.729015985946726
2142,11.264689310954733
2143,4.5097244123521465
2144,0.13948548564689667
2145,12.049390447783177
2146,8.42746242767315
2147,11.663267328436188
2148,10.565214738511731
2149,14.117564764371759
2150,8.532963485265583
2151,13.665239375864106
2152,13.808720861038761
2153,13.128528646267096
2154,0.0644851679790674
2155,13.13837823895833
2156,10.089037109410475
2157,11.39251162701093
2158,10.277099187396386
2159,12.133232723169229
2160,12.637822392224082
2161,37.85060571184706
2162,10.205929325425533
2163,12.701594717988941
2164,11.866338647181937
2165,4.261217590829649
2166,13.597978607165496
2167,12.049390447783177
2168,30.501084293167374
2169,12.534636683426935
2170,9.768542851970794
2171,0.0644851679790674
2172,10.006041051830524
2173,10.966687615886263
2174,6.993537665511444
2175,12.277366345729355
2176,10.966687615886263
2177,7.203670109574254
2178,11.914046225181808
2179,10.132065143928296
2180,16.388370973293053
2181,5.971874536574538
2182,8.870601488618004
2183,5.09452133874714
2184,11.277870550618418
2185,11.880247905922452
2186,21.090798524469843
2187,12.017598511247067
2188,13.14673789038972
2189,16.49902104183469
2190,14.705919097332659
2191,12.012322063871096
2192,10.773716210306878
2193,0.20170351329498099
2194,11.05201691390914
2195,7.1211285461881095
2196,11.819523225899571
2197,11.889625342047156
2198,12.049390447783177
2199,14.705919097332659
2200,13.665239375864106
2201,10.156229791178044
2202,12.313530571948018
2203,13.77361319400257
2204,11.075634406331224
2205,8.513772039453821
2206,13.14673789038972
2207,11.700413931906803
2208,6.61023698491827
2209,10.51288584546233
2210,10.305756048049336
2211,16.392373141685525
2212,13.512206334914639
2213,8.966945600703816
2214,9.76931273128293
2215,10.006041051830524
2216,12.08401889303387
2217,21.090798524469843
2218,11.990727355661942
2219,11.6580995439777
2220,11.968482272549506
2221,11.82300227614162
2222,12.914424625251126
2223,12.668369247337191
2224,11.61962750645828
2225,12.668369247337191
2226,15.604336969730939
2227,0.6053737961167374
2228,18.192608299595868
2229,14.179161976655807
2230,10.805670944799362
2231,10.805670944799362
2232,10.158214123800787
2233,9.147249561105964
2234,11.5087361661922
2235,12.848849470968092
2236,11.804178460885884
2237,12.012322063871096
2238,11.968482272549506
2239,8.419617020082109
2240,14.515853508522069
2241,12.754898902705587
2242,11.64213879406283
2243,5.971874536574538
2244,7.203670109574254
2245,17.119828423887363
2246,5.971874536574538
2247,8.65677015983515
2248,12.914424625251126
2249,10.897729066738126
2250,10.305756048049336
2251,0.6053737961167374
2252,9.23012645045873
2253,11.61962750645828
2254,21.090798524469843
2255,12.725539122054325
2256,9.046524146106378
2257,10.255860135162507
2258,11.600215603263614
2259,9.23012645045873
2260,8.65677015983515
2261,9.952691707316507
2262,8.226237559103343
2263,10.130193383658499
2264,10.267021823571367
2265,18.192608299595868
2266,4.021887546804641
2267,4.5097244123521465
2268,11.413057765778174
2269,8.532088435576833
2270,8.641407178509692
2271,10.953505863181078
2272,12.231023647477413
2273,13.60052030676532
2274,11.61962750645828
2275,3.05719916758272
2276,9.150421367732182
2277,10.255860135162507
2278,3.05719916758272
2279,12.831091998374191
2280,8.532963485265583
2281,11.39251162701093
2282,11.113465859691242
2283,16.135680615322872
2284,30.501084293167374
2285,11.068552027055787
2286,0.20170351329498099
2287,13.390756343712713
2288,8.532963485265583
2289,4.261217590829649
2290,12.146970437059265
2291,11.075634406331224
2292,14.705919097332659
2293,10.519226806361845
2294,6.61023698491827
2295,10.805670944799362
2296,11.889625342047156
2297,4.261217590829649
2298,7.659606905553698
2299,6.993537665511444
2300,8.944785118696807
2301,12.231023647477413
2302,8.870601488618004
2303,16.44407599179609
2304,14.789524779785113
2305,15.604336969730939
2306,11.82300227614162
2307,8.42746242767315
2308,9.4838080217887
2309,7.830348944218028
2310,10.519226806361845
2311,11.311470073785836
2312,8.641407178509692
2313,0.20170351329498099
2314,11.563093794636885
2315,11.982727043954805
2316,14.413424133053777
2317,10.305756048049336
2318,13.438972727035448
2319,37.85060571184706
2320,10.69874057558291
2321,9.749804867234952
2322,13.252314612312805
2323,13.988663279131913
2324,12.077319691404583
2325,13.00643515092827
2326,13.110519356269833
2327,19.253813334768065
2328,12.105237125680462
2329,11.284893417554581
2330,12.349024642692157
2331,8.878045376878266
2332,10.974660896675823
2333,13.850406324797365
2334,5.149716826635134
2335,12.184370794779486
2336,9.955393245900115
2337,15.89107544520138
2338,17.63217232749515
2339,12.87384099419772
2340,16.791859533212378
2341,12.077319691404583
2342,17.33454503329558
2343,10.753826711253497
2344,13.00643515092827
2345,12.299287865395906
2346,19.253813334768065
2347,10.995496092438147
2348,11.639541061618424
2349,16.583019797262143
2350,12.690835112113067
2351,14.343973977325641
2352,16.74772293784106
2353,12.61957506883648
2354,14.152702867361317
2355,14.018861795988736
2356,12.392924376902936
2357,12.87384099419772
2358,13.58143703500686
2359,13.127142358218231
2360,9.319623329353119
2361,12.155724803943844
2362,10.545235199452494
2363,11.3187555711493
2364,11.915809728696257
2365,11.198560630331183
2366,12.936554946122202
2367,13.252314612312805
2368,9.181741511213856
2369,10.033255823867119
2370,10.564675535972235
2371,13.850406324797365
2372,22.077476288058577
2373,18.181081862819614
2374,14.051729882983992
2375,8.878045376878266
2376,12.11142247729753
2377,2.6153503097633943
2378,16.59961223400415
2379,11.028254427275213
2380,12.970336252416386
2381,13.368003557017497
2382,8.878045376878266
2383,9.068717869310658
2384,11.135395474981163
2385,11.855922202128616
2386,11.61175174953655
2387,11.97969555850048
2388,10.555369072632974
2389,12.970336252416386
2390,12.310888870686876
2391,11.735704828197832
2392,9.181741511213856
2393,22.077476288058577
2394,9.046243868023263
2395,5.839398406271092
2396,7.326855946464299
2397,2.6153503097633943
2398,12.830454191939596
2399,11.758324620480954
2400,12.871575894969222
2401,1.405153664530937
2402,19.253813334768065
2403,11.77116411958476
2404,12.830454191939596
2405,11.758324620480954
2406,9.955393245900115
2407,14.018861795988736
2408,8.61742100358372
2409,11.667320661066105
2410,10.664343939253895
2411,12.429709430471236
2412,11.644371210660701
2413,18.440253249607533
2414,12.87384099419772
2415,11.639541061618424
2416,15.46533528010611
2417,10.953783894443696
2418,7.971507037926557
2419,13.529825678653086
2420,12.970336252416386
2421,11.22168970580776
2422,9.181741511213856
2423,10.424919707557425
2424,12.368212019639927
2425,5.839398406271092
2426,11.915809728696257
2427,9.829704957551993
2428,9.955393245900115
2429,3.2642700260534956
2430,17.495312622957396
2431,13.074855943815564
2432,13.656171945766486
2433,12.871575894969222
2434,11.05533818188967
2435,3.2642700260534956
2436,1.405153664530937
2437,13.127142358218231
2438,22.077476288058577
2439,10.664343939253895
2440,18.77703643825628
2441,14.541801429685993
2442,12.125292370016373
2443,8.126905823758806
2444,10.346789055796881
2445,13.815741043251668
2446,13.58143703500686
2447,13.47227070868978
2448,8.965230691591069
2449,12.151220477139258
2450,3.2642700260534956
2451,5.839398406271092
2452,12.248114422452216
2453,11.3187555711493
2454,11.731460657246487
2455,11.714675381585627
2456,15.955468742339253
2457,12.87384099419772
2458,13.673815563079067
2459,13.127142358218231
2460,13.512369064715257
2461,11.028254427275213
2462,8.948814401671996
2463,16.499456896143414
2464,11.8428420951586
2465,10.346789055796881
2466,19.097537030393223
2467,12.958037178816348
2468,15.208388590228145
2469,11.947205316476108
2470,12.11142247729753
2471,13.696958959928843
2472,13.4753655920756
2473,10.664343939253895
2474,8.61742100358372
2475,6.473885747621702
2476,28.144646521841373
2477,9.081355862670392
2478,3.4443979471764887
2479,13.224191883037815
2480,16.68458489922065
2481,8.18936329881667
2482,13.118248004149525
2483,27.045965097859945
2484,13.651479338483671
2485,22.04825616489771
2486,7.658531705024617
2487,15.487077921905486
2488,13.27154645574873
2489,7.658531705024617
2490,14.937414099581353
2491,6.213438996368317
2492,4.496119847842802
2493,12.068615026558055
2494,13.647134001498461
2495,11.688238262670122
2496,7.658531705024617
2497,1.1427491329974486
2498,17.308407807456156
2499,13.007327294481106
2500,14.145608861132711
2501,13.222120667658379
2502,5.8384294919525965
2503,15.091053396556656
2504,11.58028201354556
2505,13.318163474260135
2506,13.77468137004688
2507,10.705885171518418
2508,6.213438996368317
2509,13.067611512261612
2510,3.800435842692529
2511,3.4443979471764887
2512,21.012145994864017
2513,9.04182333933879
2514,12.068615026558055
2515,14.180866470057705
2516,5.8384294919525965
2517,12.604108627436469
2518,12.685729120106156
2519,12.278335202743973
2520,12.456951094060624
2521,15.487077921905486
2522,12.211522114240516
2523,17.51353741564297
2524,13.786218924535284
2525,11.189146367474176
2526,12.721733805747427
2527,11.400784130724352
2528,13.189528404575157
2529,15.349654507398546
2530,24.046390876110824
2531,12.144117210123799
2532,14.145608861132711
2533,14.235643602315704
2534,12.236904702497387
2535,13.839234976189418
2536,8.18936329881667
2537,14.070563787183183
2538,12.276138228024855
2539,13.562264371933637
2540,14.788941445018493
2541,13.134674491010607
2542,14.628012568974961
2543,11.119642963762777
2544,11.162196053823825
2545,24.046390876110824
2546,12.34553354059204
2547,10.887473938445991
2548,10.757721397292507
2549,15.653844579368654
2550,10.77805985879359
2551,13.300442078526522
2552,12.489575866305165
2553,16.187874686273986
2554,25.085722350993457
2555,13.577601936081239
2556,12.078950240133214
2557,6.360485814049095
2558,12.721733805747427
2559,8.18936329881667
2560,7.754569052429051
2561,13.22476033185968
2562,13.87631584683968
2563,13.18618180435156
2564,14.498751316612521
2565,11.920186930145714
2566,11.283200597906918
2567,17.51353741564297
2568,24.372822927299868
2569,11.711777504879715
2570,11.547411626771966
2571,7.613452106931933
2572,13.703310523247064
2573,6.213438996368317
2574,12.284463039277856
2575,3.366459363032898
2576,11.479620444853289
2577,5.8384294919525965
2578,7.658531705024617
2579,13.202175198510792
2580,16.202047754721402
2581,13.624433359988084
2582,13.87631584683968
2583,13.222120667658379
2584,12.873941556609509
2585,14.145608861132711
2586,7.658531705024617
2587,11.746171679789548
2588,14.145592718390064
2589,14.489346373428935
2590,13.647134001498461
2591,11.746171679789548
2592,14.542859336447318
2593,18.800775514108874
2594,12.39654026389481
2595,13.532457268449225
2596,14.190096107021748
2597,14.498751316612521
2598,18.909470752938024
2599,12.906640797930041
2600,12.284463039277856
2601,13.87631584683968
2602,16.68458489922065
2603,11.123107062047534
2604,16.68458489922065
2605,9.04182333933879
2606,10.705885171518418
2607,12.685729120106156
2608,11.283222531149379
2609,11.905163874583717
2610,11.594456433633802
2611,13.16060680362611
2612,15.170718015147116
2613,12.882669467172764
2614,3.366459363032898
2615,12.906640797930041
2616,22.99010092191152
2617,14.222282386254191
2618,12.261113615786115
2619,12.261113615786115
2620,21.012145994864017
2621,14.180866470057705
2622,14.337128765257924
2623,3.4443979471764887
2624,8.574752756807895
2625,11.6880954349043
2626,11.920186930145714
2627,13.562264371933637
2628,12.895064945988667
2629,6.473885747621702
2630,14.337128765257924
2631,12.838974535625281
2632,13.300442078526522
2633,12.211522114240516
2634,8.18936329881667
2635,13.489294057333659
2636,11.58028201354556
2637,11.479620444853289
2638,13.839234976189418
2639,3.366459363032898
2640,13.881804579306948
2641,2.979069247065637
2642,10.535148896705175
2643,12.787329497894705
2644,21.085183461589743
2645,18.909470752938024
2646,12.721733805747427
2647,11.746171679789548
2648,13.532457268449225
2649,14.190096107021748
2650,13.839234976189418
2651,2.979069247065637
2652,16.202047754721402
2653,12.965355458750524
2654,13.839234976189418
2655,14.498751316612521
2656,13.620354947159925
2657,5.3051800635360005
2658,13.463270490466007
2659,6.360485814049095
2660,15.948579505820213
2661,10.66996492883962
2662,10.417294743682442
2663,5.445326154118634
2664,0.09765553864607551
2665,10.693481383065462
2666,11.354145596219894
2667,12.450280874660107
2668,6.339346889235048
2669,11.039800350040856
2670,7.939050447459828
2671,11.086054158063146
2672,14.075089396846582
2673,11.286471700983327
2674,5.107976805271135
2675,5.445326154118634
2676,11.468093878918252
2677,9.484905394413897
2678,12.059528296303943
2679,6.304497208456552
2680,4.823265082791627
2681,10.948402830136077
2682,11.170398684271197
2683,9.484905394413897
2684,10.944557316648222
2685,7.397797478056491
2686,14.2335305032232
2687,8.389446529793037
2688,13.412988853750173
2689,10.944557316648222
2690,14.2335305032232
2691,2.841837008630805
2692,17.274883024247934
2693,0.990730890947954
2694,11.369509443644539
2695,14.802365360932281
2696,10.948402830136077
2697,12.450280874660107
2698,12.458722625160355
2699,10.166039850660969
2700,0.2779643462627141
2701,12.059528296303943
2702,5.015439565888081
2703,18.012287436323216
2704,12.059528296303943
2705,9.883756272655075
2706,14.075089396846582
2707,1.5185141088762117
2708,4.823265082791627
2709,10.630338457966213
2710,10.997511393850742
2711,10.054856667499736
2712,13.702161557517508
2713,9.327336061446363
2714,7.939050447459828
2715,11.8419887526513
2716,1.5185141088762117
2717,9.430349495900447
2718,11.550030726333787
2719,9.327336061446363
2720,12.041824578408097
2721,12.998913206979656
2722,12.29433455361361
2723,8.068590234139515
2724,8.117018010100473
2725,10.351376753184917
2726,0.417480301368376
2727,10.22122103624095
2728,11.286471700983327
2729,13.412988853750173
2730,12.094151822113366
2731,14.405866604428262
2732,9.195811683055679
2733,12.079778733695443
2734,12.99549483747711
2735,3.3179099841782262
2736,9.712521459136454
2737,2.6656627350799895
2738,6.679108079247656
2739,10.292049755370494
2740,6.731915712228181
2741,9.621777744771311
2742,10.492013204549227
2743,8.542769200703237
2744,18.012287436323216
2745,10.997511393850742
2746,8.542769200703237
2747,9.712521459136454
2748,10.944557316648222
2749,13.071575048782934
2750,11.259390912778628
2751,8.586167978538423
2752,0.2779643462627141
2753,0.990730890947954
2754,11.56738756752477
2755,7.164559856095464
2756,10.294911612208832
2757,8.648283616629199
2758,13.442419500950518
2759,9.805365190810647
2760,11.905096580753254
2761,10.559266544080906
2762,10.228811574666516
2763,15.171913670122644
2764,6.731915712228181
2765,18.86207641580405
2766,10.351376753184917
2767,10.559266544080906
2768,11.727767937275088
2769,12.139983729209844
2770,12.998913206979656
2771,12.22883817396243
2772,7.397797478056491
2773,4.823265082791627
2774,10.575885916011604
2775,13.592034020887013
2776,14.489577487783178
2777,11.29540519983822
2778,5.5050625368357
2779,6.339346889235048
2780,12.25475335299706
2781,1.612712060367096
2782,13.807142084147188
2783,12.407405478851487
2784,8.797457071171413
2785,7.939050447459828
2786,10.944557316648222
2787,10.22122103624095
2788,12.914764301195751
2789,15.141351066142848
2790,15.171913670122644
2791,12.751027075082366
2792,12.751027075082366
2793,8.950188653198653
2794,8.950188653198653
2795,9.379724021856427
2796,10.271847237404234
2797,10.555155985443832
2798,9.379724021856427
2799,2.841837008630805
2800,1.5185141088762117
2801,14.596866406808207
2802,10.630338457966213
2803,8.750268958517315
2804,12.450280874660107
2805,10.620337410463266
2806,10.693481383065462
2807,12.75001668966761
2808,10.704172994720016
2809,12.059528296303943
2810,0.13448785913646186
2811,8.735032895614006
2812,10.941798393222484
2813,11.170398684271197
2814,7.397797478056491
2815,4.823265082791627
2816,10.932013106700964
2817,18.86207641580405
2818,11.517470261703412
2819,10.166039850660969
2820,13.592034020887013
2821,2.6656627350799895
2822,8.758103196134778
2823,18.012287436323216
2824,2.841837008630805
2825,14.075089396846582
2826,5.5050625368357
2827,11.369509443644539
2828,12.677548402862882
2829,14.489577487783178
2830,6.679108079247656
2831,3.7331294677359383
2832,10.555155985443832
2833,8.586167978538423
2834,14.802365360932281
2835,9.761039376439252
2836,10.954532423439703
2837,12.712601527928621
2838,10.271847237404234
2839,12.450280874660107
2840,13.160040142013196
2841,5.5050625368357
2842,10.351376753184917
2843,7.996163633974992
2844,14.839963177856667
2845,14.075089396846582
2846,6.446402975583415
2847,8.117018010100473
2848,8.780715756084334
2849,12.724103483568642
2850,18.86207641580405
2851,13.442419500950518
2852,11.307891951606527
2853,13.739999195999662
2854,3.289031694580077
2855,13.389087633466639
2856,13.087360047541557
2857,12.65752181442892
2858,12.827108570078822
2859,13.788065807684873
2860,11.202180955267536
2861,16.273031727051094
2862,14.532049818560848
2863,5.211342715674911
2864,15.042849221784317
2865,9.099083701403169
2866,12.831407405439315
2867,14.154195251351684
2868,18.056062673384012
2869,13.400472481938188
2870,10.319658108666145
2871,21.91132352911006
2872,13.232544601171131
2873,13.991745162919925
2874,16.073373415268815
2875,16.273031727051094
2876,10.064414092975825
2877,13.076187282334647
2878,13.537482790444061
2879,13.06027475321503
2880,22.356469746739727
2881,15.924534140380674
2882,12.380344065775743
2883,13.672683529284516
2884,15.708941464801502
2885,10.908794393028263
2886,8.914685726023086
2887,13.398058108333498
2888,10.319658108666145
2889,18.526608332490877
2890,15.101967227295003
2891,14.927330439441834
2892,14.218172282616793
2893,18.60596447797627
2894,12.854689944210607
2895,12.048959216117712
2896,12.861564191145476
2897,13.174474490841941
2898,12.938778551312089
2899,12.998559837424663
2900,14.057301424518146
2901,12.998559837424663
2902,11.662893589510599
2903,14.297273835361239
2904,11.067645593395694
2905,12.268866108761229
2906,12.35217561801016
2907,13.817441563360473
2908,16.35506023205012
2909,14.349154495370652
2910,12.678977034271588
2911,13.817441563360473
2912,12.771299380950957
2913,12.048959216117712
2914,14.32232246465158
2915,5.509937080665376
2916,13.663060168894768
2917,16.737229986937322
2918,11.635225268632283
2919,13.991745162919925
2920,12.491176559317196
2921,15.530635998068506
2922,9.764822502009862
2923,11.635225268632283
2924,11.546546117015671
2925,21.91132352911006
2926,13.303791829754973
2927,23.912201661617587
2928,12.52715611366021
2929,18.783684771376112
2930,14.542228902768208
2931,12.894814919020455
2932,15.202424259989773
2933,12.377493449191189
2934,14.218172282616793
2935,18.352151871740034
2936,9.19149617886518
2937,13.909595597461212
2938,9.590446847624888
2939,15.356507455934437
2940,12.774818324874612
2941,16.665341258064252
2942,15.101967227295003
2943,19.3209963353359
2944,14.274144958331053
2945,14.218172282616793
2946,14.790884683272392
2947,12.855267469858571
2948,12.987880210627925
2949,11.913106137717053
2950,17.53285567523303
2951,13.380528692442008
2952,13.461240772020158
2953,16.737229986937322
2954,13.739999195999662
2955,13.389087633466639
2956,14.934750886069251
2957,8.923724318004856
2958,16.966753805468777
2959,9.764822502009862
2960,12.866055014751106
2961,13.085881050874347
2962,12.377493449191189
2963,18.112791344708874
2964,14.316110431779064
2965,14.046347115849796
2966,13.81966978765512
2967,12.91452231805942
2968,18.352151871740034
2969,15.453468325544748
2970,13.938379550663115
2971,6.791743628001628
2972,11.623116682758772
2973,5.509937080665376
2974,13.355240517776128
2975,11.709855462943379
2976,21.487448661161665
2977,13.211124983146332
2978,14.046347115849796
2979,12.612862121248806
2980,12.34267615742322
2981,18.056062673384012
2982,12.938778551312089
2983,11.635225268632283
2984,14.274144958331053
2985,18.46996637815163
2986,38.68274735472185
2987,15.101967227295003
2988,8.435120060941337
2989,14.529751533336706
2990,13.788065807684873
2991,11.709855462943379
2992,13.991745162919925
2993,9.099083701403169
2994,12.34267615742322
2995,14.790884683272392
2996,11.560347544606747
2997,14.218172282616793
2998,13.171659124091514
2999,12.894814919020455
3000,14.349154495370652
3001,13.017462593349848
3002,12.34267615742322
3003,15.19335255574391
3004,12.355987446490888
3005,14.542228902768208
3006,9.73985816997719
3007,11.202180955267536
3008,14.411788762217483
3009,15.924534140380674
3010,15.40446268255063
3011,11.913106137717053
3012,12.380344065775743
3013,13.380528692442008
3014,12.34267615742322
3015,13.307160518032017
3016,14.32232246465158
3017,13.202010704370291
3018,11.202180955267536
3019,3.430756821076354
3020,10.908794393028263
3021,13.202010704370291
3022,14.172672716721042
3023,15.19021886545047
3024,27.385795489173372
3025,18.056062673384012
3026,20.12744527663855
3027,13.14737854807863
3028,11.560347544606747
3029,12.34267615742322
3030,14.196306293832532
3031,12.894814919020455
3032,12.91709645879536
3033,14.255153569882395
3034,3.430756821076354
3035,15.506101789529168
3036,17.961474384034272
3037,12.612862121248806
3038,13.150340828900339
3039,3.430756821076354
3040,13.303791829754973
3041,9.73985816997719
3042,17.95173539090346
3043,14.661094682034115
3044,15.025319769712405
3045,15.217988387648308
3046,12.978636673743654
3047,14.231297282913802
3048,17.040947252405108
3049,18.79668295089842
3050,14.262778118796792
3051,11.710660442732108
3052,15.038733798795729
3053,11.847231271037444
3054,13.563861769988742
3055,16.7173004135451
3056,11.096599627608255
3057,17.227722623806347
3058,12.698625610667321
3059,32.42642406325439
3060,14.871019550590823
3061,11.468488246191857
3062,10.334278591509097
3063,12.613597874676955
3064,14.495083068490962
3065,13.11844909161983
3066,20.453057380458308
3067,14.07840387695472
3068,11.847231271037444
3069,22.32640589631191
3070,11.525554109805526
3071,14.665834515213856
3072,15.279787634350939
3073,13.01136880404646
3074,11.534575402390464
3075,17.33587044686443
3076,16.269284090262072
3077,13.989663369748317
3078,12.964370357675863
3079,12.609305890999934
3080,14.251612721201585
3081,15.192533689235487
3082,14.609941594603619
3083,11.635271334110978
3084,15.455622638382723
3085,15.553457365202746
3086,12.008902790976862
3087,15.749879762344735
3088,16.782137188259853
3089,15.664943780043213
3090,12.241530567709205
3091,14.486528159690591
3092,23.725007684537765
3093,15.068311526003239
3094,15.019110978267742
3095,20.969855019038935
3096,10.798194140719742
3097,14.388472840239373
3098,15.864939579536179
3099,18.362077177042767
3100,12.028267403274697
3101,14.206277323502984
3102,11.534575402390464
3103,10.653520522600804
3104,15.562832775598539
3105,30.166651782024456
3106,14.139272575905089
3107,11.710660442732108
3108,10.495679821673084
3109,14.495083068490962
3110,18.302641872593995
3111,15.609426502619336
3112,13.563861769988742
3113,15.309605838728817
3114,13.082226483874173
3115,12.698625610667321
3116,14.17615161055011
3117,13.419602325676875
3118,17.227722623806347
3119,13.938067773741777
3120,12.609305890999934
3121,5.79758335895766
3122,20.55293447956133
3123,25.790869351807245
3124,14.527579320566543
3125,12.113919129904982
3126,13.01136880404646
3127,15.777120414599997
3128,16.782137188259853
3129,16.377134461106923
3130,14.251612721201585
3131,14.3497513549692
3132,14.869365385412523
3133,16.253331276349698
3134,6.493005351503606
3135,14.699159780222162
3136,11.827054526228624
3137,15.019110978267742
3138,11.847231271037444
3139,13.938067773741777
3140,14.527579320566543
3141,12.978636673743654
3142,13.082226483874173
3143,18.88356916955321
3144,13.55585077289567
3145,17.9271258405159
3146,13.977246696402165
3147,12.854873611388319
3148,11.827054526228624
3149,12.964370357675863
3150,14.869365385412523
3151,14.330926214352433
3152,16.377134461106923
3153,13.961259885351096
3154,14.3497513549692
3155,14.813220070818591
3156,14.581365113844798
3157,12.868860710307716
3158,14.139272575905089
3159,16.945657724867708
3160,20.969855019038935
3161,14.256896521577573
3162,14.507164554191373
3163,7.628806717974958
3164,14.33134428159747
3165,14.495083068490962
3166,8.775309069758293
3167,15.864322002773925
3168,30.166651782024456
3169,13.11844909161983
3170,14.17615161055011
3171,13.082226483874173
3172,15.217988387648308
3173,13.891087668201124
3174,16.222992823023564
3175,17.33587044686443
3176,19.345659322129475
3177,16.07458706385016
3178,14.661094682034115
3179,18.394312521974918
3180,7.30323835675055
3181,13.535236131102643
3182,13.327948710372103
3183,14.335844452247148
3184,18.787310474242332
3185,16.678810882467076
3186,15.174165976471816
3187,14.079664943663307
3188,14.845204287170208
3189,13.554036416338922
3190,13.931191341581485
3191,14.256896521577573
3192,10.334278591509097
3193,18.79668295089842
3194,15.525402699865833
3195,12.964370357675863
3196,12.874236866831831
3197,14.114388414806468
3198,6.618002912251168
3199,13.563861769988742
3200,11.607290772370455
3201,13.528072861798291
3202,16.377134461106923
3203,15.380824707602251
3204,16.685890496937663
3205,11.847231271037444
3206,16.685890496937663
3207,17.040947252405108
3208,12.708137966774805
3209,14.335844452247148
3210,12.241530567709205
3211,15.348336001911294
3212,14.677078439655888
3213,14.2551088919152
3214,12.698625610667321
3215,16.782137188259853
3216,15.37189405172616
3217,12.613597874676955
3218,20.794298107471047
3219,14.40834286618987
3220,11.827054526228624
3221,11.525554109805526
3222,12.241530567709205
3223,12.609305890999934
3224,14.677078439655888
3225,14.676304642668914
3226,24.422534569130683
3227,16.685890496937663
3228,14.336950763356171
3229,5.778277989993215
3230,20.820388670107025
3231,12.734736119466401
3232,13.256090820174062
3233,13.733411497039315
3234,12.790779942410747
3235,15.499277092625746
3236,19.328342892119032
3237,15.283351608186138
3238,3.489659544669726
3239,4.160909569853115
3240,15.957669416575012
3241,10.812277735721766
3242,13.808121627734074
3243,9.700253727614959
3244,14.941955579388258
3245,12.758503222314635
3246,11.75308727948878
3247,5.657316001439726
3248,13.43762086187758
3249,5.657316001439726
3250,10.557860706845117
3251,13.77931365966926
3252,15.364605909717769
3253,10.712449079894396
3254,13.074432633904895
3255,13.60168393820533
3256,14.834185384617912
3257,20.820388670107025
3258,14.138007842357656
3259,13.179030971208745
3260,13.187091355077674
3261,5.657316001439726
3262,11.495534616858576
3263,14.721395608644121
3264,11.176029111881943
3265,13.674419966454968
3266,13.77931365966926
3267,20.820388670107025
3268,13.346598610085858
3269,21.337921106181966
3270,13.674419966454968
3271,12.782960083597485
3272,13.41410720580618
3273,12.865189056882144
3274,12.898013024213386
3275,9.867245075485922
3276,10.40790207087718
3277,0.8654547300006722
3278,13.204136676421228
3279,13.56341025394096
3280,13.327764579512634
3281,12.734736119466401
3282,13.107452455557707
3283,5.657316001439726
3284,12.786992510499301
3285,13.313019533905274
3286,5.391399017702758
3287,10.486612821484474
3288,12.697924552711871
3289,10.557860706845117
3290,20.80569476894904
3291,13.738743121681773
3292,9.867245075485922
3293,13.509791423401932
3294,11.994599422233716
3295,15.364605909717769
3296,10.40790207087718
3297,10.812277735721766
3298,10.612721273230916
3299,15.953470395621022
3300,11.980308837969613
3301,15.102704412933408
3302,15.405312573621595
3303,12.786992510499301
3304,13.583776456489016
3305,14.941955579388258
3306,15.061410649457727
3307,19.328342892119032
3308,20.80569476894904
3309,14.761545246536103
3310,14.941955579388258
3311,20.80569476894904
3312,17.247512847063316
3313,20.80569476894904
3314,4.160909569853115
3315,11.980308837969613
3316,14.352384077549184
3317,17.027410389755005
3318,13.674419966454968
3319,4.12589145757092
3320,13.60168393820533
3321,16.172876101626667
3322,12.266280627330993
3323,12.266280627330993
3324,4.160909569853115
3325,13.509791423401932
3326,11.630805297636519
3327,16.090328864449443
3328,18.412306723781786
3329,14.0951833841633
3330,13.477046649936096
3331,15.685433809956578
3332,18.8663825278459
3333,15.685433809956578
3334,11.622626066302113
3335,4.160909569853115
3336,11.069812661843274
3337,13.909900062073257
3338,20.80569476894904
3339,13.000590832094352
3340,15.364605909717769
3341,4.160909569853115
3342,20.80569476894904
3343,13.188446370443858
3344,13.951534044523008
3345,14.761545246536103
3346,0.8654547300006722
3347,12.266280627330993
3348,13.316908199169063
3349,18.8663825278459
3350,15.499277092625746
3351,5.778277989993215
3352,11.674162615512435
3353,5.391399017702758
3354,5.657316001439726
3355,13.074432633904895
3356,17.821453578711914
3357,13.000590832094352
3358,15.499277092625746
3359,11.75308727948878
3360,12.786992510499301
3361,13.77931365966926
3362,3.489659544669726
3363,16.104560160793042
3364,14.191437601586673
3365,10.486612821484474
3366,12.02402759038384
3367,13.619037124892094
3368,14.941955579388258
3369,15.060801901502261
3370,15.499277092625746
3371,12.865189056882144
3372,11.994599422233716
3373,17.821453578711914
3374,10.486612821484474
3375,20.820388670107025
3376,13.485248418038433
3377,13.583776456489016
3378,13.420185300029807
3379,13.477046649936096
3380,0.8654547300006722
3381,13.243989991330295
3382,11.909311353716632
3383,5.391399017702758
3384,14.336950763356171
3385,15.364605909717769
3386,16.105478411181025
3387,15.499277092625746
3388,12.794931648704962
3389,5.391399017702758
3390,12.782960083597485
3391,18.412306723781786
3392,19.328342892119032
3393,10.812277735721766
3394,12.372171634743948
3395,16.561471047731928
3396,13.561961250211205
3397,13.074432633904895
3398,5.778277989993215
3399,4.12589145757092
3400,9.867245075485922
3401,13.991048287076818
3402,10.712449079894396
3403,16.561471047731928
3404,12.161620976049505
3405,15.685433809956578
3406,13.243989991330295
3407,12.266280627330993
3408,11.922228366200113
3409,12.372171634743948
3410,13.674419966454968
3411,15.957669416575012
3412,13.733411497039315
3413,14.941955579388258
3414,11.176029111881943
3415,12.2224984481747
3416,14.32454031807186
3417,10.910812139810306
3418,12.792446044108514
3419,12.076223503430953
3420,8.349321720903287
3421,16.29184273847792
3422,13.101221572614861
3423,14.136192706922944
3424,10.06296144097358
3425,15.420933740025111
3426,13.487133398389508
3427,10.06296144097358
3428,18.64989741650656
3429,3.8473620358451974
3430,14.516566071368697
3431,14.085807455282236
3432,16.03309238368815
3433,13.487133398389508
3434,16.919033732734906
3435,15.722511328687387
3436,31.932882467082447
3437,12.383810127521771
3438,15.182103864306924
3439,12.17585945740018
3440,13.970496492643736
3441,13.306078772321861
3442,33.90806761325116
3443,13.306078772321861
3444,12.514741194888048
3445,11.0622880934579
3446,15.158738174539552
3447,9.568455307245106
3448,6.869857580605682
3449,21.74128808957038
3450,11.32155032053675
3451,15.781938644112746
3452,13.045904231924563
3453,14.537194960234476
3454,18.492130450578443
3455,13.4851382501144
3456,13.47357221722205
3457,2.4758635551013883
3458,8.349321720903287
3459,13.31375492406055
3460,14.747652722652914
3461,18.195656465962916
3462,19.25870480272142
3463,13.146168404089286
3464,25.13920089159911
3465,14.00601050853642
3466,13.042957061605403
3467,13.270701114915509
3468,11.974684786276642
3469,12.662849905502512
3470,13.339232180881693
3471,13.4851382501144
3472,14.51388922568836
3473,14.095051035153475
3474,13.242868530697681
3475,14.630796239780036
3476,7.431022795781211
3477,11.882290857006277
3478,19.43673370276347
3479,19.53240406960119
3480,16.03309238368815
3481,15.153790595567726
3482,16.03309238368815
3483,18.02392362750576
3484,16.03309238368815
3485,15.049573567122776
3486,14.183086766730044
3487,13.184828730553335
3488,24.11652632765533
3489,13.194653514365205
3490,15.055870643367243
3491,13.778238047939645
3492,14.73671981331542
3493,11.974684786276642
3494,15.182103864306924
3495,6.869857580605682
3496,13.692182508964661
3497,6.000153626556857
3498,15.6485680197138
3499,13.042957061605403
3500,4.550779141468558
3501,14.331127076951825
3502,12.2224984481747
3503,13.347653165110094
3504,13.424291697883373
3505,2.4758635551013883
3506,8.349321720903287
3507,14.827431571785356
3508,13.652630090745577
3509,12.273054122699108
3510,13.691222901753854
3511,15.781938644112746
3512,9.568455307245106
3513,13.72530924397866
3514,11.708941026929805
3515,12.53644605229658
3516,14.50429082573686
3517,13.645687064791971
3518,13.851129288561102
3519,12.383810127521771
3520,14.167747396477337
3521,13.6663638359178
3522,8.07764449167055
3523,14.630796239780036
3524,13.146168404089286
3525,16.29184273847792
3526,13.190111039308224
3527,12.34543822593976
3528,18.195656465962916
3529,16.71143098876667
3530,8.349321720903287
3531,12.163143489662122
3532,13.450958161947208
3533,13.4851382501144
3534,13.371145484349542
3535,9.479877830293432
3536,13.339232180881693
3537,13.652428427193218
3538,14.166769543735072
3539,12.890930203436165
3540,16.16706082478764
3541,13.190111039308224
3542,12.514741194888048
3543,21.175497092766157
3544,15.317055093533876
3545,13.093303984401215
3546,14.638604373346292
3547,15.74070218451107
3548,13.184828730553335
3549,15.715299171992811
3550,12.53085854440035
3551,25.13920089159911
3552,18.195656465962916
3553,13.242868530697681
3554,13.61541439542226
3555,12.812033617543957
3556,10.677998738822946
3557,14.261554906080022
3558,10.06296144097358
3559,14.0321321941655
3560,13.424291697883373
3561,11.814811135730332
3562,16.939221471047116
3563,13.970496492643736
3564,14.331127076951825
3565,13.691222901753854
3566,15.4669841100252
3567,13.270701114915509
3568,13.02931278429748
3569,18.02392362750576
3570,13.61541439542226
3571,4.550779141468558
3572,12.134018705355105
3573,14.219196735093227
3574,11.638068597027639
3575,12.568418552638253
3576,13.94710241402717
3577,13.983522028237964
3578,14.827431571785356
3579,11.638068597027639
3580,13.94710241402717
3581,17.94487703359327
3582,13.854176696718847
3583,13.371145484349542
3584,3.8473620358451974
3585,16.16706082478764
3586,12.34543822593976
3587,13.184828730553335
3588,13.424291697883373
3589,10.677998738822946
3590,12.763319343951022
3591,14.080955703612869
3592,8.349321720903287
3593,14.362495511174293
3594,16.03309238368815
3595,13.267091669917896
3596,13.782314845820286
3597,19.43673370276347
3598,12.53971918143526
3599,12.568418552638253
3600,12.234222817342406
3601,14.516566071368697
3602,18.492130450578443
3603,15.317055093533876
3604,10.274808186634056
3605,21.040014480545423
3606,12.654199030471437
3607,12.346291477318498
3608,13.922804815175754
3609,5.649145484027989
3610,11.14171629594695
3611,11.779261346444745
3612,12.842721622867108
3613,12.722373213315114
3614,10.87321355562862
3615,12.555610856313598
3616,13.072663438314748
3617,12.763698518827333
3618,8.5164535454858
3619,13.10883709305457
3620,12.30494680430989
3621,11.552804987837048
3622,12.79395521125944
3623,13.785115936505044
3624,6.129657975054907
3625,16.3182729188474
3626,11.006887195161449
3627,10.632244475951348
3628,13.04739397804898
3629,12.722373213315114
3630,13.9018554684202
3631,12.637589602902743
3632,13.9018554684202
3633,1.5558724647184201
3634,16.242690062968055
3635,10.587083665168757
3636,12.624216446844445
3637,11.552804987837048
3638,11.327145105860938
3639,12.545775047899573
3640,11.87095192325866
3641,13.792390905098591
3642,3.317851171078565
3643,13.373652790847922
3644,13.686007026903313
3645,17.177552547997927
3646,9.5319583265421
3647,15.608507315394345
3648,9.312493760690357
3649,11.166521547625404
3650,12.763698518827333
3651,13.800261854388998
3652,6.560232240206938
3653,6.2789554795706435
3654,10.199334471223539
3655,12.18374358243031
3656,16.79418925764654
3657,11.426351238178437
3658,12.358211534649765
3659,11.873454340730818
3660,12.842721622867108
3661,11.021528554656681
3662,10.086028612702359
3663,15.240789499598641
3664,13.10883709305457
3665,10.87321355562862
3666,13.958759164681414
3667,16.3218756937183
3668,11.376735985485448
3669,11.20449704918517
3670,11.674514056578515
3671,14.862484024477366
3672,13.465040951561495
3673,1.5558724647184201
3674,11.492259430878422
3675,11.801249469717082
3676,8.972349590396867
3677,13.155010227249921
3678,13.66484871975591
3679,7.2804730657414
3680,14.35930056677815
3681,13.38175884647864
3682,13.37772918479164
3683,7.2804730657414
3684,8.924282152917659
3685,13.977768133512114
3686,12.757929281492192
3687,11.83056661140761
3688,8.972349590396867
3689,13.554190141648114
3690,12.10240771834577
3691,6.657621842660612
3692,12.597178278745492
3693,16.572889859228585
3694,6.518752693850348
3695,11.623366479791095
3696,13.361139186267682
3697,13.649168902659452
3698,13.9018554684202
3699,12.915210205814144
3700,13.215824599353267
3701,12.811727393015683
3702,0.9128116707282955
3703,11.376416586202321
3704,9.148052560527859
3705,14.295200390569905
3706,16.321436563145863
3707,16.242690062968055
3708,13.155010227249921
3709,15.975216364934
3710,13.155010227249921
3711,13.215824599353267
3712,9.312493760690357
3713,6.2789554795706435
3714,11.83056661140761
3715,12.94449619751959
3716,13.072663438314748
3717,15.57484835880951
3718,10.632244475951348
3719,12.94449619751959
3720,13.061761461945723
3721,21.040014480545423
3722,9.3655153009449
3723,10.274808186634056
3724,13.955441047428158
3725,13.290295139383257
3726,11.254635060564215
3727,8.972349590396867
3728,14.45489578050328
3729,12.76960377944373
3730,12.53258141016045
3731,12.94449619751959
3732,13.275708693087408
3733,21.040014480545423
3734,13.800261854388998
3735,11.359571037957423
3736,5.126964181130621
3737,16.242690062968055
3738,11.20449704918517
3739,13.800261854388998
3740,12.357875308497869
3741,13.198080929093258
3742,13.290295139383257
3743,12.624216446844445
3744,13.08856733808409
3745,11.824357942758315
3746,13.465040951561495
3747,19.310511735627422
3748,8.675291977083232
3749,15.023777287550134
3750,12.902457336608583
3751,5.778868186935593
3752,11.828878443239553
3753,17.662238223254707
3754,13.465040951561495
3755,13.922804815175754
3756,12.94449619751959
3757,12.842721622867108
3758,15.991855158663899
3759,9.451324359172606
3760,12.915210205814144
3761,15.669311571256179
3762,11.465122899374565
3763,5.898730113696608
3764,12.902457336608583
3765,14.668873892379018
3766,3.317851171078565
3767,6.072249252999626
3768,13.215824599353267
3769,12.53258141016045
3770,20.140598961329953
3771,4.361666227734921
3772,11.434884405327672
3773,11.998093199126497
3774,12.79395521125944
3775,9.78772697017772
3776,13.81639028758423
3777,12.73990215055144
3778,11.824357942758315
3779,11.254635060564215
3780,12.379628396446114
3781,10.435412410867427
3782,9.5319583265421
3783,14.301792657544732
3784,13.9018554684202
3785,10.438880357076595
3786,7.819802885070761
3787,12.763698518827333
3788,14.900441656447926
3789,11.793406013740155
3790,3.7436030545376466
3791,15.27353827357706
3792,3.6935526798298817
3793,12.902457336608583
3794,11.317613647628455
3795,11.7195371752978
3796,16.23225370542194
3797,4.327560749569068
3798,11.985396527685138
3799,14.113944972022088
3800,13.902751900023837
3801,10.530629588754783
3802,14.551977994196035
3803,12.099881031683633
3804,11.883211873255897
3805,11.409938116086778
3806,15.447749508793704
3807,11.433171163126403
3808,30.12420400340001
3809,11.677077296987635
3810,16.904344495384663
3811,11.653712315138389
3812,12.286556914617483
3813,12.014481965938995
3814,12.168408517078005
3815,6.218215948683809
3816,14.177541739751563
3817,8.84921767788613
3818,16.03630420686685
3819,1.251160470306159
3820,18.350091615081098
3821,10.118864516522018
3822,16.33786625238422
3823,10.51510986663398
3824,10.490048562483794
3825,4.2045121077120475
3826,13.97910030082197
3827,8.829226114309206
3828,11.409938116086778
3829,12.666376032162265
3830,11.245086134930185
3831,14.320804394065568
3832,10.118864516522018
3833,16.03630420686685
3834,16.03630420686685
3835,11.651612214943926
3836,6.994754141839226
3837,15.76502403090938
3838,18.802078664426485
3839,12.157649807789118
3840,6.602867835210902
3841,13.325892907361554
3842,11.610224007750624
3843,13.300135293186885
3844,12.702486516277679
3845,12.039030649819114
3846,11.933351817503727
3847,6.852951797003308
3848,3.3966470484271745
3849,9.880160956505007
3850,12.9097020053152
3851,27.27213411873858
3852,12.19693967382992
3853,14.164933755012658
3854,14.238854178696405
3855,10.72141516976472
3856,12.704654710438
3857,17.177244333302347
3858,11.462518493943575
3859,13.325892907361554
3860,13.97910030082197
3861,6.296307889806065
3862,9.897188025063247
3863,8.613459720922178
3864,12.41215762107849
3865,10.042028922845258
3866,3.9980679106992247
3867,8.15956619962506
3868,14.755924688713533
3869,13.123048651815479
3870,9.628235210647611
3871,11.409938116086778
3872,9.628235210647611
3873,12.689892359792621
3874,6.090315345110052
3875,14.177541739751563
3876,12.89556726515646
3877,15.60623294579362
3878,6.725546222089331
3879,18.350091615081098
3880,10.752835437342833
3881,10.843392355988362
3882,12.187672158293651
3883,8.829226114309206
3884,11.91727304357331
3885,12.571952975881201
3886,6.041573844735842
3887,12.157649807789118
3888,14.054855303928974
3889,12.007044888330777
3890,14.65744464849408
3891,9.127499177890911
3892,11.054934342071439
3893,12.167376059676034
3894,6.994754141839226
3895,12.750178288714949
3896,6.602867835210902
3897,15.357623466156396
3898,12.565732604216684
3899,14.672985325427367
3900,17.341216214739212
3901,10.178368836954137
3902,13.825911794288595
3903,11.146440047198103
3904,12.257794650916948
3905,12.40880697946835
3906,10.178368836954137
3907,8.613459720922178
3908,16.76834263559217
3909,10.3160050752303
3910,16.593713521986217
3911,12.665697472356621
3912,6.218215948683809
3913,12.535392952603393
3914,8.84921767788613
3915,5.915929067686107
3916,11.409938116086778
3917,17.804076616357808
3918,6.602867835210902
3919,11.152370400620514
3920,11.792284226213308
3921,11.169329612370614
3922,17.019638623906406
3923,4.664481953716036
3924,11.146440047198103
3925,27.27213411873858
3926,12.9097020053152
3927,10.578081728505591
3928,12.231485267785889
3929,12.423341074360366
3930,14.947005949046844
3931,17.341216214739212
3932,7.151025208597756
3933,13.057584672279768
3934,15.444462850136233
3935,6.619235179912705
3936,18.07167766474837
3937,4.009555381920739
3938,13.118301363167301
3939,15.02039367568507
3940,10.530629588754783
3941,13.048580299197129
3942,12.571952975881201
3943,6.218215948683809
3944,11.653245977774382
3945,13.133189674036572
3946,16.255975564491212
3947,12.571952975881201
3948,13.60798210220692
3949,12.488886497615757
3950,11.982950568271562
3951,12.141190261090273
3952,12.631118277181324
3953,5.915929067686107
3954,1.251160470306159
3955,12.517404875870668
3956,11.409938116086778
3957,1.251160470306159
3958,12.41798444820226
3959,10.578081728505591
3960,12.971522898829354
3961,7.490833191763062
3962,15.082449001082292
3963,11.152370400620514
3964,10.782483699000972
3965,10.671261654175291
3966,14.238854178696405
3967,14.009150049071298
3968,14.65744464849408
3969,10.609090654523424
3970,6.725546222089331
3971,6.218215948683809
3972,6.619235179912705
3973,11.400735072669127
3974,13.119464779368851
3975,9.693947766568776
3976,9.840094339636993
3977,11.982950568271562
3978,12.14925578438244
3979,12.517404875870668
3980,11.433171163126403
3981,12.41215762107849
3982,9.74519834165295
3983,13.532764455881242
3984,0.7340419948259661
3985,10.62278963298618
3986,12.044285637293706
3987,3.8412054822723327
3988,12.242230880700973
3989,12.182502321272157
3990,3.2421318151236087
3991,11.534593164366317
3992,11.39341136004421
3993,10.095216999372619
3994,16.9936315273918
3995,5.927635172225576
3996,10.476938397516534
3997,11.581180303671356
3998,10.44008796268725
3999,7.445223437740651
4000,12.825326347433334
4001,11.393210539091182
4002,9.326802684071216
4003,1.1200035777669253
4004,13.501868977473361
4005,7.77801426223476
4006,13.293789414980123
4007,10.605365915768202
4008,14.326611176940723
4009,5.93442117210183
4010,12.06194250721847
4011,13.88843356213411
4012,11.850680283329307
4013,12.751489234973617
4014,6.9519347192037655
4015,7.979452328783503
4016,12.43246297419808
4017,10.833055244752131
4018,9.663286611118346
4019,13.172036011625165
4020,11.953632601767396
4021,5.158170152048788
4022,13.936773741892527
4023,11.11341226353644
4024,13.501868977473361
4025,12.825326347433334
4026,1.2237168852827622
4027,7.445223437740651
4028,13.234853915116965
4029,10.897286155974287
4030,1.1200035777669253
4031,3.8412054822723327
4032,13.868772045755613
4033,3.459643280867282
4034,11.312543228084907
4035,5.605871000906178
4036,11.312543228084907
4037,9.1708341264048
4038,10.498406833884017
4039,13.081347460710965
4040,7.979452328783503
4041,12.696876361173523
4042,9.74519834165295
4043,6.20817511650967
4044,5.605871000906178
4045,13.161779022387117
4046,17.76249266170692
4047,13.047821179054498
4048,13.868772045755613
4049,14.36294745498393
4050,9.641336761469923
4051,3.4313381157475784
4052,9.148256667496641
4053,10.605365915768202
4054,11.615837710992496
4055,9.868284639512225
4056,9.443461009786645
4057,7.77801426223476
4058,12.837137800413592
4059,7.798950640832214
4060,9.809102162579496
4061,8.34993785516954
4062,10.537221483314898
4063,2.338077594855917
4064,7.979452328783503
4065,7.798950640832214
4066,7.798950640832214
4067,7.979452328783503
4068,1.2237168852827622
4069,12.608312313000479
4070,14.102147797605372
4071,11.472729772197072
4072,12.84963158009783
4073,10.605365915768202
4074,7.10155281812982
4075,12.148462421556319
4076,10.397871703979012
4077,14.727244488860324
4078,9.443461009786645
4079,10.054211657893475
4080,12.50077848440323
4081,14.420054934894912
4082,3.2421318151236087
4083,9.69157810417296
4084,0.525937336056351
4085,14.531784861203933
4086,13.100314892542503
4087,5.93442117210183
4088,7.561170087348378
4089,6.134082629198836
4090,4.63607011522714
4091,17.858395126195614
4092,2.9083600480038996
4093,7.561170087348378
4094,12.420936927128198
4095,5.7996581683651245
4096,9.443461009786645
4097,10.537221483314898
4098,10.783425616974325
4099,11.312543228084907
4100,11.11020740522968
4101,9.629826594978692
4102,7.84777218124508
4103,12.755919779153125
4104,13.65411390013209
4105,0.9291494712811411
4106,7.427118935638622
4107,10.543814428432622
4108,1.1200035777669253
4109,9.838731620939665
4110,7.351648504548953
4111,14.492187751180857
4112,10.82859232808468
4113,10.75648499475345
4114,13.181130359803655
4115,22.738208681664148
4116,15.823957729960469
4117,7.798950640832214
4118,2.904846720359555
4119,6.548413600067783
4120,3.2421318151236087
4121,3.7922998334284164
4122,9.641336761469923
4123,8.486843857509683
4124,3.146827580849237
4125,5.764836475682085
4126,7.798950640832214
4127,6.134082629198836
4128,9.308124377570161
4129,10.930729136407614
4130,10.62278963298618
4131,3.771332454652914
4132,6.9519347192037655
4133,8.904851401108086
4134,14.55090124095141
4135,16.9936315273918
4136,3.771332454652914
4137,11.479817098520968
4138,7.77801426223476
4139,9.445925993008519
4140,10.539536441082332
4141,11.57098473551679
4142,11.134809717271407
4143,9.37640040250377
4144,10.498406833884017
4145,6.548413600067783
4146,13.460014910987956
4147,2.885698622726909
4148,11.312543228084907
4149,5.477132206133298
4150,1.3988572952794986
4151,16.208515181945202
4152,11.312543228084907
4153,3.868779106319868
4154,10.095216999372619
4155,3.7406086195359216
4156,12.690447194417436
4157,5.477132206133298
4158,13.538150316703835
4159,11.57098473551679
4160,9.37640040250377
4161,10.605365915768202
4162,13.823936691411618
4163,12.865809335800392
4164,8.788263940658913
4165,14.531784861203933
4166,13.17618878899612
4167,9.846473179578227
4168,13.805701487451506
4169,13.210523014375992
4170,15.720750258170456
4171,12.303458492285097
4172,18.25655426897998
4173,14.1028771795863
4174,13.598404804354008
4175,14.224013511076832
4176,15.316392393189966
4177,15.469490150773511
4178,7.907818958929099
4179,6.04306177714024
4180,14.815875165465771
4181,13.173102261727053
4182,13.941257944682711
4183,14.880490969675078
4184,14.611417876344813
4185,16.85348216394992
4186,16.85348216394992
4187,16.663751770953994
4188,14.169833548600387
4189,16.72167841445442
4190,14.210339573028783
4191,14.224013511076832
4192,22.43923153429055
4193,12.264434096084496
4194,13.105053134900285
4195,5.018765457505454
4196,14.411144665594277
4197,13.475410057874116
4198,4.751064200174013
4199,14.967398559302671
4200,15.720750258170456
4201,13.674898638765338
4202,14.615713649845214
4203,13.877642584999176
4204,15.721919599912468
4205,13.200376806364876
4206,13.342086059774992
4207,17.785104852634923
4208,16.85348216394992
4209,12.356701092369118
4210,13.111589740372876
4211,12.52386866302919
4212,13.902768013210112
4213,6.795170962729173
4214,13.410576618327799
4215,13.73181139785304
4216,18.33536945851656
4217,17.687036571623583
4218,14.326719110447215
4219,22.46751091863371
4220,15.469490150773511
4221,16.087430229941333
4222,12.250781624318357
4223,15.377625837393825
4224,14.128246451984005
4225,25.905068778506656
4226,14.169833548600387
4227,10.54204132746164
4228,4.751064200174013
4229,12.41543518637475
4230,5.018765457505454
4231,14.19830944677811
4232,15.397757816931238
4233,15.889917755558068
4234,17.533500369222963
4235,14.615713649845214
4236,17.687036571623583
4237,14.571956670796085
4238,13.79288119196116
4239,11.95374808491797
4240,14.880490969675078
4241,13.410576618327799
4242,18.142893441603174
4243,14.880490969675078
4244,12.972973198457115
4245,11.196216538030669
4246,12.933353696712054
4247,13.187623016643085
4248,15.43833894779574
4249,24.614076625338065
4250,14.490588272307775
4251,14.169833548600387
4252,12.356701092369118
4253,16.0762499517869
4254,15.85961188593371
4255,14.75686316998884
4256,14.196026494439122
4257,13.800548253831373
4258,11.444890995753433
4259,15.465768103152495
4260,14.46207745575096
4261,27.98759186604147
4262,12.896309941981006
4263,15.125415437335645
4264,13.261141594064283
4265,14.1028771795863
4266,22.26259259525924
4267,13.187623016643085
4268,14.967398559302671
4269,14.615446980088388
4270,15.417503281326635
4271,8.34156679657527
4272,13.996820943174137
4273,14.69599674905879
4274,22.46751091863371
4275,19.06657443850937
4276,14.880490969675078
4277,13.90759620219865
4278,14.19830944677811
4279,14.377897467663672
4280,14.19830944677811
4281,15.720750258170456
4282,13.996820943174137
4283,13.990721145236146
4284,19.06657443850937
4285,14.192369879962701
4286,13.902768013210112
4287,14.815875165465771
4288,11.26365156556699
4289,18.361809578138097
4290,6.04306177714024
4291,12.513909318598754
4292,15.716395425910116
4293,16.131426577518507
4294,13.197757849670731
4295,13.248352044994832
4296,13.878606517549873
4297,17.216139295549347
4298,12.072899002908297
4299,14.615446980088388
4300,11.645452106215052
4301,15.377012829538595
4302,14.615446980088388
4303,7.907818958929099
4304,14.523497266539847
4305,11.060319020973886
4306,13.706418653433138
4307,13.566615904344589
4308,6.16373654486655
4309,15.377012829538595
4310,12.547676573786854
4311,15.377012829538595
4312,12.09623864544727
4313,13.410576618327799
4314,14.192369879962701
4315,7.907818958929099
4316,24.614076625338065
4317,12.695197277669685
4318,12.75480014324404
4319,11.645452106215052
4320,14.795965197283094
4321,5.422701652669265
4322,10.13453148011667
4323,15.968865041459813
4324,13.457729510911692
4325,13.341124531278735
4326,12.808469703920624
4327,14.231954310762264
4328,15.968865041459813
4329,8.96954202999986
4330,15.026973020546011
4331,18.07577396557736
4332,3.3769002744354113
4333,13.749938886317548
4334,13.749727671507774
4335,14.152524938988979
4336,21.695727030766875
4337,21.7810657358775
4338,12.978848520808997
4339,20.592297839573117
4340,14.511978025358363
4341,11.501256981874104
4342,13.140582216598757
4343,12.83234299909956
4344,12.953994594642168
4345,11.852229841334275
4346,22.303484278873945
4347,12.529897275702842
4348,13.506744833310025
4349,14.158254376483328
4350,9.87312295040333
4351,6.28603849624952
4352,8.515891989555538
4353,6.368376843293501
4354,15.541906517982817
4355,13.264320775236257
4356,13.502625931032224
4357,13.823403848754282
4358,20.592297839573117
4359,1.2751340036043155
4360,13.906246098112767
4361,10.659481340110968
4362,12.18158558121765
4363,1.2751340036043155
4364,14.021101786584431
4365,13.014477683890425
4366,5.737494180569188
4367,12.91845893554935
4368,11.501256981874104
4369,11.633518908637333
4370,6.786975720314417
4371,5.006586943123164
4372,29.476095600728925
4373,9.87312295040333
4374,15.691943237580604
4375,13.222270168597184
4376,13.506744833310025
4377,16.525822613811307
4378,19.87524857559609
4379,29.476095600728925
4380,21.208029476816684
4381,16.738700504743814
4382,15.473090834884937
4383,11.852229841334275
4384,13.823403848754282
4385,3.8578211621400054
4386,20.592297839573117
4387,9.161320774474554
4388,15.968865041459813
4389,17.369630116665462
4390,8.798483898907559
4391,15.259739461918434
4392,9.425203624532434
4393,11.337091716986503
4394,12.696636836572422
4395,5.43835619964246
4396,13.46319864788346
4397,11.611654562482018
4398,17.34427882013598
4399,13.46255371342622
4400,15.139139166569114
4401,10.053349248497858
4402,11.42627302211811
4403,15.069789760220589
4404,13.171250714410952
4405,13.168596655698998
4406,11.521491577486566
4407,21.695727030766875
4408,12.899186288372608
4409,13.457729510911692
4410,11.501256981874104
4411,12.341346386402241
4412,13.017903715291133
4413,17.350177043556428
4414,12.038860098435483
4415,20.592297839573117
4416,17.920341699621147
4417,13.33909933878145
4418,13.143795724352083
4419,13.171250714410952
4420,9.29248548257636
4421,15.182742003727821
4422,27.16366339134416
4423,8.96954202999986
4424,20.592297839573117
4425,16.202776972144946
4426,15.259739461918434
4427,18.314489398299816
4428,13.254529701598763
4429,13.43920822521457
4430,10.611672131700645
4431,14.381911969686538
4432,13.501739773240438
4433,7.339562017496536
4434,13.222270168597184
4435,11.337091716986503
4436,24.26408090997278
4437,5.422701652669265
4438,18.314489398299816
4439,12.808469703920624
4440,7.431492974902067
4441,13.133356952163554
4442,19.458205461995334
4443,10.672933444067413
4444,6.208649979447401
4445,13.523155715265325
4446,10.521316053250048
4447,11.852229841334275
4448,14.62709529902501
4449,10.13453148011667
4450,5.492058874785571
4451,4.2868716849088315
4452,12.861746391201423
4453,23.190110977370225
4454,15.194083553024798
4455,13.63539953428784
4456,15.691943237580604
4457,13.711351472920281
4458,13.504899660920133
4459,13.694215775288649
4460,13.497573044567432
4461,15.511535671950845
4462,12.921167405523132
4463,9.990477682436579
4464,4.810716408783177
4465,21.659127647576007
4466,10.438261770126452
4467,13.351751237109085
4468,16.66010243384985
4469,6.28603849624952
4470,27.057008649624354
4471,6.368376843293501
4472,11.249327512399466
4473,11.501256981874104
4474,11.337091716986503
4475,12.512665819613094
4476,10.09327810437039
4477,8.92229654725276
4478,14.167515825858526
4479,12.978848520808997
4480,12.861746391201423
4481,13.457729510911692
4482,10.659481340110968
4483,13.339491799307616
4484,12.512665819613094
4485,13.33909933878145
4486,20.592297839573117
4487,7.339562017496536
4488,14.360919052423773
4489,10.257096139232221
4490,11.769019661925741
4491,14.511978025358363
4492,12.164813340939856
4493,10.13453148011667
4494,13.225797744173278
4495,18.667337384488558
4496,13.181798899814648
4497,12.802966952475654
4498,11.11365337829252
4499,8.798483898907559
4500,8.92229654725276
4501,8.798483898907559
4502,29.535398590776367
4503,14.360919052423773
4504,13.339491799307616
4505,14.410220681944416
4506,13.168596655698998
4507,15.139139166569114
4508,14.410220681944416
4509,15.210380420717813
4510,8.398154667725288
4511,10.361493169850455
4512,13.20702077686127
4513,11.937468761500591
4514,13.549419900380261
4515,15.780278069576585
4516,14.004012244562706
4517,31.25193079941703
4518,13.533689466653943
4519,10.788458533535554
4520,13.126172978428205
4521,14.21943116481708
4522,13.066499868630839
4523,13.81033491852415
4524,17.013233471011777
4525,18.150221353496086
4526,14.079950431877194
4527,14.79453904671097
4528,16.709069733358984
4529,15.633008323967458
4530,13.418506274834762
4531,13.714085782738426
4532,13.773655921175424
4533,14.004012244562706
4534,12.459336548395644
4535,14.542114721267575
4536,13.794307266020247
4537,11.550668667413788
4538,15.770531585052373
4539,12.148636752559373
4540,13.794307266020247
4541,12.272616561189484
4542,13.568450635936246
4543,15.561731471336195
4544,13.66849589622463
4545,11.552104552276882
4546,19.12074032137253
4547,11.500396297165812
4548,11.804893044084505
4549,14.999419993468775
4550,12.48104446218475
4551,15.770531585052373
4552,13.892437575838889
4553,25.757626540709428
4554,13.126172978428205
4555,12.765295813337083
4556,9.741627032736499
4557,16.421163536503283
4558,20.828709018935278
4559,16.601525680814557
4560,14.643283882874554
4561,14.926238800902368
4562,29.994566902046238
4563,1.4237336889923573
4564,13.857477986823396
4565,12.513793700608275
4566,14.926238800902368
4567,10.71512578952637
4568,1.4237336889923573
4569,13.031171827637495
4570,13.75015113969706
4571,25.757626540709428
4572,13.95801316845219
4573,13.70695815962783
4574,17.29472753062418
4575,14.696912813747225
4576,17.013233471011777
4577,20.358342968380278
4578,16.227528121932803
4579,12.097550711263864
4580,11.617559682995198
4581,12.993680029232445
4582,11.608027986040543
4583,12.782153869860519
4584,14.132706810303494
4585,14.139391565959583
4586,12.97637564938558
4587,14.520729737854099
4588,19.780555584731008
4589,13.563488143683736
4590,16.601525680814557
4591,1.4237336889923573
4592,14.541700867897623
4593,13.425863784859562
4594,14.796876067267648
4595,15.84195484121797
4596,13.321138099169806
4597,14.541700867897623
4598,13.523339401738435
4599,37.78374821681441
4600,13.780052909229662
4601,12.097550711263864
4602,8.902550073841786
4603,11.29977683298812
4604,11.645944499949941
4605,13.519568127772338
4606,13.424055147399164
4607,13.535188318024433
4608,12.535408011479719
4609,11.507143719675925
4610,12.584595865368707
4611,13.031171827637495
4612,12.904666307922716
4613,18.217585416766173
4614,13.138109521130136
4615,13.082731936524121
4616,13.563488143683736
4617,13.034315738872778
4618,11.984776155800994
4619,12.738964736467368
4620,14.70232885349651
4621,13.402129860959636
4622,13.523339401738435
4623,16.15559122496305
4624,14.520729737854099
4625,13.773655921175424
4626,10.27852638259434
4627,12.546134384654433
4628,13.903072247139432
4629,14.14957059446018
4630,13.860211296386717
4631,12.514275117545088
4632,15.907975375954111
4633,14.33520236581801
4634,11.550668667413788
4635,13.672451257220684
4636,10.50314878232029
4637,13.41157951547326
4638,24.083884071341583
4639,12.272616561189484
4640,17.29472753062418
4641,13.402129860959636
4642,12.738964736467368
4643,13.935718026708747
4644,13.68935073626024
4645,20.621251084334155
4646,14.999419993468775
4647,14.321392452998817
4648,13.427743911222846
4649,15.84195484121797
4650,13.95613835069129
4651,19.780555584731008
4652,14.796876067267648
4653,13.082636068660944
4654,13.082636068660944
4655,13.866067859304579
4656,11.381837201628402
4657,10.55223364540588
4658,13.403646891013214
4659,14.35397584540569
4660,10.930294843607332
4661,16.073192449627765
4662,5.864464844657156
4663,13.857477986823396
4664,14.139391565959583
4665,9.672711240516675
4666,16.49264074227401
4667,12.97637564938558
4668,10.930294843607332
4669,11.645944499949941
4670,12.034371768546977
4671,12.175039462073098
4672,13.127743205521174
4673,19.059482561492413
4674,15.780278069576585
4675,9.213752305296113
4676,12.877219772143736
4677,14.999419993468775
4678,13.195090458733462
4679,14.21943116481708
4680,12.272616561189484
4681,13.44769342175851
4682,12.904666307922716
4683,22.246025648753577
4684,13.857477986823396
4685,12.32393613013894
4686,14.21943116481708
4687,20.621251084334155
4688,13.535188318024433
4689,15.770358455109333
4690,11.984776155800994
4691,14.352292138011745
4692,11.550668667413788
4693,16.15559122496305
4694,15.84195484121797
4695,15.770531585052373
4696,14.004012244562706
4697,20.333097097699248
4698,12.954069411519159
4699,14.490918801048792
4700,13.251783765106506
4701,14.387429804900906
4702,16.11034938842147
4703,14.20951360346455
4704,14.488777073070263
4705,13.149803652316315
4706,13.424100837594493
4707,13.120999184163653
4708,17.846317451394178
4709,17.122807251682573
4710,13.73447325996403
4711,11.801206406487545
4712,14.63147487896229
4713,13.447719112869352
4714,23.613662918337194
4715,11.984050508010283
4716,12.582518855487342
4717,13.146267054031934
4718,13.629352426878153
4719,14.116611117663679
4720,16.039498838171
4721,13.836079514816772
4722,12.73122953635303
4723,13.01776966438889
4724,14.387429804900906
4725,17.99590474679107
4726,13.130490971764502
4727,14.112336652123444
4728,12.904376386467671
4729,7.415536769992151
4730,14.266733221094078
4731,14.14680268264406
4732,14.442129283564778
4733,12.934333771655796
4734,13.149803652316315
4735,17.95898598869238
4736,19.387484299996746
4737,14.145494369242297
4738,13.81346917969198
4739,6.779128134921455
4740,13.585185376501023
4741,12.45464287172429
4742,11.647580426192023
4743,13.971673093088505
4744,13.482404227504615
4745,14.909023374830207
4746,21.409537198463102
4747,16.737161861629676
4748,13.586396191180018
4749,13.63132946144504
4750,13.941028998077085
4751,12.2010926428881
4752,14.227921303151716
4753,13.063075293844651
4754,17.009941908515078
4755,24.65497777377474
4756,14.611597838032607
4757,13.897672378229341
4758,13.95633744710347
4759,13.146267054031934
4760,13.575515149032594
4761,13.169376007722684
4762,13.888081564014792
4763,4.90610298762384
4764,14.100761739708993
4765,19.126316241000573
4766,13.841896264127424
4767,11.42123168685547
4768,25.099888004201222
4769,9.630035594002944
4770,14.61491434935603
4771,12.954069411519159
4772,19.61091173885365
4773,14.490918801048792
4774,14.054241000799921
4775,15.08700748257455
4776,11.911277164137482
4777,13.167590564117933
4778,14.089061162563215
4779,13.407859220762006
4780,13.876694274336062
4781,13.818758723009415
4782,12.398625311261318
4783,13.811012721688035
4784,13.811012721688035
4785,15.78647711810558
4786,13.447719112869352
4787,19.783237037133347
4788,13.146267054031934
4789,14.061485199442446
4790,13.648365288170025
4791,13.7007644117774
4792,14.100761739708993
4793,12.71814672782138
4794,13.482404227504615
4795,11.801206406487545
4796,13.533458838731312
4797,13.6594942634926
4798,13.461823391003927
4799,12.445764651759966
4800,14.14680268264406
4801,14.899318218123318
4802,13.585185376501023
4803,12.00947337471432
4804,13.95633744710347
4805,20.158976599931705
4806,17.846317451394178
4807,16.364979317832425
4808,11.882823032006632
4809,13.818758723009415
4810,16.911391457868756
4811,14.060502103946703
4812,16.092348450047307
4813,11.911277164137482
4814,17.846317451394178
4815,15.310543799457342
4816,13.63132946144504
4817,13.600133461585596
4818,16.364979317832425
4819,17.24527173245567
4820,13.482404227504615
4821,21.409537198463102
4822,15.119453014414836
4823,14.328523582395201
4824,13.648118521695773
4825,13.78042746716436
4826,17.953909239804023
4827,12.936766620878844
4828,12.238875692218734
4829,9.891218612163113
4830,13.941028998077085
4831,13.819355307376881
4832,4.90610298762384
4833,14.089061162563215
4834,13.063075293844651
4835,10.474840654620516
4836,12.802684661392522
4837,13.323860798359847
4838,13.01776966438889
4839,17.953909239804023
4840,25.099888004201222
4841,13.940643600574477
4842,19.783237037133347
4843,13.836079514816772
4844,13.940643600574477
4845,19.80370986903847
4846,15.86474053613146
4847,12.921797979518347
4848,13.146267054031934
4849,19.783237037133347
4850,17.95898598869238
4851,12.952031427550924
4852,14.060502103946703
4853,17.34512799550687
4854,14.266733221094078
4855,13.648365288170025
4856,23.431920013984044
4857,13.124118337047525
4858,13.309484398077815
4859,12.934333771655796
4860,17.122807251682573
4861,20.333097097699248
4862,13.629352426878153
4863,11.42123168685547
4864,15.168920924169692
4865,19.80370986903847
4866,13.780153880081327
4867,17.95898598869238
4868,13.447719112869352
4869,14.220872686024416
4870,14.220872686024416
4871,13.618306888230045
4872,17.95898598869238
4873,17.846317451394178
4874,16.364979317832425
4875,14.38455929935393
4876,11.809433654440603
4877,13.586396191180018
4878,14.100761739708993
4879,10.050720311454128
4880,13.052305316601089
4881,13.114518107919684
4882,9.10746575595851
4883,14.566006026260093
4884,7.9372046941638335
4885,19.644996620586497
4886,2.2909575389333563
4887,7.557064220241603
4888,9.07897645678266
4889,21.605861654538092
4890,11.129553896425776
4891,8.63518329933902
4892,23.2054583422061
4893,6.293889834438122
4894,12.577949279093394
4895,4.092513558756854
4896,15.475411549266713
4897,0.3740536351606497
4898,13.707423585312306
4899,13.54763439780886
4900,10.095803008017004
4901,11.940433594745421
4902,11.948526434282437
4903,3.0602814775957814
4904,14.035376826817826
4905,10.50495287605236
4906,9.71713466662451
4907,8.526370483487188
4908,10.614708514245509
4909,1.3988900549377308
4910,11.281630175008198
4911,9.10746575595851
4912,11.108302126903117
4913,9.137049840738785
4914,7.557064220241603
4915,14.602407536270903
4916,0.9404297116163894
4917,11.342315793056569
4918,24.170040849360642
4919,10.656176175720326
4920,10.050031101520402
4921,11.340058932996605
4922,8.845321094481616
4923,14.035376826817826
4924,14.697022448031372
4925,17.466899613104406
4926,10.50495287605236
4927,20.06357102504767
4928,4.078544786984762
4929,0.9886791638457144
4930,13.072077000370918
4931,9.367203279341886
4932,7.9372046941638335
4933,1.9400202026300022
4934,15.15991538118103
4935,11.790582320232419
4936,11.217409012940516
4937,9.282181021631764
4938,0.6067802783860893
4939,13.447725446209764
4940,17.60312714245662
4941,3.359300859337659
4942,10.656176175720326
4943,13.148119604876586
4944,11.966774393315271
4945,13.884250404284057
4946,21.86513611812997
4947,16.246036704208038
4948,0.9886791638457144
4949,11.205499903842796
4950,12.63745540134044
4951,4.561331412930824
4952,13.43161129319234
4953,3.0602814775957814
4954,11.549795236075978
4955,10.726128282980007
4956,11.790582320232419
4957,9.178142334928143
4958,0.9404297116163894
4959,18.257743460764058
4960,7.0413752988356855
4961,8.99088306246015
4962,12.434280996023551
4963,0.30707553362717427
4964,19.776847509191818
4965,13.148119604876586
4966,8.228388986923399
4967,10.050031101520402
4968,10.321210782518875
4969,6.375717855857567
4970,18.65874839663476
4971,21.172937547268685
4972,8.096485464363653
4973,13.08160291669561
4974,11.349412712418527
4975,15.992047012113744
4976,21.172937547268685
4977,13.963843599049737
4978,10.049552893383357
4979,12.89559331488667
4980,10.049552893383357
4981,11.275797500248103
4982,11.930167272108996
4983,11.139581967205132
4984,19.644996620586497
4985,10.612045777549097
4986,24.70501874137536
4987,10.814242166144501
4988,4.923403899582993
4989,10.614708514245509
4990,12.426332720401284
4991,14.371153824044544
4992,4.078544786984762
4993,5.808018983616523
4994,17.466899613104406
4995,19.392515588475284
4996,11.46489255609744
4997,13.444019620730366
4998,11.790582320232419
4999,10.392852944276333
5000,12.861741718612048
5001,13.447725446209764
5002,9.497940219978243
5003,11.276419435830482
5004,6.375717855857567
5005,9.282181021631764
5006,7.9372046941638335
5007,7.448158094306194
5008,9.07897645678266
5009,0.3740536351606497
5010,12.03983168066997
5011,13.236085361862738
5012,12.3567939831731
5013,10.612045777549097
5014,9.10746575595851
5015,9.07897645678266
5016,4.103791047912067
5017,3.186717435911463
5018,9.07897645678266
5019,11.43458581187518
5020,10.705077780216213
5021,17.60312714245662
5022,10.286733930470795
5023,10.336874503816587
5024,6.375717855857567
5025,18.400743975196576
5026,12.15412298726685
5027,12.853306693372696
5028,10.524734625306145
5029,11.340058932996605
5030,24.70501874137536
5031,10.87882676437172
5032,8.75020212608511
5033,29.52950250092353
5034,6.329411797798818
5035,13.43161129319234
5036,6.305652370410001
5037,4.078544786984762
5038,13.90219345891031
5039,28.986588862369118
5040,7.283255861210568
5041,13.052305316601089
5042,6.480557192535847
5043,17.092617454930252
5044,15.085928615585065
5045,4.751867265431693
5046,16.461023357858405
5047,7.283255861210568
5048,9.731317601130154
5049,11.46489255609744
5050,4.078544786984762
5051,20.06357102504767
5052,15.558750091315794
5053,7.557064220241603
5054,9.186531059144587
5055,14.453093545478271
5056,10.705077780216213
5057,7.37279142703077
5058,13.017377770956632
5059,11.599828468135222
5060,11.599828468135222
5061,14.602407536270903
5062,11.366825129123267
5063,20.61305557584605
5064,5.34565963254246
5065,11.064192158610016
5066,10.62637065769021
5067,7.283255861210568
5068,12.271475471033709
5069,12.539683256136433
5070,13.236085361862738
5071,30.87975843978426
5072,17.476201800381194
5073,17.803065879546544
5074,22.289256682489444
5075,19.138516542696237
5076,12.469453671283071
5077,16.981655593699024
5078,16.182465171644715
5079,13.407009647111858
5080,12.77388770649559
5081,13.424716672608165
5082,15.85867659206236
5083,12.716845271952135
5084,9.207462201508259
5085,9.523214856527751
5086,14.005151183514933
5087,16.993167388377945
5088,14.065643268648707
5089,36.762628898175905
5090,17.09321168989809
5091,15.985986702954913
5092,11.341700316297894
5093,14.28136250528547
5094,15.166907238573122
5095,17.78365356395535
5096,15.091068446848057
5097,23.880329324646258
5098,9.047822043010644
5099,14.777959108879564
5100,15.830395511519315
5101,9.207462201508259
5102,28.939479034689157
5103,14.325720595379677
5104,16.215578404128234
5105,16.343952689898458
5106,16.281849994650667
5107,10.540064220952953
5108,12.53104589394377
5109,18.13327937354852
5110,14.201914345307332
5111,18.423399453761533
5112,10.311229755977285
5113,5.0616442553971055
5114,10.342351937521784
5115,15.29308963150929
5116,17.118855204639374
5117,15.609202987923949
5118,12.716845271952135
5119,17.507829393863293
5120,12.920541137813936
5121,23.18763872188243
5122,28.553628820899824
5123,29.54956337092887
5124,14.789373308440195
5125,6.65444206939512
5126,15.97765863121526
5127,15.23095103440484
5128,14.017312089171085
5129,22.10431672792843
5130,21.495598071122398
5131,12.214682314413118
5132,19.06678751183457
5133,28.553628820899824
5134,3.270901173961292
5135,23.592163014862358
5136,16.5738972294434
5137,23.592163014862358
5138,15.54039982845836
5139,9.207462201508259
5140,13.407009647111858
5141,14.487841728141973
5142,8.454880764344933
5143,19.487257795433845
5144,15.39408306391592
5145,10.840001300031698
5146,22.29917787963361
5147,15.404255573590815
5148,13.706124508832923
5149,17.09321168989809
5150,6.526076949121041
5151,14.487841728141973
5152,21.934598196774633
5153,26.81816155171364
5154,22.540369192089
5155,12.214305283359314
5156,17.54735751052019
5157,24.193298853122645
5158,15.166907238573122
5159,15.166907238573122
5160,20.440470769939353
5161,19.543295276724507
5162,14.065643268648707
5163,16.581202563730482
5164,18.465589752743625
5165,9.074989601783274
5166,17.476201800381194
5167,18.909514049986996
5168,17.980541412535093
5169,9.074989601783274
5170,14.615447501191227
5171,19.105068196754324
5172,20.10646880463476
5173,16.18001727388349
5174,14.691961620891561
5175,15.13232518172915
5176,12.214682314413118
5177,15.410414739851825
5178,20.715135810770022
5179,13.582641255113808
5180,15.85915265701197
5181,7.318738056027076
5182,30.118016352439604
5183,15.407076644252443
5184,21.304519477148254
5185,21.126900746145203
5186,15.873997052477543
5187,12.462314918451039
5188,13.926596244172211
5189,14.203314670025867
5190,15.091068446848057
5191,17.864720461522396
5192,20.06498142867553
5193,28.939479034689157
5194,26.00307851319081
5195,11.482636078512643
5196,24.023399769747876
5197,20.440470769939353
5198,15.634375705245487
5199,13.407009647111858
5200,29.54956337092887
5201,10.02417321920434
5202,19.01250157356712
5203,9.207462201508259
5204,15.85867659206236
5205,21.304519477148254
5206,16.764656332397127
5207,11.269911560398976
5208,12.214682314413118
5209,10.540064220952953
5210,17.507829393863293
5211,18.050254522134757
5212,14.789373308440195
5213,23.880329324646258
5214,15.543994649990497
5215,29.293953888677862
5216,12.77388770649559
5217,12.77388770649559
5218,15.312550710942693
5219,21.934598196774633
5220,17.880501805155497
5221,13.445954048957853
5222,18.909514049986996
5223,17.221013754212862
5224,21.37666542380951
5225,12.548341686461455
5226,3.270901173961292
5227,18.453924718360263
5228,13.417094181932411
5229,19.91666955675692
5230,17.78365356395535
5231,16.603704767454868
5232,14.005151183514933
5233,12.214682314413118
5234,13.640329705300534
5235,10.342351937521784
5236,12.811766509253335
5237,15.012965416023011
5238,14.899821402543942
5239,14.151036396123006
5240,15.54039982845836
5241,23.138054312487412
5242,17.507829393863293
5243,14.005151183514933
5244,9.074989601783274
5245,25.48406021270885
5246,7.024982082327207
5247,14.6411935451787
5248,15.902002513805055
5249,15.263048747168966
5250,16.30037548825586
5251,15.54039982845836
5252,15.016106071460518
5253,12.793681341688886
5254,11.4484367594369
5255,16.32429808425519
5256,32.22983229409242
5257,15.543994649990497
5258,15.949787859689996
5259,15.39408306391592
5260,12.214682314413118
5261,16.49624537481079
5262,12.8626726336998
5263,11.52280135991332
5264,13.336899600720434
5265,6.583872897379103
5266,15.433409840754102
5267,27.655995914729278
5268,13.312606190091927
5269,13.852338919865014
5270,14.418611627522695
5271,13.716554847486783
5272,10.905016542639208
5273,15.062076180043613
5274,11.87668324858911
5275,13.09748335357015
5276,7.459913401799507
5277,15.054408839353922
5278,6.583872897379103
5279,12.104864105680125
5280,5.954301307554534
5281,12.724102125374912
5282,12.623670753582696
5283,12.43359860587907
5284,6.583872897379103
5285,15.010036235607659
5286,8.549626429076872
5287,13.773154945633824
5288,6.646741415730242
5289,12.671327138715684
5290,12.666872815462684
5291,11.05830035269643
5292,13.281538684947398
5293,13.476156021509928
5294,21.247945619027266
5295,13.462628630539982
5296,14.526817882474907
5297,13.309704960342442
5298,6.079424804352205
5299,12.947693293471755
5300,15.941750772592478
5301,12.68791731291918
5302,12.642013310787
5303,13.926956433008563
5304,12.011233610016694
5305,6.646741415730242
5306,15.941750772592478
5307,13.162931682090802
5308,6.646741415730242
5309,15.399140314586573
5310,12.671327138715684
5311,12.566769750945697
5312,5.7687646009882005
5313,7.459913401799507
5314,13.732734677958254
5315,12.956702808417282
5316,10.058027038608246
5317,13.189131416590246
5318,11.059848332447249
5319,11.475061997548469
5320,13.360367252957646
5321,13.336899600720434
5322,15.924283266427846
5323,12.104864105680125
5324,12.857046788014475
5325,7.27964212797597
5326,13.152730821394629
5327,13.950724280903435
5328,4.016426751842312
5329,13.884589504654304
5330,12.96859628568491
5331,16.026204283282134
5332,15.053627475641294
5333,6.079424804352205
5334,11.537309029954098
5335,11.85416992234237
5336,6.079424804352205
5337,6.079424804352205
5338,13.362456177147573
5339,12.6099437462384
5340,12.522049222560334
5341,23.863166605095802
5342,15.374339513542285
5343,13.281538684947398
5344,15.92273957469205
5345,13.189131416590246
5346,6.583872897379103
5347,7.459913401799507
5348,15.433409840754102
5349,6.376479777906232
5350,13.716554847486783
5351,12.302716753622251
5352,15.50370052828535
5353,15.941750772592478
5354,15.317072183992298
5355,13.336899600720434
5356,13.950724280903435
5357,12.119713019860152
5358,11.526740845380195
5359,12.857046788014475
5360,12.745378125419075
5361,12.824169760564482
5362,13.09748335357015
5363,14.127493048033045
5364,13.462628630539982
5365,12.399437891406183
5366,13.357224129352508
5367,12.090071701695933
5368,13.336899600720434
5369,13.131523147506334
5370,13.15121133793566
5371,13.950724280903435
5372,13.462628630539982
5373,15.955234625160584
5374,12.947693293471755
5375,12.527286510709663
5376,11.922145684370829
5377,5.954301307554534
5378,15.053627475641294
5379,15.310905421362001
5380,15.433409840754102
5381,14.120847998867921
5382,11.526740845380195
5383,6.376479777906232
5384,5.954301307554534
5385,8.478416213014672
5386,13.309704960342442
5387,13.357224129352508
5388,12.857046788014475
5389,12.767982461220356
5390,5.7687646009882005
5391,13.162931682090802
5392,15.296774860501278
5393,15.162841173259958
5394,13.204855125260384
5395,13.211636686155845
5396,13.818675897213634
5397,12.873007662394793
5398,12.090071701695933
5399,12.869684918856626
5400,5.285504964827837
5401,13.423658925469569
5402,6.583872897379103
5403,13.805280961273505
5404,6.583872897379103
5405,14.061886581408002
5406,5.285504964827837
5407,12.399437891406183
5408,15.883007784950932
5409,11.537309029954098
5410,4.016426751842312
5411,12.671327138715684
5412,12.090071701695933
5413,12.724102125374912
5414,13.357224129352508
5415,12.111634268560254
5416,15.111306434999769
5417,12.309043417307413
5418,12.090071701695933
5419,13.634570457585632
5420,13.054914996993379
5421,14.340455988039405
5422,11.059848332447249
5423,18.558666629400665
5424,6.5721500467890195
5425,12.724102125374912
5426,12.104864105680125
5427,11.773284310291812
5428,6.646741415730242
5429,12.620974467687455
5430,15.310905421362001
5431,6.5721500467890195
5432,23.863166605095802
5433,5.954301307554534
5434,17.19149836572608
5435,13.459441926356293
5436,16.952419394045148
5437,19.42378224690678
5438,18.985574385847745
5439,16.230118420247962
5440,15.366591823324109
5441,18.012928129043086
5442,14.211586681824759
5443,15.005393568979121
5444,13.459441926356293
5445,17.937201458438167
5446,10.530505721628117
5447,16.983338368616362
5448,20.57965727771999
5449,16.983338368616362
5450,16.76236323075356
5451,20.402993388075462
5452,13.479095907960797
5453,18.985574385847745
5454,17.937201458438167
5455,15.630655033644477
5456,17.54286413020669
5457,16.328402672508798
5458,9.87311153083995
5459,11.737807612914091
5460,10.493927655353737
5461,19.107478123661625
5462,19.426402459808106
5463,15.439318483452007
5464,13.479095907960797
5465,9.87311153083995
5466,10.966394383138823
5467,15.630655033644477
5468,12.347115338438899
5469,17.871292674555303
5470,14.703933526940176
5471,17.23268797213702
5472,18.858888083676426
5473,23.51839636443184
5474,18.769201914808075
5475,15.132306589599729
5476,19.42378224690678
5477,16.82366132383898
5478,15.470553427574924
5479,17.30658644082713
5480,19.934511148084656
5481,15.886022021996235
5482,12.230790728115242
5483,14.702818522703959
5484,14.757096868993461
5485,21.612140215032777
5486,15.088634432397079
5487,9.87311153083995
5488,14.211586681824759
5489,14.08580674219289
5490,20.179145765463193
5491,15.088634432397079
5492,14.155448905707827
5493,23.63284028777824
5494,19.898309349833347
5495,14.956023902272051
5496,18.806700482737682
5497,16.723625268901806
5498,10.695672293953685
5499,18.501093283223277
5500,10.736315291231385
5501,19.171539698518913
5502,16.558720352824288
5503,10.279828917015962
5504,24.356710793761117
5505,13.824894745644412
5506,15.34607836832353
5507,20.026903524376905
5508,17.79915324861852
5509,17.79915324861852
5510,16.230118420247962
5511,9.87311153083995
5512,10.695672293953685
5513,14.79599245413844
5514,15.251440690088447
5515,32.16874810084104
5516,22.171828521820544
5517,15.023222334574166
5518,18.985574385847745
5519,16.558720352824288
5520,10.695672293953685
5521,16.230118420247962
5522,19.1463573350529
5523,19.107478123661625
5524,15.26720125041367
5525,17.23268797213702
5526,13.459441926356293
5527,18.519824018730592
5528,20.52140764625162
5529,19.42378224690678
5530,21.173832791730124
5531,15.299840929816282
5532,16.179233586746637
5533,16.952419394045148
5534,14.956023902272051
5535,12.347115338438899
5536,14.155448905707827
5537,36.68798007982859
5538,20.402993388075462
5539,18.019114334809814
5540,19.487629127497268
5541,15.366591823324109
5542,17.120180317429508
5543,15.716094615163486
5544,16.82366132383898
5545,10.279828917015962
5546,17.75230831307129
5547,17.19149836572608
5548,16.82557454214261
5549,16.56499179386281
5550,13.459441926356293
5551,20.637307919875187
5552,32.16874810084104
5553,11.97342140724658
5554,16.83431634550589
5555,18.985574385847745
5556,20.67982510727705
5557,12.480941493306283
5558,24.144722243479446
5559,13.94534769354249
5560,21.72772705195205
5561,30.97772036102707
5562,17.120180317429508
5563,17.86897556229291
5564,15.472405350929108
5565,17.593838214263833
5566,28.023784181863356
5567,14.769923739746325
5568,21.720460445778343
5569,19.487629127497268
5570,20.57965727771999
5571,20.402229179101667
5572,16.723625268901806
5573,14.30929840447577
5574,19.840922393366238
5575,20.298235549777637
5576,17.573081001753415
5577,12.347115338438899
5578,16.210933423801688
5579,16.952419394045148
5580,16.952419394045148
5581,13.459441926356293
5582,14.328383443903322
5583,13.94534769354249
5584,16.723625268901806
5585,19.840922393366238
5586,7.097044076380944
5587,16.82557454214261
5588,16.56499179386281
5589,17.75230831307129
5590,15.424776350499808
5591,15.0948871563206
5592,26.629395265618484
5593,16.952419394045148
5594,16.63862249438707
5595,17.54286413020669
5596,19.259413045410145
5597,14.851325486368287
5598,17.0858451214095
5599,17.332378277284604
5600,19.1463573350529
5601,17.859387785573457
5602,16.76236323075356
5603,15.26720125041367
5604,17.23268797213702
5605,19.171539698518913
5606,14.769923739746325
5607,17.937201458438167
5608,18.519824018730592
5609,36.68798007982859
5610,21.72772705195205
5611,13.440624904539428
5612,18.985574385847745
5613,17.593838214263833
5614,15.366591823324109
5615,10.15098189826456
5616,21.612140215032777
5617,17.64970103334609
5618,17.871292674555303
5619,23.73337225918084
5620,25.05263201955066
5621,16.952419394045148
5622,23.694842731448823
5623,14.08580674219289
5624,16.952419394045148
5625,13.212271311361864
5626,20.94967077922304
5627,17.676101460855577
5628,24.04640742153101
5629,16.21359533476455
5630,15.88636874420062
5631,15.050762456439173
5632,13.924398000303096
5633,13.990310273252508
5634,20.536999287497725
5635,27.828053456385103
5636,27.33354665541735
5637,18.451781196489534
5638,19.27250226356723
5639,13.359803007015117
5640,16.213517741557503
5641,17.29630148053586
5642,16.649044511195005
5643,19.27250226356723
5644,29.480691235416312
5645,13.173480518314337
5646,12.476442364968024
5647,17.041634404242284
5648,18.707222194783302
5649,15.344477046273065
5650,29.480691235416312
5651,19.959656668156132
5652,14.914514715255178
5653,15.350785446708493
5654,14.767905728692103
5655,15.59183432147824
5656,24.032121265393236
5657,6.857658156118957
5658,12.112532651811902
5659,8.07193591787769
5660,14.881768883007634
5661,22.86482314438524
5662,13.924398000303096
5663,21.94271209192206
5664,22.92177480698066
5665,17.351043850092367
5666,14.39357160783616
5667,21.952753782533478
5668,18.451781196489534
5669,11.888679384616095
5670,17.16126071675094
5671,14.108124958474821
5672,17.88891194295823
5673,14.757316137747573
5674,19.959656668156132
5675,16.36306350859613
5676,15.986364709168374
5677,16.21359533476455
5678,13.585818190654917
5679,18.866093522913907
5680,17.340741149121417
5681,16.06119835570159
5682,15.59183432147824
5683,15.270035475876972
5684,13.54542792064149
5685,18.736697690941376
5686,15.619279838963466
5687,14.207529287612958
5688,24.018278981865816
5689,18.2738999657171
5690,29.381436735588693
5691,14.204564274459313
5692,14.917038049459052
5693,19.121417639213067
5694,19.8541162357863
5695,16.06119835570159
5696,12.945645335506535
5697,20.536999287497725
5698,20.753593810976234
5699,20.337200002599538
5700,15.458506790029821
5701,17.29130221486111
5702,13.229437162731607
5703,17.12125394854144
5704,15.646261399881269
5705,19.389534976603457
5706,15.210995844225652
5707,17.16126071675094
5708,16.367284889740333
5709,12.112532651811902
5710,17.805857231906256
5711,17.09558798765083
5712,9.885172478193502
5713,16.649044511195005
5714,14.00276251179681
5715,4.3483291862609885
5716,17.83927389287334
5717,15.458506790029821
5718,15.172253795566911
5719,19.316788886458426
5720,20.753593810976234
5721,18.736697690941376
5722,17.456442721785322
5723,23.112597414265124
5724,7.418551593521368
5725,12.378098262934545
5726,16.407658048168916
5727,24.032121265393236
5728,8.104112258595409
5729,22.939620467947556
5730,16.21359533476455
5731,16.488248412499978
5732,14.472617325872076
5733,4.3483291862609885
5734,23.607471033592304
5735,14.664934143530491
5736,14.664934143530491
5737,20.56140535539983
5738,17.264369216366624
5739,6.35407206660524
5740,15.458506790029821
5741,23.63505936966504
5742,18.04465026214797
5743,8.07193591787769
5744,21.952753782533478
5745,15.196014101712787
5746,14.39357160783616
5747,19.121417639213067
5748,18.453926504252706
5749,23.49968647660112
5750,17.518658079105556
5751,16.649044511195005
5752,15.270035475876972
5753,15.543977621646423
5754,11.383538656451215
5755,21.754835347159695
5756,18.383526615452855
5757,15.458506790029821
5758,19.316788886458426
5759,15.478827172081624
5760,24.520727255179633
5761,14.612015081709632
5762,22.939620467947556
5763,11.459701393203469
5764,15.050762456439173
5765,17.589854752168844
5766,18.707222194783302
5767,17.351043850092367
5768,18.502629767020018
5769,12.945645335506535
5770,15.292333801407615
5771,16.249951510433718
5772,17.960134673996823
5773,20.56140535539983
5774,15.029350540159358
5775,14.630120805249915
5776,17.16126071675094
5777,16.367284889740333
5778,14.702662969800924
5779,17.676101460855577
5780,15.458506790029821
5781,19.27250226356723
5782,24.952198933784416
5783,13.27485522643698
5784,14.158062662807357
5785,16.002076716253615
5786,26.3289264277637
5787,17.29630148053586
5788,18.04465026214797
5789,15.291205743513437
5790,11.656741891717788
5791,26.3289264277637
5792,17.39062229669363
5793,22.939620467947556
5794,13.84125441265606
5795,20.753593810976234
5796,14.736201789666627
5797,14.136472628301902
5798,21.011793434044947
5799,22.912787289414226
5800,16.405427040752027
5801,14.914514715255178
5802,16.407658048168916
5803,14.204564274459313
5804,24.018278981865816
5805,14.696937035491752
5806,18.284025118249566
5807,10.934884338933696
5808,16.441105286042898
5809,13.34355862368067
5810,16.225134548357207
5811,13.587531892200968
5812,14.01703193836896
5813,17.957250017059025
5814,15.145492599707273
5815,14.394451980400223
5816,16.776343871943272
5817,18.337637042750742
5818,13.190624626948177
5819,13.856886570841574
5820,15.87436390043443
5821,2.683076580076107
5822,15.293468494053792
5823,5.749357075306683
5824,12.702524342915872
5825,16.771974903497277
5826,17.981754155410556
5827,16.280883152366062
5828,11.592823603985204
5829,16.15793952245949
5830,7.985937845357933
5831,14.839946691848194
5832,14.871856562512443
5833,14.689552208428582
5834,13.046819631932463
5835,15.655331955430535
5836,13.141516061208725
5837,13.85877136369916
5838,14.890128204800181
5839,12.512984323234708
5840,8.627176951263367
5841,17.856395809206198
5842,13.618254538326733
5843,14.618768336000713
5844,21.408688661253986
5845,15.293468494053792
5846,13.715938360819488
5847,13.190624626948177
5848,19.113636916070007
5849,14.446885951253432
5850,11.345383550968227
5851,18.944308045017735
5852,15.326341942602102
5853,16.09462708293361
5854,16.423079284222283
5855,14.515934497003991
5856,16.767145574560743
5857,15.399799787442499
5858,0.19305829422635737
5859,14.332268229938983
5860,16.771974903497277
5861,15.691387514556487
5862,15.177030898914149
5863,12.477716677510402
5864,16.423079284222283
5865,13.610428639539036
5866,7.985937845357933
5867,14.176556725396567
5868,13.636499647802143
5869,16.59620673769939
5870,13.41390454037769
5871,14.121212714905129
5872,16.56853558296395
5873,16.035989361455616
5874,13.636499647802143
5875,14.361239030481393
5876,11.592823603985204
5877,17.79769530700965
5878,14.890128204800181
5879,16.754187367319158
5880,15.981074344024785
5881,19.113636916070007
5882,13.253940023352776
5883,21.7677987320462
5884,15.448862349738608
5885,13.069384937440843
5886,12.823448423520793
5887,15.068854642488871
5888,15.655331955430535
5889,1.090904285618732
5890,15.963113425386366
5891,8.7891914862213
5892,13.799247035567806
5893,19.374455501144304
5894,15.211159935651292
5895,14.176556725396567
5896,8.627176951263367
5897,14.121212714905129
5898,16.72909643108488
5899,13.41390454037769
5900,14.37226838706722
5901,17.223794599479938
5902,13.85877136369916
5903,14.618768336000713
5904,4.003326292118518
5905,23.18268583071446
5906,8.627176951263367
5907,11.012622581726944
5908,13.846420419766313
5909,11.592823603985204
5910,15.293468494053792
5911,15.30626383187767
5912,13.069384937440843
5913,16.12621661374691
5914,16.320608758854167
5915,15.326341942602102
5916,16.74438424830773
5917,2.016736362064173
5918,16.280883152366062
5919,14.470109822857205
5920,16.310162935183488
5921,15.465710369800147
5922,12.823448423520793
5923,18.337637042750742
5924,13.141516061208725
5925,16.531841300736573
5926,16.849553129625704
5927,8.627176951263367
5928,15.74527507651539
5929,15.486616743299946
5930,15.561266608596407
5931,13.803327064516237
5932,15.293468494053792
5933,15.75910976998953
5934,14.839946691848194
5935,14.208863995708167
5936,15.484219057578947
5937,16.531841300736573
5938,15.74527507651539
5939,13.182279615322749
5940,12.477716677510402
5941,12.871733964278038
5942,13.253940023352776
5943,21.625803868413133
5944,12.512984323234708
5945,15.556947918436881
5946,17.957250017059025
5947,15.063412269490106
5948,15.399799787442499
5949,13.618254538326733
5950,14.437403978265593
5951,21.408688661253986
5952,10.248881273828195
5953,8.627176951263367
5954,15.751555843641093
5955,15.465710369800147
5956,15.689339588516411
5957,15.592047163103231
5958,15.931772958739808
5959,15.592047163103231
5960,13.41390454037769
5961,17.54757081464907
5962,10.65930793479606
5963,0.7432174232454865
5964,15.655331955430535
5965,22.85007327709562
5966,14.98145492467757
5967,19.537597738727694
5968,19.718787680111344
5969,12.477716677510402
5970,17.009785309595348
5971,0.19305829422635737
5972,14.72785458737609
5973,13.190624626948177
5974,18.337637042750742
5975,19.63797559070402
5976,2.683076580076107
5977,13.618254538326733
5978,15.7144881769319
5979,10.248881273828195
5980,14.139125525770966
5981,15.211159935651292
5982,14.446885951253432
5983,14.921026346575191
5984,13.587531892200968
5985,19.559640205880626
5986,17.856395809206198
5987,14.98145492467757
5988,15.231823082360576
5989,13.08970433031414
5990,16.93515662381074
5991,15.044455531047243
5992,13.187197637967271
5993,14.689957043443206
5994,14.879075770768823
5995,14.83668858509384
5996,13.831468874832392
5997,9.429266849749201
5998,14.155871007589337
5999,14.825734081967813
6000,18.329232523001327
6001,14.825734081967813
6002,14.028424284877138
6003,14.057251942821267
6004,12.063002765122006
6005,16.65465897350803
6006,14.117698410216544
6007,13.156561069363617
6008,20.181623353317935
6009,6.9896918311829515
6010,15.387882668162419
6011,13.569586845650566
6012,23.718482761521138
6013,13.73598637606679
6014,14.37233975183647
6015,14.653295963849065
6016,18.211457871104592
6017,13.908515022891482
6018,14.067665654591268
6019,22.548106815534858
6020,13.324730297976414
6021,15.926016466963432
6022,14.028065934540164
6023,12.560937563468002
6024,12.020832062619268
6025,13.210200230436762
6026,15.387882668162419
6027,13.700765149984802
6028,18.080832945723316
6029,14.232831164410479
6030,14.095407543542391
6031,14.82322698665285
6032,12.984411467932684
6033,12.731969736065361
6034,12.633168805076993
6035,23.12651039017261
6036,14.039767971044538
6037,13.324730297976414
6038,12.908889128169907
6039,18.211457871104592
6040,10.937189531100236
6041,13.271115052229225
6042,12.984411467932684
6043,14.286160052505945
6044,14.286160052505945
6045,11.608478426773605
6046,13.813502049523228
6047,12.397471127146371
6048,18.211457871104592
6049,17.716047570805923
6050,7.197230838554889
6051,16.384520633527607
6052,12.539883339784314
6053,12.37036104227226
6054,13.503425526530815
6055,20.843747009240545
6056,16.795467639590967
6057,13.51244114730714
6058,28.318290787434318
6059,14.385761617534875
6060,14.224131822050714
6061,21.447535293387002
6062,10.763298877037492
6063,14.369741488232997
6064,14.046623951549314
6065,28.318290787434318
6066,13.904073555954552
6067,14.366450520078082
6068,14.044324261709647
6069,17.383403562780284
6070,12.37036104227226
6071,14.0417574491032
6072,13.063720786779378
6073,15.179076614071116
6074,16.346702001881503
6075,14.155871007589337
6076,14.019272731053686
6077,13.921968717863917
6078,31.93150420876189
6079,19.677442872437133
6080,28.318290787434318
6081,14.044324261709647
6082,17.75346412595073
6083,30.666796641617584
6084,12.256324816525018
6085,15.573124654173771
6086,13.808265773330161
6087,13.271115052229225
6088,11.608478426773605
6089,29.046102273761548
6090,13.88838835981103
6091,10.763298877037492
6092,14.292321662644056
6093,14.276956521172288
6094,14.824013793934956
6095,10.416697500728935
6096,15.665515462855673
6097,13.679762490691573
6098,18.353854462276548
6099,14.028424284877138
6100,17.55539368367508
6101,14.825734081967813
6102,14.028065934540164
6103,12.256324816525018
6104,14.366341096786721
6105,14.044324261709647
6106,12.731969736065361
6107,15.926016466963432
6108,15.756680319117585
6109,15.044455531047243
6110,12.148111163140717
6111,14.37233975183647
6112,12.539883339784314
6113,14.095407543542391
6114,14.039767971044538
6115,13.397258540247217
6116,15.896565779881014
6117,15.926016466963432
6118,23.12651039017261
6119,13.621045494130575
6120,13.210200230436762
6121,14.015484749710449
6122,15.044455531047243
6123,15.507518430709343
6124,13.813502049523228
6125,13.638700309904458
6126,15.128861164529702
6127,13.621045494130575
6128,13.894101938813368
6129,13.735678208398152
6130,12.402195256843859
6131,11.561844337469392
6132,19.653903782870714
6133,14.37233975183647
6134,14.839188375172656
6135,13.09230472334084
6136,12.382873502058205
6137,12.538727739865383
6138,13.979763679269936
6139,27.23613422258506
6140,23.718482761521138
6141,12.402195256843859
6142,13.968673511026655
6143,14.689957043443206
6144,14.3693620226122
6145,11.561473015865456
6146,8.018545517851946
6147,14.117698410216544
6148,17.300782497554703
6149,14.039767971044538
6150,13.863177709227854
6151,14.7314057047772
6152,8.018545517851946
6153,14.592945065536211
6154,12.061201330425376
6155,12.80837327774208
6156,13.644629783783147
6157,14.879075770768823
6158,15.896565779881014
6159,14.058689313763647
6160,14.224131822050714
6161,13.893211120363636
6162,14.537193523191748
6163,13.084183322776118
6164,13.644629783783147
6165,15.76577302234921
6166,12.440152388675482
6167,13.271115052229225
6168,13.589403478775989
6169,14.134895835324548
6170,14.044324261709647
6171,13.62823606252331
6172,13.271115052229225
6173,13.527839823881397
6174,11.997048416146445
6175,13.702046983842417
6176,14.270547661123889
6177,28.318290787434318
6178,10.156994646821516
6179,13.176913752781699
6180,15.967549369024342
6181,6.211132899968238
6182,13.967568580856263
6183,4.1452739332496185
6184,7.719134112347579
6185,2.1544460628693334
6186,13.11700721975734
6187,15.616602021055163
6188,21.2088028591231
6189,11.758322963714088
6190,14.041519682969662
6191,13.45567623027267
6192,9.84309236942751
6193,13.995874561534574
6194,12.84809645513137
6195,16.849389246188682
6196,6.377878666277285
6197,19.238392397340267
6198,13.08090912506672
6199,20.700117093135102
6200,15.342111530227024
6201,21.398246617306253
6202,17.70663730547102
6203,16.39214140014994
6204,14.013567754135016
6205,10.760529965473367
6206,15.240939472556102
6207,21.183077458076593
6208,12.150748458437791
6209,5.595493044201948
6210,2.1544460628693334
6211,11.920709389241823
6212,4.342765826596837
6213,13.661885630620757
6214,12.786725515121605
6215,12.967205266694762
6216,13.065615247920817
6217,12.967205266694762
6218,11.494386482258102
6219,13.330869297073972
6220,17.438498187776567
6221,16.39214140014994
6222,13.86513051314508
6223,17.70663730547102
6224,15.165318727671666
6225,14.107868091660505
6226,12.738142897259026
6227,9.227311616316001
6228,11.936591316976205
6229,16.39214140014994
6230,13.08090912506672
6231,12.408748103428344
6232,7.513983144302777
6233,13.330869297073972
6234,12.884464894417322
6235,11.24841935686944
6236,13.176913752781699
6237,25.901744224091463
6238,9.72276817417447
6239,8.255029564359573
6240,13.86171254689436
6241,14.220896237952342
6242,15.037063309817189
6243,12.610104924212516
6244,17.0190859810705
6245,16.490324613725658
6246,20.014775845563783
6247,12.700790639404502
6248,13.716070266202642
6249,15.060920012646935
6250,12.84809645513137
6251,4.342765826596837
6252,16.132672607661945
6253,19.43541685910295
6254,11.535441834702516
6255,12.700790639404502
6256,13.916611587577378
6257,21.2088028591231
6258,12.84809645513137
6259,2.1544460628693334
6260,13.967888055722902
6261,14.84101637688965
6262,14.3409441961155
6263,12.150748458437791
6264,14.05620815386308
6265,12.64774687978956
6266,14.884024719795946
6267,26.045546556474466
6268,13.08090912506672
6269,12.466711798356013
6270,13.66263591158376
6271,16.155086698794232
6272,12.621413091305056
6273,14.595278309976905
6274,14.290320849620002
6275,17.70663730547102
6276,11.499696112311964
6277,6.026881072125425
6278,9.735046581887595
6279,21.398246617306253
6280,14.884024719795946
6281,20.858194377652115
6282,5.63948985086795
6283,6.720421020297745
6284,11.14476034779264
6285,12.420362525900067
6286,13.741947305817606
6287,15.632647999345512
6288,6.377878666277285
6289,13.716070266202642
6290,14.298592921418685
6291,11.527636940904499
6292,14.712723334118488
6293,13.506240419098177
6294,17.0190859810705
6295,13.176913752781699
6296,24.153005155601964
6297,6.377878666277285
6298,12.519424779692367
6299,20.700117093135102
6300,11.24841935686944
6301,12.315643102230249
6302,13.631199343720816
6303,14.884024719795946
6304,12.31473046247229
6305,12.300013100022472
6306,9.339676175959704
6307,10.631303664766254
6308,13.173373966295477
6309,13.302789949831702
6310,19.868718593251593
6311,8.255029564359573
6312,11.67528519306961
6313,14.640596557700544
6314,12.300013100022472
6315,19.287372849914526
6316,14.05620815386308
6317,15.717807150933501
6318,12.84809645513137
6319,12.840737859904621
6320,9.562363634019745
6321,13.844269633700817
6322,11.14476034779264
6323,5.595493044201948
6324,13.759276557450443
6325,12.387977941395029
6326,15.165318727671666
6327,14.67764784299792
6328,6.720421020297745
6329,12.84809645513137
6330,12.519424779692367
6331,11.305018255341498
6332,12.546042501817004
6333,12.231256878602826
6334,12.91387121730843
6335,20.858194377652115
6336,13.330869297073972
6337,13.21025967118839
6338,14.274039547728432
6339,15.96424185361174
6340,12.432563697606001
6341,13.16602275800864
6342,12.515583359844829
6343,14.21579841828111
6344,4.342765826596837
6345,13.642362193614805
6346,13.69706234656461
6347,13.506240419098177
6348,6.211132899968238
6349,15.060920012646935
6350,13.607685837914921
6351,12.700790639404502
6352,15.240939472556102
6353,13.472842269167288
6354,13.931905514185486
6355,10.156994646821516
6356,12.231256878602826
6357,12.466711798356013
6358,15.967549369024342
6359,12.048346815323052
6360,25.901744224091463
6361,14.884024719795946
6362,12.244025896943244
6363,19.543802842032704
6364,16.21349390051272
6365,6.211132899968238
6366,13.13338169842241
6367,7.822180354159659
6368,14.188835254206085
6369,14.884024719795946
6370,13.861595954554844
6371,13.784256864604497
6372,6.720421020297745
6373,16.68273276583601
6374,20.20583718881877
6375,13.423667014314912
6376,14.01772681918651
6377,9.86299783949076
6378,13.282376493154082
6379,14.86657574592268
6380,4.371201144647279
6381,17.79444257881436
6382,16.21261799975349
6383,14.63368572020906
6384,15.870676677587225
6385,14.354826034749061
6386,13.33948187370737
6387,14.027533644226754
6388,14.080190542991826
6389,15.677868950666529
6390,14.554690870836069
6391,17.79444257881436
6392,20.18531881355093
6393,14.263770238286668
6394,5.346272168664079
6395,9.314639418340592
6396,12.682790602531787
6397,16.21261799975349
6398,16.21261799975349
6399,15.872251276473058
6400,13.32303135113683
6401,12.863347732824124
6402,12.551180546256244
6403,14.354826034749061
6404,20.682681856881057
6405,13.06442290501606
6406,19.919888343839194
6407,12.77352443599003
6408,15.52640906407439
6409,14.080190542991826
6410,12.296644239997368
6411,12.02426408738792
6412,10.452791600390176
6413,4.250119510226396
6414,13.32303135113683
6415,19.919888343839194
6416,7.697246557865575
6417,13.330529912569665
6418,16.30907270113637
6419,13.51470159276244
6420,18.63111303182532
6421,13.219491179079327
6422,13.282376493154082
6423,14.036082347033865
6424,13.56272530561387
6425,15.363343397599749
6426,13.913124463124444
6427,5.346272168664079
6428,12.872132290405876
6429,14.990820925633901
6430,10.463760343024568
6431,13.484896054678886
6432,15.363343397599749
6433,12.931153593747773
6434,13.330529912569665
6435,16.542632043080406
6436,13.339276891863348
6437,11.552757042018076
6438,14.657074608838903
6439,14.354826034749061
6440,13.310917390895536
6441,14.86657574592268
6442,4.371201144647279
6443,13.534973398378007
6444,14.63368572020906
6445,11.677067390987906
6446,12.296644239997368
6447,13.918946908249664
6448,13.918946908249664
6449,12.192422632764725
6450,13.024137508576631
6451,12.838362711490921
6452,13.33948187370737
6453,13.024137508576631
6454,12.872132290405876
6455,10.439342447640508
6456,13.43491614739154
6457,16.542632043080406
6458,15.363343397599749
6459,2.8709645097986263
6460,12.62352941002943
6461,13.842863362572043
6462,16.26527301118022
6463,6.290666272229519
6464,19.75234568500087
6465,16.21261799975349
6466,16.21261799975349
6467,20.44590020907945
6468,13.400651584627942
6469,15.22960170641241
6470,13.775191599601712
6471,4.250119510226396
6472,12.963596332867146
6473,4.111672247202837
6474,14.454084822986806
6475,14.879322784674034
6476,17.79007570197858
6477,16.21261799975349
6478,12.660688540941962
6479,12.882323955227564
6480,19.804480445969922
6481,14.256957683463597
6482,13.012789075642639
6483,4.371201144647279
6484,13.046782528962634
6485,13.43491614739154
6486,16.868975382510563
6487,13.828318379333263
6488,12.192422632764725
6489,24.27484790245476
6490,16.542632043080406
6491,13.624275450317633
6492,26.685269629577896
6493,10.95270235304094
6494,14.379467130915758
6495,20.18531881355093
6496,10.95270235304094
6497,16.512356913027393
6498,13.931073360693945
6499,4.371201144647279
6500,17.128124229953105
6501,17.353555132952888
6502,4.250119510226396
6503,13.341377208699493
6504,16.323598638958313
6505,13.310917390895536
6506,13.534973398378007
6507,13.433297293198668
6508,13.98214862180299
6509,4.327849835513527
6510,15.01073385071917
6511,14.263770238286668
6512,4.250119510226396
6513,13.70191246442675
6514,13.325111787988046
6515,14.620938141504618
6516,15.192273778932236
6517,14.011755641299475
6518,13.484896054678886
6519,14.256957683463597
6520,7.697246557865575
6521,11.862476208078476
6522,18.656572612286766
6523,12.863347732824124
6524,13.218020036550636
6525,13.905501296275428
6526,10.9495108826259
6527,14.771736256622091
6528,13.461960456838309
6529,19.06063612333741
6530,15.085957910439534
6531,13.931073360693945
6532,13.913507612642464
6533,15.872251276473058
6534,13.434655372040812
6535,11.703260726474161
6536,15.681675699073082
6537,20.20583718881877
6538,13.006570454284047
6539,12.20310853389887
6540,13.461960456838309
6541,12.682790602531787
6542,15.460807360843894
6543,14.002684007279932
6544,12.285980000787696
6545,11.89422261016345
6546,14.281728680850225
6547,15.435750350932121
6548,25.980591095012645
6549,16.227822669305105
6550,20.227425729834906
6551,20.716070378922595
6552,15.954001765080415
6553,13.513696342636283
6554,15.96164062355159
6555,16.000058580000164
6556,15.634067359531103
6557,16.094131949872555
6558,4.028390733327382
6559,16.354308304116635
6560,18.505871731380726
6561,15.435750350932121
6562,15.96164062355159
6563,16.2761996025745
6564,24.788370334878213
6565,14.989650701630005
6566,15.366475197108187
6567,30.50362367117213
6568,17.3104122669488
6569,16.706435047915033
6570,31.771104870314915
6571,16.218560700783737
6572,13.693944278941396
6573,14.989650701630005
6574,18.127211224299227
6575,15.761070027919185
6576,16.094131949872555
6577,24.89648353570019
6578,17.66551057433475
6579,16.910589468446478
6580,15.146804561770184
6581,15.761070027919185
6582,15.572003483855115
6583,16.835996412726434
6584,15.709441066952095
6585,18.356818286623835
6586,22.82028580404148
6587,16.227822669305105
6588,17.47308998253118
6589,0.545201506828132
6590,15.91839883059292
6591,25.980591095012645
6592,12.605949810987692
6593,16.277392619696197
6594,15.954001765080415
6595,15.53280453084145
6596,14.476334991616675
6597,10.952198084981944
6598,11.77469259368376
6599,15.624239788988431
6600,16.26397867225366
6601,16.972517491998115
6602,16.972517491998115
6603,13.462936291668191
6604,17.605475392334743
6605,10.281039354620408
6606,15.52108945649515
6607,16.372231405103328
6608,24.788370334878213
6609,14.858381706235447
6610,13.693944278941396
6611,18.127211224299227
6612,15.591656248840497
6613,15.624239788988431
6614,14.858381706235447
6615,10.952198084981944
6616,31.060681093985057
6617,11.77469259368376
6618,14.317123589206288
6619,14.252202994169084
6620,15.085011713670868
6621,20.859946915457996
6622,22.87669111391511
6623,15.624239788988431
6624,21.931683247054533
6625,9.240483560960383
6626,16.018388251184586
6627,7.910888003037456
6628,19.1633729744316
6629,17.367044145531498
6630,20.80558966117919
6631,16.121629243108107
6632,15.127532144920979
6633,16.432228326168964
6634,16.431699678621367
6635,24.400628887297703
6636,27.490586109541958
6637,12.469933896267483
6638,15.1133928250341
6639,9.240483560960383
6640,13.462936291668191
6641,20.859946915457996
6642,16.74092715756832
6643,11.77469259368376
6644,34.80798291072544
6645,16.26397867225366
6646,20.859946915457996
6647,25.980591095012645
6648,16.277392619696197
6649,17.367044145531498
6650,18.08009937938776
6651,18.15262865787785
6652,15.12411761311622
6653,15.96164062355159
6654,16.2761996025745
6655,17.16033025087692
6656,15.455032077998018
6657,15.12411761311622
6658,19.081534790897024
6659,15.085011713670868
6660,18.233662315952678
6661,16.27688033355762
6662,7.1526134236359695
6663,15.53280453084145
6664,15.331518870228804
6665,16.121629243108107
6666,12.80861725557371
6667,8.946630602477613
6668,19.845618770773402
6669,14.94777763264443
6670,15.634067359531103
6671,16.033141301676043
6672,9.371307734798691
6673,15.690157160479403
6674,14.244654244874955
6675,16.27688033355762
6676,13.693944278941396
6677,16.977827261785528
6678,15.96164062355159
6679,14.476334991616675
6680,13.031251051713411
6681,20.80558966117919
6682,14.422293245409188
6683,8.491925057241138
6684,13.302804347900546
6685,18.233662315952678
6686,13.693944278941396
6687,30.50362367117213
6688,17.082243889886765
6689,12.597387515454852
6690,24.60668562735674
6691,16.206751393941698
6692,21.495914160601913
6693,17.34840878672218
6694,21.3151669358243
6695,23.611438845337222
6696,22.87669111391511
6697,17.66551057433475
6698,16.27688033355762
6699,15.464982215317299
6700,15.218173372352343
6701,16.432228326168964
6702,16.277392619696197
6703,11.915656071498827
6704,14.201478735771852
6705,9.371307734798691
6706,8.737043055181813
6707,16.227822669305105
6708,31.62240224273865
6709,15.53750369714851
6710,16.706435047915033
6711,19.425105966175632
6712,12.605949810987692
6713,16.706435047915033
6714,7.797649892011989
6715,15.146804561770184
6716,17.970458904261136
6717,13.462936291668191
6718,19.12616713495112
6719,13.031251051713411
6720,15.88199879061125
6721,12.469933896267483
6722,15.651572001908153
6723,13.513696342636283
6724,15.221163631335681
6725,15.666987562303236
6726,13.00540382542442
6727,13.693944278941396
6728,14.422293245409188
6729,16.972517491998115
6730,12.743494066238497
6731,26.944490954848273
6732,19.1633729744316
6733,12.743494066238497
6734,16.27688033355762
6735,17.99813852302353
6736,11.659031931568915
6737,9.01835596786168
6738,11.326043731018318
6739,15.867680134279325
6740,12.314545026648583
6741,9.731930362084261
6742,14.03244287069895
6743,4.7097447997981
6744,14.719697243813702
6745,16.573820296753038
6746,15.786230313190783
6747,16.667114426180692
6748,24.91597128622595
6749,12.745783174187896
6750,28.111157587674516
6751,6.163318171897936
6752,14.04053847989962
6753,10.398518776125883
6754,10.689857772246421
6755,18.799886618007275
6756,14.41498342795135
6757,10.18712429813018
6758,12.398500552828528
6759,21.612386478774187
6760,15.497171480011554
6761,8.411696742663404
6762,12.277361711619498
6763,27.85441564460095
6764,15.025636126549262
6765,8.10143849933125
6766,13.366311028506905
6767,7.44291006624702
6768,7.795804036715654
6769,0.5955027651457447
6770,15.643336798062906
6771,12.72774442679698
6772,19.266978639607228
6773,7.4287652189778495
6774,12.75709526484309
6775,18.397294896592825
6776,18.164522728114697
6777,14.720123092887713
6778,14.7984937141033
6779,1.0459412495622833
6780,19.266978639607228
6781,8.656694729563435
6782,10.970830989622778
6783,18.250381079291703
6784,20.04788376894309
6785,12.84342825038765
6786,15.643336798062906
6787,18.69284735164961
6788,32.712654756968384
6789,14.576226434765422
6790,13.814250554438447
6791,12.727803723815981
6792,10.149289901032052
6793,14.576226434765422
6794,26.521669798573537
6795,18.034075489848533
6796,19.695302952744427
6797,18.044053120558388
6798,5.753179795804389
6799,17.02113875234358
6800,9.889087283728797
6801,14.348965871615764
6802,5.753179795804389
6803,9.175096780574446
6804,15.856463529621982
6805,15.867680134279325
6806,9.175096780574446
6807,9.175096780574446
6808,28.111157587674516
6809,13.550574986851966
6810,8.10143849933125
6811,19.266978639607228
6812,11.573534996952425
6813,18.586845779220933
6814,15.459789864985678
6815,13.366311028506905
6816,9.689247047921997
6817,26.28407254684294
6818,17.44476454409628
6819,10.86512836799115
6820,16.393589419409846
6821,14.088112066613736
6822,11.230733752992549
6823,10.748709511753779
6824,7.795804036715654
6825,14.855671058176858
6826,16.573820296753038
6827,14.7984937141033
6828,15.856463529621982
6829,10.04079179226575
6830,10.149289901032052
6831,25.737928952331593
6832,6.836642784496471
6833,10.652154214879234
6834,12.764586924778902
6835,16.573820296753038
6836,14.643474579512095
6837,21.113497166472364
6838,11.031424151358983
6839,14.53733888252903
6840,17.621903085813404
6841,13.316869053641698
6842,14.04053847989962
6843,19.342992527569375
6844,9.678308860769535
6845,15.315827086472593
6846,13.34717131291937
6847,14.499905768870534
6848,12.75709526484309
6849,14.088112066613736
6850,22.762496078148313
6851,19.342992527569375
6852,11.823436012608369
6853,3.799121183241006
6854,15.13793036295733
6855,13.366311028506905
6856,4.7097447997981
6857,12.75709526484309
6858,27.91740521195386
6859,19.342992527569375
6860,9.731930362084261
6861,9.77570303146624
6862,9.038679428215703
6863,33.22308791426886
6864,10.398518776125883
6865,13.973858137231176
6866,18.534788761599756
6867,14.24469220214076
6868,12.277361711619498
6869,14.514932277813841
6870,25.469618919637977
6871,24.91597128622595
6872,14.154375002045333
6873,17.095833894302388
6874,13.226979038060131
6875,26.854031946860978
6876,10.81360848447901
6877,10.220088669632894
6878,14.163933347528054
6879,14.04053847989962
6880,15.315827086472593
6881,19.320722360927316
6882,16.19087207170414
6883,12.700816934353796
6884,14.41498342795135
6885,18.253901071199238
6886,27.85441564460095
6887,4.7097447997981
6888,14.03244287069895
6889,15.867680134279325
6890,9.731930362084261
6891,15.1219576911663
6892,16.201627561821415
6893,20.043128300733926
6894,15.033384940315372
6895,9.154558589681141
6896,14.25135635442002
6897,12.314545026648583
6898,5.7723959594802245
6899,18.799886618007275
6900,13.945269694634247
6901,13.226979038060131
6902,21.612386478774187
6903,16.393589419409846
6904,15.315827086472593
6905,7.403486944323347
6906,1.0459412495622833
6907,13.327683245349608
6908,18.164522728114697
6909,3.799121183241006
6910,18.164522728114697
6911,9.566890771973505
6912,17.44476454409628
6913,20.04788376894309
6914,14.088112066613736
6915,4.719013039434898
6916,13.039345138119554
6917,16.573820296753038
6918,14.04053847989962
6919,13.945269694634247
6920,15.459789864985678
6921,12.535442618046211
6922,14.514932277813841
6923,27.85441564460095
6924,16.59714374066666
6925,13.143258168452576
6926,15.060229407351926
6927,15.435733333496724
6928,15.234931187044719
6929,15.418785420652311
6930,15.541490585499544
6931,20.15432181864583
6932,18.903398548397128
6933,17.75185419460711
6934,13.731758535584698
6935,22.160553738098994
6936,16.31034019142508
6937,17.832482269474728
6938,31.25728103929733
6939,14.130910395657335
6940,14.689347055723452
6941,13.42641558630375
6942,9.918234470003226
6943,13.134668685620994
6944,17.962774236276584
6945,18.600348833082986
6946,17.92600416349074
6947,14.071093375856096
6948,12.932240974601063
6949,20.121797916019716
6950,15.711402777108027
6951,26.752539950725463
6952,12.995908303285047
6953,16.636716583068193
6954,16.21308787964701
6955,15.22659600982632
6956,19.55482953150426
6957,16.573704867123784
6958,9.918234470003226
6959,18.362771407318043
6960,18.007078008703985
6961,16.164726787470286
6962,16.184336743330597
6963,15.625824582102299
6964,15.49565099891985
6965,16.21308787964701
6966,19.808598885920432
6967,25.693076488112254
6968,20.121797916019716
6969,12.995908303285047
6970,16.069225839924478
6971,17.56845086333379
6972,18.877157740803288
6973,14.260409125550053
6974,15.509258783842416
6975,15.84164872645302
6976,2.171351153278924
6977,16.573704867123784
6978,16.388203493106396
6979,15.050563030279239
6980,11.919714084758164
6981,26.752539950725463
6982,16.315374256827027
6983,12.7937323187937
6984,17.346440482684958
6985,20.606289795195003
6986,16.8600020338734
6987,25.242141244320013
6988,11.77162960264413
6989,16.668516628733318
6990,14.407885931630853
6991,18.027077523229515
6992,31.25728103929733
6993,16.8600020338734
6994,15.124234818617605
6995,20.748766627885367
6996,13.523020547906249
6997,20.779722783447895
6998,18.027077523229515
6999,25.693076488112254
7000,15.677547552917495
7001,14.43858322837886
7002,16.43399152730775
7003,12.350027304819923
7004,21.130694251762673
7005,23.913051436420403
7006,13.311747660774591
7007,15.632806277903946
7008,12.753601007037144
7009,13.715719191108121
7010,23.913051436420403
7011,18.940322814064615
7012,31.25728103929733
7013,15.435733333496724
7014,14.366912107105287
7015,13.42641558630375
7016,18.09896988683579
7017,16.573704867123784
7018,13.958004319314893
7019,18.309849744718395
7020,16.21308787964701
7021,21.181860181732965
7022,13.432929564971044
7023,12.7937323187937
7024,35.658071897697454
7025,35.286580885984044
7026,17.724258403917567
7027,15.442432570361042
7028,19.145347572378558
7029,13.715719191108121
7030,12.655977185196
7031,14.84404169506223
7032,15.167420620786148
7033,2.171351153278924
7034,13.427364164396073
7035,16.45149751964425
7036,10.721691723793976
7037,14.599803161169095
7038,15.574395526922762
7039,12.621393297804838
7040,20.162634094998406
7041,21.337140705533418
7042,5.363018573294911
7043,16.8600020338734
7044,16.85386813572205
7045,18.09896988683579
7046,12.655977185196
7047,13.958004319314893
7048,6.0107284898110676
7049,12.235927462040314
7050,22.775338611811204
7051,20.605436044761642
7052,15.060229407351926
7053,18.259828271057287
7054,10.065631265196073
7055,12.04530252453175
7056,18.01655867437989
7057,10.002076269363258
7058,15.47664971653255
7059,21.181860181732965
7060,14.130910395657335
7061,25.242141244320013
7062,15.711402777108027
7063,17.640011256536816
7064,18.027077523229515
7065,16.59714374066666
7066,18.01655867437989
7067,14.94772853688534
7068,12.984767190925355
7069,22.088600077411165
7070,16.84985096470836
7071,13.143258168452576
7072,16.47178609895368
7073,12.369658118578224
7074,16.383532844957216
7075,16.84985096470836
7076,29.340579288216475
7077,14.829826708269945
7078,7.877545633424128
7079,16.204851668391168
7080,25.693076488112254
7081,8.641404630461976
7082,17.92600416349074
7083,13.311747660774591
7084,17.75185419460711
7085,18.027077523229515
7086,15.09838952558856
7087,15.446008661098112
7088,16.315374256827027
7089,7.127443767958921
7090,16.59714374066666
7091,14.616681952667474
7092,15.22659600982632
7093,12.753601007037144
7094,18.940322814064615
7095,16.757307766327802
7096,11.118591023631891
7097,17.832482269474728
7098,19.14732637042285
7099,13.778901063738457
7100,16.473461804980932
7101,17.832482269474728
7102,25.693076488112254
7103,14.130910395657335
7104,16.164726787470286
7105,14.142665327662778
7106,24.925544998205524
7107,13.289064026495808
7108,5.5769177040774025
7109,11.875571224576685
7110,17.36181214838366
7111,13.09906950353472
7112,16.16158085268089
7113,10.663821201900085
7114,11.58293600710707
7115,17.509140501312668
7116,15.174516372207503
7117,18.400637744057015
7118,11.158819962224205
7119,11.150977814232016
7120,8.895414757225543
7121,12.459532601956004
7122,13.73062837349457
7123,15.815120530347398
7124,17.02432880724242
7125,9.953066058261712
7126,13.379342250495668
7127,6.558929036594512
7128,12.512469069947507
7129,16.90744829075843
7130,19.672288568585373
7131,4.638626678505475
7132,13.441188044224223
7133,13.669200626740297
7134,12.514344793522122
7135,17.494605436721663
7136,2.4294932988037603
7137,14.509280343833955
7138,13.650391708132252
7139,20.723539075259563
7140,16.11180000978471
7141,7.973066761280637
7142,4.810185273386499
7143,18.836571916612105
7144,12.318178698883235
7145,13.289064026495808
7146,11.705831426317076
7147,13.92483905927142
7148,15.174516372207503
7149,13.73062837349457
7150,9.93038952760101
7151,10.35288884931082
7152,3.716673397742528
7153,15.863600988888042
7154,12.55758389539386
7155,10.35288884931082
7156,13.474358010977074
7157,5.5769177040774025
7158,13.73062837349457
7159,11.150977814232016
7160,17.07770670052196
7161,14.051766676052493
7162,19.544964415479658
7163,14.337049582917835
7164,10.475754311733025
7165,15.863600988888042
7166,14.509280343833955
7167,9.411180534077102
7168,4.306891580930364
7169,12.485626398831023
7170,13.650391708132252
7171,11.150977814232016
7172,13.300352459715484
7173,12.782192574169368
7174,0.5508713628494616
7175,6.542417905860222
7176,16.11180000978471
7177,6.558929036594512
7178,13.028793785938012
7179,15.815120530347398
7180,16.77378993917133
7181,6.921972999573294
7182,32.05232258539112
7183,12.270446798480595
7184,11.544008690425365
7185,13.695470715392142
7186,10.92124455986798
7187,13.399860162476692
7188,10.481127902704152
7189,10.956006464844693
7190,12.467162563303425
7191,8.918659388375012
7192,6.141142861507775
7193,20.349179939405126
7194,12.782192574169368
7195,10.204322208960791
7196,12.127179469067853
7197,11.544008690425365
7198,14.441279381849787
7199,18.208614333123244
7200,10.92124455986798
7201,12.45578527554928
7202,10.481127902704152
7203,20.723539075259563
7204,12.50363749869747
7205,16.6267826518969
7206,12.56597155691842
7207,13.643089806036667
7208,14.781690594529715
7209,14.871477247271569
7210,14.388643518309848
7211,3.332266991446578
7212,10.92124455986798
7213,16.511555966810715
7214,13.917707825985906
7215,20.723539075259563
7216,20.723539075259563
7217,13.70535826427403
7218,10.57147051013753
7219,13.474358010977074
7220,14.441279381849787
7221,12.7293823571317
7222,4.716336219149749
7223,17.36181214838366
7224,8.743991946040486
7225,15.827953619887673
7226,12.668447339761013
7227,12.493609974724864
7228,3.716673397742528
7229,10.956006464844693
7230,0.32528133548044685
7231,14.391224579024865
7232,10.613495022022388
7233,12.575435392751741
7234,10.92124455986798
7235,17.431916672994507
7236,15.633546045010544
7237,3.332266991446578
7238,13.643089806036667
7239,12.821665931672701
7240,11.954056866151667
7241,13.87640729451472
7242,19.851485336935102
7243,10.475754311733025
7244,4.638626678505475
7245,10.283036331409066
7246,14.509280343833955
7247,17.07572872108053
7248,8.87236692496104
7249,12.55758389539386
7250,20.349179939405126
7251,6.141142861507775
7252,14.10175681682742
7253,12.423564864814281
7254,11.793194732266027
7255,3.332266991446578
7256,6.558929036594512
7257,13.638784071708006
7258,8.147403676628283
7259,11.318423809423358
7260,19.518475877305377
7261,13.71347464539385
7262,10.92124455986798
7263,13.71347464539385
7264,16.6267826518969
7265,12.493609974724864
7266,12.485626398831023
7267,14.17929959814358
7268,11.793194732266027
7269,14.18702973438177
7270,6.558929036594512
7271,4.256864163793422
7272,8.64132225270053
7273,13.695470715392142
7274,13.317527947217162
7275,14.319735097743287
7276,12.485626398831023
7277,32.494798482942926
7278,13.237700082715174
7279,14.781690594529715
7280,11.138295591727685
7281,12.56550338146021
7282,11.544008690425365
7283,14.10175681682742
7284,10.475754311733025
7285,7.973066761280637
7286,13.56534184346569
7287,16.77378993917133
7288,14.391224579024865
7289,6.558929036594512
7290,17.36181214838366
7291,11.138295591727685
7292,16.511555966810715
7293,4.716336219149749
7294,13.029419965601349
7295,15.12621412126952
7296,11.716154825735913
7297,13.73075042386743
7298,27.26201712244604
7299,6.490659796401882
7300,11.939115906244497
7301,13.097868011256692
7302,14.536754758712986
7303,17.358751019534598
7304,11.939115906244497
7305,24.091540153507907
7306,14.921129951040356
7307,16.455686887242287
7308,13.040491813740319
7309,16.249613776448737
7310,12.22321459630074
7311,15.230905658185122
7312,13.142328424285724
7313,15.112627593427812
7314,15.138196780164423
7315,15.805666492106814
7316,9.489285810951355
7317,8.608927906398423
7318,17.162271284047502
7319,16.231478233917603
7320,16.65726244694515
7321,18.41302975781946
7322,14.899580811349415
7323,13.949409551221212
7324,11.939115906244497
7325,15.08255911882351
7326,15.729293542270828
7327,13.579491520920618
7328,11.3557321757844
7329,13.709494631452696
7330,13.235050930070061
7331,13.123124838166467
7332,16.65281187029829
7333,13.60389723024469
7334,22.972994196339435
7335,13.729368602132366
7336,14.265718272736303
7337,15.102191793161229
7338,16.187312450342617
7339,17.288345003885674
7340,10.895490702014984
7341,15.478121239148468
7342,14.875811502959074
7343,12.471045587569513
7344,13.097868011256692
7345,12.243621418276138
7346,17.358751019534598
7347,15.528586136076006
7348,15.934974542281928
7349,16.2806137384876
7350,15.421895802229171
7351,11.895351919800186
7352,13.023160710055441
7353,11.709871558127812
7354,11.61238244968039
7355,14.228407137169164
7356,15.822797413463462
7357,20.04201543058678
7358,16.187312450342617
7359,13.34011689776807
7360,16.294967624715607
7361,17.91146700778595
7362,12.243621418276138
7363,14.160279212516258
7364,13.836400504987703
7365,8.608927906398423
7366,16.44267172595029
7367,14.608540221391525
7368,16.03120258881149
7369,13.949409551221212
7370,15.078437376371479
7371,15.961089527577855
7372,16.650884979919162
7373,14.460630327145424
7374,11.007077194341633
7375,16.141691892027726
7376,11.620338187257108
7377,14.565815996283275
7378,13.023160710055441
7379,9.341793063395404
7380,13.04839470216958
7381,16.49052912362523
7382,16.255751673279427
7383,11.805155643063138
7384,16.165876778667215
7385,15.328434734790969
7386,18.29590878105416
7387,14.945906234824342
7388,16.820834556875443
7389,12.471045587569513
7390,16.65726244694515
7391,13.083625675094947
7392,6.611470568401807
7393,17.506361060132097
7394,14.07499515406957
7395,7.675146688582074
7396,13.225716813114053
7397,13.255771498951722
7398,10.895490702014984
7399,12.243621418276138
7400,24.752671451241568
7401,15.690494957253058
7402,8.901257635044125
7403,14.577859293546714
7404,13.952866179539637
7405,24.46701308156536
7406,15.138196780164423
7407,14.18043877201719
7408,16.151211166991317
7409,19.402086708340075
7410,14.875811502959074
7411,10.542160518582778
7412,16.274699299724745
7413,14.569155855658446
7414,14.782874800713264
7415,17.05367936881955
7416,12.471045587569513
7417,30.937376439648105
7418,15.805666492106814
7419,16.681882610292295
7420,13.949409551221212
7421,8.901257635044125
7422,19.971404426138363
7423,36.17577273101335
7424,18.40817162318737
7425,16.427830849472233
7426,19.402086708340075
7427,13.54199544191347
7428,6.6642705196353935
7429,16.231478233917603
7430,19.2818198224404
7431,16.455686887242287
7432,11.939115906244497
7433,23.264940288027766
7434,8.801256353225773
7435,14.901465241520302
7436,19.76760307520829
7437,10.723708292151123
7438,16.494906289509757
7439,20.189640431290975
7440,14.580224691185288
7441,14.415979815894753
7442,13.040491813740319
7443,13.729368602132366
7444,12.752028554046737
7445,18.402172523805227
7446,15.295099896236433
7447,11.620338187257108
7448,16.394624216096627
7449,14.160279212516258
7450,14.101590688890049
7451,13.023160710055441
7452,19.76760307520829
7453,13.79049172822932
7454,12.277899419566937
7455,13.792596149607737
7456,19.100950337508944
7457,15.607519182313226
7458,6.547646961633133
7459,24.970361246736957
7460,13.429676348909027
7461,20.213286996616585
7462,27.26201712244604
7463,18.89706114146947
7464,14.91408616981085
7465,16.079079294604202
7466,13.836400504987703
7467,16.494906289509757
7468,13.792596149607737
7469,16.77298583563192
7470,14.875811502959074
7471,33.49001332056624
7472,14.793276741895864
7473,19.002821244203155
7474,11.007077194341633
7475,14.18043877201719
7476,15.822797413463462
7477,15.591320519187583
7478,15.822797413463462
7479,17.61727933838629
7480,19.068979193114515
7481,7.981168910608742
7482,12.271090591812584
7483,12.9721216869645
7484,8.567638782275015
7485,1.3313174819332707
7486,12.303013199221176
7487,10.121376453697035
7488,13.473456845498573
7489,11.850193531479631
7490,13.884929812908261
7491,13.895772643189717
7492,13.090444153239792
7493,13.93818327152132
7494,15.308865210391968
7495,9.411789437117903
7496,13.636753944653105
7497,13.480193972275742
7498,7.981168910608742
7499,15.899609259427674
7500,13.015369251932327
7501,10.457106574017647
7502,3.5709296920834293
7503,13.48467818500397
7504,12.497836199422887
7505,13.32476303475851
7506,12.719153460626615
7507,6.841971037762008
7508,12.893717622192677
7509,13.033920725466354
7510,13.269264267650462
7511,9.467851100617704
7512,13.463691033263341
7513,11.334966697078752
7514,13.645616499435814
7515,13.909779137811993
7516,4.346219456452169
7517,15.899609259427674
7518,11.194218367382888
7519,12.497756424639027
7520,12.69106214428644
7521,16.366524590513016
7522,13.073019967563631
7523,14.012511169547894
7524,14.071346711355812
7525,13.701717493713971
7526,14.997743419547747
7527,13.335696159690391
7528,13.327944260993755
7529,16.106248993800346
7530,11.767724544080501
7531,13.822722142440732
7532,14.108610575180494
7533,13.074930236740764
7534,13.719631100369922
7535,3.4222711147636686
7536,10.121376453697035
7537,15.8502112240047
7538,13.687495042811106
7539,6.900602083855055
7540,13.448166417176793
7541,13.48467818500397
7542,9.411789437117903
7543,11.334966697078752
7544,0.2843811132293076
7545,0.2843811132293076
7546,13.073019967563631
7547,13.480193972275742
7548,12.921045990603659
7549,12.386508434006222
7550,11.850193531479631
7551,6.900602083855055
7552,11.947559262440627
7553,12.575457907304276
7554,14.332801543040462
7555,12.69106214428644
7556,13.743527712268955
7557,14.476932158489838
7558,13.816055349047808
7559,11.039088035195132
7560,18.169280956466707
7561,14.012511169547894
7562,6.841971037762008
7563,13.78816905580757
7564,14.071346711355812
7565,16.33777076786369
7566,10.121376453697035
7567,14.997743419547747
7568,13.48467818500397
7569,13.210098145167088
7570,13.376294214105485
7571,11.32947392625882
7572,13.644230080031212
7573,13.927490511653032
7574,12.271090591812584
7575,13.433510559517714
7576,12.743980728730316
7577,0.2843811132293076
7578,12.522892752233531
7579,12.921045990603659
7580,7.981168910608742
7581,13.089101569169834
7582,13.477316075082198
7583,11.356003143215476
7584,12.271090591812584
7585,3.5709296920834293
7586,12.168897844898762
7587,12.67999143947855
7588,0.2843811132293076
7589,6.900602083855055
7590,12.386508434006222
7591,11.194218367382888
7592,13.822722142440732
7593,13.0834272091898
7594,13.6466051745916
7595,9.411789437117903
7596,13.964214213572461
7597,13.339098874086837
7598,2.6018310655688914
7599,13.822722142440732
7600,13.895772643189717
7601,13.772878085056176
7602,4.346219456452169
7603,13.228968324377728
7604,10.121376453697035
7605,11.97633771566413
7606,12.562852051231998
7607,16.215799346851625
7608,13.781159416141634
7609,12.440064877852373
7610,8.645492393487299
7611,10.063858945877218
7612,13.014593941791865
7613,9.955044139596188
7614,3.5709296920834293
7615,13.645616499435814
7616,14.997743419547747
7617,14.012511169547894
7618,10.121376453697035
7619,16.215799346851625
7620,13.577395350190555
7621,13.78816905580757
7622,1.3313174819332707
7623,11.239472368156589
7624,15.8502112240047
7625,10.121376453697035
7626,13.210098145167088
7627,12.147348481501941
7628,12.63075319137696
7629,13.147029333905436
7630,11.334966697078752
7631,13.477316075082198
7632,12.303013199221176
7633,8.567638782275015
7634,12.08303405132147
7635,13.78816905580757
7636,13.895196432207818
7637,8.840797340823054
7638,13.634505446838272
7639,11.858727013630157
7640,12.764279729175472
7641,13.335731042836168
7642,13.5202850888613
7643,14.012511169547894
7644,14.071346711355812
7645,13.480193972275742
7646,14.188029691938828
7647,13.467938655069645
7648,14.381051307464144
7649,15.908893796201825
7650,13.620732668139462
7651,13.128441396768677
7652,14.073257292082774
7653,14.011145589218316
7654,15.170179911382887
7655,13.456248174146538
7656,13.620732668139462
7657,15.18119638659074
7658,13.744208976270757
7659,13.703462746452471
7660,13.833323445182547
7661,12.517311571505887
7662,10.915719915823827
7663,14.976396242810573
7664,13.94701811145739
7665,13.074169660444078
7666,13.946524911122976
7667,14.3787552502746
7668,14.005617845886126
7669,12.105737962031942
7670,13.948844921311105
7671,23.575082835828358
7672,13.50291639455004
7673,12.105737962031942
7674,13.52829932146441
7675,13.803211011456815
7676,14.49396209287329
7677,14.49396209287329
7678,12.852529570921394
7679,14.158657403063522
7680,14.114657876120289
7681,14.353476466863583
7682,14.603456413608491
7683,10.4134338506947
7684,14.35400590492885
7685,13.3066095816457
7686,14.017092674508543
7687,13.946524911122976
7688,12.924538843329179
7689,14.35400590492885
7690,12.687749266758823
7691,15.113658021532197
7692,12.217706959508314
7693,18.317779319282064
7694,14.158657403063522
7695,15.384019810542581
7696,13.498102174164568
7697,13.149294716858309
7698,13.967122105101067
7699,15.170179911382887
7700,11.595636388125468
7701,13.074169660444078
7702,12.949365946487703
7703,14.184953002646598
7704,15.387095808624384
7705,14.421629196760623
7706,13.52829932146441
7707,14.864223929697848
7708,13.242526459331977
7709,7.429806132108981
7710,13.52829932146441
7711,13.94701811145739
7712,12.105737962031942
7713,14.114657876120289
7714,12.217706959508314
7715,13.52829932146441
7716,23.936235990637496
7717,13.89539511022235
7718,14.374553923003283
7719,14.381051307464144
7720,16.598105777935835
7721,15.00640708572819
7722,15.588058665834657
7723,13.999496149527058
7724,17.46524517049883
7725,12.815345712402653
7726,21.197738840659046
7727,13.335188344664495
7728,11.373445399217628
7729,15.311852524535176
7730,20.09144496786165
7731,14.3787552502746
7732,12.924538843329179
7733,15.086870432601378
7734,11.669967724472523
7735,15.035817357768261
7736,14.363469218299457
7737,12.517311571505887
7738,15.65488802992101
7739,14.187808382662146
7740,21.197738840659046
7741,14.772722518449298
7742,15.425144182983244
7743,21.197738840659046
7744,12.751527249339235
7745,14.45736749133059
7746,15.730909993853397
7747,12.925145963720043
7748,14.182349084105269
7749,14.187808382662146
7750,13.833323445182547
7751,14.114657876120289
7752,21.197738840659046
7753,13.318387250831696
7754,10.915719915823827
7755,16.511750333582132
7756,13.564811120268981
7757,14.073257292082774
7758,14.654432478044344
7759,14.838137975376696
7760,16.339527124678614
7761,13.971149658168123
7762,13.435898579910935
7763,12.517311571505887
7764,13.356862127961117
7765,10.92892408243763
7766,12.517311571505887
7767,13.946524911122976
7768,14.555539083552539
7769,15.425144182983244
7770,14.555539083552539
7771,7.429806132108981
7772,14.073257292082774
7773,11.35292498317288
7774,13.443230793323469
7775,13.946524911122976
7776,23.936235990637496
7777,15.348435940079593
7778,15.035817357768261
7779,13.833323445182547
7780,15.65488802992101
7781,15.518766816584378
7782,14.005617845886126
7783,13.3066095816457
7784,13.620732668139462
7785,11.240221592669645
7786,14.138709527838504
7787,13.668649559339155
7788,16.81977982713858
7789,13.67351638030544
7790,13.94701811145739
7791,12.480904486355815
7792,12.75505681092366
7793,13.803211011456815
7794,13.47141364328349
7795,12.88168229520345
7796,15.730909993853397
7797,14.2234872475903
7798,12.924538843329179
7799,12.517311571505887
7800,13.149294716858309
7801,14.52577326132265
7802,13.187974354246302
7803,19.756170381510806
7804,18.317779319282064
7805,14.077780137753477
7806,13.407693585841246
7807,13.620732668139462
7808,15.233231983833317
7809,14.048542918212458
7810,13.356862127961117
7811,13.78622205430577
7812,10.807488565287033
7813,7.429806132108981
7814,14.187808382662146
7815,13.580680830817046
7816,13.498102174164568
7817,12.517311571505887
7818,13.128441396768677
7819,13.449646264227635
7820,4.4156555089097465
7821,14.492552616487403
7822,12.472456792991373
7823,22.22849273875105
7824,17.174110019840146
7825,15.032871168439536
7826,8.9460886855234
7827,12.360545688053811
7828,14.526690158894
7829,13.68270264856297
7830,14.174721771497113
7831,14.511542016104404
7832,14.838120226717535
7833,14.001538754797611
7834,11.748198583801429
7835,12.891184416080451
7836,9.244847211988986
7837,16.066875693627903
7838,11.00800228045599
7839,18.630310358636144
7840,14.576019263357642
7841,14.670412783708308
7842,13.804292528926778
7843,11.341859858711626
7844,13.357225988692193
7845,5.160137403281583
7846,12.849378974885017
7847,15.416275058497973
7848,13.764475518294551
7849,12.676514301922909
7850,11.521929324247118
7851,12.247414172059656
7852,14.559206167330622
7853,14.012071436806965
7854,14.846635400294957
7855,14.948135879733117
7856,17.143511840478585
7857,13.686764929267984
7858,13.764475518294551
7859,12.360545688053811
7860,13.746652562449984
7861,15.097022370360698
7862,14.869203640530465
7863,14.7075160352489
7864,14.462089150386277
7865,13.268926050829831
7866,13.268926050829831
7867,40.56559064417217
7868,13.864962898827587
7869,18.630310358636144
7870,29.664344980080703
7871,14.270536218622262
7872,14.31117175909546
7873,13.359427128800585
7874,19.63525307152889
7875,11.109680626103016
7876,13.797722707366447
7877,13.686764929267984
7878,4.4156555089097465
7879,14.20817798270872
7880,15.217337570850841
7881,15.467672955658275
7882,12.803687039130445
7883,12.676514301922909
7884,8.344190228324315
7885,12.360545688053811
7886,15.198302798859878
7887,13.063749176657238
7888,14.559206167330622
7889,17.174110019840146
7890,13.746652562449984
7891,28.0266371451727
7892,12.775575720285973
7893,15.206085083488476
7894,9.244847211988986
7895,22.22849273875105
7896,19.81521775111629
7897,18.409607439922475
7898,29.664344980080703
7899,13.063749176657238
7900,9.133424730245002
7901,13.517228502650102
7902,14.09178265436946
7903,3.9003398320689735
7904,11.681003883416757
7905,15.73075720822006
7906,14.017489675795908
7907,12.472456792991373
7908,12.891184416080451
7909,28.0266371451727
7910,15.33859463427114
7911,8.344190228324315
7912,11.341859858711626
7913,15.146217796194172
7914,14.089441692798312
7915,14.948135879733117
7916,14.20817798270872
7917,14.795376226513735
7918,14.304680795993836
7919,13.105468767054074
7920,14.00390092670944
7921,36.15108822759185
7922,11.804993961727682
7923,10.746360102053405
7924,11.903775597125684
7925,12.676514301922909
7926,14.539094544244808
7927,14.411252427095842
7928,14.545618813154011
7929,13.986633485222615
7930,12.419966074782725
7931,18.630310358636144
7932,13.718931570220624
7933,17.2525740092629
7934,30.394822794152923
7935,13.764394740679851
7936,9.244847211988986
7937,14.549283454035649
7938,13.942611558258593
7939,13.47922315339302
7940,14.017489675795908
7941,12.803687039130445
7942,14.851474302786803
7943,13.797722707366447
7944,14.353046510003184
7945,12.757414141366217
7946,29.664344980080703
7947,14.666204764047167
7948,12.472456792991373
7949,17.2525740092629
7950,14.14721605157326
7951,14.411252427095842
7952,14.79495794221482
7953,12.3340323364868
7954,12.00925530722247
7955,14.971307396492305
7956,13.782799083968273
7957,14.569083421811865
7958,11.289918653849229
7959,14.21912531325121
7960,30.394822794152923
7961,14.552612287351597
7962,12.97851516743759
7963,13.986633485222615
7964,11.127051713155092
7965,13.764475518294551
7966,17.2525740092629
7967,10.13780728261957
7968,12.757414141366217
7969,14.861939052765887
7970,13.083395712273767
7971,13.782799083968273
7972,15.149820485433892
7973,36.15108822759185
7974,17.174110019840146
7975,13.60462071771887
7976,13.884593545009523
7977,40.56559064417217
7978,13.948451873257728
7979,15.271746346309907
7980,12.419966074782725
7981,12.789506117375808
7982,12.803687039130445
7983,5.160137403281583
7984,14.759155458499327
7985,14.511542016104404
7986,13.804292528926778
7987,12.336201610251944
7988,14.420452430595505
7989,14.411252427095842
7990,14.257909007794177
7991,3.9003398320689735
7992,11.924462554271457
7993,13.389407324418881
7994,14.569083421811865
7995,12.580582775452948
7996,11.137796198625287
7997,11.341859858711626
7998,14.948135879733117
7999,16.12339256727722
8000,14.559206167330622
8001,12.332154362468543
8002,13.389407324418881
8003,13.32609970735488
8004,11.660184481903766
8005,14.918175392137563
8006,13.812196886269472
8007,18.16447250060498
8008,14.710596435414354
8009,13.952513017715246
8010,12.88533516905882
8011,13.923756244814756
8012,12.688610993184646
8013,1.9566620957892302
8014,6.992751817536388
8015,18.024774851023608
8016,14.676783676575639
8017,11.317720802842171
8018,13.352764770158712
8019,18.76955183016164
8020,13.518738568380861
8021,6.992751817536388
8022,17.592412309059068
8023,14.21924986520085
8024,17.890955538956963
8025,23.10545983533583
8026,11.009589997572593
8027,13.081363316639177
8028,7.837548293666135
8029,13.909308487930232
8030,13.909308487930232
8031,7.837548293666135
8032,15.044253804980196
8033,7.0594175594176445
8034,11.570681064884674
8035,12.553644019838387
8036,18.024774851023608
8037,21.79956981172266
8038,10.457335843429714
8039,7.075650571081245
8040,7.28797258470074
8041,14.157427029587243
8042,14.920105455864832
8043,13.807771805015145
8044,12.365611284934948
8045,23.10545983533583
8046,12.149915499922916
8047,16.60166553761572
8048,13.352764770158712
8049,14.089856264839282
8050,9.925018303856534
8051,18.565846783297555
8052,12.089575201943228
8053,7.0594175594176445
8054,11.943934334591226
8055,14.26559386538164
8056,12.490296364238247
8057,10.701092753881081
8058,10.21549649283646
8059,10.565632153836857
8060,36.494559354681996
8061,14.157427029587243
8062,25.925816617312748
8063,26.9659787273903
8064,13.923756244814756
8065,13.503938292021163
8066,7.28797258470074
8067,36.494559354681996
8068,12.881861350407746
8069,21.202993289307322
8070,10.21549649283646
8071,12.319558869195589
8072,15.26329599549415
8073,12.237682585526892
8074,13.494323925379899
8075,11.15925796542665
8076,12.90808924350438
8077,10.099351055746206
8078,13.753309417185665
8079,13.379402167067047
8080,12.365611284934948
8081,12.271970152787961
8082,7.988952454594957
8083,9.986088986374057
8084,13.649074750030149
8085,14.15374607575361
8086,10.099351055746206
8087,12.337328975794206
8088,17.05293129384556
8089,12.189057176533847
8090,18.16447250060498
8091,14.920105455864832
8092,14.926658051402923
8093,13.83718459380275
8094,14.804017160701996
8095,12.06109638279937
8096,12.211766592228873
8097,13.638020092727464
8098,13.474002063528028
8099,13.577321163668328
8100,11.69188062676999
8101,10.575018026895833
8102,13.352764770158712
8103,11.885735263348323
8104,13.092801366405338
8105,14.457261654587695
8106,11.389510257336253
8107,9.281263678147694
8108,10.457335843429714
8109,10.810765325318682
8110,21.202993289307322
8111,2.5018117458931464
8112,13.02815806647631
8113,13.224818654361796
8114,16.431883287591106
8115,7.0594175594176445
8116,12.601881949902316
8117,25.925816617312748
8118,7.988952454594957
8119,13.665775380758816
8120,11.312466128474814
8121,36.494559354681996
8122,11.865013532297313
8123,12.511308383637457
8124,36.494559354681996
8125,10.372720905310915
8126,11.753204985909356
8127,12.319558869195589
8128,15.889511523554878
8129,23.10545983533583
8130,16.67821394844168
8131,12.803312840311415
8132,10.69332448076704
8133,13.909308487930232
8134,13.923756244814756
8135,17.05293129384556
8136,14.307287838111883
8137,10.099351055746206
8138,23.10545983533583
8139,2.5018117458931464
8140,13.4066958010423
8141,14.64981516671407
8142,14.056738751834137
8143,9.82162162310458
8144,13.686141572736435
8145,14.710596435414354
8146,12.511308383637457
8147,14.53904285041354
8148,13.58981841830639
8149,11.634276670121492
8150,16.67821394844168
8151,12.688610993184646
8152,13.163661975431502
8153,15.988147678573556
8154,13.474002063528028
8155,15.862042373491999
8156,16.53109658111158
8157,14.094650869567886
8158,14.012243457544958
8159,15.036222262801857
8160,11.54084661812464
8161,11.15925796542665
8162,12.511308383637457
8163,13.714668703309563
8164,16.15854670757031
8165,12.490296364238247
8166,12.910036652522784
8167,7.988952454594957
8168,12.605791364484162
8169,18.1490175293456
8170,12.055414215758463
8171,11.259600731147614
8172,12.883096727174383
8173,13.315583390326294
8174,13.093371727208606
8175,13.352764770158712
8176,12.883096727174383
8177,11.943934334591226
8178,14.513658594659828
8179,13.714668703309563
8180,9.70923042815074
8181,14.64981516671407
8182,12.460910191134872
8183,18.98767704878643
8184,11.657680764644034
8185,11.009589997572593
8186,13.007232395836883
8187,13.162387060662688
8188,10.560611185552542
8189,13.532437887087067
8190,7.075650571081245
8191,10.981755446899506
8192,13.714668703309563
8193,11.336170886799257
8194,12.490296364238247
8195,12.914490549960535
8196,16.222647158392466
8197,12.06109638279937
8198,12.628969930866
8199,12.787499257699587
8200,13.68761758344147
8201,13.341945707300228
8202,13.66465695802216
8203,13.20829115627081
8204,12.668046550627166
8205,12.628969930866
8206,13.371868764621308
8207,13.818652288451803
8208,14.855613100354573
8209,13.652901257111559
8210,13.723206684626726
8211,13.66465695802216
8212,12.949927911762709
8213,12.871103305492738
8214,13.459539714362634
8215,13.68761758344147
8216,15.64932116488826
8217,13.739046288087726
8218,14.430159485263973
8219,11.659613951588005
8220,13.362460720316795
8221,13.783705873524601
8222,15.371504051709156
8223,13.895475397048074
8224,28.848029254368278
8225,13.0501416155519
8226,15.725394496425073
8227,13.495277060602055
8228,13.793503183983093
8229,13.14732761749738
8230,9.24982230273254
8231,13.098727943900967
8232,11.894712691293691
8233,12.129714109787994
8234,12.87805363994869
8235,13.400073886397935
8236,13.565760622043888
8237,12.628969930866
8238,13.400001598501731
8239,13.387581398868283
8240,12.078068267392542
8241,11.30759303302186
8242,13.776488230161833
8243,13.875350181805759
8244,13.728286785260037
8245,15.10135937790079
8246,12.48646359034427
8247,12.74162367676441
8248,9.24982230273254
8249,11.19443974883928
8250,14.191951755223696
8251,14.388447617223413
8252,13.876342271465242
8253,12.340563410358088
8254,14.88301437802102
8255,14.28126793321319
8256,13.480574602569478
8257,13.249398108464293
8258,13.731667870612782
8259,14.278926678675107
8260,12.87805363994869
8261,11.175590285118183
8262,14.172488490322523
8263,9.147139260004616
8264,13.626366194447233
8265,14.429364642804167
8266,13.190181720768283
8267,15.64932116488826
8268,13.678077250351047
8269,15.041703332996688
8270,13.743598099420943
8271,10.552244782933895
8272,14.278926678675107
8273,13.853198356082164
8274,13.58503697536125
8275,13.766236431434448
8276,14.489558008456907
8277,14.28126793321319
8278,13.341945707300228
8279,13.66955353955604
8280,13.727021453131838
8281,13.400073886397935
8282,13.766236431434448
8283,11.865875204384885
8284,17.412575757582882
8285,13.904172969843751
8286,14.271885188743914
8287,14.439833597831274
8288,13.598331150444409
8289,14.271885188743914
8290,13.111099867534906
8291,13.087915097735344
8292,13.480574602569478
8293,13.694635914569238
8294,13.354611856597812
8295,10.552244782933895
8296,13.14732761749738
8297,13.662870604762368
8298,13.498842189088471
8299,10.552244782933895
8300,12.570016454592887
8301,14.656239358687134
8302,13.911711316360172
8303,12.8886215928084
8304,12.485172563632894
8305,13.769747380376494
8306,14.980611352873675
8307,13.919699946264648
8308,12.628969930866
8309,12.570016454592887
8310,28.848029254368278
8311,13.574902587014888
8312,14.425893710350625
8313,14.145396262915076
8314,14.0624838507747
8315,13.919699946264648
8316,13.384865223262214
8317,13.656286699037189
8318,14.28126793321319
8319,15.64932116488826
8320,14.656239358687134
8321,13.66465695802216
8322,13.518231564457517
8323,13.994290166626348
8324,13.766236431434448
8325,14.031253589924676
8326,12.628969930866
8327,16.273423880915686
8328,16.1177528010924
8329,14.031253589924676
8330,13.678077250351047
8331,11.175590285118183
8332,14.278926678675107
8333,13.904039787203919
8334,12.787499257699587
8335,12.772558254080241
8336,13.875350181805759
8337,13.341945707300228
8338,13.830953951090175
8339,11.723143700960252
8340,13.57078589438384
8341,13.81339489871465
8342,13.694635914569238
8343,13.818550934429037
8344,13.459539714362634
8345,13.10131853070388
8346,13.876342271465242
8347,14.656239358687134
8348,13.134252034737735
8349,13.473784312729792
8350,13.495277060602055
8351,14.278926678675107
8352,13.68761758344147
8353,13.422097810858194
8354,12.866005301129189
8355,12.538335465742898
8356,13.20829115627081
8357,14.255440127023258
8358,13.453786209584477
8359,12.193767608137597
8360,15.078520105626918
8361,15.659849536242476
8362,13.249398108464293
8363,14.656239358687134
8364,11.175590285118183
8365,10.552244782933895
8366,14.28126793321319
8367,14.255440127023258
8368,13.371868764621308
8369,10.528893401345867
8370,12.395533049106264
8371,13.453786209584477
8372,13.31328319260984
8373,16.473412926631184
8374,13.656841866359697
8375,12.821705506414636
8376,13.400073886397935
8377,13.103094122906313
8378,13.454637320402721
8379,14.49099053873365
8380,14.917327938572296
8381,13.020068823223607
8382,13.159190365946692
8383,13.378324057450195
8384,8.149343817567743
8385,15.996602524472907
8386,16.855562831351683
8387,13.66437628196835
8388,11.869544088047633
8389,14.375862607315412
8390,11.948749848483505
8391,19.332352432446584
8392,11.869544088047633
8393,12.936426242824295
8394,12.169284718327317
8395,13.130588672816094
8396,14.294096338883115
8397,21.60926710366406
8398,12.515954993928485
8399,14.274650500738053
8400,13.58606455815853
8401,19.332352432446584
8402,12.829092225736009
8403,13.463513475707389
8404,13.154377240028825
8405,14.294096338883115
8406,15.753899910449753
8407,13.498597359504304
8408,16.732812842094738
8409,13.97153099498635
8410,14.299840809812522
8411,13.28922320467168
8412,14.538198222958869
8413,15.157231980507241
8414,10.844954155572038
8415,13.55045853458959
8416,14.23121121314812
8417,12.950594069136674
8418,13.48425339075567
8419,14.912379467151125
8420,14.092699872445671
8421,27.931861806818663
8422,15.120432649616395
8423,11.089825284366691
8424,17.243294914824297
8425,13.97153099498635
8426,15.753899910449753
8427,11.592065352617617
8428,13.30938487581867
8429,13.935535647867233
8430,17.43585841027891
8431,15.846091972765313
8432,6.295547999962379
8433,17.259583851302782
8434,13.935535647867233
8435,13.28922320467168
8436,13.172159795683898
8437,13.425642608077979
8438,15.165177553817138
8439,13.465727379991765
8440,16.732812842094738
8441,17.67894350772506
8442,19.332352432446584
8443,13.965931049681355
8444,13.885265400225123
8445,13.480091302337657
8446,11.565691137972998
8447,16.732812842094738
8448,12.760329945692074
8449,13.498597359504304
8450,12.939951630070452
8451,12.530178975854911
8452,7.47356206150687
8453,14.844201131584013
8454,13.465727379991765
8455,11.045758901449574
8456,13.572006756686767
8457,11.926096339286763
8458,13.678745939509332
8459,13.254141904877965
8460,13.965931049681355
8461,13.465727379991765
8462,12.489090024155477
8463,13.089847676398671
8464,13.689558790768366
8465,16.677379676054176
8466,12.515954993928485
8467,13.28922320467168
8468,13.877059924839429
8469,11.089825284366691
8470,14.640114523415841
8471,10.892387995353223
8472,6.214011420904625
8473,8.149343817567743
8474,13.465727379991765
8475,13.25367645876326
8476,11.869544088047633
8477,13.288720910473515
8478,12.915955356255386
8479,10.892387995353223
8480,11.271525093779067
8481,13.985376449767847
8482,12.489475659936252
8483,20.129040013102216
8484,13.985376449767847
8485,18.72666525077383
8486,19.128551318888544
8487,11.61011969999802
8488,13.64804960313759
8489,13.64804960313759
8490,14.294096338883115
8491,12.23999875981448
8492,11.445335948929321
8493,16.732812842094738
8494,13.463513475707389
8495,12.264149908303528
8496,5.52036488993621
8497,7.47356206150687
8498,12.915955356255386
8499,13.361562540622456
8500,13.020068823223607
8501,27.931861806818663
8502,12.672642741350485
8503,12.891210822807475
8504,27.931861806818663
8505,8.677489336401255
8506,11.609473208052448
8507,13.460827337361282
8508,13.31437293730162
8509,8.677489336401255
8510,13.587814044946827
8511,13.232178452429487
8512,14.354744483944417
8513,11.592065352617617
8514,13.30938487581867
8515,15.151485882525128
8516,13.877059924839429
8517,14.615519930681836
8518,13.420993062022193
8519,18.142436913865605
8520,13.31437293730162
8521,10.507266933512144
8522,13.498597359504304
8523,19.594211055767083
8524,12.080455337780485
8525,8.9626977578734
8526,13.498597359504304
8527,13.985376449767847
8528,13.31580215371517
8529,13.884650397842039
8530,13.172159795683898
8531,13.96006567736127
8532,13.688888612152446
8533,13.689558790768366
8534,12.705610334885426
8535,11.089825284366691
8536,10.892387995353223
8537,16.732812842094738
8538,7.792794690928181
8539,11.869544088047633
8540,13.157358401158103
8541,14.844201131584013
8542,16.732812842094738
8543,8.9626977578734
8544,11.744799618321354
8545,12.141528028854246
8546,13.361562540622456
8547,14.562884671896898
8548,10.922425318994044
8549,23.085433282563816
8550,12.79507333256478
8551,12.169284718327317
8552,14.310703308769247
8553,12.52453578812551
8554,13.678151657182713
8555,13.66437628196835
8556,14.374164283788987
8557,16.855562831351683
8558,6.295547999962379
8559,13.606991815935093
8560,12.994536998969973
8561,8.254020316561894
8562,12.034796718120562
8563,12.265210554432848
8564,12.362050726582593
8565,8.565634264739433
8566,11.02993493417177
8567,13.422704372376698
8568,16.05900358711853
8569,11.126977281234012
8570,12.335063375018315
8571,11.142880724207476
8572,14.175240083707482
8573,9.604689056253072
8574,4.144132279439056
8575,13.420738871349124
8576,12.1392934515404
8577,11.25852327235586
8578,13.913018877582417
8579,12.583711720700293
8580,16.279490305632272
8581,16.317702123679307
8582,8.254020316561894
8583,13.421831666494498
8584,10.39872674133827
8585,12.112595845079603
8586,12.353080857171896
8587,9.205537484567685
8588,13.072623359563964
8589,10.958319066565075
8590,15.55180891021861
8591,12.278068370324434
8592,11.126977281234012
8593,19.663021120549466
8594,13.04090342206845
8595,13.859691796831969
8596,17.82045405828812
8597,13.908066220846916
8598,12.721345544516362
8599,8.85384728649126
8600,16.05900358711853
8601,11.930465922548791
8602,12.335063375018315
8603,11.926565983961309
8604,15.14671376380434
8605,13.505723966956097
8606,11.896025870092036
8607,9.841550452765789
8608,10.234872755107103
8609,16.99603778548499
8610,6.635653192239625
8611,11.320314935290307
8612,9.090740802116384
8613,9.205537484567685
8614,10.323642708750056
8615,4.144132279439056
8616,13.612198651765071
8617,11.986321989248085
8618,12.16581896571676
8619,8.439997163037928
8620,13.688668586386488
8621,12.335063375018315
8622,14.175240083707482
8623,17.82045405828812
8624,10.759868722932525
8625,11.896025870092036
8626,11.3911450749205
8627,15.435319191341087
8628,14.315050357594716
8629,13.190004712704617
8630,12.770618871125862
8631,14.765401885623035
8632,15.283319012777426
8633,12.483516149317806
8634,11.924049233694092
8635,11.31729836574369
8636,13.522773934190896
8637,11.282137296235408
8638,16.99603778548499
8639,9.949825427470905
8640,5.0802495821944325
8641,15.14671376380434
8642,15.14671376380434
8643,4.144132279439056
8644,17.419360353220874
8645,12.583711720700293
8646,12.26551369623416
8647,22.941942263305794
8648,12.308322865634423
8649,12.48699253851099
8650,12.582470350698243
8651,14.063268690041618
8652,13.181924144693395
8653,15.14671376380434
8654,11.126977281234012
8655,10.962799910066167
8656,15.776995140775231
8657,13.096658376243273
8658,15.484146564356463
8659,11.448886164980374
8660,7.190479376540304
8661,13.729913465340994
8662,12.676752635420335
8663,12.020598713015804
8664,13.859691796831969
8665,12.463806508640749
8666,12.165019897468548
8667,11.518375308001124
8668,10.645547640682114
8669,13.549026159448854
8670,13.422704372376698
8671,12.35473452158228
8672,9.14858023870808
8673,9.604689056253072
8674,15.698588386605019
8675,13.988270739194832
8676,4.144132279439056
8677,12.244558231968652
8678,10.962799910066167
8679,9.205537484567685
8680,10.728369840452341
8681,12.73665223033256
8682,12.483516149317806
8683,13.15420317466984
8684,22.941942263305794
8685,13.361964346475741
8686,10.609636070298912
8687,10.39872674133827
8688,12.961099779911672
8689,13.215620973023315
8690,11.597168337774884
8691,12.265210554432848
8692,10.438188028468714
8693,14.22745713377306
8694,13.988270739194832
8695,10.01754306393012
8696,6.635653192239625
8697,11.930465922548791
8698,14.022982189953924
8699,10.759868722932525
8700,12.132153339041736
8701,10.045978670517814
8702,14.315050357594716
8703,17.265304967345283
8704,12.258835359531288
8705,11.28520249992228
8706,13.190004712704617
8707,11.398066114541491
8708,12.258835359531288
8709,12.557380249878864
8710,15.14671376380434
8711,8.565634264739433
8712,12.704847295714046
8713,9.164281596029182
8714,19.137361375611157
8715,15.247816405269077
8716,9.841550452765789
8717,10.958319066565075
8718,13.04090342206845
8719,12.197018334643408
8720,12.265210554432848
8721,11.464175228338165
8722,11.930465922548791
8723,12.483516149317806
8724,15.835000872217128
8725,12.35924140124664
8726,7.190479376540304
8727,6.635653192239625
8728,12.118767182469966
8729,12.556994884309846
8730,21.87540438590882
8731,13.421831666494498
8732,10.958319066565075
8733,12.556994884309846
8734,14.022982189953924
8735,14.119794805329187
8736,8.512064922223866
8737,4.144132279439056
8738,7.608620195423042
8739,11.282137296235408
8740,9.949825427470905
8741,13.625455505651935
8742,12.373438828323046
8743,19.06725129430769
8744,11.196509022741644
8745,5.131525819932865
8746,12.721345544516362
8747,12.11880329368546
8748,11.395653782401252
8749,16.207592516805324
8750,12.331849016901385
8751,13.072623359563964
8752,12.507193701094126
8753,9.3658244119823
8754,9.593578330937227
8755,6.755948322477665
8756,13.697419598436536
8757,13.604693383145275
8758,13.333239193806136
8759,13.225939664087994
8760,13.604693383145275
8761,18.784965873346774
8762,13.65243135048688
8763,12.325890863704139
8764,13.470487057954493
8765,13.771244102055755
8766,7.002989915815501
8767,13.246631592275051
8768,13.727251827706386
8769,18.35359859340029
8770,11.361163480658815
8771,14.64407094998867
8772,7.002989915815501
8773,17.642148800838704
8774,14.423003805695444
8775,12.223067266027785
8776,13.41170935975145
8777,13.733979525723038
8778,13.570031297812871
8779,12.586402293926907
8780,13.16215274240281
8781,13.568335500679845
8782,4.089692092789103
8783,11.15859183406628
8784,12.41181947831127
8785,12.18297930703685
8786,13.816108038781788
8787,14.64407094998867
8788,11.64566678842656
8789,13.773625493618589
8790,14.308209442246632
8791,13.180045078679269
8792,13.436866188579762
8793,14.722832662164292
8794,8.806325615386767
8795,14.742457903152575
8796,12.684075133461263
8797,12.674284858058565
8798,12.725825914340119
8799,16.48586323505321
8800,12.584127651797349
8801,13.92946762118712
8802,17.642148800838704
8803,15.739123872793531
8804,10.986381389603526
8805,12.771266421174197
8806,12.80160293158199
8807,13.097395769684404
8808,6.755948322477665
8809,17.379992564238517
8810,13.563828904665982
8811,13.870999092470557
8812,14.423003805695444
8813,13.61271193937325
8814,13.283390866885885
8815,14.936550903822287
8816,19.21289603671565
8817,14.308209442246632
8818,11.307887003580031
8819,13.038155949331047
8820,12.223067266027785
8821,16.465708895869223
8822,11.060023017291426
8823,12.725825914340119
8824,13.57145865566576
8825,15.847063150439045
8826,9.593578330937227
8827,27.634379350052562
8828,14.308209442246632
8829,14.361163578914377
8830,13.997943541137113
8831,12.562269836142
8832,12.223067266027785
8833,16.577122940227614
8834,4.089692092789103
8835,14.936550903822287
8836,13.57145865566576
8837,6.755948322477665
8838,9.657351868309679
8839,12.213428768329916
8840,14.506110462095837
8841,14.054787750808636
8842,9.657351868309679
8843,13.265796267466788
8844,14.453897665842751
8845,15.657652802995745
8846,15.829555123156581
8847,15.847063150439045
8848,13.436866188579762
8849,13.721331708248181
8850,14.722832662164292
8851,14.138777620347877
8852,15.17165697436757
8853,13.398663437685634
8854,19.21289603671565
8855,13.29549329624512
8856,10.865964886684688
8857,12.771266421174197
8858,11.361163480658815
8859,16.65540748745172
8860,13.721331708248181
8861,14.423003805695444
8862,14.505161102447016
8863,15.52870984822336
8864,16.74231690095327
8865,13.343937758338955
8866,9.825094703461307
8867,16.928182743821132
8868,13.866019867856172
8869,11.946386375477681
8870,9.657351868309679
8871,12.431403780386146
8872,13.229614157406083
8873,9.92423754190336
8874,13.470487057954493
8875,13.732855647121575
8876,13.914772946956164
8877,6.432509237870215
8878,13.436866188579762
8879,12.979121345893208
8880,13.563828904665982
8881,13.29549329624512
8882,13.154117365507874
8883,9.825094703461307
8884,9.127839247104598
8885,12.390505952632271
8886,13.154117365507874
8887,13.573001322970462
8888,16.138002978085694
8889,12.562269836142
8890,15.990644948136763
8891,11.291922545074403
8892,14.385090369616956
8893,12.223067266027785
8894,12.245252636709047
8895,27.634379350052562
8896,15.000603675295949
8897,13.333239193806136
8898,13.471546819643821
8899,13.436866188579762
8900,12.223067266027785
8901,15.75865003546015
8902,9.825094703461307
8903,13.21133186954056
8904,12.200417031156015
8905,11.500966826068948
8906,13.716637088716926
8907,17.34899627309403
8908,13.340996874150939
8909,15.852269206315746
8910,13.806271882256945
8911,14.068497352698156
8912,18.784965873346774
8913,13.436866188579762
8914,13.57145865566576
8915,12.725825914340119
8916,19.21289603671565
8917,14.469260981838989
8918,15.847063150439045
8919,14.93602338512605
8920,13.697419598436536
8921,13.0666670542087
8922,11.291922545074403
8923,13.436866188579762
8924,9.825094703461307
8925,13.115992105218679
8926,13.333239193806136
8927,12.611309641789164
8928,14.0994750393361
8929,12.200417031156015
8930,6.432509237870215
8931,14.060665964219416
8932,13.038081086599426
8933,13.031718670237462
8934,14.0994750393361
8935,13.470487057954493
8936,14.505161102447016
8937,12.885025475892116
8938,12.584127651797349
8939,13.097395769684404
8940,12.245252636709047
8941,13.40289983623502
8942,11.64566678842656
8943,9.807641831755312
8944,13.321932807779417
8945,14.225190647079117
8946,6.7703649656553075
8947,12.084395462977563
8948,12.410773203001245
8949,12.754808962393373
8950,12.308628810231076
8951,11.333007916449565
8952,13.105531386965431
8953,10.642150229750238
8954,16.917232212144953
8955,13.323472237279013
8956,10.484444122892155
8957,13.105531386965431
8958,11.599985977257958
8959,12.7982251034711
8960,11.169286982028455
8961,11.068996752663171
8962,14.822529513563074
8963,12.011239180212018
8964,11.422097325656079
8965,13.305655321576452
8966,12.737924110592973
8967,11.954325081528012
8968,13.249303888330994
8969,12.887339466004242
8970,12.640184500896003
8971,13.01640541422061
8972,10.985874064382658
8973,13.442045607464163
8974,11.734771824491718
8975,5.437188172296398
8976,13.607587072114264
8977,16.228536939874722
8978,10.97269922225134
8979,12.611260097250211
8980,9.455670233614793
8981,10.75764675239534
8982,12.011239180212018
8983,12.729378658966583
8984,12.291301087720546
8985,12.291301087720546
8986,11.470665239570026
8987,13.12580137661393
8988,9.002694621259582
8989,11.89674952284729
8990,11.282549851756599
8991,4.776668304383108
8992,12.187888336263162
8993,12.608942733878077
8994,13.085121943408579
8995,11.215294559116412
8996,16.917232212144953
8997,13.111832724554972
8998,12.330853228858293
8999,5.437188172296398
9000,9.936502139706853
9001,20.53475596450812
9002,15.812990223272028
9003,12.604142694534248
9004,16.245775438969872
9005,24.59956275783395
9006,12.770381099337472
9007,11.367686026435408
9008,12.207409545753078
9009,11.920895174073461
9010,10.484444122892155
9011,17.725786061710526
9012,12.84597146581438
9013,15.262154591357872
9014,9.161093673806079
9015,6.8611431112427015
9016,10.222182033765288
9017,12.914222529012065
9018,12.826626303533798
9019,16.228536939874722
9020,10.173165511123297
9021,9.421689929366798
9022,16.245775438969872
9023,12.397505235699509
9024,12.312791884291626
9025,10.222182033765288
9026,12.031506807776015
9027,13.382544561601655
9028,15.157968838480931
9029,12.887339466004242
9030,13.667176237285021
9031,10.97269922225134
9032,16.917232212144953
9033,11.953289574264168
9034,12.640184500896003
9035,16.492033671266093
9036,11.27426081354981
9037,12.24751876127887
9038,11.27426081354981
9039,12.809926885145122
9040,14.169228472606434
9041,12.011239180212018
9042,13.22083695952861
9043,11.801081596197822
9044,16.917232212144953
9045,9.936502139706853
9046,11.842304643319475
9047,10.484444122892155
9048,12.382230635958281
9049,14.82706420934877
9050,5.437188172296398
9051,10.457824026999132
9052,11.27426081354981
9053,9.308097806529885
9054,8.198921316639604
9055,13.417007642887238
9056,12.739845406861962
9057,13.165802003292697
9058,13.105531386965431
9059,14.979334087581083
9060,12.7982251034711
9061,14.362709816905529
9062,16.233165308165923
9063,10.87938674311532
9064,6.7703649656553075
9065,13.3653161282214
9066,10.484444122892155
9067,12.291301087720546
9068,12.640184500896003
9069,5.437188172296398
9070,12.187888336263162
9071,16.228536939874722
9072,16.233165308165923
9073,12.891247380420246
9074,10.98641812809566
9075,11.169286982028455
9076,13.564216828343875
9077,10.642150229750238
9078,12.011239180212018
9079,8.198921316639604
9080,14.096514215542914
9081,13.792893599524884
9082,12.729378658966583
9083,13.111832724554972
9084,11.25751273526302
9085,11.27426081354981
9086,13.111832724554972
9087,6.8611431112427015
9088,18.248283949496606
9089,12.891247380420246
9090,12.296555570778377
9091,14.362709816905529
9092,13.417007642887238
9093,12.170857173016362
9094,12.826626303533798
9095,14.942714952113908
9096,14.322134972902095
9097,12.72875300188238
9098,12.844724279065696
9099,11.940521133767962
9100,7.626050298289843
9101,12.640184500896003
9102,13.382544561601655
9103,13.22083695952861
9104,16.917232212144953
9105,5.437188172296398
9106,13.552789226946814
9107,7.057250349738647
9108,13.111832724554972
9109,11.940521133767962
9110,11.685735063081431
9111,6.8611431112427015
9112,14.402515506206843
9113,13.417398075450286
9114,11.27426081354981
9115,12.779165576513476
9116,12.312791884291626
9117,13.304880535678759
9118,14.199268515476014
9119,11.015917968898036
9120,16.35077253980837
9121,13.059842810252642
9122,12.291301087720546
9123,13.227253097564898
9124,20.53475596450812
9125,12.291301087720546
9126,12.739845406861962
9127,5.656008884519222
9128,13.861733115023299
9129,14.977057870065561
9130,14.40707662413662
9131,15.78054149675232
9132,17.465748138026946
9133,14.669727294851615
9134,15.258937624992905
9135,12.674301710339911
9136,14.11284572789752
9137,11.275142570656554
9138,15.258937624992905
9139,13.150028241444215
9140,13.343603778612072
9141,13.463291826926064
9142,13.89418955118163
9143,13.851205196527477
9144,2.977890072304384
9145,13.736540180592423
9146,16.235418861835402
9147,12.32963080554604
9148,7.992709433589013
9149,12.600925231173779
9150,15.936421362519228
9151,19.554297995398006
9152,14.40707662413662
9153,15.710871685086246
9154,13.206781855475624
9155,13.992856179504503
9156,15.663725081071629
9157,12.976231870287569
9158,10.449448321317607
9159,15.050929763363975
9160,2.977890072304384
9161,15.494554378775602
9162,15.16752769455435
9163,12.962677533996649
9164,13.963874977333974
9165,12.626200583160388
9166,15.74810353568472
9167,13.963874977333974
9168,14.03272914979047
9169,18.051729666324363
9170,14.709589232814972
9171,13.343603778612072
9172,13.806598160811394
9173,13.150028241444215
9174,15.16752769455435
9175,15.106183572347055
9176,15.176741362928842
9177,12.420017718259862
9178,17.818197405415248
9179,14.481309810535267
9180,15.710871685086246
9181,14.40707662413662
9182,13.892406026552123
9183,13.375948080581672
9184,13.492638203040528
9185,12.355351217109673
9186,14.351327487939367
9187,7.990984816913493
9188,7.992709433589013
9189,14.75199596984388
9190,12.962677533996649
9191,15.16752769455435
9192,11.451575116121264
9193,14.40707662413662
9194,14.54115711911275
9195,16.235418861835402
9196,15.258937624992905
9197,12.256594067004162
9198,12.622814202825925
9199,14.0549826431987
9200,11.90246054088389
9201,14.102891866745864
9202,13.570474758612406
9203,15.677537390946178
9204,16.272801922743334
9205,11.016748695295677
9206,14.092314482220369
9207,13.559577223370303
9208,14.955013484866512
9209,13.713249722782487
9210,19.554297995398006
9211,12.32963080554604
9212,13.260816187056136
9213,13.606115863075877
9214,13.848667159664531
9215,13.692824257085807
9216,15.47832134736325
9217,14.79294014768741
9218,12.121281517882085
9219,7.990984816913493
9220,10.87544637108147
9221,13.37282074936962
9222,13.035602651975996
9223,10.58263336104237
9224,10.1946498029512
9225,13.981748854170265
9226,13.263523979137258
9227,12.03421932174434
9228,17.83557421305065
9229,14.715418610468468
9230,13.973026863073201
9231,12.467580909800889
9232,14.30486977203237
9233,13.832070517114314
9234,14.103221625492433
9235,14.344042011875196
9236,13.463291826926064
9237,14.289275286972357
9238,8.490694660851885
9239,14.525529924809264
9240,13.771444333139131
9241,14.549264004907757
9242,14.177372610247254
9243,12.782220376046364
9244,14.715418610468468
9245,13.640025389887386
9246,13.150028241444215
9247,14.600823616805638
9248,23.71514290777787
9249,22.747261839267352
9250,7.990984816913493
9251,12.626200583160388
9252,12.149104660370226
9253,15.106183572347055
9254,15.135747680172672
9255,14.533738975664958
9256,15.106183572347055
9257,12.600925231173779
9258,13.33100043437057
9259,23.71514290777787
9260,12.938482188173726
9261,14.11284572789752
9262,18.284954716344977
9263,14.135585076476428
9264,13.206781855475624
9265,42.11207016761762
9266,8.490694660851885
9267,12.674301710339911
9268,14.40707662413662
9269,14.514051810182531
9270,13.940791803817541
9271,13.446186526789411
9272,14.79294014768741
9273,9.815142448030375
9274,12.956831220818682
9275,12.84195925335439
9276,12.467580909800889
9277,15.16752769455435
9278,10.449448321317607
9279,13.811189333601765
9280,14.004366910160128
9281,14.099912091129921
9282,18.252717297180023
9283,14.513710659986618
9284,14.709589232814972
9285,13.809466535657487
9286,12.207915395029895
9287,18.252717297180023
9288,13.590128354661466
9289,14.339462144565077
9290,15.663725081071629
9291,14.0549826431987
9292,15.47832134736325
9293,15.16752769455435
9294,14.138959888303816
9295,14.624103441703307
9296,14.595147188156231
9297,10.532538587128723
9298,13.692824257085807
9299,13.035602651975996
9300,12.84195925335439
9301,10.1946498029512
9302,14.481309810535267
9303,13.86505797645132
9304,23.71514290777787
9305,14.009095671193126
9306,14.513524405223722
9307,23.71514290777787
9308,8.490694660851885
9309,15.494554378775602
9310,12.207915395029895
9311,13.291472999980762
9312,16.235418861835402
9313,13.992856179504503
9314,8.372856087932927
9315,4.992111121196417
9316,11.915159357167486
9317,13.273871171026299
9318,5.915675221109476
9319,13.323265350650843
9320,11.60587590528853
9321,6.417694497227199
9322,4.992111121196417
9323,14.88211849020225
9324,7.1134881946955755
9325,4.992111121196417
9326,7.634410344351968
9327,2.398168817216772
9328,6.929772290023681
9329,12.542699651207029
9330,11.888590063683441
9331,12.897040769876718
9332,12.22848332741539
9333,6.604445340549937
9334,7.416873774984285
9335,12.031836583966191
9336,8.259756430320115
9337,11.16055525309048
9338,19.267114685439733
9339,14.353093536671501
9340,10.654197404279838
9341,8.259756430320115
9342,4.452757793226335
9343,11.248859997924951
9344,12.897694144526529
9345,15.457778232514304
9346,13.550976291053116
9347,14.960507897075095
9348,14.875783855487523
9349,12.766799794387396
9350,11.462583545557036
9351,11.508295605740823
9352,6.417694497227199
9353,10.747459164397375
9354,13.736447129624713
9355,11.462583545557036
9356,6.417694497227199
9357,15.457778232514304
9358,12.472414335628786
9359,8.610373310174364
9360,13.636622695580146
9361,12.721407728571506
9362,0.7186388289016905
9363,12.668983272010726
9364,8.148521037149514
9365,13.417611088629885
9366,9.863029448340136
9367,12.031836583966191
9368,2.7707989598337237
9369,11.743045390581099
9370,5.072043267478362
9371,8.630849136901423
9372,13.417611088629885
9373,5.072043267478362
9374,12.721407728571506
9375,13.954844839211413
9376,9.874263312559899
9377,13.705386772144687
9378,5.915675221109476
9379,7.591918144027983
9380,14.88211849020225
9381,11.16055525309048
9382,13.957988271890303
9383,13.120336602219977
9384,12.309880073157984
9385,0.7186388289016905
9386,12.339220128134915
9387,4.228421912797709
9388,11.967825880592333
9389,15.38291942309339
9390,10.747459164397375
9391,8.264040001561876
9392,14.102865455722132
9393,13.221410400060215
9394,12.472414335628786
9395,14.356726175512723
9396,4.992111121196417
9397,4.992111121196417
9398,10.0843153748715
9399,5.915675221109476
9400,6.992087414757203
9401,11.24021869238108
9402,10.743267198838803
9403,8.259756430320115
9404,14.353093536671501
9405,6.992087414757203
9406,14.356726175512723
9407,20.093376861635637
9408,7.880457020879051
9409,8.259756430320115
9410,10.877612060997144
9411,14.243666582800895
9412,11.143297686439706
9413,11.682448746497634
9414,13.273871171026299
9415,10.675652719244614
9416,4.228421912797709
9417,4.452757793226335
9418,10.288416538215847
9419,2.987408032764213
9420,2.987408032764213
9421,11.622307764821315
9422,10.372331338369571
9423,14.88211849020225
9424,12.987794052112573
9425,10.61135055395675
9426,11.591665304157631
9427,14.202058865147361
9428,7.416873774984285
9429,11.967825880592333
9430,8.148521037149514
9431,12.648231181988795
9432,6.136192983486355
9433,12.661639316997089
9434,14.222458010555917
9435,11.462583545557036
9436,10.947745535776825
9437,12.031804885499227
9438,4.097685376226787
9439,11.348709628870086
9440,13.571610392549086
9441,12.95909187103687
9442,11.682448746497634
9443,9.889919559007899
9444,14.88211849020225
9445,13.565720116832996
9446,13.957988271890303
9447,9.106341193717865
9448,15.376461478204368
9449,6.992087414757203
9450,4.992111121196417
9451,10.12519926511903
9452,9.977298664109691
9453,12.476136099338618
9454,9.3886695694092
9455,2.987408032764213
9456,12.987794052112573
9457,12.987794052112573
9458,4.452757793226335
9459,7.621752211251344
9460,9.76382661677192
9461,7.416873774984285
9462,6.342369960029882
9463,2.987408032764213
9464,12.339220128134915
9465,12.542699651207029
9466,11.133013647696732
9467,12.402080261348928
9468,8.259756430320115
9469,4.63772835802371
9470,11.98662154333851
9471,12.542699651207029
9472,12.913283312279626
9473,12.782536157094746
9474,14.102865455722132
9475,7.366333529931341
9476,8.609018617865418
9477,19.267114685439733
9478,11.24021869238108
9479,4.097685376226787
9480,10.41605334870454
9481,11.388294557737572
9482,4.654829121994089
9483,11.61659614827499
9484,9.397467485816115
9485,12.595667592037945
9486,12.721407728571506
9487,15.457778232514304
9488,12.725583307830412
9489,9.874263312559899
9490,12.757311821611108
9491,7.1134881946955755
9492,4.228421912797709
9493,9.92574568233295
9494,10.41605334870454
9495,11.160466443934274
9496,4.452757793226335
9497,8.435363721528162
9498,7.517073789436437
9499,1.780974217370256
9500,10.64225320520303
9501,6.342369960029882
9502,13.323265350650843
9503,10.109067036198315
9504,13.983129455402786
9505,11.950953221404859
9506,12.51503765216357
9507,7.931414429601332
9508,11.93454866860244
9509,6.153664336576387
9510,13.330375376031053
9511,16.284240710258793
9512,12.340447793155601
9513,10.163288374638709
9514,12.736941718405685
9515,11.9120031909555
9516,12.51503765216357
9517,12.151572473281373
9518,14.196392342817038
9519,12.110644319730408
9520,12.165976073434145
9521,9.39694786552733
9522,10.163288374638709
9523,13.00369869385723
9524,12.103810121235075
9525,11.704349074502485
9526,13.693889579349394
9527,12.004806322968898
9528,17.745511149681633
9529,19.15003881744889
9530,12.761834910135168
9531,12.145363982168393
9532,12.151572473281373
9533,11.252547796318469
9534,9.590774273908618
9535,10.457343984749137
9536,12.5717569079145
9537,10.5331410078759
9538,15.018956783684443
9539,13.174722600640033
9540,9.612350982738356
9541,5.591389564865596
9542,45.1277299138156
9543,22.045061113233253
9544,13.107797173246935
9545,13.294780646245
9546,10.210248619180236
9547,13.308187608088101
9548,22.33290726938618
9549,11.196730084982168
9550,10.85408614659804
9551,13.672716312434467
9552,17.745511149681633
9553,9.646529687288997
9554,12.678873744785758
9555,12.509138102248077
9556,14.757279064860947
9557,11.433934432786424
9558,23.675347840186447
9559,16.33296829858629
9560,9.130623038390274
9561,14.617605525091315
9562,10.457343984749137
9563,14.256684000371548
9564,11.843863756073366
9565,13.107797173246935
9566,11.227921692265605
9567,15.70897310218051
9568,12.016366846175979
9569,10.224921099096585
9570,12.447135361794391
9571,14.757279064860947
9572,12.397735114986109
9573,11.433934432786424
9574,11.920735053517932
9575,10.739115660917937
9576,12.736941718405685
9577,10.195092005394729
9578,11.93454866860244
9579,9.786458489168789
9580,11.950953221404859
9581,45.1277299138156
9582,17.17085541400011
9583,12.09428028020953
9584,17.90445502655562
9585,13.00369869385723
9586,7.404061199553896
9587,11.93454866860244
9588,12.109853060548904
9589,12.761834910135168
9590,16.284240710258793
9591,11.9120031909555
9592,16.866822613812012
9593,11.534031866597347
9594,11.248898312414738
9595,45.1277299138156
9596,13.80064339565883
9597,8.122623088783604
9598,12.5717569079145
9599,7.754052645616377
9600,11.146424869055899
9601,10.978591707397106
9602,16.866822613812012
9603,9.43167997108914
9604,13.318977521866357
9605,11.326856908479222
9606,14.708796846247694
9607,20.53687580578272
9608,8.692920564185943
9609,11.843863756073366
9610,13.107797173246935
9611,22.33290726938618
9612,8.772821314498035
9613,9.130623038390274
9614,15.70897310218051
9615,12.678873744785758
9616,12.49142019993152
9617,13.294780646245
9618,15.138587444231023
9619,22.468086021817612
9620,10.25638173178853
9621,12.51503765216357
9622,11.696081607202832
9623,12.509138102248077
9624,9.836499643144904
9625,13.071460004929492
9626,5.591389564865596
9627,12.947517352391722
9628,10.746039481468912
9629,13.655701146380387
9630,6.153664336576387
9631,10.509789200654245
9632,6.904517559978202
9633,12.151572473281373
9634,12.959691547609406
9635,7.754052645616377
9636,45.1277299138156
9637,13.951265930589843
9638,13.196959231960166
9639,20.86891284191464
9640,8.772821314498035
9641,10.361235348449776
9642,17.634044186709378
9643,16.612904449570525
9644,12.141023565470489
9645,17.90445502655562
9646,7.931414429601332
9647,12.893307498810273
9648,3.847734680178565
9649,20.445487974183454
9650,13.068898003539513
9651,21.152993212737055
9652,4.112143558034935
9653,17.634044186709378
9654,16.880155061331408
9655,12.639524013844701
9656,17.17085541400011
9657,12.145363982168393
9658,13.318977521866357
9659,7.174459974922206
9660,12.672883861032593
9661,11.732421362971865
9662,3.847734680178565
9663,15.567849508147928
9664,8.69212351566726
9665,19.68159455395734
9666,13.672716312434467
9667,12.51503765216357
9668,14.196392342817038
9669,12.959691547609406
9670,12.340447793155601
9671,13.330375376031053
9672,10.233291631480137
9673,10.163288374638709
9674,13.02607379301016
9675,13.068898003539513
9676,16.866822613812012
9677,11.146424869055899
9678,10.821170556610122
9679,6.045092394656501
9680,13.275603651378916
9681,11.876943129079207
9682,13.436711067963278
9683,10.72187127469129
9684,4.112143558034935
9685,10.892530713418422
9686,7.404061199553896
9687,11.34542628841224
9688,10.439417332227434
9689,13.294780646245
9690,7.362004375076912
9691,13.503714634865773
9692,5.088910467226387
9693,13.022017408825398
9694,7.13121652348126
9695,7.905925877308305
9696,11.839929498095364
9697,15.779370601924665
9698,10.412954197927553
9699,5.088910467226387
9700,12.38322831454053
9701,5.906781727600882
9702,14.70488492626675
9703,13.058366137726274
9704,13.83902614041616
9705,14.203085293075468
9706,15.779370601924665
9707,3.767991072052202
9708,16.788019582527415
9709,17.821816543347325
9710,5.906781727600882
9711,13.756857854804053
9712,15.9951589585414
9713,4.155519284480176
9714,17.821816543347325
9715,13.433792274630834
9716,14.471747480141367
9717,13.265543338708028
9718,13.265543338708028
9719,11.535052771209342
9720,13.053279235838101
9721,13.030089757116663
9722,10.846369604280772
9723,8.541792254851728
9724,12.282289704781858
9725,11.630792137553277
9726,15.9951589585414
9727,12.62408205296798
9728,8.687363531285914
9729,12.297710131581038
9730,7.62721129637048
9731,7.523714217503275
9732,14.70488492626675
9733,14.471747480141367
9734,12.112652693235516
9735,13.022017408825398
9736,7.905925877308305
9737,19.283056875581966
9738,13.685874453758974
9739,15.779370601924665
9740,13.280887003251557
9741,18.00751140307936
9742,16.59379662531446
9743,13.030827719872649
9744,12.459425504318604
9745,12.112652693235516
9746,5.906781727600882
9747,14.637263786328695
9748,12.653503921881004
9749,13.151378713902643
9750,12.96770540080738
9751,16.308930242047207
9752,16.788019582527415
9753,12.788721849416302
9754,12.282289704781858
9755,12.996288155082636
9756,13.700261460295815
9757,10.986032205444257
9758,15.779370601924665
9759,13.218722056412961
9760,12.663213956620062
9761,12.697385488608278
9762,12.733175945847707
9763,3.554812482665302
9764,4.155519284480176
9765,5.088910467226387
9766,13.030089757116663
9767,5.906781727600882
9768,13.0795748794548
9769,13.708441980116271
9770,13.860321419914268
9771,10.451647567804903
9772,12.60040506040455
9773,5.836620213012908
9774,10.846369604280772
9775,10.168561065865783
9776,14.739070245345246
9777,8.541792254851728
9778,3.767991072052202
9779,9.58175288820311
9780,12.195891129681899
9781,13.316625042798222
9782,7.523714217503275
9783,13.030089757116663
9784,15.867967253820103
9785,15.687279772627859
9786,13.667856895764325
9787,13.068258349523424
9788,15.867967253820103
9789,12.282289704781858
9790,4.155519284480176
9791,13.37378784757704
9792,12.32594731883218
9793,11.641106589638737
9794,13.893835482233078
9795,12.282289704781858
9796,14.27982339087344
9797,12.653503921881004
9798,13.316625042798222
9799,10.168561065865783
9800,11.28357595193854
9801,15.9951589585414
9802,3.767991072052202
9803,7.905925877308305
9804,14.471747480141367
9805,12.6205965710846
9806,12.72364157148955
9807,15.9951589585414
9808,13.316625042798222
9809,10.221784200637568
9810,13.979703582018567
9811,4.155519284480176
9812,13.466785658147552
9813,10.347164893073192
9814,13.205388782525834
9815,12.72364157148955
9816,12.653503921881004
9817,13.022017408825398
9818,13.24718956558432
9819,4.155519284480176
9820,16.788019582527415
9821,12.436547328728354
9822,6.123438411065553
9823,13.685874453758974
9824,16.151598317072533
9825,16.14438589157084
9826,13.45101562501777
9827,12.282289704781858
9828,18.00751140307936
9829,6.123438411065553
9830,12.282289704781858
9831,12.616078399975605
9832,12.786331014582974
9833,13.022017408825398
9834,7.523714217503275
9835,6.061514706245959
9836,12.781091514936776
9837,7.523714217503275
9838,14.64767395722464
9839,12.282289704781858
9840,12.781091514936776
9841,13.391625164674181
9842,12.902683086113262
9843,13.774595914327461
9844,12.996288155082636
9845,13.700261460295815
9846,14.019713632206328
9847,12.68605048213771
9848,16.151598317072533
9849,12.781091514936776
9850,13.0795748794548
9851,13.48576040631982
9852,25.227229863466192
9853,10.417156038291179
9854,23.231927188568545
9855,13.82896210507296
9856,17.863702722021088
9857,12.055979545392983
9858,12.717025306392383
9859,17.273648424420706
9860,13.125972226664713
9861,17.412878351514685
9862,13.9625318941975
9863,15.966912461960373
9864,9.896230207374034
9865,13.618467061805681
9866,13.92464642296933
9867,11.717860393488335
9868,13.558246629458749
9869,4.271858021500171
9870,13.056372066101062
9871,13.472918345357344
9872,9.856535644201166
9873,13.395105363799082
9874,33.555489168073315
9875,5.549055314936972
9876,12.735354587897298
9877,13.512381915482422
9878,8.500060044175056
9879,14.03523657373907
9880,23.231927188568545
9881,13.48576040631982
9882,13.016275375746602
9883,8.980775428687833
9884,10.30255070730357
9885,14.433552587986469
9886,11.691772146541176
9887,14.252003899738726
9888,13.446105446366587
9889,13.122653367070946
9890,12.450630069244637
9891,27.52746794284992
9892,12.9113629362634
9893,32.837563370039106
9894,14.48110119844303
9895,3.794453852069847
9896,16.803556554507487
9897,12.481467614425188
9898,14.440288115789238
9899,12.13009387565007
9900,12.943040536817964
9901,15.629313446001737
9902,13.32624625333667
9903,4.271858021500171
9904,12.409905771574872
9905,13.92464642296933
9906,7.256518585467913
9907,15.629313446001737
9908,10.808446005689396
9909,13.237216996606316
9910,14.03523657373907
9911,5.549055314936972
9912,18.20846605181039
9913,13.063053063451775
9914,13.540339150483849
9915,15.579275036933602
9916,11.67766609913104
9917,13.54932624168261
9918,9.973024861235897
9919,13.558246629458749
9920,9.863180659180012
9921,13.392035435980024
9922,14.48110119844303
9923,13.195339263692233
9924,9.602681446276726
9925,13.98639359060845
9926,13.448957233622563
9927,7.761390681748321
9928,13.898449148589552
9929,14.32444368657682
9930,5.549055314936972
9931,18.466224821859992
9932,10.40263392716733
9933,13.644586016999481
9934,14.924460684349732
9935,13.581275846839777
9936,13.512381915482422
9937,12.567723998660963
9938,13.89499405456777
9939,14.21465643638842
9940,19.93029744809561
9941,14.440288115789238
9942,13.644586016999481
9943,13.95517234085282
9944,12.254780969265504
9945,13.522902171878984
9946,12.029633999026396
9947,11.19604696469563
9948,13.073747087004802
9949,3.794453852069847
9950,12.38862991779075
9951,13.426473022259133
9952,13.760094507816643
9953,12.823578503994957
9954,13.195339263692233
9955,11.67766609913104
9956,13.92464642296933
9957,14.45316754190914
9958,17.39572663095275
9959,18.20846605181039
9960,14.03523657373907
9961,17.412878351514685
9962,14.561945363792129
9963,17.412878351514685
9964,13.073786956318884
9965,8.937271721313554
9966,13.461748020626708
9967,13.850569123948556
9968,5.549055314936972
9969,12.406294982190838
9970,14.561945363792129
9971,12.617523638295552
9972,13.932833457508917
9973,19.04003538220217
9974,14.00646393817829
9975,14.03523657373907
9976,27.52746794284992
9977,31.6605679056185
9978,12.45111123945893
9979,13.461748020626708
9980,5.549055314936972
9981,13.431937236654443
9982,12.823578503994957
9983,13.0251766181539
9984,13.623435541511121
9985,13.538634953095245
9986,11.653829506870162
9987,8.500060044175056
9988,12.278995216788026
9989,26.252958225662866
9990,10.40263392716733
9991,13.496560075782215
9992,11.486321648365237
9993,13.753694826631408
9994,11.442533529575298
9995,7.32470301451371
9996,14.315968858248459
9997,10.67318448870985
9998,14.917635381661585
9999,6.186937591276414
10000,9.896230207374034
10001,12.8903189487651
10002,7.256518585467913
10003,12.749234348364372
10004,15.351078562860527
10005,12.406294982190838
10006,11.494132217836091
10007,27.56572318380553
10008,10.081276441230754
10009,13.62307706191653
10010,13.794474121329937
10011,14.241039260926502
10012,13.321736779616263
10013,26.252958225662866
10014,19.228033038024186
10015,12.9113629362634
10016,12.39496618958692
10017,15.579275036933602
10018,13.62307706191653
10019,14.64740928362968
10020,13.199532295808444
10021,12.580847605566207
10022,13.414934267766125
10023,19.228033038024186
10024,3.794453852069847
10025,11.691772146541176
10026,14.440288115789238
10027,7.32470301451371
10028,12.734795109491733
10029,16.803556554507487
10030,13.120656255472822
10031,16.73455428022063
10032,13.496560075782215
10033,13.414934267766125
10034,14.252003899738726
10035,13.306794760463896
10036,13.237216996606316
10037,14.67834257501584
10038,12.159261429810732
10039,12.699258655981517
10040,13.693901096653411
10041,13.337149964402332
10042,13.68963163627265
10043,15.407828344145281
10044,20.667176738529328
10045,23.426355892312035
10046,12.924012873170286
10047,13.608935103072962
10048,11.99046840970416
10049,13.932462059110858
10050,13.792878152153959
10051,14.936743298582435
10052,13.95990763412532
10053,11.994987885539514
10054,13.77425388680112
10055,12.400507285773138
10056,23.426355892312035
10057,11.994987885539514
10058,12.663284251172742
10059,13.792878152153959
10060,13.194030566435272
10061,13.68963163627265
10062,16.1991970375974
10063,13.679338555210121
10064,12.52066889965458
10065,8.932776731115105
10066,13.882338172891277
10067,20.11788195858301
10068,14.323196204003168
10069,21.94373400507149
10070,13.342786748904892
10071,9.810507118074039
10072,15.100762916887046
10073,13.578547757392275
10074,11.70632514032792
10075,13.742319077244778
10076,14.02423798635669
10077,13.846999770897638
10078,16.643898398991073
10079,12.896689949182553
10080,5.427732836139742
10081,13.846999770897638
10082,15.201355042140058
10083,15.628376581770484
10084,12.86392779028177
10085,13.337149964402332
10086,13.113152617113945
10087,19.33639021684773
10088,13.871277445321779
10089,12.647311108064528
10090,13.679338555210121
10091,14.148331905308066
10092,12.243825395835499
10093,6.66592866312816
10094,14.079752207695032
10095,13.29402732665036
10096,19.51657591497265
10097,12.343898040268492
10098,16.420786354157116
10099,14.863438264458658
10100,16.13053393450653
10101,14.690278274176341
10102,12.939538465563786
10103,13.95990763412532
10104,11.70632514032792
10105,13.735475587548326
10106,20.221517106250378
10107,20.221517106250378
10108,15.333249321925104
10109,11.85134996406699
10110,14.988743612683725
10111,9.797991293277224
10112,21.94373400507149
10113,11.32443719865776
10114,11.398185982843918
10115,13.882382222840258
10116,15.781126246146254
10117,13.538630661832501
10118,14.10512200870151
10119,13.29402732665036
10120,12.699258655981517
10121,9.459112538999596
10122,16.540299046531135
10123,12.861451612212655
10124,13.109456230533363
10125,14.171280252331625
10126,14.772884374078988
10127,12.699258655981517
10128,12.977567390495082
10129,8.932776731115105
10130,14.87851582976813
10131,14.900053999979088
10132,12.409591538097484
10133,10.850298669256562
10134,11.040504260794501
10135,13.521686906369219
10136,12.775973036126103
10137,13.997096482891466
10138,13.792878152153959
10139,14.27470813494705
10140,8.09076039885529
10141,13.626045508637446
10142,11.398185982843918
10143,17.04552382918929
10144,13.903526920397317
10145,16.1991970375974
10146,13.68538495976851
10147,14.634666202204055
10148,15.628376581770484
10149,12.26031479265096
10150,14.353676266532693
10151,8.921144545958304
10152,10.890531061532098
10153,20.11788195858301
10154,16.021989514139758
10155,13.941418628573887
10156,20.221517106250378
10157,14.648887602666228
10158,11.398185982843918
10159,13.68963163627265
10160,13.744050369069601
10161,14.358795729251806
10162,15.286205754385149
10163,16.55686784439735
10164,6.66592866312816
10165,9.810507118074039
10166,14.73039665581043
10167,13.606267746687305
10168,14.06998572371074
10169,14.466414240372593
10170,14.401429524805765
10171,13.941418628573887
10172,11.32443719865776
10173,15.322322498137419
10174,13.946747135098976
10175,13.342786748904892
10176,13.828277387139117
10177,17.324966272681966
10178,13.625674161785861
10179,10.850298669256562
10180,11.32443719865776
10181,11.880443544637195
10182,13.68538495976851
10183,21.491034594720546
10184,13.63770815088435
10185,13.903526920397317
10186,14.690278274176341
10187,1.99747413096625
10188,15.68139024123359
10189,12.663284251172742
10190,12.49390531945613
10191,13.26099191336194
10192,14.358795729251806
10193,13.80730003188819
10194,14.87851582976813
10195,15.628376581770484
10196,13.80730003188819
10197,12.243825395835499
10198,12.52066889965458
10199,13.337149964402332
10200,34.35197092269833
10201,17.453750265188493
10202,12.919880290506443
10203,19.33639021684773
10204,14.57341251069584
10205,17.324966272681966
10206,13.960298641905435
10207,14.649401189685936
10208,14.3063293660953
10209,13.932462059110858
10210,12.892976172529398
10211,13.675546577000041
10212,13.871277445321779
10213,14.06998572371074
10214,23.426355892312035
10215,23.426355892312035
10216,14.428101319273013
10217,20.667176738529328
10218,1.99747413096625
10219,13.971326119318364
10220,15.9437607796055
10221,12.53446915454213
10222,12.26031479265096
10223,13.742319077244778
10224,18.932663655056988
10225,13.194030566435272
10226,19.51657591497265
10227,35.512520623486445
10228,14.078484891362507
10229,12.724862226066314
10230,13.501217657390796
10231,11.097986453566637
10232,13.330373824125788
10233,12.982491884589509
10234,13.606377027085362
10235,11.079497235391848
10236,13.913559762813687
10237,26.17136530068504
10238,12.834734062225296
10239,16.46524967605069
10240,14.61659934526753
10241,29.598324364997413
10242,13.764635932993276
10243,2.1675315841419756
10244,11.709487513167119
10245,13.636412614674107
10246,10.767363030459325
10247,14.420681901822878
10248,16.128015208895576
10249,13.66595303801277
10250,16.647393811962047
10251,13.720618054797823
10252,14.167860206638368
10253,29.598324364997413
10254,13.683081077444673
10255,29.598324364997413
10256,12.22851077082215
10257,17.26372920540983
10258,11.949546442850528
10259,36.62171393643393
10260,12.328791039254284
10261,12.045423627242123
10262,13.901188233035294
10263,14.146831713584064
10264,12.435661832677114
10265,14.709909555418726
10266,10.175787629771621
10267,14.85187550606386
10268,15.714510685955407
10269,14.167860206638368
10270,11.941756907472458
10271,15.080118205246514
10272,13.913559762813687
10273,8.288831211540465
10274,11.872332129072275
10275,14.160173019515423
10276,14.402260047930465
10277,13.641172522688716
10278,28.62019161308801
10279,13.54665439034333
10280,6.6918566119976735
10281,13.759097021110886
10282,8.288831211540465
10283,39.096870951616985
10284,13.409854425421116
10285,16.4317051146486
10286,12.426875039666259
10287,14.85187550606386
10288,13.131046980080265
10289,14.160173019515423
10290,16.551402666749947
10291,15.487336187968415
10292,2.1675315841419756
10293,12.982491884589509
10294,13.764635932993276
10295,14.402260047930465
10296,14.301557081040013
10297,18.491345234609568
10298,23.563944220138723
10299,13.606377027085362
10300,14.60507569870615
10301,14.815200889930475
10302,14.60507569870615
10303,15.508251537135923
10304,11.872332129072275
10305,39.096870951616985
10306,14.146831713584064
10307,13.578612228311988
10308,13.905501907387498
10309,13.641172522688716
10310,14.510294287618178
10311,16.551402666749947
10312,15.356830867023097
10313,11.927245545658751
10314,14.729697969614708
10315,14.47555703934631
10316,13.933596755496174
10317,13.988107649639614
10318,13.409854425421116
10319,14.92747593113253
10320,13.66595303801277
10321,12.401776384556264
10322,10.126073049810435
10323,13.720618054797823
10324,16.647393811962047
10325,13.66595303801277
10326,14.040475511915314
10327,13.939712496002327
10328,11.223712368251942
10329,12.34845215420066
10330,16.4317051146486
10331,13.66595303801277
10332,39.096870951616985
10333,10.767363030459325
10334,13.685904030571294
10335,16.4317051146486
10336,12.800346345564595
10337,14.420681901822878
10338,10.126073049810435
10339,13.778972076970028
10340,13.738456503820874
10341,14.47555703934631
10342,13.648036460825441
10343,12.936015641879266
10344,13.407088861522508
10345,17.553026103880452
10346,16.30441948915716
10347,13.677930346581716
10348,13.524188322164918
10349,12.44071672126117
10350,13.606377027085362
10351,13.683081077444673
10352,14.871945738223443
10353,15.508251537135923
10354,13.22298532428667
10355,13.636570424412486
10356,7.302192782752013
10357,19.862105824323965
10358,36.62171393643393
10359,12.426875039666259
10360,12.56926761050699
10361,16.134356297593502
10362,13.685904030571294
10363,13.62354123379216
10364,15.356880173909182
10365,13.720618054797823
10366,13.22298532428667
10367,13.3032211034012
10368,9.311861249414514
10369,2.1675315841419756
10370,14.167860206638368
10371,13.407088861522508
10372,13.72921921594026
10373,14.01141327178017
10374,12.44071672126117
10375,13.668759810316637
10376,12.916726398536731
10377,12.44071672126117
10378,14.932713941132198
10379,13.723811402272815
10380,14.009523340577667
10381,10.853492600722094
10382,12.75550048430815
10383,5.780964212563799
10384,13.3032211034012
10385,10.767363030459325
10386,13.211294608336594
10387,13.991866265280462
10388,13.685904030571294
10389,17.979548681540766
10390,39.096870951616985
10391,12.324363027274332
10392,13.841706622062418
10393,13.64781715959351
10394,14.269582067796145
10395,12.342421637468243
10396,13.211294608336594
10397,13.3032211034012
10398,16.4317051146486
10399,12.324363027274332
10400,14.160173019515423
10401,13.339088582916842
10402,14.115640702601308
10403,13.606377027085362
10404,14.024613155794693
10405,13.476214400902748
10406,10.126073049810435
10407,14.47555703934631
10408,13.913559762813687
10409,12.916726398536731
10410,16.134356297593502
10411,14.641941226603581
10412,13.799898430346579
10413,14.610374299060574
10414,12.733145680370248
10415,13.828280029613298
10416,12.80913230240945
10417,10.95430214163022
10418,8.013989525659301
10419,9.049931800715843
10420,14.212852666517641
10421,14.020235061641255
10422,19.13957958122345
10423,7.543139957048178
10424,14.383870852813889
10425,11.765242319785765
10426,13.829144898030975
10427,12.845933565662689
10428,14.412439980340002
10429,14.28192629662323
10430,14.053140887160067
10431,14.242036719241232
10432,12.512213507107129
10433,14.913912774441103
10434,14.033514888187362
10435,13.990306187615094
10436,14.120244003097469
10437,12.526759443882854
10438,14.48764408782089
10439,12.07683497519659
10440,15.605195243968655
10441,13.797608041306152
10442,17.6415898732217
10443,12.839347869082973
10444,15.540354161383302
10445,19.13957958122345
10446,10.822934923172369
10447,37.055190651200704
10448,20.842089047883157
10449,7.259777298764733
10450,15.60090098409129
10451,14.208754237902713
10452,14.120244003097469
10453,16.440846091826625
10454,13.799898430346579
10455,14.305246669643283
10456,14.26426200388673
10457,15.670204092076519
10458,15.487038606067218
10459,7.259777298764733
10460,12.398921274892912
10461,12.166966197590373
10462,15.097905044452842
10463,12.974954792974547
10464,12.839347869082973
10465,14.120244003097469
10466,14.33598632560355
10467,14.926840822270794
10468,14.74171690973426
10469,12.68083633220036
10470,12.627945052791596
10471,12.839347869082973
10472,16.162916376690053
10473,12.80913230240945
10474,13.524799781123194
10475,13.69654538464741
10476,13.990306187615094
10477,2.024452691139605
10478,20.841968294400647
10479,16.854548214176457
10480,14.165461729418672
10481,16.151522931690927
10482,14.498671059252771
10483,14.190071564456197
10484,16.33103444993704
10485,11.54858429656245
10486,12.80913230240945
10487,12.933633961876298
10488,12.80913230240945
10489,11.868482514684786
10490,13.292998988903301
10491,14.217446087308366
10492,11.887990347126808
10493,13.584621802038612
10494,14.858749815684254
10495,14.238347548519956
10496,12.449692061565038
10497,14.02656382783369
10498,14.645146929667659
10499,11.195081697681296
10500,13.673919629129712
10501,13.707586567040012
10502,11.195081697681296
10503,14.205505061727656
10504,15.99286352951177
10505,14.62922731611624
10506,14.033514888187362
10507,10.99571238468823
10508,12.962577754157492
10509,18.095414747832187
10510,14.317331911408177
10511,14.02656382783369
10512,12.30704693627205
10513,13.635144586965685
10514,14.691547855414225
10515,12.166966197590373
10516,13.509595477664563
10517,15.22109366819981
10518,16.494995430394127
10519,12.398921274892912
10520,15.506140405807258
10521,19.81614513727715
10522,17.052175837051767
10523,12.933633961876298
10524,13.7807738602351
10525,16.268755607414338
10526,18.057673748239207
10527,15.670204092076519
10528,18.76590239863443
10529,14.30837472206537
10530,13.628531908104177
10531,14.469060360288156
10532,14.722634235396248
10533,37.055190651200704
10534,16.726876616167218
10535,16.494995430394127
10536,14.491967298895913
10537,14.120244003097469
10538,14.020235061641255
10539,14.020235061641255
10540,13.541444353356487
10541,12.806796974102918
10542,12.166966197590373
10543,10.747768591078163
10544,9.049931800715843
10545,14.286692578128656
10546,12.168409670516237
10547,14.033514888187362
10548,16.315486060960016
10549,11.765242319785765
10550,9.049931800715843
10551,19.13957958122345
10552,14.865138149781602
10553,14.610374299060574
10554,13.23149204387752
10555,15.078360645054218
10556,13.69654538464741
10557,12.512213507107129
10558,13.586773916654403
10559,14.469060360288156
10560,15.540354161383302
10561,15.506140405807258
10562,14.701180286694893
10563,13.628531908104177
10564,14.020235061641255
10565,15.594988496820363
10566,13.799898430346579
10567,13.990306187615094
10568,14.19044567605138
10569,13.673919629129712
10570,14.610374299060574
10571,14.62922731611624
10572,16.472047377239328
10573,12.056248173835042
10574,18.76590239863443
10575,16.33103444993704
10576,15.640243381002449
10577,12.779069946660078
10578,9.049931800715843
10579,14.913912774441103
10580,13.797608041306152
10581,14.491967298895913
10582,13.163868613740197
10583,15.485131521592699
10584,20.841968294400647
10585,14.381864175657372
10586,13.120021598234624
10587,13.509049108253746
10588,12.138602041681548
10589,13.485447491353975
10590,12.166966197590373
10591,14.645146929667659
10592,13.700863303326466
10593,11.126169646771872
10594,14.053140887160067
10595,15.582136741334077
10596,14.45073413653079
10597,14.923105913758041
10598,19.015757193882823
10599,16.011997377622365
10600,13.762707774254665
10601,14.144764191783258
10602,14.431991814656191
10603,14.146701585289884
10604,13.373626154784978
10605,14.197433802735553
10606,13.91038176252866
10607,12.732881993301863
10608,23.93679733949283
10609,15.383568365555593
10610,15.399334846384106
10611,14.45073413653079
10612,14.784412476677439
10613,24.997399823567353
10614,13.46370709087909
10615,15.765165770983371
10616,13.193760637768785
10617,14.055912001391123
10618,16.937481794593477
10619,16.717207650068996
10620,19.16089680543652
10621,14.36355616134898
10622,15.102702200812189
10623,19.141881841063515
10624,15.304343723340125
10625,14.560258374411696
10626,14.070629145360163
10627,23.93679733949283
10628,33.84306566826113
10629,12.955554595114137
10630,14.736203871576281
10631,14.923105913758041
10632,12.80831219651186
10633,12.054298631191987
10634,13.900059099176742
10635,12.227125278253899
10636,17.549075488913854
10637,14.455628035420808
10638,13.401965481695363
10639,19.62711240453569
10640,15.164677038793773
10641,13.768486915689813
10642,33.84306566826113
10643,13.368666542999888
10644,14.73043100504958
10645,13.589503405948797
10646,14.923105913758041
10647,13.04716979680152
10648,14.704099333661036
10649,15.102702200812189
10650,13.823396747663677
10651,15.246755358049926
10652,13.155050962418969
10653,14.051773849567047
10654,14.44248315433555
10655,14.45196366637974
10656,14.06087734377284
10657,15.651657504173482
10658,15.399334846384106
10659,13.733844349687976
10660,14.051773849567047
10661,15.292381073883513
10662,17.878387480765042
10663,13.368666542999888
10664,14.37986259442896
10665,22.551378916950952
10666,13.589503405948797
10667,13.532434620232328
10668,13.716527958213144
10669,13.866001277045774
10670,16.937481794593477
10671,16.225394162809625
10672,19.741724698582097
10673,13.675928783367844
10674,13.04716979680152
10675,15.061172528367546
10676,12.7236714007081
10677,16.151500720056504
10678,14.06087734377284
10679,13.973764732747744
10680,13.444416996815418
10681,14.36355616134898
10682,13.944862381746644
10683,17.63594424048347
10684,12.128335359633125
10685,14.098580656760868
10686,14.533290221531612
10687,14.055912001391123
10688,14.197433802735553
10689,14.73043100504958
10690,13.881737514371922
10691,15.35562974856812
10692,13.785822107222609
10693,16.566620764140687
10694,14.323893449016035
10695,13.768486915689813
10696,11.960102687692666
10697,14.73043100504958
10698,17.986316040291644
10699,14.490124824216403
10700,17.489901339182175
10701,13.768486915689813
10702,14.163032130418168
10703,11.480818838155756
10704,16.717207650068996
10705,14.958804692985376
10706,13.04716979680152
10707,13.619823638581229
10708,14.055912001391123
10709,14.090874283805032
10710,13.675928783367844
10711,13.823396747663677
10712,19.141881841063515
10713,13.881737514371922
10714,15.292381073883513
10715,14.144764191783258
10716,15.950773629205377
10717,31.19800285308883
10718,19.37814816556088
10719,14.995698638986424
10720,14.130912549618328
10721,14.448936174192387
10722,13.823396747663677
10723,13.907971968742434
10724,14.051773849567047
10725,14.197433802735553
10726,14.45073413653079
10727,14.316825331141484
10728,14.923105913758041
10729,14.323893449016035
10730,16.717207650068996
10731,13.368666542999888
10732,13.368666542999888
10733,14.177942552166979
10734,13.784859688923012
10735,23.93679733949283
10736,13.924787085176328
10737,13.583908888435039
10738,14.064630050639282
10739,14.704099333661036
10740,14.573231996445168
10741,13.428853278848905
10742,22.359446866938892
10743,14.3559462919851
10744,13.980064087434384
10745,14.784412476677439
10746,31.19800285308883
10747,14.856390370762053
10748,13.675928783367844
10749,13.849098933143695
10750,33.84306566826113
10751,14.323893449016035
10752,15.310722098482545
10753,12.779836074536533
10754,14.782415416924069
10755,19.141881841063515
10756,15.69563616500085
10757,19.741724698582097
10758,14.127948826892398
10759,14.673520495160847
10760,14.412996416981354
10761,11.889593755224908
10762,14.370024666927451
10763,13.823396747663677
10764,14.653045591767432
10765,14.533290221531612
10766,21.65377024533261
10767,15.35562974856812
10768,15.33850346567358
10769,14.728689394745048
10770,12.65181091349743
10771,13.707297882025529
10772,15.11100868125077
10773,15.262600320670671
10774,15.390881452381533
10775,13.852368251188679
10776,14.895944383335497
10777,11.207254477033494
10778,17.63594424048347
10779,19.62711240453569
10780,13.933391797286003
10781,11.92458471281469
10782,11.471730929886213
10783,15.346253354482691
10784,13.785822107222609
10785,14.174047283169273
10786,16.541285511807132
10787,12.253236946215058
10788,18.97363752994473
10789,14.313697278813507
10790,13.252740446503207
10791,13.221012207574136
10792,11.96136399837276
10793,14.97962665160298
10794,12.978339050458532
10795,16.116764555072525
10796,14.884627514810905
10797,12.90938759376462
10798,14.165769387622221
10799,13.331909493832729
10800,13.331909493832729
10801,16.52592361504085
10802,11.83967702318893
10803,14.884627514810905
10804,5.896252115546156
10805,4.430439782071501
10806,2.578633082206211
10807,13.168686068617102
10808,13.415200512369758
10809,13.298713617517983
10810,14.237561116378602
10811,14.485882688408667
10812,9.161808587124474
10813,14.313697278813507
10814,13.53445906040438
10815,12.474575534356772
10816,13.54121920252338
10817,14.726948313525108
10818,12.978339050458532
10819,14.549685773958114
10820,10.413091589472888
10821,0.04671253229974162
10822,10.155647210308082
10823,7.866036761420817
10824,14.414950380557363
10825,16.585931764644407
10826,13.169589616129475
10827,12.648093129302563
10828,15.930076190164128
10829,9.56774720964782
10830,13.271669706093768
10831,6.07269783420203
10832,13.134093973696535
10833,12.83559472005325
10834,16.541285511807132
10835,2.578633082206211
10836,15.339045016899563
10837,15.185023923840639
10838,5.896252115546156
10839,16.060915351334256
10840,13.706551357673488
10841,14.351379630651527
10842,13.868606992496067
10843,14.826941155458638
10844,11.368106065342054
10845,14.174047283169273
10846,11.83967702318893
10847,14.675550772526078
10848,10.793594969862779
10849,10.793594969862779
10850,13.106645579906136
10851,11.71576149668088
10852,13.10728189107193
10853,12.071342768161795
10854,13.245475202625535
10855,14.686816318835275
10856,13.10728189107193
10857,14.86420569525146
10858,12.376379119230018
10859,14.855633367077987
10860,13.762766345747371
10861,14.907773075861618
10862,4.430439782071501
10863,13.134093973696535
10864,16.116764555072525
10865,12.805497178312537
10866,12.90938759376462
10867,15.889594885980202
10868,13.884705455652666
10869,14.192923616838343
10870,13.313867398891032
10871,12.60905359644166
10872,13.801933572363287
10873,8.563568541102853
10874,14.313697278813507
10875,12.18364416003949
10876,13.76127204780345
10877,15.889594885980202
10878,13.142793028753704
10879,5.751337056858649
10880,14.464998164419846
10881,13.265403193197077
10882,12.071342768161795
10883,17.916508995198647
10884,12.978339050458532
10885,10.413091589472888
10886,16.211022706697072
10887,15.743233121725755
10888,13.76127204780345
10889,15.930076190164128
10890,14.516051626177992
10891,12.376379119230018
10892,7.866036761420817
10893,13.365906237941314
10894,12.328964631389074
10895,14.378023291289125
10896,11.976958174912223
10897,14.351379630651527
10898,13.417508359040596
10899,15.581714273834983
10900,12.750752115634063
10901,13.10728189107193
10902,14.213298080627244
10903,8.563568541102853
10904,10.793594969862779
10905,13.142793028753704
10906,13.415200512369758
10907,10.793594969862779
10908,16.325001079741032
10909,6.07269783420203
10910,15.889594885980202
10911,16.161201975377832
10912,12.328964631389074
10913,3.212684986923027
10914,12.322046591879914
10915,14.985879335551159
10916,4.430439782071501
10917,15.532782834796656
10918,14.90008214362271
10919,12.657678188005878
10920,17.68540528523762
10921,14.884627514810905
10922,12.648093129302563
10923,10.413091589472888
10924,14.855633367077987
10925,12.625025011326658
10926,13.179708918900324
10927,14.97962665160298
10928,14.414950380557363
10929,16.060915351334256
10930,14.855633367077987
10931,14.333676804848908
10932,13.276462274031548
10933,13.484279359742729
10934,11.426001184017968
10935,16.585931764644407
10936,15.162058020430022
10937,15.930076190164128
10938,12.253236946215058
10939,3.212684986923027
10940,12.991680608448602
10941,9.161808587124474
10942,15.864445524898441
10943,11.441365962567975
10944,14.626348638547169
10945,13.768747017860294
10946,17.04681274493893
10947,13.04760914392339
10948,7.612020249933253
10949,13.954559344850747
10950,13.343334832888377
10951,12.89858412955259
10952,14.029315711033144
10953,12.272609014787559
10954,10.5237381348908
10955,11.203632611245018
10956,14.029315711033144
10957,15.73920358871308
10958,13.448752022160537
10959,13.841377465596974
10960,14.049267511519878
10961,13.17094277533727
10962,7.612020249933253
10963,14.668458909052273
10964,14.855897390685834
10965,14.501015128206824
10966,14.756645789404875
10967,13.068549876767806
10968,14.5625304068867
10969,12.888420277183437
10970,12.951646603562974
10971,15.49283778047254
10972,13.763617416507884
10973,15.864445524898441
10974,14.313913797482213
10975,15.107978555018446
10976,13.721090935641348
10977,13.556150917720762
10978,11.492582513690161
10979,11.923475529077395
10980,15.1363168236057
10981,14.676058203891593
10982,18.543462761959116
10983,10.74194078183897
10984,12.293753256479418
10985,14.4726564619075
10986,10.788284644220717
10987,13.792582621678672
10988,16.42520179907329
10989,7.612020249933253
10990,15.906151700331803
10991,16.32674189590474
10992,13.135703066068816
10993,11.441365962567975
10994,15.251404274462045
10995,17.33140287145871
10996,13.284780090006603
10997,11.600259526046809
10998,13.387299641650982
10999,12.565663810196048
11000,10.5237381348908
11001,13.094652724083048
11002,13.843806097190804
11003,9.413104127012323
11004,14.942541473485639
11005,12.574985736169324
11006,16.040248336523643
11007,12.880848145175166
11008,13.045528823866938
11009,13.33100645518741
11010,15.359077020720454
11011,12.863724417666315
11012,10.898411073064457
11013,14.3393150245401
11014,10.118291817574846
11015,14.494912697766564
11016,11.03855904341292
11017,13.669514493736848
11018,15.176261298795174
11019,7.9402056927076
11020,12.565663810196048
11021,13.33100645518741
11022,14.083008028029626
11023,13.343334832888377
11024,14.5625304068867
11025,14.573245292600483
11026,14.756645789404875
11027,14.248118165753052
11028,13.674749712513005
11029,11.03855904341292
11030,13.440593193895653
11031,13.950037450161732
11032,13.889775585543385
11033,13.343334832888377
11034,13.329401408124081
11035,13.710599108597805
11036,14.942541473485639
11037,14.342274561113532
11038,11.835497388302477
11039,13.33100645518741
11040,14.676058203891593
11041,11.565402643281498
11042,12.062513893899713
11043,11.508279043524725
11044,14.029315711033144
11045,13.812037639563684
11046,13.343334832888377
11047,13.378189667122912
11048,13.763617416507884
11049,14.676058203891593
11050,13.721090935641348
11051,12.863724417666315
11052,13.978421804426592
11053,16.42520179907329
11054,13.565519325222422
11055,13.889775585543385
11056,13.111272619880227
11057,13.523070209185496
11058,11.923475529077395
11059,12.293753256479418
11060,13.672665409050566
11061,15.251404274462045
11062,13.284780090006603
11063,12.89858412955259
11064,12.888420277183437
11065,14.248118165753052
11066,9.413104127012323
11067,14.942541473485639
11068,13.625458481346941
11069,14.471315083048673
11070,13.423193418675643
11071,14.942541473485639
11072,7.612020249933253
11073,12.565663810196048
11074,15.1363168236057
11075,13.659022424772342
11076,13.719823872894334
11077,13.812037639563684
11078,13.478417751556684
11079,11.544968379779876
11080,14.043249041610089
11081,14.25803880876766
11082,13.179368880706004
11083,13.272133813625466
11084,14.676058203891593
11085,13.216208408256701
11086,9.658787874714129
11087,16.21473850896114
11088,15.766274475719714
11089,15.17570265138594
11090,13.695971210558124
11091,15.297225506576074
11092,15.89011103806681
11093,12.951646603562974
11094,17.04681274493893
11095,15.176261298795174
11096,13.10113378023091
11097,15.822101419507547
11098,18.88783138850423
11099,14.471315083048673
11100,14.628574805657738
11101,13.01230103332785
11102,12.574985736169324
11103,14.232454643016505
11104,13.33100645518741
11105,14.628574805657738
11106,15.241928616540736
11107,13.889775585543385
11108,13.216208408256701
11109,13.735370755863405
11110,13.812037639563684
11111,13.768747017860294
11112,14.029315711033144
11113,15.176261298795174
11114,13.523070209185496
11115,14.586752759287222
11116,14.052177539491643
11117,13.406511155087275
11118,13.343334832888377
11119,14.5625304068867
11120,7.612020249933253
11121,14.82967207506965
11122,13.329401408124081
11123,13.583445799986976
11124,14.75773675224551
11125,14.043249041610089
11126,12.46685880743749
11127,11.835497388302477
11128,6.126442421878559
11129,5.3941853802046005
11130,8.168083718730719
11131,12.691713521799329
11132,5.389996174920638
11133,15.152163258383146
11134,18.361360456239872
11135,6.126442421878559
11136,16.32144972502206
11137,6.126442421878559
11138,6.225735009556952
11139,13.017758324229078
11140,13.425490359478678
11141,5.3941853802046005
11142,11.105177700614739
11143,12.291899879160203
11144,12.0885737884187
11145,14.382289656316932
11146,15.049724375007354
11147,11.166828246121698
11148,12.800273062456307
11149,12.23438237260475
11150,12.611769415558824
11151,14.959595731308612
11152,12.769675848219624
11153,16.649984134462585
11154,2.598483491684037
11155,9.250996244334306
11156,18.383862658626516
11157,15.446937065410458
11158,14.866778462014535
11159,13.313674888951363
11160,13.516970355853744
11161,14.156798875128679
11162,5.3941853802046005
11163,18.598395409002272
11164,12.60117186633086
11165,12.291899879160203
11166,23.436127519026606
11167,0.9060366666471924
11168,8.168083718730719
11169,15.287650487815029
11170,12.611769415558824
11171,13.908042455693357
11172,13.135212156683306
11173,13.144914673126006
11174,15.287650487815029
11175,11.150464499460822
11176,7.2524426376710505
11177,12.332301851316341
11178,12.470656761787325
11179,13.372411506395798
11180,13.252824280696881
11181,12.166349609750286
11182,14.03975327957555
11183,12.370251851890888
11184,13.37959664083229
11185,15.347207481835373
11186,7.648588142347962
11187,11.06812297373652
11188,12.291899879160203
11189,16.666861684188984
11190,8.168083718730719
11191,0.9060366666471924
11192,15.635049495816645
11193,18.383862658626516
11194,16.283353194871697
11195,6.225735009556952
11196,14.89901512535582
11197,5.389996174920638
11198,15.45753449826753
11199,15.775284208156284
11200,4.821912445292146
11201,14.812691738379984
11202,15.287650487815029
11203,6.225735009556952
11204,12.836187164784562
11205,14.3954485192693
11206,15.446937065410458
11207,15.014577532757121
11208,6.225735009556952
11209,14.094539709799422
11210,9.811541916772564
11211,8.008126839993174
11212,13.017758324229078
11213,18.601426153518602
11214,12.149047737721265
11215,13.179814773875925
11216,12.0885737884187
11217,15.889302339643683
11218,12.45276687937072
11219,12.103471409297025
11220,5.389996174920638
11221,12.295184779242971
11222,9.250996244334306
11223,13.591894284954735
11224,14.769378222784626
11225,15.61024701783881
11226,16.443054972042592
11227,16.157223383143954
11228,15.12689334212891
11229,13.919923584527465
11230,15.25139551721561
11231,12.103471409297025
11232,15.497072965264802
11233,20.89578964153949
11234,18.383862658626516
11235,15.335511736015851
11236,14.009537937113366
11237,13.906030383903328
11238,8.785719606050476
11239,13.706215720948336
11240,15.57673317290017
11241,7.648588142347962
11242,13.906030383903328
11243,8.008126839993174
11244,8.168083718730719
11245,8.008126839993174
11246,12.661856248203184
11247,10.18156290260931
11248,18.623729121108955
11249,8.008126839993174
11250,19.60750414188142
11251,5.3941853802046005
11252,12.185374318828487
11253,17.546331801074935
11254,12.166349609750286
11255,12.166349609750286
11256,18.152861090526198
11257,14.15967124853778
11258,13.581988091913518
11259,6.784815219118506
11260,14.681296120663774
11261,3.95362910299627
11262,3.6519520246572834
11263,6.784815219118506
11264,15.446937065410458
11265,9.811541916772564
11266,11.96635650093957
11267,3.6519520246572834
11268,15.11616940188436
11269,17.103849364579414
11270,15.733994051970456
11271,14.23985868022293
11272,13.486876588670961
11273,15.138018886353072
11274,12.680407953197852
11275,5.389996174920638
11276,16.649984134462585
11277,12.667700231192763
11278,12.836187164784562
11279,16.649984134462585
11280,10.087994998575953
11281,4.764904528485986
11282,16.666861684188984
11283,14.835688254170416
11284,4.821912445292146
11285,16.32144972502206
11286,15.287650487815029
11287,14.681296120663774
11288,14.32969357065249
11289,12.736347893331725
11290,7.029894985064353
11291,23.68367098474537
11292,16.140054119895602
11293,13.790222916353944
11294,20.902695026106553
11295,9.95112451746722
11296,13.090668898474783
11297,22.163956954240202
11298,13.078963245369952
11299,14.128628517632293
11300,11.082663176601807
11301,13.93193173679769
11302,10.686939628625433
11303,12.918183502924695
11304,12.721531267120652
11305,12.439060423988542
11306,12.560867870539225
11307,14.29908165416761
11308,13.441745293584319
11309,15.375696542419691
11310,12.072511952644396
11311,21.114713546045095
11312,17.958629367032486
11313,14.131885518871034
11314,12.25965424483119
11315,31.513104164497587
11316,13.579212024027482
11317,14.142425437910406
11318,13.109255696389123
11319,17.31264095584855
11320,12.673851483793912
11321,25.60963539556778
11322,17.985012068518262
11323,12.458844150436134
11324,14.639669105941005
11325,12.565584978821361
11326,31.40007091195656
11327,17.985012068518262
11328,11.419990359508791
11329,14.411037568766014
11330,10.64299337644276
11331,13.51629816650111
11332,31.40007091195656
11333,14.112054158913477
11334,12.07982586384461
11335,12.53269425608267
11336,13.526243815529396
11337,21.145960908096786
11338,12.332434827885377
11339,6.586278757052354
11340,12.490959570364993
11341,13.07256708794325
11342,14.131885518871034
11343,10.686939628625433
11344,12.417915251699691
11345,14.274057027898088
11346,11.662693432680374
11347,25.60963539556778
11348,6.385189675310923
11349,11.793045459963555
11350,13.119934650755757
11351,13.698278807202533
11352,12.062010402560471
11353,10.054614929875157
11354,14.636484575396738
11355,12.522611698127697
11356,12.098302194634435
11357,10.64299337644276
11358,21.732347656903595
11359,12.266351610525675
11360,12.674049787377491
11361,11.93780745650407
11362,13.454763203142198
11363,12.777699100331104
11364,11.35078040095125
11365,17.067602842020328
11366,13.783691348341335
11367,13.020395885979246
11368,16.602038763190546
11369,18.3235070300147
11370,13.167625483071411
11371,12.624228610063877
11372,12.44665091497926
11373,14.131885518871034
11374,17.067602842020328
11375,22.85610675302195
11376,11.662693432680374
11377,11.904292204847806
11378,13.127327508174393
11379,11.676535310227763
11380,14.131885518871034
11381,12.736347893331725
11382,14.50613006354262
11383,14.131885518871034
11384,21.145960908096786
11385,13.078963245369952
11386,12.34554670515095
11387,13.127327508174393
11388,15.378556589042315
11389,19.66817991425386
11390,12.173064579600263
11391,13.312440845436864
11392,13.946265558446797
11393,12.85158162135272
11394,13.577805068297428
11395,13.483829797077409
11396,12.466508873278542
11397,12.632404398321285
11398,10.015663835788168
11399,12.895778380881257
11400,13.955856129449232
11401,11.936378236966979
11402,21.114713546045095
11403,12.972035727035225
11404,11.533634790632915
11405,23.68367098474537
11406,13.148162017531162
11407,13.483829797077409
11408,17.31264095584855
11409,31.40007091195656
11410,12.918183502924695
11411,13.059563685784473
11412,12.522611698127697
11413,11.287838784878836
11414,13.515603500073368
11415,13.51629816650111
11416,11.7663600174698
11417,13.93193173679769
11418,14.141285443870162
11419,12.25965424483119
11420,12.276181560155148
11421,12.03832140745018
11422,9.95112451746722
11423,13.202924507439567
11424,13.818130213512044
11425,14.356502200740811
11426,12.632404398321285
11427,12.721531267120652
11428,17.681974281552524
11429,22.065018556094657
11430,14.230891680566016
11431,14.664633380054047
11432,11.223667193396112
11433,22.136122828507006
11434,12.674049787377491
11435,13.090668898474783
11436,6.385189675310923
11437,13.807934873100727
11438,9.95112451746722
11439,15.766424756994818
11440,14.639669105941005
11441,15.21295921476683
11442,17.076839002115094
11443,14.501409993567458
11444,14.141285443870162
11445,11.750945731087345
11446,13.890186051618887
11447,22.163956954240202
11448,12.972035727035225
11449,11.719704311524337
11450,11.93780745650407
11451,16.740272451961065
11452,13.127327508174393
11453,8.002694111150852
11454,12.592073907640527
11455,11.218715089307803
11456,15.766424756994818
11457,6.586278757052354
11458,14.29908165416761
11459,12.845065034651482
11460,11.631459671552273
11461,13.300877330194572
11462,13.990733269083979
11463,13.93193173679769
11464,17.958629367032486
11465,11.775442199356766
11466,12.314453525015596
11467,12.592073907640527
11468,22.63284154237111
11469,17.681974281552524
11470,13.783691348341335
11471,12.07982586384461
11472,9.987074085861007
11473,13.625261510495251
11474,13.398110814742978
11475,13.743414709355527
11476,13.164456250061738
11477,23.43841592716725
11478,14.923735457345646
11479,16.077018146618116
11480,13.80833009972593
11481,16.1172562410931
11482,12.962779267597545
11483,15.109503028456821
11484,16.234623290396552
11485,17.758444154518163
11486,13.734735870518053
11487,13.526327432437313
11488,12.665261751180697
11489,14.129402149876027
11490,15.031186713783939
11491,13.112021802676688
11492,16.170418670338886
11493,13.903341722488321
11494,18.75461913987937
11495,13.508721658728993
11496,13.45433597085235
11497,13.735677322272771
11498,13.41713928871042
11499,17.223200619807614
11500,14.71914902641348
11501,13.684081458384076
11502,13.863705930084073
11503,13.876573203733514
11504,14.104242761027947
11505,13.744356464468074
11506,15.252180681585518
11507,11.556802640550217
11508,14.138572992770447
11509,16.57942930126076
11510,14.32771322694002
11511,13.084421493349936
11512,14.923735457345646
11513,13.75330494835472
11514,17.758444154518163
11515,13.112021802676688
11516,14.14416008431442
11517,14.07798557975039
11518,13.71750642971079
11519,15.400137255905504
11520,13.264023101242282
11521,16.1172562410931
11522,14.283377251422477
11523,17.56214550828112
11524,15.421232411649626
11525,13.25984129330494
11526,13.374762371529227
11527,15.141385470940685
11528,12.13977648105686
11529,13.44586145698381
11530,13.75728962041049
11531,13.385842087294737
11532,13.744356464468074
11533,13.3144210603041
11534,14.470275012734671
11535,12.166255286652085
11536,15.061699046170798
11537,13.099832538300063
11538,15.487081639325746
11539,15.948380288987785
11540,13.127873627245792
11541,14.479063858659663
11542,14.005091291655738
11543,14.060785759154372
11544,15.385186018091435
11545,13.328803807536719
11546,16.472139270924863
11547,15.201486211201866
11548,13.343692431375622
11549,13.651072072828477
11550,12.962779267597545
11551,13.375685661315213
11552,17.758444154518163
11553,14.31046399609531
11554,12.13977648105686
11555,12.868026345846461
11556,14.07798557975039
11557,12.036249129912655
11558,14.762845479813848
11559,13.42537517853456
11560,16.893172650563294
11561,12.665261751180697
11562,11.556802640550217
11563,13.75728962041049
11564,16.077018146618116
11565,14.360579512664875
11566,13.489024267680684
11567,11.435157720746645
11568,13.80833009972593
11569,14.31046399609531
11570,13.651072072828477
11571,13.93139418122384
11572,14.61360622893854
11573,28.735582026505764
11574,13.314677315027987
11575,13.792754683747292
11576,13.569008765829622
11577,17.56214550828112
11578,13.046161110385356
11579,13.843005087869097
11580,14.34276490876552
11581,14.315000082974187
11582,15.061699046170798
11583,13.510301867976182
11584,13.25984129330494
11585,13.65126067846783
11586,13.651072072828477
11587,13.651072072828477
11588,13.620667347962332
11589,12.580270871002673
11590,14.98746563919702
11591,13.873540959969114
11592,13.328803807536719
11593,14.005091291655738
11594,15.466806357257962
11595,14.850231187069973
11596,14.31046399609531
11597,14.285130735386328
11598,5.656196749551126
11599,13.127873627245792
11600,13.709837078450906
11601,17.758444154518163
11602,12.975805899217072
11603,13.213588589971247
11604,17.758444154518163
11605,13.903341722488321
11606,13.440882478952739
11607,13.42537517853456
11608,13.933192843808348
11609,15.967841533347867
11610,17.56214550828112
11611,14.706906668046804
11612,13.620667347962332
11613,12.665261751180697
11614,16.077018146618116
11615,13.561059001489285
11616,14.568019727593821
11617,13.821824779162213
11618,15.259105860865253
11619,12.607089961250473
11620,13.561059001489285
11621,13.526327432437313
11622,14.0601656516649
11623,14.038162696359866
11624,16.077018146618116
11625,14.06403290122356
11626,13.213588589971247
11627,14.71914902641348
11628,14.923735457345646
11629,12.725888878345865
11630,15.117528099628874
11631,14.34276490876552
11632,13.44586145698381
11633,13.526327432437313
11634,18.15357579638788
11635,12.036249129912655
11636,14.722639977722071
11637,13.684081458384076
11638,13.45433597085235
11639,11.556802640550217
11640,13.299236027640085
11641,16.57942930126076
11642,13.112021802676688
11643,14.31046399609531
11644,13.526327432437313
11645,11.9438735319324
11646,16.60667923689735
11647,15.195255696153135
11648,14.792689990513916
11649,13.375685661315213
11650,13.581398003873305
11651,13.991784919156137
11652,16.07065125355707
11653,14.516199580898329
11654,16.57942930126076
11655,5.656196749551126
11656,13.36637081438041
11657,13.821824779162213
11658,15.280977122880426
11659,15.517485300432487
11660,18.0488993305809
11661,13.828706863799944
11662,15.184892492309773
11663,15.517485300432487
11664,14.571074059368202
11665,13.852999351013858
11666,18.0488993305809
11667,13.852999351013858
11668,16.427077460484824
11669,15.872920159378376
11670,13.878780342676189
11671,18.029163417694402
11672,14.334873207153132
11673,13.880766825953678
11674,13.846747551397872
11675,14.204358275129758
11676,13.878780342676189
11677,14.05231057600952
11678,15.10089759557171
11679,14.055099902232781
11680,12.183741829206017
11681,15.403742442913657
11682,13.993932876081983
11683,14.13909941329113
11684,13.10115106701479
11685,14.374113818197833
11686,17.18555067442158
11687,14.532875128552426
11688,20.123078287155593
11689,14.30990712071348
11690,14.127370559660973
11691,13.333068110376196
11692,14.30990712071348
11693,24.507110204847724
11694,14.637332095179978
11695,13.635255213749748
11696,13.954125279788075
11697,14.13909941329113
11698,13.852999351013858
11699,13.750033681739206
11700,16.665373511047548
11701,12.636423450563543
11702,15.517485300432487
11703,13.445561631588038
11704,13.051347044018494
11705,14.571074059368202
11706,12.812495928979674
11707,12.183741829206017
11708,14.299089665133373
11709,13.50994375702072
11710,13.176358766520389
11711,12.990303491054588
11712,14.710369775120599
11713,13.883839927218538
11714,13.987521212853325
11715,7.707637485615095
11716,11.732139703472404
11717,13.880766825953678
11718,13.828706863799944
11719,13.968716538341548
11720,13.977502735189868
11721,13.700641332918897
11722,13.389414364674789
11723,13.700641332918897
11724,12.178912980635081
11725,13.991336889415765
11726,17.18555067442158
11727,15.10089759557171
11728,13.226130600412871
11729,8.973463065195114
11730,13.030275620442946
11731,14.324411539795559
11732,17.87735511189053
11733,13.450600322908551
11734,14.407072053221482
11735,14.578818961753537
11736,14.907514948797507
11737,16.444735973570015
11738,16.444735973570015
11739,20.610599086363525
11740,13.835506712301392
11741,16.426122460262178
11742,14.45368730216402
11743,16.426122460262178
11744,14.935059278361468
11745,16.426122460262178
11746,13.629377887412868
11747,14.107224869743247
11748,14.307784866496222
11749,13.852999351013858
11750,13.73727994693388
11751,14.157298309368992
11752,13.995653897962823
11753,13.917089427241441
11754,13.852999351013858
11755,14.307895218031872
11756,13.954125279788075
11757,15.101764385706758
11758,15.156137062324596
11759,14.056633533743664
11760,14.493076543116315
11761,15.872920159378376
11762,13.954125279788075
11763,13.65634986066225
11764,14.166843089904742
11765,12.89557346663182
11766,14.192348045044092
11767,12.310556175442528
11768,13.505983287735887
11769,12.742039304996878
11770,18.0488993305809
11771,13.814167218415433
11772,13.629377887412868
11773,13.566989046260062
11774,13.668095027214695
11775,12.742039304996878
11776,17.87735511189053
11777,12.636423450563543
11778,13.046483288097406
11779,14.49214915399871
11780,13.563496866931736
11781,13.700641332918897
11782,26.014428194851163
11783,15.466854590152304
11784,24.507110204847724
11785,14.30990712071348
11786,14.150334425872288
11787,13.10115106701479
11788,15.517485300432487
11789,13.046483288097406
11790,13.800440461659838
11791,14.363337728363248
11792,15.101764385706758
11793,13.828706863799944
11794,15.106103927706902
11795,13.668095027214695
11796,14.907514948797507
11797,11.925406203476495
11798,13.968716538341548
11799,13.929103147476875
11800,13.531857879859704
11801,14.30990712071348
11802,13.954125279788075
11803,15.223592759671655
11804,12.990303491054588
11805,13.755988329970753
11806,13.564134935555971
11807,14.571074059368202
11808,14.086417910011809
11809,11.732139703472404
11810,13.226130600412871
11811,15.403742442913657
11812,13.628648731743155
11813,14.15035160698157
11814,12.290843095791773
11815,13.554090718730928
11816,10.6652582507886
11817,13.954125279788075
11818,13.843594983256708
11819,13.159748842009085
11820,13.852999351013858
11821,13.577281189246833
11822,15.466854590152304
11823,14.898290365936328
11824,15.872920159378376
11825,13.917098262439346
11826,13.321674023456588
11827,12.32353311544996
11828,13.564134935555971
11829,14.844533448009063
11830,14.157350976532022
11831,13.496288669814884
11832,13.954125279788075
11833,14.363337728363248
11834,13.991336889415765
11835,13.226130600412871
11836,13.954125279788075
11837,13.333068110376196
11838,13.566989046260062
11839,13.766656272553604
11840,15.092412155636678
11841,14.30990712071348
11842,13.985463302702653
11843,13.226130600412871
11844,13.852999351013858
11845,14.05680827440174
11846,13.631067165734407
11847,14.109247658297367
11848,13.9259402197141
11849,14.03730210467544
11850,13.171468734657104
11851,15.396662886348008
11852,12.420789503678328
11853,12.012222958698583
11854,15.074582362235596
11855,16.60813341354174
11856,12.871615139096539
11857,13.34607297444231
11858,10.290440510294172
11859,18.380462674846232
11860,15.46161476334037
11861,13.95231392399926
11862,15.408972902343336
11863,13.586998368703396
11864,10.763221290553759
11865,11.612258778108382
11866,14.508037649293158
11867,14.109247658297367
11868,13.01289779435785
11869,13.90566809550568
11870,8.880765261310378
11871,13.626733948917535
11872,12.218817700126367
11873,12.937852533410439
11874,16.739463063515974
11875,12.409320522054623
11876,14.927414413945037
11877,13.369552649279528
11878,13.697908490690455
11879,12.887434449054615
11880,13.560180254069397
11881,12.360667329898439
11882,13.9259402197141
11883,19.451577683536502
11884,14.634239810091437
11885,12.825777761525268
11886,26.129908129801134
11887,13.697908490690455
11888,15.147974552360857
11889,14.6596213850802
11890,21.194564389397502
11891,11.791734512801368
11892,12.921875915575967
11893,27.605455430075338
11894,13.727501344537954
11895,14.766973458637954
11896,15.408972902343336
11897,15.738175938570185
11898,4.919723031863056
11899,12.558057782545509
11900,9.352304105827574
11901,14.634239810091437
11902,15.455651257794804
11903,11.083138207088162
11904,13.783753692490405
11905,12.569518478665215
11906,13.240241917632126
11907,13.586998368703396
11908,13.408712377902875
11909,13.586998368703396
11910,7.54224931475006
11911,29.67486480051836
11912,12.444794465080744
11913,11.217163758463949
11914,13.811312500049501
11915,17.23130377770755
11916,15.408972902343336
11917,15.396662886348008
11918,14.865944947293102
11919,19.693028196740435
11920,13.352143574246849
11921,15.013088850132526
11922,12.873137199286115
11923,12.530220762603696
11924,13.473508113044891
11925,14.498976640417425
11926,12.572489954101382
11927,12.985258679413478
11928,12.222019145952741
11929,13.025330458185836
11930,14.020475949570082
11931,13.586998368703396
11932,11.782733731190973
11933,14.551567106223025
11934,16.739463063515974
11935,11.267861023006741
11936,15.396662886348008
11937,3.999770752998615
11938,13.336066131583994
11939,13.171468734657104
11940,14.930368552017583
11941,8.880765261310378
11942,3.999770752998615
11943,14.239575035979657
11944,14.109247658297367
11945,13.393308569491635
11946,10.339446949827465
11947,13.776253893090109
11948,13.336066131583994
11949,11.836345050736288
11950,13.776253893090109
11951,12.569518478665215
11952,13.670270626978942
11953,12.592584970716635
11954,13.681636143008172
11955,14.020475949570082
11956,13.28738299573685
11957,13.513572569721855
11958,13.182571335510985
11959,1.9484925548442265
11960,12.407780014898954
11961,17.23130377770755
11962,14.101782336676088
11963,12.526280870969474
11964,13.895255503277113
11965,25.847730621703047
11966,12.790898616556722
11967,14.05680827440174
11968,13.076450144759184
11969,13.07981568932218
11970,13.342339585019417
11971,13.347897112954328
11972,12.673608034984731
11973,12.317861440354287
11974,12.989987992229576
11975,12.785611033702951
11976,12.379026315549845
11977,12.558057782545509
11978,14.093068580369845
11979,14.03730210467544
11980,13.626733948917535
11981,12.365456942596408
11982,19.451577683536502
11983,13.306127026764388
11984,10.734087229766804
11985,4.919723031863056
11986,15.62906679662055
11987,14.963631478969992
11988,12.516156044973178
11989,14.536104307845429
11990,13.90566809550568
11991,14.020475949570082
11992,13.9259402197141
11993,14.239575035979657
11994,15.013088850132526
11995,13.872559058111534
11996,10.650401727043608
11997,10.763221290553759
11998,13.642625650700639
11999,14.146626019408737
12000,11.040869063472055
12001,12.965406850705266
12002,13.34607297444231
12003,14.066427678373703
12004,13.66431236699276
12005,15.074582362235596
12006,14.783712112268677
12007,4.919723031863056
12008,15.030615815673746
12009,13.182571335510985
12010,13.171468734657104
12011,25.847730621703047
12012,16.60813341354174
12013,13.182571335510985
12014,13.833021226436228
12015,13.488461144081464
12016,13.271945951758788
12017,15.738175938570185
12018,12.385939233021832
12019,14.927414413945037
12020,13.318431101815678
12021,15.451991375885466
12022,25.847730621703047
12023,12.785611033702951
12024,11.836345050736288
12025,13.159636161306864
12026,8.880765261310378
12027,15.455651257794804
12028,13.586998368703396
12029,13.40982377955528
12030,14.536104307845429
12031,12.965406850705266
12032,15.074582362235596
12033,12.742092171196786
12034,13.629381872355765
12035,12.670347137059233
12036,17.49056548740633
12037,14.536104307845429
12038,14.459215693209996
12039,14.677244735073
12040,14.564040170628926
12041,19.282440487709902
12042,20.54737187893825
12043,14.353853462485231
12044,14.235549312170924
12045,13.424767026012221
12046,14.244828688992833
12047,12.542939104184448
12048,12.651079363274247
12049,14.677244735073
12050,7.486799014718745
12051,13.895551620838312
12052,14.2685342454704
12053,19.683796442422036
12054,10.752609100534888
12055,12.651079363274247
12056,15.57312235328367
12057,12.584563066306306
12058,20.146512491402117
12059,11.80083956618905
12060,14.526989254439043
12061,13.17251790901742
12062,15.325683321293067
12063,13.011990670543772
12064,22.83376312729362
12065,13.424767026012221
12066,13.783422142343474
12067,15.574363741531409
12068,14.21986273087853
12069,12.545921512634745
12070,13.947926347105248
12071,14.019878741910485
12072,14.534570217901633
12073,13.918696746135264
12074,12.651079363274247
12075,13.783422142343474
12076,14.636092957378505
12077,12.35917268759896
12078,13.974789954171113
12079,14.451535882230646
12080,14.019878741910485
12081,14.014276486712573
12082,15.66954399788201
12083,10.154616054262398
12084,12.584563066306306
12085,13.17730379303116
12086,11.0655035167571
12087,12.914369948901932
12088,14.046789325841868
12089,15.52194264257215
12090,15.52194264257215
12091,14.014276486712573
12092,16.68236213899187
12093,12.605051750127519
12094,10.687882224105904
12095,12.8963103633079
12096,13.145115009990949
12097,14.930055856520912
12098,14.161636935794128
12099,13.317233557597438
12100,13.145115009990949
12101,13.629194876200007
12102,13.114281478014899
12103,17.211149734825263
12104,19.683796442422036
12105,13.050500471255752
12106,9.280365392376742
12107,14.863514083273007
12108,14.610865521235139
12109,19.683796442422036
12110,17.211149734825263
12111,12.545921512634745
12112,14.659049539631836
12113,13.975799375771953
12114,13.412323766388708
12115,15.927291682094966
12116,13.424767026012221
12117,15.409964492878746
12118,13.327937300351262
12119,14.958225515545166
12120,18.938615497622298
12121,14.703668294461501
12122,12.918578824505056
12123,15.074947035075041
12124,14.822676496553006
12125,12.220608226100605
12126,12.220608226100605
12127,13.918696746135264
12128,17.28660313243969
12129,14.231654145375709
12130,14.069546204091015
12131,17.732078946295214
12132,14.311981279303339
12133,16.008558590847823
12134,15.267126642120969
12135,14.364135131776747
12136,13.947926347105248
12137,13.669857911845902
12138,13.011990670543772
12139,15.97652817846975
12140,13.738239762205097
12141,14.890776404686397
12142,14.311981279303339
12143,14.046789325841868
12144,14.406396248210195
12145,15.927291682094966
12146,11.767406704264156
12147,15.97652817846975
12148,14.019878741910485
12149,13.100596592827605
12150,14.406396248210195
12151,12.678846693058214
12152,13.145115009990949
12153,14.25416535068338
12154,13.762396733020026
12155,20.665228650015603
12156,15.925132790592055
12157,14.789304992551557
12158,14.834439707387398
12159,24.691302482768133
12160,12.651079363274247
12161,15.927291682094966
12162,13.774706578181922
12163,10.277870210558564
12164,14.610865521235139
12165,11.767406704264156
12166,13.783422142343474
12167,11.767406704264156
12168,12.605051750127519
12169,13.530224237764996
12170,12.220608226100605
12171,14.110764616158695
12172,15.52194264257215
12173,15.500643231670546
12174,19.282440487709902
12175,13.191015704271903
12176,14.451535882230646
12177,12.326713737974082
12178,14.918682931150807
12179,12.220608226100605
12180,14.493274033871709
12181,9.280365392376742
12182,14.25416535068338
12183,13.93026489158758
12184,13.748965216100068
12185,19.221902235715223
12186,13.967673778780897
12187,14.019542722197693
12188,14.431484444099127
12189,14.01474575992728
12190,12.079334816023927
12191,14.296601456385943
12192,15.141176684407867
12193,9.280365392376742
12194,14.046789325841868
12195,15.97652817846975
12196,13.17251790901742
12197,18.938615497622298
12198,14.57052523587116
12199,13.424767026012221
12200,13.93026489158758
12201,17.28660313243969
12202,13.412323766388708
12203,15.267126642120969
12204,14.146273794475938
12205,14.28035981866769
12206,13.918696746135264
12207,15.591889691725203
12208,14.154018672173722
12209,16.293780603213857
12210,15.77143292480282
12211,13.422213975551642
12212,13.783422142343474
12213,17.481886241467322
12214,13.852166712847575
12215,13.918696746135264
12216,13.317233557597438
12217,14.296601456385943
12218,14.019878741910485
12219,10.154616054262398
12220,15.771379938852988
12221,8.475462090165712
12222,13.06601848109657
12223,14.789890375241525
12224,13.03439845205245
12225,14.763428644118093
12226,12.539970426774929
12227,18.603747402536772
12228,13.325934071842331
12229,13.582532161288766
12230,13.365827516718275
12231,12.787780099174196
12232,12.75532183658923
12233,13.686045057769746
12234,13.40021839047907
12235,13.915796198927415
12236,8.476181088670192
12237,13.610040406328949
12238,13.40021839047907
12239,14.840449461234241
12240,11.44862698979228
12241,13.420527439953734
12242,10.728183617729691
12243,13.399259492189747
12244,11.984856250148095
12245,18.603747402536772
12246,12.998176123536771
12247,13.569519684395113
12248,11.834187591038864
12249,12.389730900800545
12250,13.815631487064605
12251,14.01781834230042
12252,13.461185227319474
12253,13.610040406328949
12254,14.911909589463415
12255,11.99449428969284
12256,16.391541771993733
12257,9.900281745597427
12258,14.01781834230042
12259,12.381894869191488
12260,13.487529817534123
12261,16.095866064645417
12262,12.134230511348354
12263,12.87427302991687
12264,13.878476037322368
12265,12.386314400078426
12266,13.915796198927415
12267,19.249226161410416
12268,11.785193882847087
12269,12.865259731948173
12270,14.032923087989857
12271,8.475462090165712
12272,13.605971743189565
12273,18.603747402536772
12274,13.241155019910144
12275,8.366802387865572
12276,13.03439845205245
12277,14.412662894524194
12278,13.708516928324292
12279,24.210974575951894
12280,15.749142033224592
12281,13.915796198927415
12282,12.134230511348354
12283,13.7105036783589
12284,15.989735361956052
12285,12.564833871861989
12286,8.476181088670192
12287,12.564833871861989
12288,23.458665476077343
12289,14.01781834230042
12290,10.185583370241229
12291,12.635514587118415
12292,13.282027782950669
12293,16.012955495340826
12294,12.950670371404085
12295,14.020218255103119
12296,13.649771698925116
12297,13.337442860612036
12298,13.569519684395113
12299,12.189536716950157
12300,14.032923087989857
12301,12.423564817311263
12302,15.03732549466006
12303,13.091798333468882
12304,11.596889891351488
12305,13.64296848583959
12306,14.278196353250632
12307,13.712351141045138
12308,12.75532183658923
12309,13.878476037322368
12310,12.91597680629728
12311,13.64296848583959
12312,15.76154058911456
12313,13.65182584221685
12314,13.815631487064605
12315,13.708516928324292
12316,12.71735803676914
12317,13.132510974123417
12318,13.091798333468882
12319,16.900732915590293
12320,13.140615614065739
12321,13.187406831717153
12322,13.33060936150574
12323,12.714394497845436
12324,13.15164542618528
12325,18.603747402536772
12326,12.937791333931859
12327,12.389730900800545
12328,15.03732549466006
12329,13.281138836772838
12330,18.290367801799352
12331,12.075994203547323
12332,16.012955495340826
12333,14.108800172316096
12334,12.323646077804044
12335,13.174345278198556
12336,12.321700309420267
12337,15.76154058911456
12338,12.799005188362424
12339,18.603747402536772
12340,16.1176556515131
12341,13.498411087200209
12342,13.198738713724982
12343,12.93665375354641
12344,13.311475770543735
12345,13.251202561091041
12346,12.937791333931859
12347,14.039849879883686
12348,13.482680635159332
12349,13.412788879022136
12350,12.609452085872878
12351,12.787780099174196
12352,11.596889891351488
12353,13.365827516718275
12354,12.93665375354641
12355,17.738389220190882
12356,12.714394497845436
12357,14.412662894524194
12358,11.905315732673984
12359,13.480896601352395
12360,13.241155019910144
12361,14.412662894524194
12362,16.623284387124226
12363,12.46790733198916
12364,11.058077156032674
12365,13.045043284075138
12366,9.900281745597427
12367,13.27727833256903
12368,12.619545746451942
12369,13.5638864622038
12370,18.603747402536772
12371,13.372647965311844
12372,13.340163362703453
12373,13.642528615238222
12374,13.561746491434791
12375,11.56956998833256
12376,14.789890375241525
12377,21.4822676435908
12378,16.436087213582752
12379,11.984856250148095
12380,15.775385728074705
12381,25.742257321880604
12382,12.93665375354641
12383,12.381894869191488
12384,12.96001280298891
12385,8.475462090165712
12386,8.476181088670192
12387,14.50230415769535
12388,13.127318187266171
12389,14.007888057924413
12390,20.050030092109825
12391,14.980615395193194
12392,12.492377065298362
12393,13.262682546120672
12394,18.045267723256064
12395,17.521449644644843
12396,14.115893606817256
12397,12.492377065298362
12398,14.499766859647051
12399,14.345693686485502
12400,15.008534083287984
12401,15.041154358676037
12402,14.3803473351032
12403,20.38251367012959
12404,13.262682546120672
12405,14.556801864548742
12406,14.115893606817256
12407,24.097830639150935
12408,14.765419242999705
12409,20.782676488638998
12410,13.046612142609032
12411,17.521449644644843
12412,13.329979544934323
12413,13.703464178606419
12414,13.703464178606419
12415,20.050030092109825
12416,15.03460972657124
12417,14.004468205555128
12418,14.353194503060964
12419,14.115893606817256
12420,17.349382024955837
12421,16.877896827832036
12422,15.622180797372756
12423,19.602106847919853
12424,13.537363612888438
12425,15.338753445222828
12426,16.877896827832036
12427,12.492377065298362
12428,13.127318187266171
12429,18.272810276806876
12430,20.53366303793896
12431,15.219071844474502
12432,13.568211681797647
12433,15.069390235757215
12434,15.342351842781634
12435,15.819566417147675
12436,12.492377065298362
12437,21.045037248142936
12438,13.260635259539137
12439,15.075902226037021
12440,16.877896827832036
12441,13.984256667466834
12442,13.276051081715378
12443,14.64580083579503
12444,14.114431430222224
12445,17.73706997738138
12446,13.046612142609032
12447,24.097830639150935
12448,14.681055232427418
12449,15.835019889095047
12450,15.018143009214096
12451,13.127318187266171
12452,14.7168073979101
12453,14.740400438829502
12454,15.746470535115401
12455,14.79900135279991
12456,17.73706997738138
12457,12.846696192613074
12458,14.625279564879511
12459,13.537363612888438
12460,14.115893606817256
12461,13.276051081715378
12462,13.784758197817764
12463,12.865461569128955
12464,13.260635259539137
12465,14.115893606817256
12466,14.795993133074335
12467,18.045267723256064
12468,16.343966981401227
12469,13.262682546120672
12470,14.385500307040553
12471,12.949214025159934
12472,20.38251367012959
12473,15.40419922796354
12474,13.568211681797647
12475,14.115893606817256
12476,19.602106847919853
12477,14.823872212189114
12478,16.208526002666396
12479,13.422932939940388
12480,14.795993133074335
12481,14.499766859647051
12482,13.703464178606419
12483,13.965650382591487
12484,13.101376543632565
12485,15.342351842781634
12486,15.565086861491249
12487,14.517034936843887
12488,12.492377065298362
12489,10.474169053333465
12490,11.05290902817673
12491,14.79900135279991
12492,14.810165686220799
12493,14.625279564879511
12494,22.604108740997162
12495,22.604108740997162
12496,15.137815471424647
12497,13.69156066720049
12498,16.06293913706097
12499,12.492377065298362
12500,13.407072472554677
12501,16.06293913706097
12502,14.178720222942966
12503,14.353194503060964
12504,15.622180797372756
12505,13.881102730250864
12506,14.499766859647051
12507,14.237950770485295
12508,16.744968655685494
12509,16.486349441228075
12510,20.782676488638998
12511,15.018143009214096
12512,17.349382024955837
12513,14.239569614455174
12514,14.345693686485502
12515,13.831703291676064
12516,13.046612142609032
12517,13.984256667466834
12518,16.479872062880624
12519,13.276051081715378
12520,13.753643219243905
12521,13.262682546120672
12522,18.045267723256064
12523,16.877896827832036
12524,15.265855083037895
12525,16.208526002666396
12526,12.949214025159934
12527,18.045267723256064
12528,14.510675053173873
12529,16.19842056280811
12530,14.499766859647051
12531,13.568211681797647
12532,13.276051081715378
12533,13.127318187266171
12534,15.498052102817937
12535,15.219132058253768
12536,15.265855083037895
12537,21.045037248142936
12538,28.57191950001427
12539,13.907615119624925
12540,18.045267723256064
12541,18.045267723256064
12542,14.17781189069544
12543,14.230075350796806
12544,22.604108740997162
12545,13.794001811484872
12546,13.262682546120672
12547,20.38251367012959
12548,17.73706997738138
12549,14.556801864548742
12550,14.881500530361242
12551,15.22387701872364
12552,13.811471712548412
12553,21.045037248142936
12554,17.349382024955837
12555,12.846696192613074
12556,12.53620205573443
12557,12.865461569128955
12558,13.784758197817764
12559,16.67634539496786
12560,14.237950770485295
12561,14.795993133074335
12562,16.486349441228075
12563,13.276051081715378
12564,14.850418534119132
12565,12.492377065298362
12566,15.34861770354952
12567,13.907615119624925
12568,13.753643219243905
12569,13.046612142609032
12570,14.625279564879511
12571,11.200713657658271
12572,12.597691933769699
12573,13.377956564313429
12574,12.94518853523179
12575,13.352942401936389
12576,13.408667198979918
12577,9.638138467100735
12578,13.551490998057606
12579,11.200713657658271
12580,21.801993179980162
12581,12.2947098035066
12582,13.9545493960277
12583,10.270292151401767
12584,12.742153348362114
12585,4.248196523527721
12586,13.60700425293771
12587,4.248196523527721
12588,11.223811975773625
12589,12.486215493834223
12590,13.169136081469917
12591,11.89878866739373
12592,14.396275664839756
12593,13.413931811470933
12594,13.271709849598366
12595,12.619485385168401
12596,11.89878866739373
12597,14.07949080610102
12598,13.551490998057606
12599,13.310336114186123
12600,14.87083929702009
12601,21.437084397527848
12602,13.437586663012564
12603,13.452837930630418
12604,14.067898730702852
12605,13.848900737048238
12606,13.930294280107395
12607,13.615965959536119
12608,13.572235378704258
12609,15.885235079683541
12610,14.075074557701258
12611,13.690945468621358
12612,13.638620901604922
12613,13.796880164629023
12614,13.079747129969617
12615,10.819835830266227
12616,19.489098221649055
12617,21.549714743731503
12618,12.340758439095474
12619,13.475486942694465
12620,8.979142379628588
12621,15.050160986049335
12622,12.971824965740435
12623,13.64619866047087
12624,13.312399497291004
12625,14.468905420057915
12626,13.310336114186123
12627,13.423497263671159
12628,12.340758439095474
12629,13.51858222999793
12630,13.683808675222474
12631,13.112579236891245
12632,13.352942401936389
12633,13.845202244036482
12634,14.082100037122846
12635,13.437586663012564
12636,15.004887751527509
12637,13.845202244036482
12638,12.259877460668145
12639,13.305864481588793
12640,13.220885850461375
12641,12.156340760073595
12642,14.396275664839756
12643,14.752015098718887
12644,9.34650241274316
12645,13.136575883006351
12646,13.678927887480734
12647,15.141328057820862
12648,12.340758439095474
12649,12.2947098035066
12650,16.066120349317597
12651,13.38316920344802
12652,13.616172193041667
12653,13.483281140090957
12654,13.717431584682233
12655,12.740440375716906
12656,14.466104397682871
12657,13.842246095796751
12658,13.956552237124885
12659,12.340758439095474
12660,16.216797689245546
12661,13.638620901604922
12662,7.964826277595541
12663,13.965109486629405
12664,31.405459132227474
12665,15.227331706848908
12666,10.819835830266227
12667,13.231367438543982
12668,12.032113294729864
12669,13.711742286278138
12670,13.158959493362095
12671,13.572235378704258
12672,33.59854730247625
12673,13.640366131728792
12674,13.631254612733883
12675,13.59247579962286
12676,12.064180859223864
12677,13.551490998057606
12678,13.53368587684718
12679,13.904631199828579
12680,13.69741025791998
12681,13.956552237124885
12682,14.880578364763718
12683,13.521410592800565
12684,12.486215493834223
12685,13.845202244036482
12686,12.156340760073595
12687,9.608857850923636
12688,10.761745719488939
12689,14.384791135549497
12690,13.638620901604922
12691,14.626166518327542
12692,13.57969817888781
12693,19.590689075530204
12694,13.638620901604922
12695,10.593514594975657
12696,13.543197916253375
12697,13.166766571124521
12698,13.310336114186123
12699,13.367214492100295
12700,13.965109486629405
12701,6.640565451026849
12702,16.35892078576748
12703,13.45565130977236
12704,12.064180859223864
12705,14.880578364763718
12706,13.34164799873158
12707,13.377956564313429
12708,10.270292151401767
12709,13.69085839194321
12710,13.057163089014002
12711,12.89371349155599
12712,8.979142379628588
12713,13.240863568258975
12714,13.956552237124885
12715,17.75162244605277
12716,10.270292151401767
12717,13.893303902146872
12718,11.656977477897417
12719,10.270292151401767
12720,13.70488052210491
12721,10.270292151401767
12722,12.731531271026965
12723,13.21099721233671
12724,12.619485385168401
12725,14.407884119516318
12726,12.707072412086637
12727,10.61458917195505
12728,12.280854857757257
12729,13.432517404492755
12730,13.895568201036971
12731,13.314706729957766
12732,13.554166282331416
12733,7.996338164337023
12734,13.80402607206601
12735,13.202685702180098
12736,10.612124548196467
12737,9.623584314833336
12738,12.619262784502492
12739,16.41580973387819
12740,13.713000721559204
12741,15.31359480414256
12742,10.059621115386205
12743,15.87190564387257
12744,8.719482278826003
12745,12.58386029926164
12746,9.452689569746465
12747,14.875333536846362
12748,12.583548454327534
12749,15.471515908126076
12750,10.61458917195505
12751,11.859952719186072
12752,10.495510618746977
12753,13.151477224182468
12754,5.428850559432407
12755,11.703461111789146
12756,16.73743058047273
12757,13.46220954261864
12758,20.375779172254077
12759,14.107607248236294
12760,14.243944189398375
12761,13.589884442400427
12762,13.433236048643892
12763,15.87190564387257
12764,14.866068590155207
12765,13.152593591656037
12766,12.12077457888225
12767,12.774126268604434
12768,15.677244938733086
12769,17.03922896720413
12770,14.111774328373498
12771,13.078684351039014
12772,15.372872971324504
12773,12.621446610561927
12774,15.070298540124167
12775,12.707072412086637
12776,13.87565433874907
12777,13.095108585587912
12778,13.895568201036971
12779,14.288781128352515
12780,11.703461111789146
12781,16.367395006653634
12782,14.844265723616946
12783,5.428850559432407
12784,16.014447354347773
12785,13.095108585587912
12786,10.495510618746977
12787,13.554166282331416
12788,14.838925363506057
12789,9.745555554312633
12790,14.512830910413147
12791,13.0081652250436
12792,6.654611004187273
12793,13.65385994719036
12794,27.10728637453515
12795,12.818686668567377
12796,14.355383755124082
12797,14.097625786276858
12798,13.895568201036971
12799,13.151477224182468
12800,16.789912168456716
12801,14.777355376973034
12802,15.677244938733086
12803,12.727006659426646
12804,13.990819902266123
12805,14.097625786276858
12806,12.472340296615227
12807,15.372872971324504
12808,12.58386029926164
12809,11.797884162304236
12810,17.003849265282348
12811,12.628880645263116
12812,13.72482590221265
12813,14.844265723616946
12814,13.735444888576925
12815,13.033434989058778
12816,13.886250396595264
12817,13.586682683520563
12818,6.387806726687067
12819,16.014447354347773
12820,7.11818503533417
12821,12.486151034240445
12822,20.375779172254077
12823,16.646216806219925
12824,12.58386029926164
12825,7.197887014661503
12826,23.579160899602012
12827,12.953013242419575
12828,13.895568201036971
12829,21.42321735816663
12830,10.40366556630161
12831,13.30794238489002
12832,15.372872971324504
12833,13.526517367618071
12834,10.515253002013603
12835,13.581672081135077
12836,21.42321735816663
12837,12.53158425273228
12838,7.11818503533417
12839,12.82194961775075
12840,12.84770613114124
12841,11.59808213255649
12842,11.703461111789146
12843,13.371733849810443
12844,13.581672081135077
12845,9.623584314833336
12846,19.66488259434931
12847,13.600271528031893
12848,13.666622949375002
12849,13.505104381392977
12850,13.598710986223168
12851,13.151477224182468
12852,12.818686668567377
12853,12.810087697459123
12854,13.713000721559204
12855,13.238370652387074
12856,13.713000721559204
12857,13.584457594604103
12858,13.920507126027317
12859,18.8411778112174
12860,12.982099143996905
12861,13.993060079570192
12862,16.20997042789764
12863,10.515253002013603
12864,13.526517367618071
12865,13.994812703415958
12866,12.472340296615227
12867,12.870520581629538
12868,14.030300738044664
12869,9.950193898218586
12870,12.628880645263116
12871,13.46220954261864
12872,13.301655007487916
12873,16.688360015222493
12874,13.586682683520563
12875,11.709439782299318
12876,12.810087697459123
12877,10.515253002013603
12878,11.6946794609679
12879,16.909602136175813
12880,12.84770613114124
12881,13.526517367618071
12882,13.567467805447555
12883,16.909602136175813
12884,23.03576543393706
12885,14.844265723616946
12886,14.708241486208259
12887,20.472517611831055
12888,10.61458917195505
12889,13.102951145201674
12890,14.056199776504537
12891,16.82727442058098
12892,13.87565433874907
12893,13.500985975900146
12894,11.19853257020315
12895,14.866068590155207
12896,13.553547996742283
12897,15.87190564387257
12898,13.301655007487916
12899,12.870520581629538
12900,11.541456219506637
12901,15.741343087656727
12902,9.452689569746465
12903,19.66488259434931
12904,12.12077457888225
12905,16.909602136175813
12906,10.515253002013603
12907,14.844265723616946
12908,12.84770613114124
12909,13.238370652387074
12910,9.950193898218586
12911,12.810087697459123
12912,13.098555730670391
12913,14.565075215053923
12914,13.253139407644369
