ID,Delay
1,7.092031481481484
2,19.706632395382396
3,13.377054835164818
4,10.961787830687834
5,9.899995555555549
6,7.984572380952382
7,9.472968249158237
8,0.03666666666666667
9,19.502101587301592
10,13.150922063492068
11,11.993994497354507
12,13.411801904761921
13,4.468717460317461
14,9.472968249158237
15,14.322569206349208
16,2.510592063492064
17,13.586433333333348
18,9.075469494949497
19,13.480000000000016
20,5.008493323713326
21,6.729003174603175
22,12.021120476190475
23,9.344520052910054
24,13.377054835164818
25,19.86364285714284
26,14.322569206349208
27,28.182361111111096
28,11.486252380952381
29,0.03666666666666667
30,17.9505213371813
31,4.5850131746031755
32,12.981552063492074
33,12.94848000000001
34,16.622426984126978
35,9.642988888888894
36,13.415950000000016
37,10.709760530580507
38,10.861276507936504
39,7.0785782010582015
40,12.858622222222237
41,13.271529365079376
42,13.064955555555567
43,13.243648888888904
44,13.537877777777792
45,11.993994497354507
46,8.142350000000002
47,13.900922788692787
48,0.0
49,0.6726449735449734
50,12.630313333333344
51,11.75808698412697
52,16.56961619047619
53,4.5850131746031755
54,7.926993333333333
55,12.611921269841268
56,12.540436507936505
57,13.377054835164818
58,13.497947142857123
59,10.668664444444431
60,11.459096984126969
61,14.546626666666668
62,13.007037777777786
63,10.157028888888894
64,10.709760530580507
65,12.517668109668117
66,2.8768916402116407
67,6.67584193584194
68,2.6840972053872076
69,5.91641492063492
70,12.630302910052897
71,17.9505213371813
72,2.9602494449994436
73,8.082380634920625
74,0.8300044444444444
75,6.729003174603175
76,12.098728571428577
77,4.627588888888888
78,12.82417682539684
79,4.3674868253968295
80,13.475866666666683
81,9.899995555555549
82,13.419558518518532
83,4.8884571428571455
84,8.61765904761904
85,11.756993333333346
86,2.8768916402116407
87,1.1440488311688317
88,8.054844761904759
89,14.009671111111105
90,13.064955555555567
91,2.8768916402116407
92,18.308936719576675
93,0.06666666666666667
94,14.349061269841265
95,6.801253333333337
96,2.6840972053872076
97,13.419558518518532
98,5.479069047619049
99,7.0785782010582015
100,14.322569206349208
101,14.077638518518519
102,9.74487095238096
103,5.421390476190476
104,14.497991689051654
105,1.2436163370942777
106,13.243648888888904
107,12.82417682539684
108,8.160079999999999
109,2.6840972053872076
110,12.712300000000013
111,4.468717460317461
112,6.615547407407404
113,13.151223915343929
114,13.377054835164818
115,12.632000000000012
116,11.047629841269849
117,1.2436163370942777
118,15.027273015873
119,12.815955555555568
120,7.148304497354502
121,9.472968249158237
122,28.182361111111096
123,8.342156507936512
124,10.888964867724862
125,2.46740888888889
126,27.959193939393934
127,13.537877777777792
128,3.5466138624338646
129,14.194332380952373
130,11.072212063492069
131,2.9602494449994436
132,9.344520052910054
133,12.606723650793661
134,9.229692698412693
135,11.993994497354507
136,7.442477460317459
137,9.63791936507936
138,13.276270000000016
139,10.002738412698413
140,15.103004444444423
141,11.98639936507936
142,12.570641587301596
143,14.546626666666668
144,13.592150793650804
145,13.151223915343929
146,12.402094285714297
147,2.6840972053872076
148,10.855745901875881
149,15.179735396825375
150,8.251928667628668
151,12.127893698523687
152,12.656936507936512
153,10.594555555555564
154,13.033262222222215
155,13.363440793650799
156,11.75808698412697
157,12.157960000000013
158,6.203984074074074
159,14.06451333333334
160,20.75674952380952
161,4.627588888888888
162,13.480000000000016
163,16.56961619047619
164,16.008523809523794
165,8.251928667628668
166,16.058293968253967
167,7.0785782010582015
168,13.007037777777786
169,9.921353333333325
170,4.3674868253968295
171,12.630302910052897
172,12.830517777777764
173,10.359857142857141
174,11.31067777777779
175,13.573137777777792
176,0.032916666666666664
177,9.74487095238096
178,9.63791936507936
179,11.0
180,19.706632395382396
181,13.47067857142855
182,8.25680666666666
183,9.229692698412693
184,13.411801904761921
185,2.46740888888889
186,15.35388730158728
187,5.9387111111111155
188,3.5466138624338646
189,13.345133333333349
190,13.437600000000018
191,18.132488888888812
192,13.508860740740756
193,10.005239047619048
194,9.807047777777774
195,11.1363086243386
196,9.807047777777774
197,13.207986349206363
198,13.470826666666683
199,2.727625834535836
200,2.17496
201,14.559397777777757
202,23.032153650793635
203,14.167472063492038
204,13.480000000000016
205,4.0365111111111105
206,5.221047301587306
207,6.011807366522363
208,14.146452698412698
209,13.51853333333335
210,13.364199999999991
211,15.298053333333304
212,14.630024021164015
213,14.50176888888888
214,13.16923555555557
215,23.85511111111111
216,6.159022222222222
217,15.298053333333304
218,13.470826666666683
219,13.670547936507925
220,19.67374444444442
221,24.892968888888827
222,13.51853333333335
223,19.80296708032705
224,13.46335555555557
225,11.340733809523801
226,13.20566666666668
227,13.27916952380953
228,23.032153650793635
229,10.144263703703693
230,13.590609523809539
231,14.146452698412698
232,13.508860740740756
233,15.309675767195758
234,14.630024021164015
235,11.1363086243386
236,2.17496
237,12.745238595478579
238,10.835037936507936
239,12.788501904761915
240,13.51853333333335
241,17.555594747474693
242,13.304911111111126
243,12.211773333333333
244,13.207732063492053
245,13.571866666666683
246,23.85511111111111
247,13.439955555555573
248,12.36601396825397
249,7.341859740259743
250,12.501628888888874
251,8.483103915343916
252,8.680158571428565
253,12.862206463906464
254,13.207986349206363
255,23.907194074074074
256,10.835037936507936
257,8.81250317460318
258,10.509161851851852
259,6.765740312650313
260,7.399580317460316
261,2.192035224035224
262,26.936645555555465
263,13.571866666666683
264,24.184123809523708
265,12.345280105820112
266,13.482577777777793
267,13.521386666666682
268,13.482577777777793
269,13.439955555555573
270,15.452690582010554
271,12.261930968660977
272,12.261930968660977
273,14.908222222222205
274,12.251433015873024
275,14.073911111111114
276,13.510033333333348
277,13.065800000000014
278,5.056729576719579
279,13.707714920634922
280,19.0362355555555
281,12.632303492063503
282,13.482577777777793
283,15.452690582010554
284,13.500324444444459
285,11.1363086243386
286,13.480000000000016
287,14.605993333333332
288,14.833628306878282
289,12.590580793650805
290,7.399580317460316
291,13.528990476190494
292,12.609220158730169
293,5.9745197254597215
294,13.470826666666683
295,17.338615275835252
296,13.64856444444446
297,11.340733809523801
298,14.708628888888876
299,10.144263703703693
300,14.364022857142851
301,6.159022222222222
302,13.528990476190494
303,17.516252063492058
304,9.807047777777774
305,10.995646666666651
306,10.617763809523803
307,21.605573188293175
308,23.907194074074074
309,16.088232054982026
310,13.707714920634922
311,14.635486084656076
312,11.054926031746032
313,10.144263703703693
314,13.330604239028945
315,15.141479405779389
316,8.660791111111115
317,13.480000000000016
318,14.535378412698405
319,13.07238716655891
320,13.207732063492053
321,16.521389206349195
322,13.381512698412712
323,15.309675767195758
324,13.704248888888891
325,13.484088888888905
326,13.669137777777793
327,17.516252063492058
328,5.300958125208129
329,8.62946888888889
330,12.428903174603185
331,23.85511111111111
332,13.468968888888904
333,13.482577777777793
334,14.364022857142851
335,10.843860000000001
336,12.788501904761915
337,13.480000000000016
338,13.528990476190494
339,13.816877777777778
340,13.16923555555557
341,13.561928888888904
342,10.509161851851852
343,11.340733809523801
344,13.16923555555557
345,13.571866666666683
346,12.733065925925914
347,14.192397777777769
348,19.80296708032705
349,13.695266666666681
350,10.144263703703693
351,17.555594747474693
352,12.609220158730169
353,14.167472063492038
354,13.699733333333345
355,19.790570822510777
356,7.341859740259743
357,14.193460317460298
358,12.744346728826729
359,14.551672308802294
360,15.407848253968243
361,13.282733333333347
362,13.103477777777789
363,8.168638253968245
364,10.943848888888887
365,11.387570793650776
366,7.9832
367,3.3376616683316693
368,4.84062506937507
369,0.5261248196248199
370,11.814507777777786
371,14.018848888888892
372,0.12662222222222222
373,12.56295946127947
374,0.3578666666666667
375,11.712708566618574
376,7.225808455988458
377,12.156373374773388
378,12.56295946127947
379,22.326736190476115
380,5.601509523809525
381,12.252733333333348
382,13.03222032560032
383,0.023333333333333334
384,15.407848253968243
385,18.138740317460307
386,14.243373333333329
387,14.693766666666646
388,0.023333333333333334
389,0.0
390,13.1128446031746
391,10.567357883597888
392,15.53935518037516
393,12.818877777777788
394,6.3301077441077425
395,22.889551515151513
396,9.6063896969697
397,0.12662222222222222
398,10.451910000000003
399,6.678933333333336
400,13.181624444444457
401,41.23479999999999
402,4.222583121976066
403,8.136824021164019
404,14.87375682539682
405,0.3138904761904762
406,12.444393492063497
407,20.26252476190475
408,13.480000000000016
409,6.595426719576717
410,2.1806253006253007
411,8.168638253968245
412,9.003319585784585
413,13.685605608465618
414,0.06
415,13.661063492063503
416,0.16542222222222222
417,0.011428571428571429
418,10.943848888888887
419,5.987428571428571
420,15.879393439153452
421,13.83087333333333
422,7.051045873015872
423,15.53935518037516
424,13.690766435786433
425,12.766666666666667
426,7.703096993746992
427,13.661063492063503
428,12.818877777777788
429,3.0812108513708476
430,10.090694603174601
431,1.3456000000000001
432,14.75517515151515
433,4.84062506937507
434,7.888240000000001
435,10.776413333333334
436,13.135569047619063
437,22.550636666666637
438,9.016121904761901
439,0.46503492063492063
440,12.324545873015882
441,13.39013333333335
442,22.889551515151513
443,22.889551515151513
444,3.0623333333333336
445,14.018848888888892
446,13.48424206349207
447,7.437083333333335
448,7.87266333333333
449,0.3578666666666667
450,8.128425396825397
451,12.504815555555567
452,41.23479999999999
453,11.814507777777786
454,0.0
455,13.40453333333335
456,10.090694603174601
457,8.128425396825397
458,12.47645015873017
459,0.023333333333333334
460,8.912424126984126
461,13.690766435786433
462,12.06116507936508
463,13.435066666666684
464,20.26252476190475
465,8.395202380952385
466,33.02739047619046
467,6.595426719576717
468,0.011428571428571429
469,3.593771111111114
470,7.851631746031747
471,4.222583121976066
472,2.1806253006253007
473,13.039389682539692
474,9.818022679172678
475,6.503044814814815
476,13.435066666666684
477,0.5261248196248199
478,15.283618412698404
479,14.551672308802294
480,0.0
481,7.1488968253968235
482,13.312913333333345
483,13.39013333333335
484,9.6063896969697
485,12.766666666666667
486,7.851631746031747
487,12.772752063492067
488,0.16542222222222222
489,0.3578666666666667
490,13.40453333333335
491,13.465022222222238
492,13.282733333333347
493,22.550636666666637
494,13.48424206349207
495,4.314644444444448
496,0.16542222222222222
497,14.645715555555544
498,7.9832
499,7.225808455988458
500,20.311812857142847
501,13.480000000000016
502,15.603011111111094
503,28.227511111111106
504,29.91319037037036
505,6.2452555555555564
506,22.550636666666637
507,0.0
508,22.996478730158724
509,12.324545873015882
510,16.684133968253935
511,3.892124814814816
512,14.87375682539682
513,16.883368888888842
514,12.156373374773388
515,13.559707777777792
516,13.103477777777789
517,0.12662222222222222
518,6.512637142857148
519,5.987428571428571
520,8.395202380952385
521,8.921261538461538
522,0.12662222222222222
523,16.605359682539678
524,7.9832
525,11.732193333333344
526,12.34439555555556
527,8.964363492063496
528,41.23479999999999
529,8.168638253968245
530,12.349108359788357
531,10.22766285714285
532,13.518670370370387
533,18.518159417989374
534,2.1998984126984125
535,14.407754603174599
536,13.817186666666673
537,29.071348888888775
538,15.361339047619042
539,12.766666666666667
540,14.839816666666666
541,2.1998984126984125
542,41.23479999999999
543,13.39013333333335
544,0.46503492063492063
545,9.39415111111111
546,0.46503492063492063
547,9.818022679172678
548,8.726885873015876
549,1.8709841269841267
550,12.123201587301583
551,10.912802539682549
552,4.574738412698413
553,13.032652063492074
554,13.12915047619049
555,15.177335343915342
556,10.398425978835963
557,11.88895555555555
558,8.665652380952384
559,12.002524338624337
560,10.806756248196239
561,12.255901159951144
562,13.44845904761906
563,13.438566666666674
564,15.16448576719574
565,21.94173619047614
566,16.762511851851805
567,8.708948224977643
568,6.990130582010588
569,12.860835978835992
570,3.651163544973549
571,12.466422222222235
572,7.544225185185185
573,13.370069841269856
574,26.31768170866166
575,13.322295959595975
576,30.972780952380944
577,6.9318403174603205
578,7.056198412698415
579,9.492751111111112
580,8.20366666666666
581,13.138022698412707
582,1.8709841269841267
583,15.61071513708511
584,12.286778042328043
585,15.16448576719574
586,10.307645262145263
587,6.815141904761904
588,19.319686878306825
589,13.98
590,1.4068932689532694
591,15.177335343915342
592,8.293911428571432
593,23.49798900913898
594,13.766948253968257
595,3.1457555555555556
596,4.3566106974507015
597,1.4068932689532694
598,9.261148888888892
599,12.16575404040404
600,14.78266444444443
601,11.169713968253973
602,3.1101455026455023
603,9.087248465608463
604,7.0825682539682555
605,14.03501724867725
606,2.0988071188071196
607,3.293590476190478
608,13.259420952380966
609,19.625349629629575
610,7.4486879365079375
611,13.384801005291004
612,12.115142751322752
613,9.492751111111112
614,12.388147816257796
615,13.98
616,11.915056825396839
617,8.739735608465605
618,8.899226507936506
619,13.780806459836437
620,7.767419047619052
621,1.4068932689532694
622,13.92248920634921
623,13.822740952380942
624,21.173932063491996
625,0.9674533333333333
626,19.296086666666636
627,8.972281462241458
628,18.727121269841255
629,12.002524338624337
630,4.7851365079365085
631,18.727121269841255
632,14.16884
633,21.65030148629145
634,6.9318403174603205
635,13.226849206349216
636,3.0599190476190485
637,4.3566106974507015
638,9.28257111111111
639,2.539274905834907
640,14.03501724867725
641,10.703181481481492
642,19.296086666666636
643,13.9797892063492
644,23.11807537277534
645,14.78266444444443
646,12.640631111111123
647,14.32155269841268
648,25.125795137085102
649,11.915056825396839
650,13.014200000000013
651,9.206654285714288
652,23.11807537277534
653,10.11515120576592
654,12.841230505050515
655,3.273024810004816
656,13.322295959595975
657,9.409412655122653
658,7.0825682539682555
659,10.963333333333333
660,10.247268888888884
661,8.820894256854258
662,19.625349629629575
663,12.255901159951144
664,8.79487
665,12.16575404040404
666,8.708948224977643
667,10.912802539682549
668,21.94173619047614
669,8.293911428571432
670,15.656841803751771
671,13.924694444444443
672,30.972780952380944
673,23.782467994227943
674,12.123201587301583
675,3.8269738624338627
676,13.322295959595975
677,10.912802539682549
678,14.145781587301586
679,13.56506414622415
680,8.351190553150557
681,23.49798900913898
682,8.726885873015876
683,9.206654285714288
684,13.885665555555558
685,13.924694444444443
686,12.286778042328043
687,13.40887584415586
688,6.724151142191133
689,7.544225185185185
690,3.8269738624338627
691,13.398033333333348
692,3.0599190476190485
693,7.104131607651607
694,12.16575404040404
695,10.912802539682549
696,7.296025714285719
697,12.34981142857144
698,1.8709841269841267
699,10.307645262145263
700,2.9201269606319626
701,13.780806459836437
702,0.0048484848484848485
703,13.480000000000016
704,13.10514386724387
705,8.20366666666666
706,13.316673174603174
707,0.059437037037037045
708,13.398033333333348
709,13.456439259259275
710,11.372728994708996
711,7.296025714285719
712,11.025544444444433
713,12.242702857142838
714,12.021146666666663
715,3.1457555555555556
716,10.963333333333333
717,9.492751111111112
718,11.019982222222216
719,17.56894973544971
720,23.49798900913898
721,18.686120740740726
722,6.166984444444446
723,13.549935343915358
724,14.03751132756133
725,9.731363174603167
726,7.104131607651607
727,13.480000000000016
728,12.577031111111124
729,21.02842095238093
730,13.014200000000013
731,13.322295959595975
732,14.002520000000008
733,35.42069448773449
734,30.695091111110965
735,13.401637941317952
736,13.103687460317463
737,15.713008654678612
738,12.460945079365091
739,6.17911253968254
740,13.089895555555572
741,11.758572775742774
742,13.452270000000016
743,13.398528888888901
744,13.420715384615397
745,1.7725888888888883
746,11.60872929144929
747,11.418502919672914
748,13.480000000000016
749,13.480000000000016
750,13.089895555555572
751,15.611102167832165
752,35.42069448773449
753,13.133871640211623
754,15.611102167832165
755,15.072013015872987
756,12.246470476190474
757,13.480000000000016
758,2.0
759,12.609351500721477
760,13.186742857142871
761,14.64216666666666
762,8.29658063492063
763,13.28751111111112
764,14.05316444444445
765,14.198090582010575
766,13.58045333333335
767,14.755306666666653
768,12.688331111111113
769,15.072013015872987
770,16.96517428571425
771,13.147454920634933
772,13.454222222222239
773,13.165572539682536
774,13.457129629629646
775,16.117950158730117
776,13.38898825396827
777,13.947441111111115
778,14.428233333333328
779,14.568199999999988
780,13.480000000000016
781,13.465673650793667
782,14.767761904761885
783,13.480000000000016
784,14.391263174603177
785,14.144957777777778
786,13.431800000000015
787,13.480000000000016
788,13.38898825396827
789,13.525187301587314
790,0.11956363636363639
791,13.58045333333335
792,13.564997777777792
793,13.505898412698429
794,13.480000000000016
795,21.000968571428505
796,13.480000000000016
797,13.480000000000016
798,13.48673333333335
799,16.815857460317414
800,14.885233333333314
801,24.087838172198136
802,12.25231185185185
803,13.695720875420891
804,13.214088888888906
805,24.242635555555463
806,13.133871640211623
807,13.401637941317952
808,13.480000000000016
809,14.772533333333316
810,13.452270000000016
811,13.480000000000016
812,14.402612400192375
813,15.691888888888846
814,30.16642550264547
815,1.7725888888888883
816,13.480000000000016
817,13.51173333333335
818,12.548425787545801
819,11.259512222222229
820,13.133871640211623
821,16.815857460317414
822,13.243281790431801
823,13.480000000000016
824,13.097463174603165
825,13.402249841269855
826,13.750091746031758
827,13.147454920634933
828,2.53231485181485
829,13.480000000000016
830,13.947600000000005
831,13.590966349206361
832,13.139230713730715
833,13.471881481481498
834,8.782270026270039
835,13.480000000000016
836,4.354404444444447
837,13.480000000000016
838,13.480000000000016
839,4.232880000000003
840,13.465673650793667
841,14.402612400192375
842,13.480000000000016
843,13.416368383838396
844,12.246470476190474
845,14.402612400192375
846,31.64819311577309
847,11.259512222222229
848,14.767761904761885
849,14.198090582010575
850,13.480000000000016
851,14.206799999999994
852,25.481678730158638
853,15.516228571428535
854,11.418502919672914
855,14.402612400192375
856,16.96517428571425
857,18.72487682539675
858,13.480000000000016
859,13.645257777777793
860,24.087838172198136
861,13.408214814814832
862,14.030606031746032
863,4.51246666666667
864,22.042906878306823
865,13.350888888888901
866,8.29658063492063
867,7.984573227513224
868,13.408214814814832
869,23.217424282384254
870,22.777735555555523
871,30.16642550264547
872,12.361754497354502
873,13.165572539682536
874,13.33593777777779
875,14.05316444444445
876,13.480000000000016
877,13.159219523809536
878,7.629612592592592
879,13.581707272727284
880,13.500376190476205
881,6.731153419913418
882,10.14096695045695
883,13.38898825396827
884,14.391263174603177
885,15.072013015872987
886,13.590966349206361
887,5.580653492063495
888,12.778777037037047
889,15.156140216450192
890,14.144957777777778
891,13.599957483627477
892,13.335539047619061
893,13.564997777777792
894,13.465673650793667
895,31.64819311577309
896,13.38898825396827
897,0.11956363636363639
898,13.587866666666683
899,13.480000000000016
900,13.058677402597386
901,13.498400000000016
902,14.950111904761885
903,14.05316444444445
904,1.7725888888888883
905,14.404410476190465
906,14.1175574074074
907,5.64504761904762
908,16.436470793650777
909,13.435533333333348
910,30.769222222222222
911,12.39291470899472
912,14.404410476190465
913,13.174792592592608
914,4.083833333333334
915,11.357651489621501
916,2.062042063492063
917,9.443933333333343
918,2.0682666666666667
919,17.443781385281383
920,13.53847555555557
921,17.90668571428567
922,13.84104285714286
923,6.391945396825399
924,1.9019082010582011
925,13.155658354978327
926,12.972323333333339
927,8.532023809523812
928,13.35533333333335
929,14.1175574074074
930,14.256355555555556
931,13.769277777777788
932,13.35533333333335
933,16.131112539682505
934,13.230960000000012
935,4.072330158730162
936,12.329645396825386
937,16.436470793650777
938,8.326715555555557
939,0.7981868253968254
940,9.33600761904762
941,8.749946019166016
942,13.43915555555557
943,8.958341928811928
944,9.682122222222217
945,12.663245064935065
946,15.968806031746029
947,19.301204497354504
948,4.072330158730162
949,5.669422751322745
950,8.532023809523812
951,6.1226916786916785
952,20.477295238095163
953,11.172275555555556
954,13.112844444444459
955,13.12936984126984
956,0.7981868253968254
957,24.742643174603145
958,6.03122777777778
959,9.756231746031725
960,12.737370476190463
961,7.595923468013467
962,12.754429201539198
963,6.1226916786916785
964,13.322822222222237
965,13.893743094683087
966,13.35533333333335
967,8.326715555555557
968,2.062042063492063
969,15.911520952380922
970,9.378421356421349
971,12.663245064935065
972,25.98803495911495
973,14.55260317460317
974,13.281407301587313
975,14.1175574074074
976,14.644582857142852
977,13.435533333333348
978,5.658422222222223
979,13.409145396825398
980,13.238584285714301
981,13.153288888888904
982,5.611264444444448
983,11.563643333333335
984,7.045
985,17.443781385281383
986,13.075588888888904
987,13.299742222222237
988,2.663417027417026
989,11.172102539682529
990,19.401706031746027
991,10.77615227513227
992,16.75992888888884
993,13.35533333333335
994,12.698755411255398
995,1.0816000000000001
996,8.976666666666667
997,11.597284126984125
998,8.711486666666666
999,13.238584285714301
1000,14.497359365079355
1001,8.737053333333327
1002,12.435980229770234
1003,9.378421356421349
1004,0.04493333333333333
1005,9.312982222222216
1006,5.669422751322745
1007,11.907092962962963
1008,12.698755411255398
1009,1.4702206349206355
1010,11.357651489621501
1011,13.322822222222237
1012,13.0
1013,14.861234920634903
1014,13.174792592592608
1015,20.477295238095163
1016,4.800173129093131
1017,9.731988095238096
1018,17.90668571428567
1019,8.493507619047618
1020,13.111247777777788
1021,12.976476507936525
1022,22.153758888888863
1023,1.0816000000000001
1024,13.322822222222237
1025,0.09406666666666666
1026,6.1226916786916785
1027,13.621577777777789
1028,8.493507619047618
1029,7.543495873015872
1030,2.663417027417026
1031,1.4702206349206355
1032,11.642033876863875
1033,11.357651489621501
1034,12.938266666666667
1035,8.326715555555557
1036,14.746188888888883
1037,11.172275555555556
1038,9.727188888888891
1039,9.33600761904762
1040,8.493507619047618
1041,11.642033876863875
1042,15.761330966810926
1043,11.357651489621501
1044,13.435533333333348
1045,9.47209253968254
1046,11.88738925925926
1047,13.50133333333335
1048,0.09406666666666666
1049,7.9458747619047605
1050,4.141617777777779
1051,11.861468412698425
1052,13.238584285714301
1053,13.153288888888904
1054,6.391945396825399
1055,12.323333333333345
1056,13.938520952380944
1057,12.938266666666667
1058,5.669422751322745
1059,15.370792592592588
1060,8.493507619047618
1061,12.01896857142858
1062,1.7659018518518523
1063,6.027053968253968
1064,11.647266666666663
1065,1.2087977777777776
1066,0.0
1067,13.5479346031746
1068,10.13465380952381
1069,11.182446046546062
1070,14.1175574074074
1071,3.8583531746031743
1072,12.435980229770234
1073,15.174231111111085
1074,13.155658354978327
1075,13.435533333333348
1076,12.698755411255398
1077,15.370461351611329
1078,13.165400000000014
1079,13.174792592592608
1080,11.914082962962965
1081,9.077329384319379
1082,22.56046820105819
1083,4.884955555555558
1084,13.461985185185203
1085,12.451268061568049
1086,13.428466666666683
1087,13.480000000000016
1088,13.557325396825412
1089,19.602324761904686
1090,13.448577777777794
1091,12.948063174603188
1092,13.480000000000016
1093,9.077329384319379
1094,15.821399365079357
1095,15.62492888888887
1096,13.959866666666667
1097,33.64049639397642
1098,10.076666666666666
1099,11.901369365079374
1100,22.709155555555547
1101,13.488160000000017
1102,13.011604338624354
1103,13.593120000000015
1104,12.009866666666667
1105,11.649416825396822
1106,13.401555315795317
1107,13.959866666666667
1108,13.480000000000016
1109,41.30799999999999
1110,12.562600158730172
1111,11.51947422318421
1112,13.028906666666673
1113,15.115868253968237
1114,13.392890793650803
1115,13.504573333333344
1116,13.480000000000016
1117,41.30799999999999
1118,12.948063174603188
1119,5.169266666666666
1120,13.480000000000016
1121,13.011604338624354
1122,6.625069033189037
1123,13.435543915343928
1124,7.1854216402116355
1125,13.480000000000016
1126,10.906955148185158
1127,12.451268061568049
1128,18.6402222222222
1129,18.6402222222222
1130,15.049206666666647
1131,9.048483333333337
1132,13.401555315795317
1133,13.428466666666683
1134,12.820585555555565
1135,13.435066666666684
1136,13.435066666666684
1137,13.40453333333335
1138,8.221935661375653
1139,13.356184733044746
1140,13.16637620971622
1141,10.076666666666666
1142,13.147853333333346
1143,13.282026666666681
1144,31.928147529507513
1145,13.473093333333349
1146,10.140351375661364
1147,33.64049639397642
1148,13.480000000000016
1149,15.616286107226088
1150,5.169266666666666
1151,14.103742828282826
1152,13.483713015873033
1153,19.602324761904686
1154,11.649416825396822
1155,13.01400666666668
1156,7.65366666666667
1157,12.91162666666668
1158,9.16698740740741
1159,13.026240178730813
1160,5.169266666666666
1161,9.048483333333337
1162,13.32138666666668
1163,4.425388888888893
1164,11.649416825396822
1165,15.616286107226088
1166,12.30869015873017
1167,11.841809206349213
1168,13.488400000000016
1169,11.841809206349213
1170,15.500116911976892
1171,8.221935661375653
1172,13.577171428571416
1173,14.210244992784983
1174,13.401555315795317
1175,26.88573210678211
1176,8.241063376623371
1177,13.435066666666684
1178,16.95356634920631
1179,19.602324761904686
1180,12.91162666666668
1181,7.1854216402116355
1182,13.150612886002893
1183,13.621305555555558
1184,13.480000000000016
1185,15.55269777777777
1186,15.928772222222191
1187,12.853099999999996
1188,7.6162990476190515
1189,11.914082962962965
1190,13.917497460317463
1191,11.685168994708993
1192,8.241063376623371
1193,12.808309047619057
1194,13.481520000000017
1195,13.480000000000016
1196,14.589062222222212
1197,19.255299259259232
1198,4.426166544566547
1199,13.051704444444459
1200,11.914082962962965
1201,24.573513650793586
1202,16.95356634920631
1203,33.64049639397642
1204,12.17544965367966
1205,21.24559562474562
1206,13.61868571428573
1207,11.9558419047619
1208,13.47003777777779
1209,13.483713015873033
1210,7.1906285425685414
1211,14.10169428571429
1212,23.716518571428495
1213,13.480000000000016
1214,11.885628401968411
1215,12.997429653679664
1216,14.972570873015863
1217,28.225835016834978
1218,14.853214814814816
1219,13.621305555555558
1220,13.888155555555562
1221,13.733200000000016
1222,13.25585555555557
1223,13.435066666666684
1224,13.545166666666681
1225,13.480000000000016
1226,5.169266666666666
1227,13.545066666666683
1228,14.844059682539667
1229,21.24559562474562
1230,24.39043317460316
1231,27.0
1232,23.716518571428495
1233,13.464706666666684
1234,10.463951428571436
1235,13.31766555555557
1236,13.401555315795317
1237,13.545166666666681
1238,13.308570634920645
1239,11.484460000000006
1240,15.115868253968237
1241,13.203153333333347
1242,14.853214814814816
1243,15.500116911976892
1244,16.51901857142853
1245,13.45205333333335
1246,16.51901857142853
1247,7.1906285425685414
1248,17.278871746031726
1249,5.055077752247748
1250,12.924588888888902
1251,12.820585555555565
1252,13.455040000000018
1253,13.25236444444446
1254,13.920502222222224
1255,13.47397333333335
1256,13.47397333333335
1257,13.623944444444458
1258,16.53425058201051
1259,15.549489682539654
1260,17.48035412587409
1261,13.504884444444459
1262,12.306717777777788
1263,13.201955555555571
1264,17.609715873015805
1265,14.00258666666667
1266,13.492013333333349
1267,16.789071111111053
1268,13.508288888888904
1269,25.089348571428552
1270,14.284720952380946
1271,13.541713561808574
1272,19.921212804232756
1273,23.338306666666604
1274,13.442133333333345
1275,13.567306666666681
1276,18.25759629946305
1277,9.219447619047614
1278,13.480000000000016
1279,13.291872698412709
1280,12.89353079513079
1281,4.076308888888891
1282,11.409428888888872
1283,13.286542857142868
1284,16.53425058201051
1285,19.988722275132236
1286,13.492013333333349
1287,3.5232796466255922
1288,13.602464761904773
1289,21.412412432216886
1290,8.486758656585918
1291,7.527321111111113
1292,14.636641269841256
1293,13.700803174603186
1294,14.284720952380946
1295,13.731377777777789
1296,12.061065867095875
1297,13.733591746031735
1298,11.984257989417985
1299,16.784424395604347
1300,14.07546666666667
1301,13.480000000000016
1302,20.33365174603167
1303,13.257719047619059
1304,12.89353079513079
1305,13.83551111111112
1306,13.480000000000016
1307,12.3764542857143
1308,11.002031281833625
1309,15.946488888888856
1310,15.006975555555544
1311,13.483360000000015
1312,12.936398730158745
1313,8.486758656585918
1314,13.629777777777791
1315,13.404911111111126
1316,24.21250222222213
1317,13.488250815850831
1318,21.412412432216886
1319,13.400809841269854
1320,14.07546666666667
1321,14.038190476190477
1322,13.525777777777792
1323,17.89239999999995
1324,13.537161904761922
1325,17.03339432419433
1326,14.038190476190477
1327,4.541764554954848
1328,14.326111111111107
1329,15.885117777777744
1330,13.483360000000015
1331,14.052422222222225
1332,8.32856703999704
1333,23.338306666666604
1334,13.888814285714295
1335,13.599520000000012
1336,12.204060317460302
1337,25.089348571428552
1338,7.388965656565659
1339,13.082318095238108
1340,13.480000000000016
1341,15.549489682539654
1342,13.492013333333349
1343,7.838704708994699
1344,17.2159822222222
1345,17.6739822222222
1346,13.439188888888904
1347,17.353092380952315
1348,14.038190476190477
1349,13.040230444881907
1350,13.407319365079353
1351,13.623944444444458
1352,21.25510444444439
1353,23.338306666666604
1354,13.480000000000016
1355,13.472150000000017
1356,13.36932553483555
1357,14.041055185185181
1358,19.41438253968253
1359,12.312213897344463
1360,18.07475347763348
1361,13.472150000000017
1362,14.284720952380946
1363,6.291774603174601
1364,9.204244603174603
1365,9.431755873015868
1366,13.263200000000015
1367,13.36229333333335
1368,13.786022222222233
1369,17.03339432419433
1370,13.43320444444446
1371,18.25759629946305
1372,13.480000000000016
1373,13.257719047619059
1374,7.838704708994699
1375,13.263200000000015
1376,13.640496776556786
1377,13.407319365079353
1378,14.441071111111098
1379,13.277295555555572
1380,11.305885057720083
1381,13.480000000000016
1382,13.504884444444459
1383,14.694817777777756
1384,7.838704708994699
1385,13.36229333333335
1386,15.358544183006535
1387,13.47753333333335
1388,13.537161904761922
1389,19.406821428571376
1390,13.71300444444446
1391,4.055358802308803
1392,13.404961111111124
1393,11.002031281833625
1394,13.80547111111112
1395,14.945612063492044
1396,17.99621916786913
1397,14.89835555555553
1398,19.921212804232756
1399,14.589451111111103
1400,9.204244603174603
1401,12.744849743589752
1402,11.002031281833625
1403,14.052422222222225
1404,12.89353079513079
1405,18.25759629946305
1406,2.1352718518518525
1407,15.320558363858332
1408,17.542287522694004
1409,17.48035412587409
1410,11.900074995333194
1411,13.241427282347267
1412,7.292511111111113
1413,13.668861298701312
1414,13.135497421837425
1415,5.46084052669552
1416,21.532582828282784
1417,22.14638423243426
1418,4.771033280793278
1419,13.135497421837425
1420,7.206258095238097
1421,13.837530652680652
1422,2.315304714914718
1423,11.592598201058188
1424,13.080240000000014
1425,19.04475444444439
1426,6.06752
1427,13.480000000000016
1428,18.04048568764568
1429,13.416711111111129
1430,13.225371111111125
1431,23.859788888888836
1432,3.986033431383433
1433,15.180987513227484
1434,12.56535
1435,12.406899999999997
1436,12.633386666666675
1437,4.255247189847192
1438,9.052649783549791
1439,12.727992222222227
1440,3.986033431383433
1441,12.47163777777779
1442,21.643495555555475
1443,16.33596958328162
1444,12.142471528471518
1445,11.934441321660792
1446,4.255247189847192
1447,0.08326666666666666
1448,13.571038412698424
1449,13.09368190476192
1450,15.796439999999956
1451,12.692844444444459
1452,16.33596958328162
1453,12.320746666666656
1454,22.14638423243426
1455,6.880172169312165
1456,13.480000000000016
1457,14.134314285714288
1458,11.073305646945636
1459,13.734777777777786
1460,14.01361520553521
1461,3.3951481481481527
1462,2.315304714914718
1463,12.923038095238107
1464,14.73759999999999
1465,14.278665049395055
1466,14.277698412698404
1467,16.189539999999962
1468,4.255247189847192
1469,13.480000000000016
1470,14.01361520553521
1471,12.545221269841283
1472,13.50848301587302
1473,22.14638423243426
1474,23.859788888888836
1475,13.837530652680652
1476,16.88835333333328
1477,18.04048568764568
1478,10.88179174603174
1479,18.45609492063485
1480,0.08986666666666666
1481,16.33596958328162
1482,13.23479904761906
1483,3.3951481481481527
1484,14.278665049395055
1485,18.994517680576475
1486,13.480000000000016
1487,13.481400000000017
1488,17.458787777777736
1489,4.3774866666666705
1490,11.563962943722949
1491,14.37602666666664
1492,11.934441321660792
1493,11.563962943722949
1494,14.03984849816851
1495,9.225151327191318
1496,9.118419682539674
1497,13.531893333333349
1498,16.33596958328162
1499,12.98551111111111
1500,14.251133866133863
1501,10.112058201058199
1502,13.480000000000016
1503,10.073955555555553
1504,11.563962943722949
1505,4.255247189847192
1506,14.01361520553521
1507,0.08326666666666666
1508,15.792955555555515
1509,18.606194444444398
1510,9.225151327191318
1511,13.701891746031757
1512,7.118780952380955
1513,13.23479904761906
1514,3.725919773374773
1515,6.271985500610492
1516,13.447333333333349
1517,18.04048568764568
1518,12.142471528471518
1519,21.532582828282784
1520,10.536544444444445
1521,15.06428253968251
1522,12.794701587301569
1523,15.268641904761871
1524,7.118780952380955
1525,13.837530652680652
1526,13.516495555555567
1527,4.255247189847192
1528,16.027773650793613
1529,14.01361520553521
1530,12.173962222222228
1531,13.135497421837425
1532,14.562316731771837
1533,14.278665049395055
1534,18.275878383838347
1535,13.135497421837425
1536,13.045366666666679
1537,11.563962943722949
1538,0.08986666666666666
1539,16.189539999999962
1540,12.358613333333336
1541,14.251133866133863
1542,12.114800000000002
1543,9.225151327191318
1544,13.674066666666679
1545,13.523822222222238
1546,10.112058201058199
1547,14.104822222222223
1548,13.461291111111114
1549,22.80116222222218
1550,11.54537746031746
1551,11.073305646945636
1552,14.278665049395055
1553,13.080240000000014
1554,9.689795098050086
1555,11.934441321660792
1556,13.50848301587302
1557,37.95543412698408
1558,12.012475555555545
1559,16.644339999999968
1560,0.08986666666666666
1561,9.052649783549791
1562,4.771033280793278
1563,14.03984849816851
1564,14.03984849816851
1565,15.268641904761871
1566,17.51652539682535
1567,22.80116222222218
1568,13.177408888888902
1569,13.470366666666683
1570,12.47163777777779
1571,18.994517680576475
1572,13.50848301587302
1573,12.173962222222228
1574,13.956274920634923
1575,12.142471528471518
1576,13.701891746031757
1577,7.118780952380955
1578,12.161856998557008
1579,11.597702751322748
1580,1.2420632515632506
1581,7.124781595441586
1582,2.58627037037037
1583,10.174980149393095
1584,0.206
1585,13.449535291005269
1586,10.620855767195762
1587,0.028417508417508414
1588,26.064211746031734
1589,15.276887142857118
1590,0.0
1591,10.982565132275129
1592,5.409026570466569
1593,7.373354444444446
1594,0.028417508417508414
1595,4.157649985569986
1596,12.33934585858586
1597,12.978709841269847
1598,13.613775555555554
1599,7.124781595441586
1600,11.171384920634924
1601,9.137110096200086
1602,13.453040000000016
1603,9.4086275946276
1604,12.828730158730165
1605,3.615590187590188
1606,10.141694920634924
1607,9.127511514041506
1608,6.054822222222219
1609,12.374249687349664
1610,13.453040000000016
1611,0.206
1612,8.838717264432049
1613,13.385480000000014
1614,4.971123198653198
1615,11.850336243386248
1616,17.067969365079325
1617,11.361804761904757
1618,13.294696777296753
1619,13.453040000000016
1620,14.187401746031732
1621,12.020001587301588
1622,11.754135911495911
1623,16.221240634920594
1624,13.661776719576725
1625,13.452489523809538
1626,4.122402597402598
1627,8.938367195767192
1628,8.912105291005288
1629,0.05761904761904762
1630,4.835635497835498
1631,7.124781595441586
1632,7.686908253968255
1633,0.1312277777777778
1634,4.957011111111113
1635,3.036794920634922
1636,13.071571428571438
1637,15.805208888888888
1638,11.35852746031747
1639,5.409026570466569
1640,17.067969365079325
1641,8.788920750360749
1642,0.0725
1643,11.562886940836943
1644,3.615590187590188
1645,3.101987301587303
1646,13.361866666666684
1647,13.480000000000016
1648,4.094252044252046
1649,0.1312277777777778
1650,13.38485111111112
1651,0.028417508417508414
1652,13.057248042328043
1653,12.380321746031733
1654,12.753158504088505
1655,9.4086275946276
1656,12.25616333333334
1657,6.110769523809524
1658,7.998869047619046
1659,6.762419841269844
1660,0.028417508417508414
1661,12.793227936507948
1662,7.772076719576719
1663,2.842273227513229
1664,12.550235185185187
1665,12.953388571428578
1666,11.407495555555556
1667,0.025714285714285714
1668,13.480000000000016
1669,0.025714285714285714
1670,13.480000000000016
1671,12.067166031746043
1672,1.2420632515632506
1673,0.025714285714285714
1674,14.708041111111088
1675,7.0114809523809525
1676,7.861641005291003
1677,0.7929234006734006
1678,10.765707777777788
1679,26.064211746031734
1680,18.13977777777775
1681,0.05761904761904762
1682,15.805208888888888
1683,12.828730158730165
1684,4.957011111111113
1685,7.4367612698412735
1686,17.067969365079325
1687,11.434261216931214
1688,0.206
1689,16.221240634920594
1690,11.287722222222225
1691,11.320295555555543
1692,15.805208888888888
1693,14.960562222222194
1694,10.765707777777788
1695,1.2420632515632506
1696,15.805208888888888
1697,21.047911111111073
1698,0.1312277777777778
1699,13.294696777296753
1700,11.850336243386248
1701,15.276887142857118
1702,26.064211746031734
1703,3.3248170899470915
1704,10.982565132275129
1705,7.861641005291003
1706,7.809973333333337
1707,13.762946666666673
1708,12.105072539682547
1709,4.835635497835498
1710,13.385480000000014
1711,5.417387619047617
1712,5.409026570466569
1713,8.371122063492061
1714,9.851670687830676
1715,15.045699999999995
1716,4.122402597402598
1717,6.38035746031746
1718,9.313255555555559
1719,13.614440000000014
1720,5.432624126984125
1721,10.620855767195762
1722,9.098349841269842
1723,7.260143756613755
1724,9.137110096200086
1725,6.860439894179898
1726,7.636614920634914
1727,0.7680488888888889
1728,12.105072539682547
1729,11.361804761904757
1730,18.4182993650793
1731,3.101987301587303
1732,8.481791481481476
1733,17.067969365079325
1734,13.112297460317473
1735,12.54221544973544
1736,13.433742183742188
1737,0.0725
1738,0.8547814814814816
1739,9.137110096200086
1740,13.480000000000016
1741,0.5550333333333334
1742,16.577419365079365
1743,11.320295555555543
1744,6.054822222222219
1745,4.094252044252046
1746,5.16975380018674
1747,9.4086275946276
1748,7.686908253968255
1749,0.05761904761904762
1750,13.638331904761907
1751,0.7929234006734006
1752,10.382475449735448
1753,7.4367612698412735
1754,2.58627037037037
1755,3.615590187590188
1756,5.417387619047617
1757,9.270149841269829
1758,9.489178730158716
1759,1.1472222222222224
1760,8.019608201058201
1761,11.846757089947085
1762,12.926085291005299
1763,8.56363968253968
1764,0.028417508417508414
1765,10.608016190476194
1766,11.35852746031747
1767,4.094252044252046
1768,5.417387619047617
1769,10.51602275132274
1770,11.320295555555543
1771,4.133241038961034
1772,18.533612010581965
1773,6.5418990668590595
1774,10.890548451178438
1775,3.1813014285714294
1776,16.852041269841255
1777,12.754000000000012
1778,12.686435555555567
1779,7.341239841269842
1780,12.373396825396823
1781,12.758231111111122
1782,10.767413386243398
1783,11.145121063011043
1784,8.679239682539688
1785,12.967553439153454
1786,0.0
1787,14.301772910052915
1788,10.65284682539682
1789,2.9631888888888893
1790,7.6116993650793665
1791,8.424712486772487
1792,11.628638095238083
1793,2.3397777777777775
1794,13.607800000000015
1795,12.304051559551567
1796,9.161519363414355
1797,2.9631888888888893
1798,6.889253054353056
1799,14.301772910052915
1800,15.378770418470397
1801,10.04409396825397
1802,20.331313650793646
1803,5.182786666666669
1804,12.967553439153454
1805,8.829628571428572
1806,16.787213403633388
1807,21.53386650793647
1808,13.706177777777791
1809,3.448911111111112
1810,3.448911111111112
1811,13.495133333333348
1812,6.5418990668590595
1813,10.47997070707069
1814,0.9733333333333334
1815,11.974786031746014
1816,7.000328571428572
1817,13.480000000000016
1818,12.774311111111109
1819,12.532253968253968
1820,12.981961904761896
1821,8.778774603174604
1822,9.863236190476174
1823,13.480000000000016
1824,11.87532947089946
1825,18.922553650793585
1826,20.331313650793646
1827,10.47997070707069
1828,0.14241777777777778
1829,3.9900498556998545
1830,14.241560793650791
1831,13.465266666666682
1832,12.396950158730169
1833,11.874561269841266
1834,13.247792380952385
1835,16.787213403633388
1836,5.998777777777778
1837,0.0033333333333333335
1838,11.738228888888893
1839,11.333872193362163
1840,1.6196284332769644
1841,13.51953333333335
1842,0.0
1843,13.103435555555572
1844,16.278173809523814
1845,10.47997070707069
1846,8.69664055796056
1847,3.0229237037037033
1848,16.278173809523814
1849,11.038223068783058
1850,11.337593333333347
1851,18.28797887445884
1852,9.897334126984118
1853,12.532253968253968
1854,12.151915555555565
1855,12.149248733532263
1856,10.103838253968256
1857,20.331313650793646
1858,12.373396825396823
1859,11.151808095238088
1860,9.717245132275133
1861,7.244482857142863
1862,12.149248733532263
1863,6.923808888888891
1864,9.52659523809524
1865,14.301772910052915
1866,18.922553650793585
1867,14.241560793650791
1868,12.525776190476199
1869,11.356504444444443
1870,7.078995555555557
1871,8.446937248677239
1872,10.65284682539682
1873,12.400790192400192
1874,3.9900498556998545
1875,2.140092698412699
1876,13.945573333333337
1877,0.0
1878,11.333872193362163
1879,5.4093711111111125
1880,6.034933333333333
1881,16.24238888888888
1882,3.1051087301587303
1883,13.607800000000015
1884,15.304276825396785
1885,12.774311111111109
1886,15.046458888888859
1887,13.60101428571429
1888,5.8699333499833495
1889,0.0033333333333333335
1890,6.034933333333333
1891,0.14241777777777778
1892,7.813189841269841
1893,21.53386650793647
1894,13.835384444444447
1895,19.529528888888876
1896,4.323178571428572
1897,14.301772910052915
1898,13.165908888888902
1899,5.8699333499833495
1900,3.1813014285714294
1901,12.373396825396823
1902,0.0
1903,20.331313650793646
1904,12.206011111111126
1905,15.076187301587279
1906,8.424712486772487
1907,13.729100000000011
1908,9.623186984126978
1909,13.924873333333334
1910,13.646037354497365
1911,3.390257724867727
1912,10.04409396825397
1913,12.967553439153454
1914,9.161519363414355
1915,9.717245132275133
1916,0.9733333333333334
1917,13.718395555555569
1918,1.6196284332769644
1919,16.787213403633388
1920,8.424712486772487
1921,13.495133333333348
1922,10.821498412698418
1923,3.896119365079368
1924,8.829628571428572
1925,11.356504444444443
1926,11.333872193362163
1927,7.6116993650793665
1928,13.31564492063491
1929,12.967553439153454
1930,12.223564579124565
1931,5.683925396825397
1932,3.9900498556998545
1933,13.60101428571429
1934,14.901736963776933
1935,13.443611111111126
1936,4.4995761904761915
1937,12.513096507936519
1938,11.532537037037033
1939,18.922553650793585
1940,11.628638095238083
1941,11.731533333333335
1942,7.269193227513233
1943,8.090719047619046
1944,0.1406060606060606
1945,7.826156825396827
1946,10.174768253968246
1947,11.333872193362163
1948,0.1406060606060606
1949,10.767413386243398
1950,8.446937248677239
1951,18.533612010581965
1952,10.735481269841273
1953,10.731759841269835
1954,12.774311111111109
1955,4.464111269841271
1956,3.390257724867727
1957,10.65284682539682
1958,13.039433333333333
1959,16.62884592592588
1960,18.769170202020195
1961,15.320231111111106
1962,13.648622222222235
1963,12.882075555555558
1964,13.366914444444427
1965,21.46779142857136
1966,22.571933333333277
1967,12.968968888888902
1968,21.46779142857136
1969,22.230115825655815
1970,9.468628253968248
1971,15.698608465608446
1972,13.988803174603179
1973,11.317046666666652
1974,11.831486984126983
1975,0.2155212121212121
1976,13.988803174603179
1977,13.695218541088549
1978,13.499961904761921
1979,13.299352380952396
1980,12.777154550264553
1981,13.5391561904762
1982,9.415409235209237
1983,16.670227301587285
1984,12.033037777777782
1985,16.97257777777778
1986,10.908013746993742
1987,13.650570793650807
1988,0.04493333333333334
1989,10.207160173160181
1990,13.39376698412697
1991,11.668052063492063
1992,13.039433333333333
1993,13.50697333333335
1994,12.2065993162393
1995,15.254153703703675
1996,13.53093333333335
1997,10.908013746993742
1998,12.465730476190476
1999,0.04493333333333334
2000,11.36399111111112
2001,9.415409235209237
2002,13.99517079365079
2003,6.119457142857143
2004,16.45702190476191
2005,13.384426031746049
2006,7.014527142857146
2007,13.460150000000015
2008,12.929660317460307
2009,25.108367619047545
2010,10.908013746993742
2011,6.385332380952382
2012,14.246414285714275
2013,7.685456190476193
2014,0.2155212121212121
2015,34.391010856180806
2016,18.769170202020195
2017,26.529502006142003
2018,6.986144444444446
2019,10.338875661375662
2020,13.189015978835979
2021,13.652350793650804
2022,13.45560222222224
2023,10.717644444444447
2024,13.239184967320277
2025,14.616616007695985
2026,8.336962222222217
2027,13.44693333333335
2028,17.530277301587272
2029,13.617292063492068
2030,15.589695617715613
2031,11.788728672438667
2032,13.474533333333351
2033,8.940148067858072
2034,12.596858095238101
2035,14.705971640211622
2036,15.06284793650791
2037,16.31964365079361
2038,9.65011396825397
2039,21.39540190476188
2040,13.301773968253983
2041,12.529940952380944
2042,38.86277055278051
2043,13.728057777777789
2044,11.647080651200643
2045,13.540846666666681
2046,9.415409235209237
2047,15.510966666666663
2048,3.2817681481481484
2049,32.05785478410478
2050,26.529502006142003
2051,21.046406031746002
2052,14.921107301587284
2053,13.403813333333344
2054,10.05506666666666
2055,13.384426031746049
2056,15.939733333333303
2057,15.068044444444434
2058,13.384426031746049
2059,4.953044444444445
2060,12.471686984126979
2061,10.764331428571417
2062,11.236571111111108
2063,15.698608465608446
2064,13.53093333333335
2065,13.137426666666677
2066,18.769170202020195
2067,8.336962222222217
2068,11.575630158730162
2069,25.048180086580086
2070,25.048180086580086
2071,14.61107999999997
2072,14.049984285714276
2073,25.108367619047545
2074,13.061266666666668
2075,14.616616007695985
2076,16.407985396825374
2077,25.72577714285705
2078,19.00019999999997
2079,6.119457142857143
2080,10.207160173160181
2081,13.695218541088549
2082,14.02740582010582
2083,6.918197619047619
2084,6.600802503052502
2085,15.698608465608446
2086,15.06284793650791
2087,11.515928888888883
2088,12.968968888888902
2089,12.915622222222234
2090,4.996666666666667
2091,13.988266666666664
2092,4.08
2093,0.2155212121212121
2094,25.691844444444385
2095,6.385332380952382
2096,13.45560222222224
2097,13.537292063492078
2098,14.601927883597874
2099,9.357866666666668
2100,25.108367619047545
2101,3.2817681481481484
2102,10.945496243386241
2103,6.385332380952382
2104,12.0
2105,2.0153259259259264
2106,12.915622222222234
2107,6.298238095238097
2108,14.616616007695985
2109,21.39540190476188
2110,3.2817681481481484
2111,14.201066243386231
2112,19.00019999999997
2113,13.72976190476192
2114,10.338875661375662
2115,13.445051851851868
2116,6.385332380952382
2117,0.2155212121212121
2118,13.417642857142871
2119,13.746717460317472
2120,13.166008888888902
2121,4.08
2122,11.647080651200643
2123,6.472696692936683
2124,25.108367619047545
2125,7.014527142857146
2126,10.908013746993742
2127,15.818186666666643
2128,13.646290158730174
2129,23.976666666666667
2130,14.61107999999997
2131,8.520162222222222
2132,13.985410000000002
2133,13.128174603174594
2134,6.761553333333335
2135,15.433827070707048
2136,27.83439632441632
2137,13.512878412698415
2138,12.554172380952387
2139,5.725555155955158
2140,4.580822856402855
2141,14.722922222222202
2142,10.713996719946701
2143,4.580822856402855
2144,0.0
2145,12.032421939716038
2146,4.336607777777779
2147,11.028611481481475
2148,7.524677777777779
2149,17.885397460317407
2150,7.322302380952385
2151,13.129287398897382
2152,13.593126719576723
2153,12.94569777777779
2154,0.0
2155,13.026566825396804
2156,9.087011005291002
2157,5.688010000000003
2158,5.842206349206351
2159,12.890722857142867
2160,11.652007777777765
2161,42.53503587301587
2162,10.259433353425623
2163,15.700434920634919
2164,9.697380952380955
2165,4.359349206349204
2166,15.103289990379963
2167,12.032421939716038
2168,32.5280699470899
2169,13.425728359788362
2170,6.363667056277054
2171,0.0
2172,12.1036770899471
2173,10.420765646945654
2174,2.9229134776334793
2175,15.827423492063438
2176,10.420765646945654
2177,7.138379870129872
2178,12.191358095238092
2179,10.790967005957002
2180,16.770326312206297
2181,5.47781943056943
2182,8.94761648462648
2183,5.026358974358974
2184,13.005719047619062
2185,9.393926190476183
2186,21.843879999999963
2187,7.416242222222222
2188,13.143161587301561
2189,16.383519841269802
2190,15.433827070707048
2191,12.334784805194792
2192,12.378474074074074
2193,0.07
2194,10.682711111111114
2195,6.938904401709401
2196,12.082155555555566
2197,13.02308444444445
2198,12.032421939716038
2199,15.433827070707048
2200,13.129287398897382
2201,9.204122222222225
2202,12.295313968253971
2203,15.489531111111082
2204,12.51724947089948
2205,6.9353777777777745
2206,13.143161587301561
2207,13.33684444444446
2208,5.725555155955158
2209,10.404570899470901
2210,9.016553386243384
2211,16.161857496947455
2212,14.133646984126974
2213,7.030801746031745
2214,8.44450634920635
2215,12.1036770899471
2216,12.340140317460326
2217,21.843879999999963
2218,14.91197809523809
2219,11.345826031746034
2220,10.068562222222223
2221,11.693496031746033
2222,14.371625555555553
2223,12.670438095238104
2224,11.887894444444454
2225,12.670438095238104
2226,18.028659153439087
2227,0.23241851851851852
2228,27.83439632441632
2229,13.719905396825398
2230,10.168852698412689
2231,10.168852698412689
2232,9.270614603174606
2233,7.916991111111109
2234,11.58029111111111
2235,13.228533333333335
2236,13.204809990379973
2237,12.334784805194792
2238,10.068562222222223
2239,8.090122058682047
2240,16.509435555555537
2241,15.336339999999973
2242,10.73743296296295
2243,5.47781943056943
2244,7.138379870129872
2245,26.517668888888863
2246,5.47781943056943
2247,4.068693333333334
2248,14.371625555555553
2249,10.489146608946607
2250,9.016553386243384
2251,0.23241851851851852
2252,8.136581904761892
2253,11.887894444444454
2254,21.843879999999963
2255,12.386157671957656
2256,7.953743650793652
2257,11.628752539682523
2258,12.783520000000012
2259,8.136581904761892
2260,4.068693333333334
2261,6.761553333333335
2262,4.3788226984127006
2263,11.246361587301589
2264,9.129319682539675
2265,27.83439632441632
2266,2.0021200000000006
2267,4.580822856402855
2268,10.12488238095238
2269,4.473590476190476
2270,8.653957257339611
2271,11.67638222222223
2272,12.463760489510477
2273,21.082758888888836
2274,11.887894444444454
2275,3.012142857142857
2276,9.334476984126983
2277,11.628752539682523
2278,3.012142857142857
2279,13.497935555555568
2280,7.322302380952385
2281,5.688010000000003
2282,9.424733333333336
2283,20.92634444444441
2284,32.5280699470899
2285,11.222503121693132
2286,0.07
2287,13.273776666666658
2288,7.322302380952385
2289,4.359349206349204
2290,13.682950793650804
2291,12.51724947089948
2292,15.433827070707048
2293,9.486651111111113
2294,5.725555155955158
2295,10.168852698412689
2296,13.02308444444445
2297,4.359349206349204
2298,4.782441904761904
2299,2.9229134776334793
2300,8.57286942379601
2301,12.463760489510477
2302,8.94761648462648
2303,16.844808571428526
2304,22.922161587301566
2305,18.028659153439087
2306,11.693496031746033
2307,4.336607777777779
2308,7.760648888888889
2309,3.019400000000002
2310,9.486651111111113
2311,13.290011111111125
2312,8.653957257339611
2313,0.07
2314,10.835477365227371
2315,13.132363492063508
2316,17.877706666666636
2317,9.016553386243384
2318,14.451651428571422
2319,42.53503587301587
2320,8.51754666666667
2321,9.06152010582011
2322,13.30053333333335
2323,14.175448190698193
2324,11.947196296296296
2325,12.305011428571424
2326,13.348872063492067
2327,23.1403694083694
2328,18.51642793650792
2329,10.710730899470908
2330,13.37455555555557
2331,8.484855603655603
2332,6.932753333333335
2333,13.259505555555567
2334,2.056152597402597
2335,10.01935269841269
2336,9.008925079365074
2337,16.053052265512243
2338,28.491438095238053
2339,13.37804444444446
2340,25.544843333333315
2341,11.947196296296296
2342,16.46283111111107
2343,10.583472948532943
2344,12.305011428571424
2345,12.25511111111112
2346,23.1403694083694
2347,14.099956349206344
2348,13.626634444444448
2349,17.819859047619012
2350,12.870088412698426
2351,13.755638095238107
2352,25.421383333333303
2353,13.421300000000016
2354,13.002833333333346
2355,16.62951555555554
2356,14.873073333333329
2357,13.37804444444446
2358,11.185657777777783
2359,13.39885333333335
2360,4.022583439153442
2361,12.95298539682541
2362,7.619138412698416
2363,7.451455555555558
2364,12.27536063492064
2365,7.149432063492065
2366,16.139263174603137
2367,13.30053333333335
2368,6.960338571428573
2369,4.843679523809525
2370,8.27966666666667
2371,13.259505555555567
2372,25.57167037037036
2373,26.109646031746
2374,15.054120582010562
2375,8.484855603655603
2376,13.254611111111123
2377,0.13517777777777779
2378,24.95110714285712
2379,10.943917037037032
2380,13.480000000000016
2381,13.060908888888902
2382,8.484855603655603
2383,8.057333333333332
2384,7.2014653968254
2385,12.869791111111123
2386,12.3912015873016
2387,11.148585185185171
2388,14.622348412698384
2389,13.480000000000016
2390,12.374547633477633
2391,15.136530793650794
2392,6.960338571428573
2393,25.57167037037036
2394,7.043
2395,3.8377519613524904
2396,4.596519841269844
2397,0.13517777777777779
2398,12.963283333333333
2399,13.445594871794889
2400,13.742475978835976
2401,0.07888888888888888
2402,23.1403694083694
2403,12.521086984126995
2404,12.963283333333333
2405,13.445594871794889
2406,9.008925079365074
2407,16.62951555555554
2408,6.137261904761905
2409,9.019035555555556
2410,10.880712698412694
2411,12.998564338624332
2412,13.180566666666682
2413,21.738234112554014
2414,13.37804444444446
2415,13.626634444444448
2416,18.96953968253967
2417,4.439271111111113
2418,2.054555555555556
2419,13.517342222222236
2420,13.480000000000016
2421,11.972306666666674
2422,6.960338571428573
2423,11.196677792207801
2424,11.981158903318905
2425,3.8377519613524904
2426,12.27536063492064
2427,11.880930158730152
2428,9.008925079365074
2429,0.3986355555555556
2430,25.269180317460282
2431,13.316577566137578
2432,13.821097264957245
2433,13.742475978835976
2434,13.029375555555568
2435,0.3986355555555556
2436,0.07888888888888888
2437,13.39885333333335
2438,25.57167037037036
2439,10.880712698412694
2440,25.947815026454975
2441,14.061498994708987
2442,9.581676190476188
2443,5.049507724867727
2444,11.371972010582006
2445,14.893599999999978
2446,11.185657777777783
2447,12.502218682058684
2448,6.989583492063492
2449,10.822738201058202
2450,0.3986355555555556
2451,3.8377519613524904
2452,10.476353333333334
2453,7.451455555555558
2454,11.232508888888889
2455,12.060530158730169
2456,21.47403566137563
2457,13.37804444444446
2458,13.41315333333335
2459,13.39885333333335
2460,13.331996507936521
2461,10.943917037037032
2462,4.086046666666668
2463,18.489941385281313
2464,13.2547288888889
2465,11.371972010582006
2466,18.35524232804228
2467,13.167766349206362
2468,16.279620740740725
2469,15.308851111111068
2470,13.254611111111123
2471,12.945312698412714
2472,13.491323809523822
2473,10.880712698412694
2474,6.137261904761905
2475,4.818665396825399
2476,32.44844465608463
2477,8.757519047619045
2478,2.5362808032708055
2479,11.824968888888877
2480,18.050385133167467
2481,7.032906666666667
2482,13.934246296296296
2483,31.65092984126973
2484,18.948995555555523
2485,24.40857152477153
2486,7.170013333333333
2487,15.41116185185183
2488,13.31869555555557
2489,7.170013333333333
2490,13.866186666666671
2491,3.656464646464644
2492,3.0
2493,13.794882539682543
2494,13.982375555555558
2495,12.262744656084667
2496,7.170013333333333
2497,0.12285714285714287
2498,15.49253611111107
2499,13.269753333333348
2500,14.783336666666644
2501,10.766685079365072
2502,3.0233333333333334
2503,15.475593968253934
2504,12.509991111111102
2505,14.426483968253951
2506,13.302589292929296
2507,6.907856373256366
2508,3.656464646464644
2509,14.13671703703704
2510,2.557910606060607
2511,2.5362808032708055
2512,35.386993333333315
2513,6.37084
2514,13.794882539682543
2515,12.798207195767196
2516,3.0233333333333334
2517,12.969357910607904
2518,13.475066666666683
2519,8.117107936507937
2520,14.825326984126962
2521,15.41116185185183
2522,12.576709610389614
2523,18.36739079365075
2524,13.488320000000016
2525,11.298967619047621
2526,15.379726753246745
2527,5.846695714285717
2528,15.560730158730127
2529,19.78559047619048
2530,25.795399476079464
2531,11.700059292929275
2532,14.783336666666644
2533,13.753928888888895
2534,13.30864777777779
2535,13.66752359788361
2536,7.032906666666667
2537,15.443597142857119
2538,12.31637566137567
2539,14.150266666666663
2540,12.358755555555557
2541,13.43090744588743
2542,14.505099999999993
2543,11.612709523809523
2544,9.196986666666668
2545,25.795399476079464
2546,13.395211111111125
2547,11.312967142857143
2548,9.86724285714285
2549,17.20679999999996
2550,11.170357777777777
2551,13.480000000000016
2552,13.432577777777794
2553,19.868622222222204
2554,28.910555555555554
2555,11.235061649831648
2556,12.478194531024537
2557,5.726620361120357
2558,15.379726753246745
2559,7.032906666666667
2560,5.895007301587302
2561,9.189449841269838
2562,14.913691428571408
2563,11.088363544973534
2564,16.852409090909088
2565,13.195422222222238
2566,9.655443492063496
2567,18.36739079365075
2568,40.21649777777772
2569,11.426903174603181
2570,11.060666666666677
2571,5.1444301298701305
2572,13.4140351851852
2573,3.656464646464644
2574,13.266641428571443
2575,0.13653333333333334
2576,9.855112063492061
2577,3.0233333333333334
2578,7.170013333333333
2579,12.950610158730163
2580,16.320923337773316
2581,11.924520952380947
2582,14.913691428571408
2583,10.766685079365072
2584,11.527429523809522
2585,14.783336666666644
2586,7.170013333333333
2587,11.907120971620984
2588,11.899057460317469
2589,13.433064444444458
2590,13.982375555555558
2591,11.907120971620984
2592,13.681413333333339
2593,23.692403492063466
2594,11.411417777777785
2595,13.328669047619062
2596,14.06676714285714
2597,16.852409090909088
2598,22.742366666666648
2599,13.722278888888868
2600,13.266641428571443
2601,14.913691428571408
2602,18.050385133167467
2603,10.01586888888889
2604,18.050385133167467
2605,6.37084
2606,6.907856373256366
2607,13.475066666666683
2608,8.491045555555557
2609,11.907529259259258
2610,10.902478253968255
2611,11.126386666666663
2612,13.84281904761906
2613,16.290321269841233
2614,0.13653333333333334
2615,13.722278888888868
2616,30.399222222222193
2617,14.565254869574865
2618,12.798264444444456
2619,12.798264444444456
2620,35.386993333333315
2621,12.798207195767196
2622,12.687872063492064
2623,2.5362808032708055
2624,3.724205079365079
2625,10.820064814814812
2626,13.195422222222238
2627,14.150266666666663
2628,12.510410654160655
2629,4.818665396825399
2630,12.687872063492064
2631,7.222168253968259
2632,13.480000000000016
2633,12.576709610389614
2634,7.032906666666667
2635,13.50013333333335
2636,12.509991111111102
2637,9.855112063492061
2638,13.66752359788361
2639,0.13653333333333334
2640,15.064858730158702
2641,0.2905033333333334
2642,9.21900264550264
2643,13.64718423280423
2644,30.007166666666652
2645,22.742366666666648
2646,15.379726753246745
2647,11.907120971620984
2648,13.328669047619062
2649,14.06676714285714
2650,13.66752359788361
2651,0.2905033333333334
2652,16.320923337773316
2653,12.474722222222233
2654,13.66752359788361
2655,16.852409090909088
2656,13.402288888888904
2657,2.6052153968254
2658,13.335891111111126
2659,5.726620361120357
2660,14.417085714285706
2661,12.500264444444454
2662,7.938039999999999
2663,5.94
2664,0.0
2665,9.974883929773918
2666,10.90489797979797
2667,13.808785030155017
2668,2.6536207936507945
2669,10.01408331890332
2670,5.3865971306471305
2671,11.836982539682538
2672,13.753660634920637
2673,9.852493015873016
2674,3.1915022222222227
2675,5.94
2676,12.723263492063506
2677,8.791104444444448
2678,13.049026262626278
2679,5.410408148148146
2680,4.505243645243651
2681,12.568360404040396
2682,12.73644555555557
2683,8.791104444444448
2684,13.22167780857486
2685,3.279942433862435
2686,14.060857704517705
2687,3.3750847619047635
2688,13.424108730158743
2689,13.22167780857486
2690,14.060857704517705
2691,2.896663367133952
2692,20.43013034632033
2693,0.5020328571428571
2694,9.950650423280427
2695,18.24264497354494
2696,12.568360404040396
2697,13.808785030155017
2698,12.280564656084653
2699,5.5352555555555565
2700,0.16950000000000004
2701,13.049026262626278
2702,4.560794603174604
2703,18.300408730158694
2704,13.049026262626278
2705,8.537958730158728
2706,13.753660634920637
2707,1.1774073881673883
2708,4.505243645243651
2709,11.01202182539683
2710,12.328293968253956
2711,6.56723005291005
2712,13.579906666666682
2713,6.615374920634921
2714,5.3865971306471305
2715,9.338974179894182
2716,1.1774073881673883
2717,5.234748888888891
2718,13.568012698412698
2719,6.615374920634921
2720,13.845711111111111
2721,12.192793333333338
2722,15.429461904761874
2723,7.307354872099004
2724,5.442743377733375
2725,8.427138201058202
2726,0.12422222222222222
2727,9.399066666666673
2728,9.852493015873016
2729,13.424108730158743
2730,9.41086777777778
2731,13.998566666666669
2732,7.473421164021165
2733,13.254506666666684
2734,8.865144444444446
2735,1.6891161904761907
2736,8.152336190476191
2737,1.1696975709475708
2738,5.917821851851856
2739,8.771814261664257
2740,2.923500533910536
2741,9.232254074074076
2742,7.242583915343917
2743,6.408664444444446
2744,18.300408730158694
2745,12.328293968253956
2746,6.408664444444446
2747,8.152336190476191
2748,13.22167780857486
2749,15.434004444444446
2750,13.184108888888902
2751,7.025
2752,0.16950000000000004
2753,0.5020328571428571
2754,15.41485031746031
2755,1.166013968253968
2756,8.458566666666664
2757,3.5388444444444462
2758,13.135483333333346
2759,9.127461269841264
2760,10.516333333333336
2761,8.745948888888877
2762,7.189026666666667
2763,15.447085555555553
2764,2.923500533910536
2765,21.627592390942397
2766,8.427138201058202
2767,8.745948888888877
2768,11.407466666666679
2769,12.289616825396822
2770,12.192793333333338
2771,11.99157397306397
2772,3.279942433862435
2773,4.505243645243651
2774,9.56959481481482
2775,25.62832284752277
2776,14.656706031745998
2777,12.2320110918711
2778,4.047842592592591
2779,2.6536207936507945
2780,17.023410158730144
2781,0.04228333333333333
2782,21.71956835978827
2783,12.794446825396836
2784,7.317021269841272
2785,5.3865971306471305
2786,13.22167780857486
2787,9.399066666666673
2788,13.291453544973553
2789,16.693124126984088
2790,15.447085555555553
2791,20.790264126984116
2792,20.790264126984116
2793,9.025714285714287
2794,9.025714285714287
2795,8.032690264550261
2796,8.808855873015867
2797,10.52191126984128
2798,8.032690264550261
2799,2.896663367133952
2800,1.1774073881673883
2801,14.308939682539677
2802,11.01202182539683
2803,8.589856031746024
2804,13.808785030155017
2805,7.863551111111112
2806,9.974883929773918
2807,11.25835523809524
2808,12.353020317460308
2809,13.049026262626278
2810,0.0
2811,7.30739222222222
2812,10.68379047619047
2813,12.73644555555557
2814,3.279942433862435
2815,4.505243645243651
2816,6.89682222222222
2817,21.627592390942397
2818,11.36458396825398
2819,5.5352555555555565
2820,25.62832284752277
2821,1.1696975709475708
2822,7.06924486032486
2823,18.300408730158694
2824,2.896663367133952
2825,13.753660634920637
2826,4.047842592592591
2827,9.950650423280427
2828,14.750816031746027
2829,14.656706031745998
2830,5.917821851851856
2831,3.7427933700023193
2832,10.52191126984128
2833,7.025
2834,18.24264497354494
2835,9.136659047619037
2836,5.218821957671962
2837,12.307769523809533
2838,8.808855873015867
2839,13.808785030155017
2840,16.075018888888852
2841,4.047842592592591
2842,8.427138201058202
2843,4.215500000000001
2844,14.178903703703684
2845,13.753660634920637
2846,6.366441269841276
2847,5.442743377733375
2848,8.038587407407409
2849,12.732419841269852
2850,21.627592390942397
2851,13.135483333333346
2852,4.94975303030303
2853,9.801977777777774
2854,1.5435691283117772
2855,11.07470571428571
2856,4.960212857142858
2857,12.419195291005297
2858,12.742757037037038
2859,13.59648439153438
2860,8.717132275132279
2861,16.280212583712583
2862,16.044242222222195
2863,4.384256054131054
2864,18.522780878163235
2865,9.593009259259253
2866,11.733685781625763
2867,13.11716312169312
2868,20.106500629000642
2869,4.454462857142855
2870,4.717794997594999
2871,32.570385632885625
2872,13.71954846560846
2873,13.854548624338625
2874,20.30776285714281
2875,16.280212583712583
2876,6.882027407407407
2877,9.822719999999988
2878,12.960804078144083
2879,12.442502958152948
2880,21.81548802308801
2881,19.30693745550745
2882,9.269609100529092
2883,19.83815846560847
2884,18.59836507936504
2885,9.141268523143527
2886,8.210806693306692
2887,8.056243520923509
2888,4.717794997594999
2889,16.355166666666666
2890,15.943044444444446
2891,19.679815009065
2892,14.02824758248287
2893,21.21765245310236
2894,11.202379918229912
2895,13.734840432900421
2896,13.508995834535845
2897,12.843526825396834
2898,12.276766560846543
2899,7.865256190476181
2900,13.668558835978835
2901,7.865256190476181
2902,6.961652910052911
2903,14.992366666666673
2904,3.9363130591630604
2905,10.664545612535592
2906,12.635681587301585
2907,8.336140740740744
2908,18.7470311111111
2909,16.290067936507896
2910,7.9372773448773355
2911,8.336140740740744
2912,10.727610870610858
2913,13.734840432900421
2914,11.197044444444444
2915,2.446355555555555
2916,24.79923682539677
2917,22.5407045177045
2918,4.9902338095238115
2919,13.854548624338625
2920,5.150629894179895
2921,25.92203011544008
2922,10.403826046611337
2923,4.9902338095238115
2924,10.162499841269831
2925,32.570385632885625
2926,13.316941269841271
2927,37.57838772486764
2928,10.70531984126984
2929,19.836498306878262
2930,22.243366825396823
2931,11.837473304473317
2932,13.186273261183256
2933,13.047045930735917
2934,14.02824758248287
2935,21.875665019424996
2936,8.104336274836271
2937,15.303938624338622
2938,3.3260632804232815
2939,21.766932151182118
2940,12.394141967291949
2941,19.63954783549781
2942,15.943044444444446
2943,25.351177777777764
2944,11.576153703703692
2945,14.02824758248287
2946,18.61008354497353
2947,8.723271746031735
2948,11.947684179894173
2949,10.436150158730149
2950,18.39788994227989
2951,11.538173184223167
2952,13.093091164021175
2953,22.5407045177045
2954,9.801977777777774
2955,11.07470571428571
2956,16.054897344877315
2957,9.138549047619048
2958,18.79047253968249
2959,10.403826046611337
2960,13.25912328042326
2961,13.134331111111125
2962,13.047045930735917
2963,18.2593632367632
2964,14.832111677542711
2965,14.505656321826303
2966,13.32278285714287
2967,12.346055132275113
2968,21.875665019424996
2969,22.178041851851855
2970,10.72864994708993
2971,7.424804973544975
2972,7.103882222222219
2973,2.446355555555555
2974,10.86884899470898
2975,6.372259417989418
2976,25.425470851370836
2977,10.624289153439154
2978,14.505656321826303
2979,10.130955555555543
2980,11.015799999999999
2981,20.106500629000642
2982,12.276766560846543
2983,4.9902338095238115
2984,11.576153703703692
2985,28.977057619047592
2986,39.51990984126986
2987,15.943044444444446
2988,8.635202327672317
2989,14.817713809523775
2990,13.59648439153438
2991,6.372259417989418
2992,13.854548624338625
2993,9.593009259259253
2994,11.015799999999999
2995,18.61008354497353
2996,10.786931798941794
2997,14.02824758248287
2998,12.345797777777767
2999,11.837473304473317
3000,16.290067936507896
3001,12.777893828393827
3002,11.015799999999999
3003,17.570750559549374
3004,4.1027707599807615
3005,22.243366825396823
3006,2.5839999999999996
3007,8.717132275132279
3008,17.773318484848442
3009,19.30693745550745
3010,15.459362767635975
3011,10.436150158730149
3012,9.269609100529092
3013,11.538173184223167
3014,11.015799999999999
3015,9.005763588263589
3016,11.197044444444444
3017,9.546872539682541
3018,8.717132275132279
3019,1.0667352277352273
3020,9.141268523143527
3021,9.546872539682541
3022,13.337546825396805
3023,13.716153544973558
3024,27.95203089059089
3025,20.106500629000642
3026,32.081838412698346
3027,7.469487142857142
3028,10.786931798941794
3029,11.015799999999999
3030,15.070565146705118
3031,11.837473304473317
3032,13.85567999999999
3033,14.268810370370348
3034,1.0667352277352273
3035,14.986170158730143
3036,23.102469307359286
3037,10.130955555555543
3038,9.27168811928811
3039,1.0667352277352273
3040,13.316941269841271
3041,2.5839999999999996
3042,19.908808730158725
3043,13.75290111111112
3044,14.366547912457909
3045,25.418495555555545
3046,13.08839892736891
3047,9.745070476190477
3048,20.582363819187325
3049,25.799052188552185
3050,10.36821037037037
3051,7.989260546642901
3052,13.70291492063493
3053,11.9912
3054,11.330923691852808
3055,20.693555079365037
3056,11.27413597883598
3057,20.0
3058,10.291216753182598
3059,42.67759159951159
3060,14.452521693121692
3061,8.05
3062,6.125119863624507
3063,12.48182919117918
3064,14.532536373256368
3065,12.461158730158736
3066,19.72522312169311
3067,9.523376402116403
3068,11.9912
3069,23.203563174603172
3070,10.49671911421912
3071,13.25234634920632
3072,15.578091269841225
3073,14.973333333333333
3074,8.180318612868605
3075,16.062239876985725
3076,18.77881666666666
3077,13.635747566137573
3078,10.093464313464317
3079,9.936380545380546
3080,10.91130984126984
3081,22.236233227513157
3082,13.47139555555557
3083,10.228080581270563
3084,15.731935322030903
3085,14.694037777777764
3086,12.228250423280423
3087,20.28218158730158
3088,19.47324867074098
3089,19.96736031265029
3090,10.637029325674305
3091,11.961773703703688
3092,31.42306380952381
3093,13.096853650793648
3094,17.0
3095,24.08705264550265
3096,8.759736294261296
3097,13.839479682539665
3098,17.55851575757572
3099,16.495166801346755
3100,10.778952948532934
3101,12.319765974025959
3102,8.180318612868605
3103,8.784063642283645
3104,28.554523809523676
3105,32.7339966137566
3106,6.603583492063492
3107,7.989260546642901
3108,7.071088888888889
3109,14.532536373256368
3110,19.973196772486773
3111,14.06910275132274
3112,11.330923691852808
3113,15.818264603174581
3114,13.752073703703694
3115,10.291216753182598
3116,13.629020000000015
3117,8.769374603174604
3118,20.0
3119,8.608624126984127
3120,9.936380545380546
3121,3.3937052092352102
3122,21.835618451178387
3123,33.785547354497346
3124,16.85198888888884
3125,7.693083582746228
3126,14.973333333333333
3127,14.785295925925917
3128,19.47324867074098
3129,20.481986349206256
3130,10.91130984126984
3131,13.217393963443968
3132,14.524990952380934
3133,15.340553333333334
3134,0.601588686368098
3135,15.041894603174581
3136,10.739622857142857
3137,17.0
3138,11.9912
3139,8.608624126984127
3140,16.85198888888884
3141,13.08839892736891
3142,13.752073703703694
3143,20.661554285714253
3144,11.990334708994688
3145,15.277643333333327
3146,8.4365982010582
3147,5.924432592592592
3148,10.739622857142857
3149,10.093464313464317
3150,14.524990952380934
3151,14.632030529100515
3152,20.481986349206256
3153,6.707430476190473
3154,13.217393963443968
3155,14.01799857142858
3156,11.431411957671942
3157,10.679168553668548
3158,6.603583492063492
3159,17.505783439153436
3160,24.08705264550265
3161,10.131872525252518
3162,12.407852961852964
3163,7.51745523809523
3164,14.63436756132756
3165,14.532536373256368
3166,6.50197806822807
3167,18.81445148148144
3168,32.7339966137566
3169,12.461158730158736
3170,13.629020000000015
3171,13.752073703703694
3172,25.418495555555545
3173,5.939962645502647
3174,18.176802592592548
3175,16.062239876985725
3176,22.16284321789322
3177,15.785453809523775
3178,13.75290111111112
3179,17.01281253968254
3180,6.523516031746035
3181,11.289353410293414
3182,11.51828111111111
3183,9.91679777777777
3184,20.450500432900434
3185,27.70441158730148
3186,14.633752146274203
3187,9.405732275132276
3188,15.621798412698402
3189,10.22704513227513
3190,14.239594641654625
3191,10.131872525252518
3192,6.125119863624507
3193,25.799052188552185
3194,16.820206137566114
3195,10.093464313464317
3196,13.061067936507937
3197,13.207702857142868
3198,6.360277460317456
3199,11.330923691852808
3200,10.33588894438895
3201,15.0
3202,20.481986349206256
3203,13.943905079365082
3204,19.24673664046193
3205,11.9912
3206,19.24673664046193
3207,20.582363819187325
3208,11.313907460317456
3209,9.91679777777777
3210,10.637029325674305
3211,16.536811587301585
3212,13.826415873015875
3213,15.455473881673877
3214,10.291216753182598
3215,19.47324867074098
3216,18.257296254856225
3217,12.48182919117918
3218,25.33147968253958
3219,13.14292660894659
3220,10.739622857142857
3221,10.49671911421912
3222,10.637029325674305
3223,9.936380545380546
3224,13.826415873015875
3225,14.133944550264546
3226,25.84971587301587
3227,19.24673664046193
3228,14.351455901875891
3229,4.011534925814928
3230,23.05586497354488
3231,10.649256666666659
3232,10.314533333333339
3233,14.240990158730156
3234,12.754324761904742
3235,14.015480952380953
3236,22.86873111111108
3237,13.702662222222228
3238,1.3471064550264558
3239,3.4772301406001422
3240,18.401278888888836
3241,10.611464800384816
3242,14.348444603174594
3243,5.036146666666669
3244,16.447976252658
3245,11.841348888888879
3246,12.140326349206362
3247,4.398802592592595
3248,14.721723809523807
3249,4.398802592592595
3250,8.56762222222222
3251,17.7060114285714
3252,13.398688148148164
3253,7.920854603174603
3254,9.342213015873018
3255,12.75696761904762
3256,13.387466666666683
3257,23.05586497354488
3258,14.103680158730159
3259,8.544297354497353
3260,13.281733333333348
3261,4.398802592592595
3262,9.91136904761905
3263,5.720933650793653
3264,9.290682934102922
3265,13.385281904761888
3266,17.7060114285714
3267,23.05586497354488
3268,16.071120476190455
3269,24.3034539682539
3270,13.385281904761888
3271,13.011202222222229
3272,12.853357301587309
3273,11.833108888888885
3274,12.240043333333332
3275,4.334105661375662
3276,6.622137027417021
3277,0.1348
3278,12.853588888888902
3279,13.960801082251077
3280,13.33159126984128
3281,10.649256666666659
3282,16.097881212121198
3283,4.398802592592595
3284,13.42584242424244
3285,12.332264444444439
3286,1.9842673063973066
3287,10.824667821067791
3288,10.362334444444436
3289,8.56762222222222
3290,34.51074863691861
3291,13.243337777777795
3292,4.334105661375662
3293,13.245483809523822
3294,11.147626666666673
3295,13.398688148148164
3296,6.622137027417021
3297,10.611464800384816
3298,7.980138783068782
3299,14.631279682539677
3300,11.407235079365085
3301,12.977557460317467
3302,13.618745079365093
3303,13.42584242424244
3304,13.34503174603175
3305,16.447976252658
3306,14.14800666666666
3307,22.86873111111108
3308,34.51074863691861
3309,14.073977460317462
3310,16.447976252658
3311,34.51074863691861
3312,20.021512275132235
3313,34.51074863691861
3314,3.4772301406001422
3315,11.407235079365085
3316,13.7630888888889
3317,19.348328888888883
3318,13.385281904761888
3319,3.763881818181819
3320,12.75696761904762
3321,13.771300000000007
3322,13.30216190476192
3323,13.30216190476192
3324,3.4772301406001422
3325,13.245483809523822
3326,5.6494066666666685
3327,14.759490793650784
3328,15.70976486772483
3329,14.785271746031734
3330,13.50419126984128
3331,15.052682539682534
3332,28.376159999999945
3333,15.052682539682534
3334,9.406279629629632
3335,3.4772301406001422
3336,8.35058888888888
3337,14.749986666666649
3338,34.51074863691861
3339,17.765492222222196
3340,13.398688148148164
3341,3.4772301406001422
3342,34.51074863691861
3343,13.879172222222229
3344,14.176733333333331
3345,14.073977460317462
3346,0.1348
3347,13.30216190476192
3348,10.916983333333338
3349,28.376159999999945
3350,14.015480952380953
3351,4.011534925814928
3352,5.942692640692644
3353,1.9842673063973066
3354,4.398802592592595
3355,9.342213015873018
3356,25.77185925925915
3357,17.765492222222196
3358,14.015480952380953
3359,12.140326349206362
3360,13.42584242424244
3361,17.7060114285714
3362,1.3471064550264558
3363,15.216515555555533
3364,13.500551404521412
3365,10.824667821067791
3366,10.52282555555556
3367,13.979357619047605
3368,16.447976252658
3369,13.905951111111117
3370,14.015480952380953
3371,11.833108888888885
3372,11.147626666666673
3373,25.77185925925915
3374,10.824667821067791
3375,23.05586497354488
3376,12.628528888888876
3377,13.34503174603175
3378,13.39665238095239
3379,13.50419126984128
3380,0.1348
3381,13.008177777777792
3382,12.042315079365087
3383,1.9842673063973066
3384,14.351455901875891
3385,13.398688148148164
3386,14.200719047619048
3387,14.015480952380953
3388,9.718327777777782
3389,1.9842673063973066
3390,13.011202222222229
3391,15.70976486772483
3392,22.86873111111108
3393,10.611464800384816
3394,12.620826666666673
3395,16.7925625396825
3396,16.043395079365062
3397,9.342213015873018
3398,4.011534925814928
3399,3.763881818181819
3400,4.334105661375662
3401,13.87548317460318
3402,7.920854603174603
3403,16.7925625396825
3404,13.20575555555557
3405,15.052682539682534
3406,13.008177777777792
3407,13.30216190476192
3408,10.09005777777778
3409,12.620826666666673
3410,13.385281904761888
3411,18.401278888888836
3412,14.240990158730156
3413,16.447976252658
3414,9.290682934102922
3415,11.708476507936503
3416,21.476027570947547
3417,9.68616149311701
3418,12.28106253968252
3419,11.187615959225939
3420,0.13365925925925926
3421,16.833889145941775
3422,13.445066666666683
3423,15.297010052910048
3424,10.021681409886401
3425,13.858128427128413
3426,15.872843492063469
3427,10.021681409886401
3428,22.34423999999997
3429,3.026666666666667
3430,15.228252592592586
3431,9.896108730158728
3432,21.880666666666666
3433,15.872843492063469
3434,16.269001640211616
3435,17.84766067118064
3436,34.434076084656084
3437,4.9124820634920665
3438,17.47485818810819
3439,10.621156507936497
3440,6.70371492063492
3441,8.777338624338608
3442,37.127670793650786
3443,8.777338624338608
3444,11.16248433656987
3445,7.63568777777778
3446,13.451318888888892
3447,6.3146893568414155
3448,3.031851167536168
3449,22.09991878306877
3450,9.186237197987197
3451,16.242980278980273
3452,13.472017777777793
3453,20.960385555555487
3454,19.099916931216875
3455,13.701860089170074
3456,13.237123981418184
3457,0.9885758054581584
3458,0.13365925925925926
3459,13.434521585963045
3460,24.035193870573877
3461,22.41143436748432
3462,22.235035714285722
3463,15.318532735782732
3464,25.389920995670995
3465,16.20980530062528
3466,7.578711428571427
3467,9.24713561327561
3468,7.888770370370369
3469,11.829905204425188
3470,9.089965194805195
3471,13.701860089170074
3472,17.371569100529086
3473,13.942025622895613
3474,14.92139232804233
3475,14.46724981240981
3476,7.623502279942277
3477,6.454717777777783
3478,18.711214366744336
3479,20.664458941798863
3480,21.880666666666666
3481,18.0
3482,21.880666666666666
3483,20.459448769694337
3484,21.880666666666666
3485,19.512271322751317
3486,14.243117989417984
3487,10.908466507936481
3488,25.580400317460292
3489,7.720568253968255
3490,15.705764106264105
3491,13.203752063492077
3492,17.996736950456924
3493,7.888770370370369
3494,17.47485818810819
3495,3.031851167536168
3496,11.889278783068788
3497,4.910119047619051
3498,15.33343170052168
3499,7.578711428571427
3500,3.6566296296296317
3501,13.480000000000016
3502,11.708476507936503
3503,13.134362063492068
3504,11.961950851370839
3505,0.9885758054581584
3506,0.13365925925925926
3507,34.8481554090354
3508,11.599859682539675
3509,10.743665714285711
3510,13.24588380952379
3511,16.242980278980273
3512,6.3146893568414155
3513,14.065204151034152
3514,7.690856402116401
3515,12.73934084175084
3516,11.813719841269831
3517,11.636513241943232
3518,17.55804028860024
3519,4.9124820634920665
3520,20.187288888888883
3521,18.088966190476146
3522,7.344693968253969
3523,14.46724981240981
3524,15.318532735782732
3525,16.833889145941775
3526,15.599470476190476
3527,13.076888888888902
3528,22.41143436748432
3529,16.19219936507936
3530,0.13365925925925926
3531,12.10748042328042
3532,9.29549
3533,13.701860089170074
3534,10.224145310245305
3535,3.1166956235485648
3536,9.089965194805195
3537,13.352031036741044
3538,15.539593333333332
3539,4.30586761904762
3540,17.383892114552108
3541,15.599470476190476
3542,11.16248433656987
3543,32.27187594627592
3544,17.152175873015825
3545,8.239348435268424
3546,16.507665882635873
3547,24.875204761904765
3548,10.908466507936481
3549,18.090018783068764
3550,15.868796719576713
3551,25.389920995670995
3552,22.41143436748432
3553,14.92139232804233
3554,13.511136031746032
3555,5.813930158730159
3556,10.930388176638177
3557,16.103176671476675
3558,10.021681409886401
3559,14.409488109668104
3560,11.961950851370839
3561,14.320442159692163
3562,16.322726048581
3563,6.70371492063492
3564,13.480000000000016
3565,13.24588380952379
3566,23.277107619047616
3567,9.24713561327561
3568,13.485634920634936
3569,20.459448769694337
3570,13.511136031746032
3571,3.6566296296296317
3572,9.47335212853596
3573,12.24633037037036
3574,9.653041481481479
3575,11.812464053416056
3576,13.406657407407405
3577,18.278280793650758
3578,34.8481554090354
3579,9.653041481481479
3580,13.406657407407405
3581,17.49951333333329
3582,13.23456153439154
3583,10.224145310245305
3584,3.026666666666667
3585,17.383892114552108
3586,13.076888888888902
3587,10.908466507936481
3588,11.961950851370839
3589,10.930388176638177
3590,6.624012063492066
3591,14.375859629629629
3592,0.13365925925925926
3593,19.390214603174613
3594,21.880666666666666
3595,13.581108249158255
3596,7.7789256084656095
3597,18.711214366744336
3598,7.089030634920635
3599,11.812464053416056
3600,8.153749446849437
3601,15.228252592592586
3602,19.099916931216875
3603,17.152175873015825
3604,10.774101611351616
3605,22.034549206349205
3606,18.22568946608944
3607,14.40424132275131
3608,14.053057816257809
3609,4.786409947089948
3610,5.533984656084652
3611,13.05625666666668
3612,13.39281551546722
3613,15.078673166702574
3614,11.851488095238095
3615,12.83573153439153
3616,13.454590476190493
3617,11.983616825396814
3618,9.369879576719578
3619,12.451631125541125
3620,13.75027619047619
3621,11.442753396973384
3622,11.78882353905354
3623,13.463866666666682
3624,6.068355477855477
3625,22.82943703703704
3626,10.63191072966421
3627,9.565110687830687
3628,11.437378095238092
3629,15.078673166702574
3630,15.951096430606425
3631,7.412300476190477
3632,15.951096430606425
3633,1.0065028042328048
3634,17.453706108706093
3635,11.696806984126992
3636,10.303920000000003
3637,11.442753396973384
3638,9.277782857142856
3639,9.22119249528421
3640,10.28922326118326
3641,12.214253876863866
3642,2.5666581381581355
3643,10.100479812409802
3644,10.524991587301589
3645,21.082677619047544
3646,5.078160582010584
3647,21.775078310578316
3648,6.12171798941799
3649,11.700094603174596
3650,11.983616825396814
3651,12.759415029415024
3652,5.748661111111111
3653,6.462305714285716
3654,8.068108253968258
3655,11.109813386243388
3656,19.904595613275546
3657,9.554222222222212
3658,7.97391666666666
3659,3.6564158730158747
3660,13.39281551546722
3661,9.226682698412695
3662,8.883310000000005
3663,16.4280525396825
3664,12.451631125541125
3665,11.851488095238095
3666,15.03742253968253
3667,19.95598370758868
3668,10.58803099547511
3669,8.922373227513223
3670,6.895133333333332
3671,28.18440873015862
3672,13.841305372775366
3673,1.0065028042328048
3674,8.510150476190468
3675,12.36020444444445
3676,7.492523833665481
3677,11.036465387205386
3678,18.750095555555546
3679,5.39686523809524
3680,13.696570000000014
3681,20.359782380952357
3682,12.65401216931217
3683,5.39686523809524
3684,3.584221018981021
3685,16.46855380952377
3686,16.33223968253968
3687,11.887233809523815
3688,7.492523833665481
3689,19.921939927849916
3690,11.34610477633476
3691,6.127671649831647
3692,7.890911111111113
3693,20.880711428571434
3694,6.228150024050027
3695,10.766228465608455
3696,17.908666666666672
3697,10.353271428571428
3698,15.951096430606425
3699,13.778302539682551
3700,13.410688888888904
3701,10.153133068783069
3702,0.47564841269841274
3703,14.970054714174681
3704,8.035786373626378
3705,15.337644444444404
3706,20.50221621252323
3707,17.453706108706093
3708,11.036465387205386
3709,16.339451269841238
3710,11.036465387205386
3711,13.410688888888904
3712,6.12171798941799
3713,6.462305714285716
3714,11.887233809523815
3715,10.955767195767194
3716,13.454590476190493
3717,14.164193518518516
3718,9.565110687830687
3719,10.955767195767194
3720,13.601287777777792
3721,22.034549206349205
3722,9.122991587301584
3723,10.774101611351616
3724,15.737526137566128
3725,11.690588994708998
3726,6.545124126984126
3727,7.492523833665481
3728,14.651396068376055
3729,13.371500710030698
3730,13.01
3731,10.955767195767194
3732,15.956027566137527
3733,22.034549206349205
3734,12.759415029415024
3735,7.755133174603176
3736,5.008729249639246
3737,17.453706108706093
3738,8.922373227513223
3739,12.759415029415024
3740,13.486047619047618
3741,12.226431111111111
3742,11.690588994708998
3743,10.303920000000003
3744,13.240806349206364
3745,12.767974122174104
3746,13.841305372775366
3747,23.804219047619046
3748,7.425984615384617
3749,15.112188287638261
3750,13.187145872101766
3751,3.468924357864356
3752,15.70384308802305
3753,19.44526984126984
3754,13.841305372775366
3755,14.053057816257809
3756,10.955767195767194
3757,13.39281551546722
3758,18.90452619047619
3759,7.864643915343918
3760,13.778302539682551
3761,19.648230402930402
3762,12.799480130240145
3763,5.23446298923299
3764,13.187145872101766
3765,14.527637533098702
3766,2.5666581381581355
3767,5.3803553439153475
3768,13.410688888888904
3769,13.01
3770,20.11240073815073
3771,3.9397310256410263
3772,7.95096822991822
3773,9.915933589743583
3774,11.78882353905354
3775,5.283750793650796
3776,16.92286137566136
3777,13.149777633477633
3778,12.767974122174104
3779,6.545124126984126
3780,11.260360933140936
3781,8.602322380952382
3782,5.078160582010584
3783,13.770179841269849
3784,15.951096430606425
3785,9.419838576238574
3786,3.799024444444445
3787,11.983616825396814
3788,20.503464391534376
3789,5.542842857142857
3790,3.461322703222706
3791,17.223439153439152
3792,3.046538523328524
3793,13.187145872101766
3794,4.067227142857143
3795,10.079978571428573
3796,18.30914047619047
3797,1.613964814814814
3798,8.852703015873013
3799,18.172563492063475
3800,13.45371555555557
3801,8.936861363037828
3802,16.63048437292553
3803,12.562532262182266
3804,13.009856084656095
3805,11.644676069094286
3806,16.891549999999974
3807,11.857107460317454
3808,37.68946952380946
3809,11.001545483405483
3810,20.309848571428496
3811,6.24826485810486
3812,10.686664285714285
3813,12.629085079365082
3814,15.296389365079355
3815,6.142778205868208
3816,18.244891112591112
3817,5.01603492063492
3818,18.733618542013538
3819,0.1763074074074074
3820,20.847633006992965
3821,8.527849629629626
3822,16.006005483405453
3823,7.54417031746031
3824,6.993670466570468
3825,3.701771072631071
3826,15.198886984126979
3827,9.822353492063495
3828,11.644676069094286
3829,14.5924781096681
3830,10.029458253968254
3831,13.430904444444456
3832,8.527849629629626
3833,18.733618542013538
3834,18.733618542013538
3835,13.555233492063492
3836,6.6057365079365065
3837,16.097023345543306
3838,33.69541968253965
3839,8.585379759129756
3840,3.7185513227513254
3841,15.055180793650798
3842,10.425084603174604
3843,14.9306
3844,11.06096
3845,12.587473872053884
3846,13.381655942205937
3847,6.710274814814816
3848,1.001887671957672
3849,3.341016906796908
3850,13.553893660413664
3851,30.540614746364707
3852,9.037098605098604
3853,20.919280582010547
3854,14.76773366300365
3855,7.459395387205389
3856,7.17408650793651
3857,21.810843939393937
3858,8.786949058349055
3859,15.055180793650798
3860,15.198886984126979
3861,5.485044444444444
3862,9.411994862914863
3863,8.799164132164133
3864,13.3030093987494
3865,9.872572034632038
3866,1.1846844444444444
3867,7.0986774603174645
3868,14.021119682539684
3869,13.356789841269844
3870,4.266106984126984
3871,11.644676069094286
3872,4.266106984126984
3873,18.257890793650787
3874,4.443020634920636
3875,18.244891112591112
3876,13.676755555555555
3877,16.055946666666667
3878,5.292042063492063
3879,20.847633006992965
3880,6.479269206349208
3881,6.396285396825399
3882,12.948847777777775
3883,9.822353492063495
3884,12.2421522222222
3885,11.176783479853471
3886,5.807809947089947
3887,8.585379759129756
3888,17.816020923520934
3889,10.016113650793649
3890,13.87698253968255
3891,9.588755503755502
3892,8.339459727309727
3893,11.54641120879121
3894,6.6057365079365065
3895,12.911752486772482
3896,3.7185513227513254
3897,21.318253443223423
3898,11.83775161135161
3899,14.009139365079355
3900,27.658692010581998
3901,3.212662063492064
3902,15.551825514541079
3903,11.304597037037043
3904,13.323361111111126
3905,10.184647301587301
3906,3.212662063492064
3907,8.799164132164133
3908,21.45211682539682
3909,10.028170320391684
3910,15.919263015873003
3911,13.512992592592608
3912,6.142778205868208
3913,13.263738095238095
3914,5.01603492063492
3915,4.965959196729195
3916,11.644676069094286
3917,17.33069999999998
3918,3.7185513227513254
3919,9.612995226995226
3920,4.713668350168351
3921,11.499451746031742
3922,18.793916613756572
3923,3.287911111111111
3924,11.304597037037043
3925,30.540614746364707
3926,13.553893660413664
3927,9.602744708994706
3928,11.487332275132278
3929,8.851871837421832
3930,14.518662222222217
3931,27.658692010581998
3932,6.8157161886261886
3933,12.77139225885226
3934,17.669977472527474
3935,3.0
3936,18.340832063492066
3937,3.24875781516958
3938,11.065778730158723
3939,15.530582853812833
3940,8.936861363037828
3941,13.225746017316025
3942,11.176783479853471
3943,6.142778205868208
3944,8.947228888888889
3945,12.53920271395272
3946,19.6677692063492
3947,11.176783479853471
3948,13.000064761904762
3949,9.146956825396826
3950,11.354862097162096
3951,6.436854126984127
3952,14.924772698412696
3953,4.965959196729195
3954,0.1763074074074074
3955,11.976828888888887
3956,11.644676069094286
3957,0.1763074074074074
3958,13.870405238095236
3959,9.602744708994706
3960,9.537464300144302
3961,6.667608585858584
3962,15.652904126984104
3963,9.612995226995226
3964,4.239096878306879
3965,4.567300033670034
3966,14.76773366300365
3967,13.866080952380928
3968,13.87698253968255
3969,7.540805555555558
3970,5.292042063492063
3971,6.142778205868208
3972,3.0
3973,9.634568427128425
3974,15.694616666666631
3975,5.135740793650794
3976,5.371331111111112
3977,11.354862097162096
3978,11.498960846560847
3979,11.976828888888887
3980,11.857107460317454
3981,13.3030093987494
3982,9.374892510822498
3983,13.59170624338625
3984,0.22260346320346325
3985,10.403586325582456
3986,9.538820211640214
3987,3.5203336527307094
3988,14.971240317460307
3989,13.437155555555572
3990,1.658478835978836
3991,8.328453333333332
3992,11.53701185185185
3993,10.81389019277019
3994,20.30713551343738
3995,5.533322219262218
3996,11.125838412698416
3997,13.373448095238103
3998,9.139282943722936
3999,3.988690476190477
4000,13.262462222222233
4001,12.96413142857142
4002,5.546089047619044
4003,0.03443703703703704
4004,11.709987948054128
4005,7.209615336732979
4006,11.78517566137565
4007,11.401784002925188
4008,16.29344021164019
4009,4.358882996632996
4010,12.585611746031752
4011,14.991702857142855
4012,12.20930092021269
4013,13.068468888888885
4014,7.790994612794611
4015,5.87816452991453
4016,11.754871587301572
4017,10.93555873015873
4018,8.23790052910053
4019,10.76653174603174
4020,10.759820634920635
4021,5.190495661745663
4022,16.282941904761866
4023,3.4102570370370366
4024,11.709987948054128
4025,13.262462222222233
4026,0.6579653309653314
4027,3.988690476190477
4028,13.792578571428564
4029,8.262592592592593
4030,0.03443703703703704
4031,3.5203336527307094
4032,12.851160121730102
4033,2.3275304761904767
4034,9.64413260813261
4035,2.875340952380953
4036,9.64413260813261
4037,7.9754343915343835
4038,7.817329047619046
4039,12.456002380952384
4040,5.87816452991453
4041,13.475237460317473
4042,9.374892510822498
4043,3.4571507936507935
4044,2.875340952380953
4045,16.561039802789775
4046,23.192512698412695
4047,13.502888888888906
4048,12.851160121730102
4049,21.693251746031745
4050,11.901736190476191
4051,3.145756851373026
4052,8.615766761016769
4053,11.401784002925188
4054,4.312178181818182
4055,10.257887436637434
4056,7.409928181818182
4057,7.209615336732979
4058,13.178569206349186
4059,7.031523689273689
4060,6.4060604761904765
4061,3.457546666666668
4062,13.947581428571423
4063,1.3691732116032116
4064,5.87816452991453
4065,7.031523689273689
4066,7.031523689273689
4067,5.87816452991453
4068,0.6579653309653314
4069,10.871006349206342
4070,15.834959894179889
4071,9.260546666666658
4072,11.293506219336216
4073,11.401784002925188
4074,4.714680952380953
4075,12.868584444444458
4076,9.810193915343913
4077,19.583834920634928
4078,7.409928181818182
4079,6.932571111111112
4080,11.964976190476188
4081,18.54809370370367
4082,1.658478835978836
4083,9.220712571872568
4084,0.1776399470899471
4085,17.18932380952381
4086,16.355099912864905
4087,4.358882996632996
4088,5.856562222222221
4089,4.79601396825397
4090,4.151816931216931
4091,27.798536700336697
4092,1.5429439153439153
4093,5.856562222222221
4094,13.46418095238094
4095,5.539923778073776
4096,7.409928181818182
4097,13.947581428571423
4098,5.133366666666668
4099,9.64413260813261
4100,12.721938730158742
4101,4.734076666666668
4102,5.703417566137562
4103,12.314400634920647
4104,19.42007936507936
4105,0.32019365079365075
4106,5.703599196729186
4107,14.253179682539683
4108,0.03443703703703704
4109,10.346846349206341
4110,2.5348949694749696
4111,22.93342417989411
4112,4.104996190476191
4113,11.288874391534378
4114,13.451230661495364
4115,26.19900253968253
4116,21.681079797979784
4117,7.031523689273689
4118,2.3795236330336333
4119,6.080392857142858
4120,1.658478835978836
4121,4.0999143079143066
4122,11.901736190476191
4123,8.277758730158716
4124,2.60188840788841
4125,1.1968385185185184
4126,7.031523689273689
4127,4.79601396825397
4128,6.39259174603175
4129,8.715177619047621
4130,10.403586325582456
4131,3.5080881962481922
4132,7.790994612794611
4133,11.268833333333342
4134,12.178413333333326
4135,20.30713551343738
4136,3.5080881962481922
4137,10.763434213564208
4138,7.209615336732979
4139,5.644320634920636
4140,12.844380000000013
4141,6.8044406349206366
4142,10.854824391534395
4143,6.808984306934899
4144,7.817329047619046
4145,6.080392857142858
4146,9.139571125541117
4147,2.1684059181559188
4148,9.64413260813261
4149,5.518490820105819
4150,1.1590128667628667
4151,15.884394314574283
4152,9.64413260813261
4153,3.4953965608465616
4154,10.81389019277019
4155,2.840971851851852
4156,13.312263492063494
4157,5.518490820105819
4158,14.465625396825393
4159,6.8044406349206366
4160,6.808984306934899
4161,11.401784002925188
4162,13.62381416065416
4163,13.387229047619046
4164,3.7886871957671957
4165,17.18932380952381
4166,12.301993160173145
4167,5.022582222222224
4168,13.125153848003842
4169,9.671210423280426
4170,16.60333234543234
4171,11.931551587301566
4172,28.8367554401154
4173,14.623718943648933
4174,14.883283468013447
4175,14.344018065268068
4176,14.791399365079354
4177,16.50310984126981
4178,2.098488888888889
4179,5.382616305263364
4180,15.322617992378
4181,11.178417301587302
4182,10.06247682539682
4183,12.131579624819624
4184,14.098425079365079
4185,19.9925
4186,19.9925
4187,16.450192380952373
4188,9.760983166463166
4189,19.572090984121928
4190,13.984825440485436
4191,14.344018065268068
4192,24.81653974937914
4193,11.822617912457904
4194,14.631478518518492
4195,4.101472453102455
4196,17.50214163207162
4197,6.669580144300146
4198,0.0
4199,17.061464227994186
4200,16.60333234543234
4201,11.047895189995174
4202,11.410182222222216
4203,12.301765675065651
4204,20.648838701298654
4205,13.28644160654162
4206,11.18756238095236
4207,22.155960012210013
4208,19.9925
4209,11.0
4210,13.455766112036091
4211,11.083716236378006
4212,13.54758619047619
4213,6.54981470899471
4214,14.66205296407294
4215,16.96456712176712
4216,19.94029036075036
4217,18.167282725186748
4218,10.158177936507938
4219,23.416164892144845
4220,16.50310984126981
4221,19.247664477374457
4222,4.7034368783068805
4223,13.454044761904763
4224,19.7500428571428
4225,30.599887407407405
4226,9.760983166463166
4227,10.495705988455986
4228,0.0
4229,11.335588586968578
4230,4.101472453102455
4231,14.355026214526205
4232,15.45718030932029
4233,14.649974285714261
4234,18.638589442039404
4235,11.410182222222216
4236,18.167282725186748
4237,13.547075449735432
4238,12.704986233766215
4239,10.122647546897541
4240,12.131579624819624
4241,14.66205296407294
4242,27.517745069745082
4243,12.131579624819624
4244,13.223752589632582
4245,7.433860389610386
4246,12.41083328042328
4247,16.38446584415585
4248,14.114168888888889
4249,30.202306349206314
4250,14.050504391534371
4251,9.760983166463166
4252,11.0
4253,24.341298499278487
4254,15.747881126651107
4255,15.356842063492065
4256,13.467341587301586
4257,11.494214981641464
4258,2.8900555555555543
4259,22.383922005772
4260,19.929431269841253
4261,29.89948385762381
4262,11.715809639249628
4263,17.856768229918202
4264,12.577394444444424
4265,14.623718943648933
4266,29.723382857142855
4267,16.38446584415585
4268,17.061464227994186
4269,14.498116878306867
4270,15.792015185185177
4271,4.730203074703074
4272,10.156351058201048
4273,16.108521370851356
4274,23.416164892144845
4275,24.939117663817683
4276,12.131579624819624
4277,9.211149985569978
4278,14.355026214526205
4279,13.256774126984102
4280,14.355026214526205
4281,16.60333234543234
4282,10.156351058201048
4283,14.073956179376164
4284,24.939117663817683
4285,14.204009610389603
4286,13.54758619047619
4287,15.322617992378
4288,10.236766878306883
4289,22.584128778084658
4290,5.382616305263364
4291,12.555419841269842
4292,21.279347416287408
4293,22.385134458874415
4294,10.407309999999985
4295,14.662142722462704
4296,10.888421645021621
4297,21.0321250420168
4298,9.897904001923997
4299,14.498116878306867
4300,6.505552217412216
4301,14.712520952380935
4302,14.498116878306867
4303,2.098488888888889
4304,14.559392857142848
4305,8.341502186603362
4306,13.604875449735447
4307,11.083393240234704
4308,2.2343711288711283
4309,14.712520952380935
4310,5.652696031746031
4311,14.712520952380935
4312,10.837941317941311
4313,14.66205296407294
4314,14.204009610389603
4315,2.098488888888889
4316,30.202306349206314
4317,12.003743800643804
4318,10.241482683982678
4319,6.505552217412216
4320,14.396434603174596
4321,3.4962735978835986
4322,9.191119365079366
4323,21.526283262720526
4324,10.846474285714287
4325,7.815703703703704
4326,18.496009100529086
4327,14.07483777777778
4328,21.526283262720526
4329,8.674983506493499
4330,14.435424920634917
4331,19.786852987012928
4332,2.822654382654384
4333,16.030534603174548
4334,11.487675555555542
4335,13.582602751322725
4336,25.403898730158726
4337,21.913248888888834
4338,13.738540740740742
4339,29.581495568570862
4340,14.550313862433859
4341,13.016458633958615
4342,13.143061904761911
4343,12.144866455026438
4344,11.498649947089946
4345,5.9575168997668975
4346,24.297130158730088
4347,11.090686536796538
4348,13.858360264550269
4349,13.299626666666681
4350,6.143682380952378
4351,6.309327666777659
4352,8.453496460206452
4353,5.9047034391534385
4354,14.207639312169313
4355,6.484482433862434
4356,14.699298941798936
4357,12.190916643813699
4358,29.581495568570862
4359,0.22712592592592595
4360,9.545746666666668
4361,7.126648351648356
4362,12.776064761904747
4363,0.22712592592592595
4364,16.9780110968008
4365,8.575932910052906
4366,5.262775974025977
4367,11.110217301587285
4368,13.016458633958615
4369,7.564363650793649
4370,6.765123252303257
4371,4.8449438095238095
4372,34.14171262658343
4373,6.143682380952378
4374,23.085553246753243
4375,12.694605746793046
4376,13.858360264550269
4377,17.878201587301593
4378,19.755483068783064
4379,34.14171262658343
4380,34.71421555555557
4381,18.599368157768154
4382,17.062023780663733
4383,5.9575168997668975
4384,12.190916643813699
4385,3.519646003256004
4386,29.581495568570862
4387,9.087154818884807
4388,21.526283262720526
4389,17.84922927875239
4390,8.918990355940355
4391,16.80606105820105
4392,9.593610582010585
4393,12.916362857142873
4394,12.76036344396344
4395,4.989311952861952
4396,14.088601904761887
4397,9.382364526214513
4398,23.773490529100503
4399,15.622855238095239
4400,15.799144126984107
4401,6.260388571428572
4402,12.16506349206349
4403,16.311046079846086
4404,6.516908042328042
4405,13.616994862914874
4406,4.05449015873016
4407,25.403898730158726
4408,9.605542486772487
4409,10.846474285714287
4410,13.016458633958615
4411,11.309026964886984
4412,6.813257936507936
4413,18.238809999999937
4414,10.424724391534383
4415,29.581495568570862
4416,31.1939904351204
4417,8.02636222222222
4418,10.133041904761903
4419,6.516908042328042
4420,7.854762490842495
4421,16.84193581418581
4422,22.986235555555556
4423,8.674983506493499
4424,29.581495568570862
4425,24.208584141414136
4426,16.80606105820105
4427,22.093933915343836
4428,12.642441172161154
4429,13.58751555555557
4430,5.089713333333333
4431,18.041279999999993
4432,13.228438571428581
4433,6.353433650793655
4434,12.694605746793046
4435,12.916362857142873
4436,27.534003280423278
4437,3.4962735978835986
4438,22.093933915343836
4439,18.496009100529086
4440,6.27091417989418
4441,5.380573439153442
4442,22.26776650793645
4443,7.2006325877825885
4444,5.892356132756133
4445,11.344568888888881
4446,10.295837037037039
4447,5.9575168997668975
4448,13.8057887912088
4449,9.191119365079366
4450,5.659140479890483
4451,4.1280872460872455
4452,8.98299304943423
4453,28.922568253968258
4454,16.27730867724867
4455,18.063096825396823
4456,23.085553246753243
4457,13.421946984126977
4458,16.713057115009743
4459,13.602684459127618
4460,19.12242407407407
4461,16.76064075517075
4462,12.351376263736261
4463,10.045358835978819
4464,4.363660740740741
4465,23.077487936507932
4466,8.143056031746033
4467,13.75931539682538
4468,18.830986022126016
4469,6.309327666777659
4470,33.81028349206348
4471,5.9047034391534385
4472,7.402397590187591
4473,13.016458633958615
4474,12.916362857142873
4475,13.447574920634922
4476,10.556822836052824
4477,5.202158060349235
4478,13.515681216931211
4479,13.738540740740742
4480,8.98299304943423
4481,10.846474285714287
4482,7.126648351648356
4483,8.570123386243381
4484,13.447574920634922
4485,8.02636222222222
4486,29.581495568570862
4487,6.353433650793655
4488,11.774555932829934
4489,6.850137301587307
4490,12.627527258297237
4491,14.550313862433859
4492,13.172803867243873
4493,9.191119365079366
4494,13.349904444444457
4495,20.31556253968247
4496,7.248763492063493
4497,14.47178349206349
4498,10.672254708994693
4499,8.918990355940355
4500,5.202158060349235
4501,8.918990355940355
4502,30.173823785473765
4503,11.774555932829934
4504,8.570123386243381
4505,16.449893363945982
4506,13.616994862914874
4507,15.799144126984107
4508,16.449893363945982
4509,15.88357740740737
4510,8.46601539201539
4511,5.400492756132757
4512,10.901622848931243
4513,11.498153063973074
4514,9.662765502645486
4515,15.437454160654148
4516,14.859230399230407
4517,33.48951845598844
4518,16.144843073593073
4519,10.933581269841275
4520,12.744662626262622
4521,13.0
4522,9.423633968253966
4523,15.335310793650752
4524,20.53302042328035
4525,20.15203181337181
4526,12.410759735449716
4527,15.42924444444444
4528,16.243547190783055
4529,16.862671904761907
4530,12.433905185185163
4531,12.378321563251546
4532,12.755228042328026
4533,14.859230399230407
4534,12.676472222222236
4535,12.031053992673993
4536,14.0
4537,9.493047619047614
4538,14.097374891774892
4539,8.933538941798941
4540,14.0
4541,11.574195873015876
4542,14.923487619047583
4543,18.954034126984077
4544,12.917006940836927
4545,10.964101111111109
4546,22.020940317460308
4547,12.14557166907167
4548,8.309175396825388
4549,12.618913634883627
4550,11.947639153439152
4551,14.097374891774892
4552,14.345646666666628
4553,27.93194984126985
4554,12.744662626262622
4555,12.732431269841271
4556,7.053720300988198
4557,16.379891921781905
4558,19.481794391534322
4559,20.783952980907987
4560,14.888758068598078
4561,14.501593333333327
4562,34.787299119769116
4563,1.0021831270581272
4564,14.390655873015843
4565,10.735230158730158
4566,14.501593333333327
4567,7.827415034595024
4568,1.0021831270581272
4569,9.350588730158728
4570,14.096758264698256
4571,27.93194984126985
4572,13.069837655677631
4573,11.98253523809523
4574,18.586795266955214
4575,14.380405540385524
4576,20.53302042328035
4577,20.83710925925927
4578,18.874353540533498
4579,11.858708624338618
4580,9.934099846079853
4581,13.179871188071191
4582,5.331027922077921
4583,9.055696666666664
4584,15.179592328042332
4585,17.938463492063445
4586,11.16248011063011
4587,15.39099570984569
4588,25.182843082843075
4589,14.0
4590,20.783952980907987
4591,1.0021831270581272
4592,21.541938095238088
4593,14.544258253968252
4594,19.131220158730077
4595,21.38129952269951
4596,14.78928078884077
4597,21.541938095238088
4598,13.521050634920648
4599,40.55167658563661
4600,13.544281428571436
4601,11.858708624338618
4602,8.435429841269835
4603,7.984593650793648
4604,12.188288665038678
4605,11.447794920634923
4606,8.774668783068778
4607,13.040045396825384
4608,11.939844025974011
4609,10.04869516113514
4610,14.892922424242416
4611,9.350588730158728
4612,7.224301789321791
4613,26.98985518518516
4614,15.155521904761875
4615,7.93296629629629
4616,14.0
4617,11.476207566137555
4618,11.898634761904754
4619,11.832224021164015
4620,23.041280793650696
4621,14.172851111111092
4622,13.521050634920648
4623,17.70877894179893
4624,15.39099570984569
4625,12.755228042328026
4626,6.1821181762681725
4627,10.471028888888869
4628,15.309433068783022
4629,20.015266296296236
4630,14.344293325193306
4631,13.575109846079853
4632,24.587549112739087
4633,17.85910640211634
4634,9.493047619047614
4635,12.461606349206333
4636,4.694491005291004
4637,12.275963381803386
4638,24.296088571428577
4639,11.574195873015876
4640,18.586795266955214
4641,14.172851111111092
4642,11.832224021164015
4643,15.44805426314425
4644,13.690483660413644
4645,25.10142490842492
4646,12.618913634883627
4647,13.686505820105818
4648,12.76487126984127
4649,21.38129952269951
4650,13.217297387057398
4651,25.182843082843075
4652,19.131220158730077
4653,12.799254814814827
4654,12.799254814814827
4655,11.690789153439129
4656,1.8261330158730162
4657,3.7305
4658,16.004915127465132
4659,21.404830225330226
4660,4.4893892890878195
4661,15.416999470899473
4662,4.2845785185185195
4663,14.390655873015843
4664,17.938463492063445
4665,5.791928888888891
4666,15.286346777296767
4667,11.16248011063011
4668,4.4893892890878195
4669,12.188288665038678
4670,12.387315555555565
4671,11.534482376142375
4672,12.107168253968258
4673,19.85246592592589
4674,15.437454160654148
4675,8.72980885791939
4676,4.756921645021646
4677,12.618913634883627
4678,10.507552698412688
4679,13.0
4680,11.574195873015876
4681,15.896776982763829
4682,7.224301789321791
4683,22.944286349206344
4684,14.390655873015843
4685,7.111675921115916
4686,13.0
4687,25.10142490842492
4688,13.040045396825384
4689,19.318432523903123
4690,11.898634761904754
4691,14.095533333333336
4692,9.493047619047614
4693,17.70877894179893
4694,21.38129952269951
4695,14.097374891774892
4696,14.859230399230407
4697,22.068315767195706
4698,9.054863068783067
4699,18.014840243090237
4700,10.08023206349206
4701,14.369973809523815
4702,17.188147989417953
4703,13.47313333333335
4704,13.480000000000016
4705,13.459453333333348
4706,14.344947301587297
4707,11.284262962962961
4708,24.183343795093794
4709,19.767883056758055
4710,11.87710825396826
4711,9.809640463980468
4712,13.012427301587287
4713,12.588860708180707
4714,25.903287417027382
4715,12.687600000000012
4716,3.9962441269841276
4717,12.593554828504825
4718,10.777235246235243
4719,16.870796984126947
4720,16.142812169312162
4721,8.991853472823466
4722,12.682460634920647
4723,14.366456507936478
4724,14.369973809523815
4725,26.646513544973534
4726,9.569995555555556
4727,10.479226671476658
4728,10.75659
4729,7.166462063492068
4730,13.642117724867706
4731,10.839463237133224
4732,14.161003174603174
4733,9.558408052840393
4734,13.459453333333348
4735,23.797424180877613
4736,21.883793522033457
4737,13.333160579420573
4738,17.61552296296295
4739,1.125068520259697
4740,23.150388571428504
4741,2.532659894179893
4742,10.697110158730164
4743,19.00897918229915
4744,10.235471428571428
4745,18.533186642801606
4746,27.70339172679172
4747,16.304834285714286
4748,12.170080476190465
4749,13.295727830687843
4750,15.016005396825376
4751,9.284860521831108
4752,16.067909292929258
4753,5.395214920634921
4754,18.495398790098744
4755,32.49942511192513
4756,14.308642328042325
4757,13.456633333333349
4758,16.601611216931172
4759,12.593554828504825
4760,11.736185295815297
4761,14.85178459096458
4762,13.686717647907644
4763,3.2619355555555574
4764,19.501528282828282
4765,20.0
4766,19.10848222222219
4767,8.266284265843085
4768,26.22911076926169
4769,8.506308888888885
4770,14.681633881673879
4771,9.054863068783067
4772,26.37812656084646
4773,18.014840243090237
4774,12.969192337662346
4775,16.737447210197196
4776,7.129841357472933
4777,9.446807089947088
4778,17.31330399230399
4779,8.207990264550263
4780,13.940310966810964
4781,12.624864821844833
4782,8.780441269841262
4783,12.279627854737837
4784,12.279627854737837
4785,15.166378941798934
4786,12.588860708180707
4787,22.77180019055019
4788,12.593554828504825
4789,13.683120000000015
4790,15.487749927849936
4791,13.03697428423427
4792,19.501528282828282
4793,17.831756829466826
4794,10.235471428571428
4795,9.809640463980468
4796,5.918502537092532
4797,13.493914814814827
4798,10.108601957671942
4799,8.912171021571023
4800,10.839463237133224
4801,19.298870476190412
4802,23.150388571428504
4803,11.763181967291949
4804,16.601611216931172
4805,26.219002380952325
4806,24.183343795093794
4807,20.288424760272395
4808,9.520890199430193
4809,12.624864821844833
4810,19.04282973544966
4811,15.117231159211148
4812,24.83832161135156
4813,7.129841357472933
4814,24.183343795093794
4815,14.19606190476191
4816,13.295727830687843
4817,12.53086857142856
4818,20.288424760272395
4819,18.395377288016984
4820,10.235471428571428
4821,27.70339172679172
4822,17.17102603174603
4823,19.052969264069247
4824,14.171326031746027
4825,11.21898941798941
4826,19.0
4827,12.659512169312169
4828,9.680109235209233
4829,7.437740000000003
4830,15.016005396825376
4831,13.819403703703701
4832,3.2619355555555574
4833,17.31330399230399
4834,5.395214920634921
4835,11.517775132275139
4836,12.505112727272731
4837,11.787026853886847
4838,14.366456507936478
4839,19.0
4840,26.22911076926169
4841,17.241408571428533
4842,22.77180019055019
4843,8.991853472823466
4844,17.241408571428533
4845,23.249151541269182
4846,13.700247345247337
4847,4.554047777777779
4848,12.593554828504825
4849,22.77180019055019
4850,23.797424180877613
4851,11.96249544973545
4852,15.117231159211148
4853,22.614276825396715
4854,13.642117724867706
4855,15.487749927849936
4856,29.207253809523802
4857,13.695758730158744
4858,6.8643024338624326
4859,9.558408052840393
4860,19.767883056758055
4861,22.068315767195706
4862,10.777235246235243
4863,8.266284265843085
4864,13.657035028631496
4865,23.249151541269182
4866,12.818199629629616
4867,23.797424180877613
4868,12.588860708180707
4869,10.507117037037036
4870,10.507117037037036
4871,11.862807301587292
4872,23.797424180877613
4873,24.183343795093794
4874,20.288424760272395
4875,11.854399095719092
4876,11.06078296296296
4877,12.170080476190465
4878,19.501528282828282
4879,2.186594420394422
4880,14.43415804232803
4881,13.371263015873025
4882,8.986409523809526
4883,14.999612698412696
4884,4.601811481481485
4885,21.16318258103554
4886,1.957434676434677
4887,6.903081673881676
4888,8.935
4889,25.95580253968253
4890,9.43519397306397
4891,8.521994375994382
4892,28.982493650793646
4893,5.580740172767265
4894,11.693331428571412
4895,4.013791489556198
4896,15.272777142857134
4897,0.25984101084101113
4898,15.349873164983142
4899,14.365152857142839
4900,6.736783891293894
4901,14.844567883597856
4902,14.244832857142834
4903,2.2382827542827552
4904,13.777686984126982
4905,7.508171587301586
4906,7.349514444444441
4907,8.79557526732527
4908,10.319977513227515
4909,1.0514746734746734
4910,12.723656349206356
4911,8.986409523809526
4912,6.797213434343436
4913,9.579044834054825
4914,6.903081673881676
4915,14.688855137825133
4916,0.0
4917,13.112007504216903
4918,26.39005587301576
4919,7.48776074074074
4920,8.556131693121687
4921,9.144484906204896
4922,6.956043650793651
4923,13.777686984126982
4924,18.16875444444442
4925,19.303025079365078
4926,7.508171587301586
4927,22.024891818181768
4928,2.8982474562474576
4929,0.0
4930,16.610740211640213
4931,9.610018571428569
4932,4.601811481481485
4933,1.8744731102231105
4934,13.635457142857144
4935,9.929925820105817
4936,12.009585873015881
4937,6.5618101010100975
4938,0.006
4939,13.094646349206347
4940,25.70950592592592
4941,3.0363165804783456
4942,7.48776074074074
4943,13.716489523809523
4944,13.907501914381912
4945,19.028587619047606
4946,22.081472265512264
4947,19.865962962962957
4948,0.0
4949,12.491775555555565
4950,12.24069047619047
4951,4.596777056277055
4952,13.785116825396832
4953,2.2382827542827552
4954,13.133446560846577
4955,8.3118735978836
4956,9.929925820105817
4957,7.311737566137569
4958,0.0
4959,21.349239682539675
4960,5.928864126984128
4961,5.516256464646465
4962,11.081956743626726
4963,0.023606060606060606
4964,22.187157949087936
4965,13.716489523809523
4966,6.775816147186145
4967,8.556131693121687
4968,8.813195396825389
4969,4.401817733747731
4970,20.34917066378066
4971,24.638086984126982
4972,10.48705772486774
4973,14.06890125060125
4974,8.998392063492059
4975,14.95337058201056
4976,24.638086984126982
4977,23.628074126984128
4978,7.854517243867243
4979,13.619254497354497
4980,7.854517243867243
4981,10.815230110630102
4982,14.203004920634912
4983,10.552710476190471
4984,21.16318258103554
4985,11.123845711563972
4986,28.82794227994227
4987,8.124614444444443
4988,3.7242932275132277
4989,10.319977513227515
4990,11.823523280423275
4991,15.076287056277042
4992,2.8982474562474576
4993,5.061705173083996
4994,19.303025079365078
4995,20.8866834391534
4996,11.171502222222221
4997,16.108530625300606
4998,9.929925820105817
4999,9.141600582010577
5000,12.927475555555562
5001,13.094646349206347
5002,9.94463573463574
5003,5.75949365079365
5004,4.401817733747731
5005,6.5618101010100975
5006,4.601811481481485
5007,7.029407806637802
5008,8.935
5009,0.25984101084101113
5010,13.226287671957675
5011,14.449938730158713
5012,11.279152857142844
5013,11.123845711563972
5014,8.986409523809526
5015,8.935
5016,3.481017186574464
5017,3.201578125578126
5018,8.935
5019,8.553200000000002
5020,7.946942029822028
5021,25.70950592592592
5022,10.77771257631258
5023,8.018454285714284
5024,4.401817733747731
5025,23.390030158730134
5026,13.778723809523807
5027,13.752518383838366
5028,9.831200476190475
5029,9.144484906204896
5030,28.82794227994227
5031,9.381860952380949
5032,3.6821633333333343
5033,43.827620740740734
5034,3.7711524475524487
5035,13.785116825396832
5036,5.334270418470421
5037,2.8982474562474576
5038,16.567511221741174
5039,36.241587789987776
5040,7.060733333333332
5041,14.43415804232803
5042,6.455258510008511
5043,22.32954809523805
5044,14.548251111111098
5045,3.140684814814819
5046,19.314205185185184
5047,7.060733333333332
5048,7.554118571428565
5049,11.171502222222221
5050,2.8982474562474576
5051,22.024891818181768
5052,20.010447248677234
5053,6.903081673881676
5054,8.930160028860028
5055,13.28642243386244
5056,7.946942029822028
5057,7.083577777777776
5058,14.721269191919186
5059,7.806426291486293
5060,7.806426291486293
5061,14.688855137825133
5062,8.68426111111111
5063,23.215525371665365
5064,3.8417358201058223
5065,9.715906031746027
5066,5.521421562881563
5067,7.060733333333332
5068,11.772609417989418
5069,12.029801428571426
5070,14.449938730158713
5071,32.52105411255411
5072,19.053225312900608
5073,20.708926666666667
5074,22.637816786916773
5075,18.41870380952375
5076,11.691287619047618
5077,17.189539417989412
5078,18.85776060606061
5079,13.414289576719582
5080,12.354664126984133
5081,10.03
5082,19.87166421356421
5083,13.253158465608466
5084,7.072369230769231
5085,6.343973544973551
5086,11.988828282828287
5087,17.012199999999964
5088,13.044748085248077
5089,38.343935084580586
5090,18.00376451178449
5091,15.596601771561764
5092,4.6371176190476175
5093,13.561777777777793
5094,15.434065396825392
5095,16.12838857142852
5096,16.88401867724867
5097,29.66829999999991
5098,8.16059107263107
5099,14.55940555555555
5100,14.33386666666666
5101,7.072369230769231
5102,31.93
5103,10.627565925925923
5104,13.953997195767181
5105,14.460488888888877
5106,11.926191746031744
5107,10.838915574795584
5108,12.842206825396838
5109,16.88009925925921
5110,13.393867619047619
5111,18.91955761904758
5112,7.86603746031746
5113,4.551445502645505
5114,9.411849111259102
5115,15.012937667147659
5116,20.18383753875751
5117,17.551988253968243
5118,13.253158465608466
5119,19.46645003145004
5120,11.5577626984127
5121,24.89292222222222
5122,36.03466666666666
5123,34.77202777777777
5124,7.731819047619042
5125,7.02860867724868
5126,17.224456512746517
5127,15.40184846560844
5128,13.480000000000016
5129,22.11519557479554
5130,20.974125512265523
5131,11.314058441558434
5132,19.22314826839826
5133,36.03466666666666
5134,1.3241280952380954
5135,29.595911005291
5136,15.900074261664255
5137,29.595911005291
5138,15.430017142857114
5139,7.072369230769231
5140,13.414289576719582
5141,10.155784895104894
5142,7.833661197691194
5143,21.447313492063483
5144,15.40304292929293
5145,11.316208888888898
5146,25.525716666666657
5147,15.572929100529105
5148,13.693760634920649
5149,18.00376451178449
5150,6.038629629629627
5151,10.155784895104894
5152,30.60948126984123
5153,32.49080412698412
5154,22.90770888888887
5155,12.480025060125058
5156,18.639289841269807
5157,23.85740987974984
5158,15.434065396825392
5159,15.434065396825392
5160,21.24766789691787
5161,18.056373333333333
5162,13.044748085248077
5163,16.7011202020202
5164,23.520132275132266
5165,5.387511784511787
5166,19.053225312900608
5167,21.3246765079365
5168,17.581373015873012
5169,5.387511784511787
5170,14.249916599326582
5171,18.750842539682505
5172,25.696936113516077
5173,14.35037121693121
5174,14.086211111111115
5175,8.870475873015867
5176,11.314058441558434
5177,12.932175343915326
5178,25.417528888888853
5179,11.925236190476186
5180,15.409387830687825
5181,6.464590307840309
5182,33.019085612535626
5183,14.10088619047619
5184,23.350485079365075
5185,24.632850846560828
5186,16.50790267917267
5187,10.128826984126981
5188,13.483931534391552
5189,12.740158444090032
5190,16.88401867724867
5191,30.888902010582
5192,19.540091396011377
5193,31.93
5194,35.81891555555555
5195,9.196118359788356
5196,25.951111111111114
5197,21.24766789691787
5198,14.234704444444441
5199,13.414289576719582
5200,34.77202777777777
5201,9.021883597883603
5202,20.313258571428552
5203,7.072369230769231
5204,19.87166421356421
5205,23.350485079365075
5206,17.45217206349202
5207,7.262827407407406
5208,11.314058441558434
5209,10.838915574795584
5210,19.46645003145004
5211,19.394659345839305
5212,7.731819047619042
5213,29.66829999999991
5214,17.22323476190473
5215,31.205166339021623
5216,12.354664126984133
5217,12.354664126984133
5218,14.538935555555536
5219,30.60948126984123
5220,18.84152814814809
5221,13.480000000000016
5222,21.3246765079365
5223,18.26234415251412
5224,24.15958772486765
5225,11.135494529283335
5226,1.3241280952380954
5227,26.304463227513253
5228,12.41711677211677
5229,26.19544179894179
5230,16.12838857142852
5231,15.342431746031707
5232,11.988828282828287
5233,11.314058441558434
5234,10.777737777777771
5235,9.411849111259102
5236,11.279893862433864
5237,13.922584338624347
5238,14.648666666666653
5239,12.013333333333334
5240,15.430017142857114
5241,24.225127777777775
5242,19.46645003145004
5243,11.988828282828287
5244,5.387511784511787
5245,28.271553650793557
5246,6.887541423761422
5247,11.433286825396827
5248,14.843454074074067
5249,16.170565661375665
5250,18.153915040885014
5251,15.430017142857114
5252,13.434683650793652
5253,4.804412626262628
5254,9.391749206349205
5255,15.395069442039421
5256,35.73943216931218
5257,17.22323476190473
5258,18.739911111111113
5259,15.40304292929293
5260,11.314058441558434
5261,25.22003269841267
5262,13.537577777777793
5263,11.338464444444439
5264,13.414418070818085
5265,6.169147108077099
5266,15.480807234236341
5267,31.92974930069932
5268,13.38795666666668
5269,13.740365763865771
5270,16.271146984126943
5271,14.41253777777777
5272,9.494907272727259
5273,14.887413333333303
5274,12.414400000000011
5275,13.04688158730159
5276,6.93157247641247
5277,19.498386031745984
5278,6.169147108077099
5279,12.133676284492362
5280,5.803991478891473
5281,13.49193407407407
5282,13.101017948717963
5283,12.293665555555542
5284,6.169147108077099
5285,13.803942857142859
5286,8.39625482433172
5287,16.01549890109885
5288,6.1154393180893205
5289,13.339866666666682
5290,10.84848158730157
5291,11.02920961381754
5292,13.480000000000016
5293,12.482681269841274
5294,25.384619999999956
5295,13.452400000000017
5296,13.98587682539683
5297,13.480000000000016
5298,6.190269931354046
5299,13.920834545454548
5300,15.938416091244465
5301,14.207933333333333
5302,13.476053333333349
5303,13.882717460317469
5304,11.078902910052902
5305,6.1154393180893205
5306,15.938416091244465
5307,13.435066666666684
5308,6.1154393180893205
5309,15.34250915824913
5310,13.339866666666682
5311,15.0278591038591
5312,5.650136142376148
5313,6.93157247641247
5314,13.80534968253969
5315,13.809047191142207
5316,8.364251111111107
5317,13.766011599511609
5318,6.520212698412702
5319,7.518609523809528
5320,13.49753333333335
5321,13.414418070818085
5322,17.883799999999972
5323,12.133676284492362
5324,13.480000000000016
5325,5.98135087468087
5326,13.513977777777791
5327,14.062621022996625
5328,3.9839929407629384
5329,13.54435555555557
5330,13.008091111111119
5331,16.247922355422354
5332,16.95381111111109
5333,6.190269931354046
5334,10.853357141747123
5335,12.926336296296308
5336,6.190269931354046
5337,6.190269931354046
5338,14.094977777777776
5339,12.42310952380951
5340,13.410266666666681
5341,28.651347186147188
5342,16.210198253968215
5343,13.480000000000016
5344,16.027604444444396
5345,13.766011599511609
5346,6.169147108077099
5347,6.93157247641247
5348,15.480807234236341
5349,5.238635968845969
5350,14.41253777777777
5351,12.171206772486773
5352,20.505573756613728
5353,15.938416091244465
5354,16.140725079365048
5355,13.414418070818085
5356,14.062621022996625
5357,11.936747142857136
5358,12.007779350649363
5359,13.480000000000016
5360,13.411266666666682
5361,13.462063809523794
5362,13.04688158730159
5363,14.120043809523816
5364,13.452400000000017
5365,13.041511111111125
5366,13.682188888888904
5367,11.62592537573536
5368,13.414418070818085
5369,12.87086158730158
5370,13.403742222222236
5371,14.062621022996625
5372,13.452400000000017
5373,15.40747851851849
5374,13.920834545454548
5375,9.106201481481486
5376,11.913068888888889
5377,5.803991478891473
5378,16.95381111111109
5379,14.242082857142856
5380,15.480807234236341
5381,13.671821346801359
5382,12.007779350649363
5383,5.238635968845969
5384,5.803991478891473
5385,3.8277184126984145
5386,13.480000000000016
5387,13.682188888888904
5388,13.480000000000016
5389,12.985536349206349
5390,5.650136142376148
5391,13.435066666666684
5392,14.490579470899462
5393,17.073637460317403
5394,13.95192296296297
5395,13.5412488888889
5396,13.373793333333346
5397,13.116332063492077
5398,11.62592537573536
5399,13.578816406926386
5400,5.164941149221146
5401,13.298585714285728
5402,6.169147108077099
5403,14.41765460317459
5404,6.169147108077099
5405,14.470246666666656
5406,5.164941149221146
5407,13.041511111111125
5408,22.208057777777743
5409,10.853357141747123
5410,3.9839929407629384
5411,13.339866666666682
5412,11.62592537573536
5413,13.49193407407407
5414,13.682188888888904
5415,11.76809777777778
5416,14.846278677248677
5417,9.771266666666659
5418,11.62592537573536
5419,13.746453333333342
5420,12.91844515958758
5421,13.873476190476197
5422,6.520212698412702
5423,22.744606666666623
5424,3.10331849305379
5425,13.49193407407407
5426,12.133676284492362
5427,12.770177777777791
5428,6.1154393180893205
5429,12.87559015873017
5430,14.242082857142856
5431,3.10331849305379
5432,28.651347186147188
5433,5.803991478891473
5434,14.54916655122655
5435,9.92487157287157
5436,17.857004444444442
5437,19.97
5438,19.82306910633226
5439,14.015347142857124
5440,14.547383032523006
5441,16.448077777777733
5442,14.003274074074076
5443,14.199416507936503
5444,9.92487157287157
5445,27.911464550264547
5446,10.329643756613756
5447,20.715091587301586
5448,21.96810020202015
5449,20.715091587301586
5450,18.622631976955507
5451,26.946844444444448
5452,10.765849523809523
5453,19.82306910633226
5454,27.911464550264547
5455,11.972198484848482
5456,20.070526349206336
5457,15.82264285714285
5458,4.913814216524219
5459,5.24245417989418
5460,8.679380639730637
5461,18.758106378066355
5462,18.597734285714246
5463,13.50639555555557
5464,10.765849523809523
5465,4.913814216524219
5466,6.853313015873015
5467,11.972198484848482
5468,11.4248852044252
5469,22.419212683982636
5470,12.801862097162092
5471,16.29654317460312
5472,21.23187841269837
5473,24.63680987012983
5474,24.29895661375661
5475,13.178089417989426
5476,19.97
5477,16.49834407407404
5478,10.399172809042806
5479,23.912639841269847
5480,21.52098253968245
5481,17.81280053113551
5482,9.906760435490417
5483,8.446062222222224
5484,13.803335026455006
5485,21.903254079254083
5486,13.905788888888894
5487,4.913814216524219
5488,14.003274074074076
5489,14.182323075073073
5490,35.62572952380951
5491,13.905788888888894
5492,4.97556774891775
5493,30.544359682539646
5494,22.62245452140451
5495,6.883116435786436
5496,28.780392910052882
5497,15.520570945720944
5498,10.788912486772475
5499,18.2827791438191
5500,10.758673015873004
5501,19.390491563251512
5502,19.678753126503107
5503,8.036866666666667
5504,24.26395746031745
5505,6.998187619047618
5506,12.601432380952375
5507,28.880266825396813
5508,17.01966950937949
5509,17.01966950937949
5510,14.015347142857124
5511,4.913814216524219
5512,10.788912486772475
5513,13.745800000000012
5514,11.18422679172679
5515,40.36911243386241
5516,28.17733027898026
5517,13.060975714285703
5518,19.82306910633226
5519,19.678753126503107
5520,10.788912486772475
5521,14.015347142857124
5522,24.058066878306853
5523,18.758106378066355
5524,14.380519360269366
5525,16.29654317460312
5526,9.92487157287157
5527,20.767234771524734
5528,23.09636047619042
5529,19.97
5530,22.244361481481423
5531,13.916350019240001
5532,12.777821904761888
5533,17.857004444444442
5534,6.883116435786436
5535,11.4248852044252
5536,4.97556774891775
5537,39.42301798941802
5538,26.946844444444448
5539,17.20786819143817
5540,19.147623068783048
5541,14.547383032523006
5542,15.58749433936433
5543,14.303651269841263
5544,16.49834407407404
5545,8.036866666666667
5546,16.959669259259247
5547,14.54916655122655
5548,15.595597301587295
5549,15.176730476190457
5550,9.92487157287157
5551,24.849613968253955
5552,40.36911243386241
5553,5.337387883597885
5554,22.029868253968175
5555,19.82306910633226
5556,21.96208523809522
5557,7.889889841269841
5558,32.564401683501664
5559,14.288770370370376
5560,24.94235864135864
5561,37.50532349206349
5562,15.58749433936433
5563,23.727114814814804
5564,18.254785921115875
5565,24.86503857142855
5566,32.0
5567,14.3088669071669
5568,21.074405396825394
5569,19.147623068783048
5570,21.96810020202015
5571,20.143530842490826
5572,15.520570945720944
5573,16.052930735930712
5574,24.138580158730154
5575,21.114224694564655
5576,19.082483578643554
5577,11.4248852044252
5578,15.739768893698871
5579,17.857004444444442
5580,17.857004444444442
5581,9.92487157287157
5582,9.789918085618085
5583,14.288770370370376
5584,15.520570945720944
5585,24.138580158730154
5586,4.0316
5587,15.595597301587295
5588,15.176730476190457
5589,16.959669259259247
5590,13.969093015873016
5591,14.29567756613756
5592,28.468933597883535
5593,17.857004444444442
5594,16.27402730158727
5595,20.070526349206336
5596,12.575240158730155
5597,13.167496113516114
5598,18.802191428571387
5599,19.135661375661368
5600,24.058066878306853
5601,19.411474285714203
5602,18.622631976955507
5603,14.380519360269366
5604,16.29654317460312
5605,19.390491563251512
5606,14.3088669071669
5607,27.911464550264547
5608,20.767234771524734
5609,39.42301798941802
5610,24.94235864135864
5611,13.292871005291008
5612,19.82306910633226
5613,24.86503857142855
5614,14.547383032523006
5615,10.39805050505051
5616,21.903254079254083
5617,14.387558253968255
5618,22.419212683982636
5619,30.248928944203925
5620,25.019770264550218
5621,17.857004444444442
5622,33.56804015873014
5623,14.182323075073073
5624,17.857004444444442
5625,13.371249492544509
5626,18.70827659451653
5627,17.96
5628,23.269117142857127
5629,12.117733333333332
5630,13.707010793650806
5631,11.16536285555404
5632,13.228276190476203
5633,12.543641269841272
5634,24.667553742553718
5635,30.879546031746056
5636,28.965822857142783
5637,27.167926984126986
5638,24.285026322566328
5639,13.338386666666683
5640,12.661393867243858
5641,17.778614734307077
5642,14.70591904761903
5643,24.285026322566328
5644,29.549515555555537
5645,13.040375794575798
5646,11.153958994708995
5647,16.534637037036987
5648,19.322906878306874
5649,15.853048888888843
5650,29.549515555555537
5651,19.82836973544968
5652,9.136576507936509
5653,15.104273015873002
5654,13.607911111111127
5655,16.397619212682745
5656,22.47661717171712
5657,6.86812894179894
5658,11.648965704665693
5659,8.01041666666666
5660,15.678582074592063
5661,22.052885815295795
5662,13.228276190476203
5663,20.737498585858496
5664,42.762149523809505
5665,17.967059219647464
5666,12.987321269841269
5667,24.5597765079365
5668,27.167926984126986
5669,10.555501587301574
5670,20.418414285714253
5671,11.183008700188687
5672,17.986574906574905
5673,10.713351957671948
5674,19.82836973544968
5675,20.96330158730157
5676,21.194693650793642
5677,12.117733333333332
5678,13.622315016835003
5679,20.0
5680,17.207211746031707
5681,13.932384867724878
5682,16.397619212682745
5683,12.485151249893885
5684,9.499925656565662
5685,22.920263389943354
5686,14.513150264550259
5687,13.305830331890338
5688,27.603491111111094
5689,17.627755555555552
5690,37.49655555555554
5691,12.423733068783054
5692,13.643970553150538
5693,15.506936634476606
5694,17.911857142857148
5695,13.932384867724878
5696,12.480343333333318
5697,24.667553742553718
5698,24.59513901394899
5699,25.15117158730158
5700,13.52173333333335
5701,25.199409788359773
5702,13.35813333333335
5703,15.798520667622139
5704,14.669991111111097
5705,18.375270274170244
5706,13.564315411255427
5707,20.418414285714253
5708,14.94174774410771
5709,11.648965704665693
5710,18.028202539682518
5711,18.062424444444403
5712,11.312461269841277
5713,14.70591904761903
5714,12.58090624338622
5715,3.8590023809523815
5716,17.575598556998525
5717,13.52173333333335
5718,11.574657460317459
5719,19.642266666666654
5720,24.59513901394899
5721,22.920263389943354
5722,20.009206050986048
5723,22.397182539682543
5724,7.000948412698406
5725,4.026666666666666
5726,17.80633966403961
5727,22.47661717171712
5728,8.299925420875413
5729,23.907144118844112
5730,12.117733333333332
5731,14.49010968253967
5732,14.482655555555521
5733,3.8590023809523815
5734,23.57323658970655
5735,13.681588888888907
5736,13.681588888888907
5737,26.995333333333335
5738,19.048105766259862
5739,4.479154232804235
5740,13.52173333333335
5741,23.83041281866282
5742,19.881253760270205
5743,8.01041666666666
5744,24.5597765079365
5745,10.628915488215496
5746,12.987321269841269
5747,15.506936634476606
5748,16.225936666666627
5749,24.530218908128898
5750,17.048905820105787
5751,14.70591904761903
5752,12.485151249893885
5753,13.984380476190472
5754,12.11679809523808
5755,22.555809884559892
5756,17.876550793650793
5757,13.52173333333335
5758,19.642266666666654
5759,13.079187513227513
5760,28.858666666666657
5761,13.297280000000015
5762,23.907144118844112
5763,11.93960666666664
5764,11.16536285555404
5765,16.61912936507932
5766,19.322906878306874
5767,17.967059219647464
5768,35.665493528693474
5769,12.480343333333318
5770,17.74868349206348
5771,16.2271114285714
5772,22.78248613756614
5773,26.995333333333335
5774,13.422253402153421
5775,15.450238422318398
5776,20.418414285714253
5777,14.94174774410771
5778,11.659731718281725
5779,17.96
5780,13.52173333333335
5781,24.285026322566328
5782,28.895186709956658
5783,13.402322539682553
5784,13.795776315536292
5785,20.549114285714282
5786,36.21123063492061
5787,17.778614734307077
5788,19.881253760270205
5789,13.96265223665224
5790,11.497342364672358
5791,36.21123063492061
5792,16.404287840307813
5793,23.907144118844112
5794,12.285533001442989
5795,24.59513901394899
5796,13.66500952380954
5797,14.93818
5798,22.896636772486765
5799,24.633242808933975
5800,19.75413523809516
5801,9.136576507936509
5802,17.80633966403961
5803,12.423733068783054
5804,27.603491111111094
5805,13.53520793650795
5806,21.61007132275132
5807,6.0
5808,19.093305651755607
5809,10.331792328042328
5810,22.319964814814814
5811,12.95899584045583
5812,15.511040317460305
5813,19.726507936507947
5814,14.438721784511777
5815,10.827011428571428
5816,15.978968148148097
5817,21.204372957042953
5818,10.531402860472845
5819,11.712813809523809
5820,14.196026984126984
5821,1.4552763492063494
5822,22.52845894179894
5823,0.0
5824,11.88607854441854
5825,20.0
5826,23.784731971731958
5827,17.71613456913457
5828,6.853828037518039
5829,23.185283645983652
5830,7.886455723905715
5831,13.543965714285727
5832,8.738671904761903
5833,13.781982222222233
5834,11.302866984126968
5835,14.279529365079364
5836,12.234697753727735
5837,13.777160740740749
5838,13.7976558201058
5839,12.860376993746971
5840,0.6631085858585859
5841,21.34648222222213
5842,14.140149016016649
5843,13.914606666666675
5844,25.10601068783061
5845,22.52845894179894
5846,13.301631111111124
5847,10.531402860472845
5848,26.418812698412605
5849,11.770158013838012
5850,8.54240714285713
5851,18.242403333333254
5852,14.331868677248655
5853,11.80970857142857
5854,28.50626579605578
5855,14.133127619047597
5856,18.45425053962206
5857,9.691089894179884
5858,0.06324444444444444
5859,13.567600226070208
5860,20.0
5861,17.16160809523805
5862,16.50188396344393
5863,7.5754748584748555
5864,28.50626579605578
5865,12.26936761904762
5866,7.886455723905715
5867,14.299762237762247
5868,13.914727468805701
5869,18.29065085334629
5870,9.398060606060614
5871,11.871499829059815
5872,17.01349269841266
5873,14.58549333333333
5874,13.914727468805701
5875,14.725460456950447
5876,6.853828037518039
5877,25.40803095238088
5878,13.7976558201058
5879,25.363595238095222
5880,19.557833386243356
5881,26.418812698412605
5882,4.804362380952382
5883,24.07430603174597
5884,18.76681148459382
5885,13.480000000000016
5886,11.07395936507936
5887,13.238007037037034
5888,14.279529365079364
5889,0.8820040211640209
5890,24.346319365079356
5891,8.257028855218843
5892,12.782484973544957
5893,19.875804232804207
5894,13.813909047619042
5895,14.299762237762247
5896,0.6631085858585859
5897,11.871499829059815
5898,19.317285928413963
5899,9.398060606060614
5900,14.987991269841265
5901,20.347769696969618
5902,13.777160740740749
5903,13.914606666666675
5904,3.9308367724867748
5905,33.20276031746027
5906,0.6631085858585859
5907,4.240178062678059
5908,12.605047537647538
5909,6.853828037518039
5910,22.52845894179894
5911,14.254802539682533
5912,13.480000000000016
5913,24.45432063492054
5914,18.817244444444423
5915,14.331868677248655
5916,17.97663587301582
5917,1.0955166666666667
5918,17.71613456913457
5919,10.636130351130344
5920,17.695793333333295
5921,15.06975191438191
5922,11.07395936507936
5923,21.204372957042953
5924,12.234697753727735
5925,17.98980301587301
5926,15.2324625234025
5927,0.6631085858585859
5928,11.901392510539567
5929,16.724923877233852
5930,19.106357989417972
5931,13.706004761904756
5932,22.52845894179894
5933,17.90315349206345
5934,13.543965714285727
5935,13.5361888888889
5936,19.93249587301585
5937,17.98980301587301
5938,11.901392510539567
5939,12.222260740740737
5940,7.5754748584748555
5941,11.612260476190476
5942,4.804362380952382
5943,25.76903333333333
5944,12.860376993746971
5945,14.71012761904761
5946,19.726507936507947
5947,16.21963888888889
5948,9.691089894179884
5949,14.140149016016649
5950,14.106948730158722
5951,25.10601068783061
5952,9.147776503126511
5953,0.6631085858585859
5954,16.939724232804206
5955,15.06975191438191
5956,14.25874523809524
5957,17.0
5958,18.139192116402075
5959,17.0
5960,9.398060606060614
5961,21.986666666666668
5962,9.283205555555556
5963,0.6455569841269841
5964,14.279529365079364
5965,27.996088888888888
5966,6.927711481481482
5967,20.520454365503763
5968,25.6424628245828
5969,7.5754748584748555
5970,16.590517845117834
5971,0.06324444444444444
5972,14.809523263403246
5973,10.531402860472845
5974,21.204372957042953
5975,25.1451755026455
5976,1.4552763492063494
5977,14.140149016016649
5978,16.60140205868204
5979,9.147776503126511
5980,13.98693942767471
5981,13.813909047619042
5982,11.770158013838012
5983,14.277551587301563
5984,12.95899584045583
5985,23.801629429394126
5986,21.34648222222213
5987,6.927711481481482
5988,15.087255863765849
5989,10.877881481481472
5990,20.464997087097625
5991,16.450564454064455
5992,12.541732539682556
5993,17.49461666666667
5994,14.043830952380958
5995,17.49578945868944
5996,12.673954195434186
5997,9.064556931216933
5998,13.360544603174622
5999,13.480000000000016
6000,26.66381908128907
6001,13.480000000000016
6002,14.213388566618562
6003,15.606072380952337
6004,11.707809427609426
6005,24.651365567765552
6006,13.330033083583075
6007,11.276852597402575
6008,25.80075132275126
6009,3.759315512265513
6010,15.694844436609143
6011,9.17725232434232
6012,24.845494862914805
6013,14.755786084656089
6014,12.724888148148139
6015,14.072986931216926
6016,19.444965811965805
6017,7.493126349206346
6018,13.236774285714285
6019,26.208289190914574
6020,11.211035661375659
6021,28.87654317460306
6022,16.25749177211677
6023,11.338688783068768
6024,11.104250264550268
6025,9.047233775853774
6026,15.694844436609143
6027,12.13447523587524
6028,16.08463142857142
6029,12.135228783068769
6030,14.262944482924464
6031,13.495396296296294
6032,13.560193536104395
6033,8.827244255744255
6034,13.330353186813204
6035,25.03376179894174
6036,16.7241466329966
6037,11.211035661375659
6038,11.980898786307137
6039,19.444965811965805
6040,11.875802698412711
6041,13.771190720575717
6042,13.560193536104395
6043,12.61961936507936
6044,12.61961936507936
6045,9.966817734487723
6046,11.911501654641643
6047,3.7826740740740745
6048,19.444965811965805
6049,19.77046514975219
6050,6.918807777777779
6051,20.88245601620602
6052,11.713244867650403
6053,8.721557777777782
6054,15.342416312576303
6055,21.742875002404954
6056,22.394048253968176
6057,11.576128448936679
6058,34.87494497354497
6059,12.98790302549301
6060,16.29486189662188
6061,21.20546676286673
6062,11.024545238095238
6063,12.197291269841246
6064,12.638196190476172
6065,34.87494497354497
6066,15.327226455026453
6067,13.489600000000015
6068,15.89986571040128
6069,17.77263797498794
6070,8.721557777777782
6071,13.04218103896104
6072,12.39179761904762
6073,14.677923990083974
6074,23.361882717652705
6075,13.360544603174622
6076,18.204937493987483
6077,13.70154053391052
6078,36.08486047619047
6079,25.50590708994708
6080,34.87494497354497
6081,15.89986571040128
6082,17.619785547785547
6083,39.801848888888884
6084,5.644278624338622
6085,21.83508024531022
6086,15.21106772486772
6087,13.771190720575717
6088,9.966817734487723
6089,33.061568499648466
6090,11.95606476190476
6091,11.024545238095238
6092,19.98467599474598
6093,10.678018461538446
6094,15.158269470899459
6095,4.5900190713426
6096,15.379577020756985
6097,9.87014605098605
6098,18.231920668590647
6099,14.213388566618562
6100,20.0
6101,13.480000000000016
6102,16.25749177211677
6103,5.644278624338622
6104,15.613233333333328
6105,15.89986571040128
6106,8.827244255744255
6107,28.87654317460306
6108,18.793856666666617
6109,16.450564454064455
6110,9.144122857142856
6111,12.724888148148139
6112,11.713244867650403
6113,14.262944482924464
6114,16.7241466329966
6115,13.47139555555557
6116,15.486869792406873
6117,28.87654317460306
6118,25.03376179894174
6119,10.216642645502642
6120,9.047233775853774
6121,19.054113968253958
6122,16.450564454064455
6123,14.558442222222192
6124,11.911501654641643
6125,17.39080185185185
6126,16.930032433862408
6127,10.216642645502642
6128,12.812475344285344
6129,14.922685348725349
6130,13.480000000000016
6131,9.23716068191068
6132,21.70222962962962
6133,12.724888148148139
6134,18.703720952380955
6135,12.289819047619035
6136,4.856786825396825
6137,11.668999693824716
6138,10.75754962962961
6139,32.45728382148349
6140,24.845494862914805
6141,13.480000000000016
6142,13.83032243386243
6143,17.49461666666667
6144,12.896503121693126
6145,8.940541587301576
6146,7.325131861602448
6147,13.330033083583075
6148,17.29202888888884
6149,16.7241466329966
6150,13.614729956709935
6151,15.261429999999992
6152,7.325131861602448
6153,13.48921275132276
6154,12.464799047619042
6155,13.447217152477135
6156,12.676026210445348
6157,14.043830952380958
6158,15.486869792406873
6159,10.170497086247094
6160,16.29486189662188
6161,11.186267619047594
6162,14.303372328042299
6163,13.488852380952396
6164,12.676026210445348
6165,18.708875714285696
6166,9.247619312169313
6167,13.771190720575717
6168,9.441743333333331
6169,11.43715806193806
6170,15.89986571040128
6171,14.606014574314559
6172,13.771190720575717
6173,11.640870476190477
6174,11.918680740740722
6175,12.756921043771044
6176,13.480000000000016
6177,34.87494497354497
6178,7.855387777777778
6179,9.493085375735381
6180,22.418597296777286
6181,0.355687037037037
6182,13.515675555555571
6183,3.8412233766233763
6184,5.693497989417991
6185,1.6311453968253968
6186,12.3802288888889
6187,16.55142951899948
6188,25.49727611277612
6189,7.631400952380953
6190,14.255480136900136
6191,14.158219047619026
6192,9.89853003478004
6193,14.031671053391046
6194,12.866233333333334
6195,16.6362187301587
6196,6.536512698412699
6197,23.070693968253952
6198,14.051644781144788
6199,21.54505012025012
6200,15.439253809523807
6201,23.001437777777674
6202,18.09639825125854
6203,17.313770605612717
6204,13.213441058201036
6205,10.411738912938919
6206,21.082163019943003
6207,22.66933380952378
6208,9.16926547145665
6209,4.435507677137675
6210,1.6311453968253968
6211,6.443742857142857
6212,3.0895479557479546
6213,13.84649054834055
6214,13.133728888888896
6215,10.996604074074074
6216,13.572339047619055
6217,10.996604074074074
6218,11.548859483109487
6219,11.330456840566857
6220,22.484196825396737
6221,17.313770605612717
6222,11.977452380952382
6223,18.09639825125854
6224,14.906661038961031
6225,14.65514259259259
6226,4.752714862914863
6227,10.25677285714285
6228,9.493189214119202
6229,17.313770605612717
6230,14.051644781144788
6231,8.43044516964517
6232,0.9832931216931218
6233,11.330456840566857
6234,8.901203189033186
6235,11.322640110630118
6236,9.493085375735381
6237,29.20753697709695
6238,8.741014285714284
6239,5.465143097643102
6240,13.910642607022588
6241,14.315924285714281
6242,16.604833333333332
6243,7.2683343097643105
6244,18.784379999999967
6245,17.021808571428526
6246,21.020265223577603
6247,12.480125689758568
6248,13.881395396825395
6249,15.757448196248179
6250,12.866233333333334
6251,3.0895479557479546
6252,16.546373915343924
6253,22.06779290524287
6254,9.748413968253972
6255,12.480125689758568
6256,13.946277777777771
6257,25.49727611277612
6258,12.866233333333334
6259,1.6311453968253968
6260,14.864783068783073
6261,14.356592698412687
6262,14.344219047619038
6263,9.16926547145665
6264,15.71879083879084
6265,14.71454393939394
6266,20.61022608780107
6267,29.5540451125879
6268,14.051644781144788
6269,12.120893544973532
6270,13.555440000000013
6271,28.02693518518511
6272,4.276922539682542
6273,13.357767837347835
6274,12.725060000000012
6275,18.09639825125854
6276,10.04300158730158
6277,3.7415845454545464
6278,9.633530297850292
6279,23.001437777777674
6280,20.61022608780107
6281,23.376521481481458
6282,4.709554271284269
6283,5.9711746031746
6284,9.541123809523802
6285,7.4474479350279355
6286,13.398911111111124
6287,16.825757619047614
6288,6.536512698412699
6289,13.881395396825395
6290,13.092972318422325
6291,6.2554396825396825
6292,17.73196666666666
6293,13.811604232804223
6294,18.784379999999967
6295,9.493085375735381
6296,29.03668610105066
6297,6.536512698412699
6298,14.470461255411264
6299,21.54505012025012
6300,11.322640110630118
6301,7.256759523809525
6302,13.684952380952387
6303,20.61022608780107
6304,9.97935984126984
6305,13.135055555555565
6306,8.733031822991824
6307,7.253638412698415
6308,11.236820158730152
6309,10.708972222222227
6310,23.654014386724374
6311,5.465143097643102
6312,12.674032698412708
6313,14.741002451524512
6314,13.135055555555565
6315,25.12863333333333
6316,15.71879083879084
6317,13.730285134865142
6318,12.866233333333334
6319,13.287331851851826
6320,6.986879999999998
6321,17.513992857142853
6322,9.541123809523802
6323,4.435507677137675
6324,13.205999682539693
6325,10.412162053872047
6326,14.906661038961031
6327,14.366378941798915
6328,5.9711746031746
6329,12.866233333333334
6330,14.470461255411264
6331,10.745661111111108
6332,9.42204264069264
6333,3.694226984126985
6334,11.245947311207313
6335,23.376521481481458
6336,11.330456840566857
6337,11.084382222222224
6338,13.40684444444446
6339,30.79877026455024
6340,11.34651523809524
6341,17.92053999999999
6342,13.25883555555557
6343,12.801552890812884
6344,3.0895479557479546
6345,6.0705310389610405
6346,16.484393578643573
6347,13.811604232804223
6348,0.355687037037037
6349,15.757448196248179
6350,14.086552380952355
6351,12.480125689758568
6352,21.082163019943003
6353,13.458215238095239
6354,13.394760793650795
6355,7.855387777777778
6356,3.694226984126985
6357,12.120893544973532
6358,22.418597296777286
6359,9.711341577681566
6360,29.20753697709695
6361,20.61022608780107
6362,4.007011111111113
6363,23.37978222222222
6364,15.645292698412689
6365,0.355687037037037
6366,13.482283068783062
6367,8.049155026455024
6368,18.43654433862429
6369,20.61022608780107
6370,13.51409111111111
6371,13.440873333333348
6372,5.9711746031746
6373,22.7673014526214
6374,23.120160495060496
6375,10.497123433589685
6376,13.11774239538237
6377,11.832350533910533
6378,12.200003538944724
6379,13.37289826839827
6380,3.350503147963149
6381,18.210411428571422
6382,25.15828039664031
6383,20.774823731823734
6384,16.73378086284084
6385,15.91941416305916
6386,11.451450553161415
6387,12.439492698412678
6388,10.780690924630917
6389,15.56500189033186
6390,15.022821871091852
6391,18.210411428571422
6392,26.75856465608456
6393,7.994799470899474
6394,4.866135242905244
6395,9.480981977651963
6396,14.014388154808133
6397,25.15828039664031
6398,25.15828039664031
6399,18.511516011766016
6400,15.685312289562258
6401,10.717915714285706
6402,9.439504126984117
6403,15.91941416305916
6404,23.4946937037037
6405,12.09928365079363
6406,23.461430475080498
6407,6.879706666666671
6408,18.509589119769107
6409,10.780690924630917
6410,7.314673968253965
6411,11.299170952380942
6412,5.0269022222222235
6413,3.871179284419285
6414,15.685312289562258
6415,23.461430475080498
6416,7.622348730158727
6417,18.20857132275128
6418,15.624778253968218
6419,11.273337835497829
6420,21.948464729312075
6421,5.536320582010583
6422,12.200003538944724
6423,14.536734035964018
6424,10.98054423280422
6425,20.5050541958042
6426,11.088254285714282
6427,4.866135242905244
6428,10.285500582010586
6429,15.925218095238082
6430,10.959672756132758
6431,11.934948888888883
6432,20.5050541958042
6433,9.228091269841274
6434,18.20857132275128
6435,17.288329328079328
6436,11.162225611269829
6437,9.970464704184705
6438,14.185754256854255
6439,15.91941416305916
6440,13.479699682539698
6441,13.37289826839827
6442,3.350503147963149
6443,15.938155132275126
6444,20.774823731823734
6445,11.570688571428581
6446,7.314673968253965
6447,13.701941904761917
6448,13.701941904761917
6449,8.0
6450,7.874390505050507
6451,10.506624285714281
6452,11.451450553161415
6453,7.874390505050507
6454,10.285500582010586
6455,1.9566065134865145
6456,15.738518571428576
6457,17.288329328079328
6458,20.5050541958042
6459,2.1505250793650803
6460,10.050486560846565
6461,7.753324834054833
6462,17.773321746031748
6463,4.944448095238099
6464,25.95854222222222
6465,25.15828039664031
6466,25.15828039664031
6467,22.96178135642137
6468,10.919558542568554
6469,18.114959365079347
6470,11.750521798941783
6471,3.871179284419285
6472,13.058889365079345
6473,2.7155431235431227
6474,15.802680476190453
6475,14.30218730158731
6476,16.75420999999999
6477,25.15828039664031
6478,13.33500952380953
6479,12.6799661038961
6480,22.697368253968268
6481,16.9780456565656
6482,10.268603492063484
6483,3.350503147963149
6484,8.611537248677246
6485,15.738518571428576
6486,19.08853960705959
6487,13.620157011974392
6488,8.0
6489,24.890968412698385
6490,17.288329328079328
6491,12.792035820105813
6492,27.873282145262117
6493,6.155045079365079
6494,17.307439264069224
6495,26.75856465608456
6496,6.155045079365079
6497,15.958235449735403
6498,13.51817415140416
6499,3.350503147963149
6500,27.14621878306879
6501,20.062270234395246
6502,3.871179284419285
6503,14.876293121693125
6504,17.79886118030114
6505,13.479699682539698
6506,15.938155132275126
6507,15.306625925925909
6508,14.466991481481466
6509,0.5526939682539682
6510,25.021587619047608
6511,7.994799470899474
6512,3.871179284419285
6513,12.191289163059146
6514,13.468355555555572
6515,18.007069975949943
6516,16.486760687830664
6517,20.28599650793651
6518,11.934948888888883
6519,16.9780456565656
6520,7.622348730158727
6521,8.996952222222216
6522,18.159441596921532
6523,10.717915714285706
6524,13.895135866725862
6525,12.719717142857135
6526,4.711448845598845
6527,13.75879810004807
6528,12.173211056906048
6529,20.516510126855728
6530,16.14624620046618
6531,13.51817415140416
6532,13.431308162578143
6533,18.511516011766016
6534,9.336404232804227
6535,1.59562708994709
6536,15.056955449735424
6537,23.120160495060496
6538,7.744627248677248
6539,11.198652910052903
6540,12.173211056906048
6541,14.014388154808133
6542,15.001110158730144
6543,17.345311832611795
6544,5.870369735449734
6545,9.091875978835969
6546,11.747781284271275
6547,14.244297248677233
6548,27.84257595737595
6549,15.922942222222222
6550,24.821386031746016
6551,23.516222222222186
6552,18.807544871794864
6553,13.394568888888886
6554,14.903029933029929
6555,16.96739999999998
6556,13.896112380952369
6557,16.2461607407407
6558,3.710825661375661
6559,13.72098285714285
6560,23.140508197945827
6561,14.244297248677233
6562,14.903029933029929
6563,16.986768253968204
6564,26.957444761904764
6565,13.545786666666682
6566,15.091919259259233
6567,33.071451909614865
6568,16.922717777777773
6569,14.164072698412701
6570,35.979793333333284
6571,19.495387777777715
6572,8.493886694601692
6573,13.545786666666682
6574,20.641547936507873
6575,15.133602712646832
6576,16.2461607407407
6577,23.56403164021159
6578,23.694371791563558
6579,25.83361142857136
6580,15.079637407777394
6581,15.133602712646832
6582,16.70501740740736
6583,18.858255710955717
6584,13.741980952380967
6585,20.300702698412678
6586,22.14041714285706
6587,15.922942222222222
6588,17.818636507936482
6589,0.2661857142857143
6590,20.200021428571425
6591,27.84257595737595
6592,10.526024920634919
6593,14.458487392977391
6594,18.807544871794864
6595,14.941739153439148
6596,11.366289326599308
6597,11.004569629629616
6598,10.915638306878293
6599,14.14798756613755
6600,19.732409576719576
6601,16.639393544973544
6602,16.639393544973544
6603,13.373108207348224
6604,16.018668302068292
6605,10.094447974987975
6606,13.513924603174592
6607,14.07616086099087
6608,26.957444761904764
6609,14.81071417989416
6610,8.493886694601692
6611,20.641547936507873
6612,13.76338000000001
6613,14.14798756613755
6614,14.81071417989416
6615,11.004569629629616
6616,32.664051484071464
6617,10.915638306878293
6618,11.550697301587304
6619,12.341886749916755
6620,13.85430031746032
6621,22.142142539682542
6622,27.164992380952366
6623,14.14798756613755
6624,23.94978999999996
6625,7.690051628001631
6626,11.658091216931208
6627,6.469745512265518
6628,20.07578719576712
6629,17.008697989417957
6630,18.577151245421234
6631,17.84924126984127
6632,13.512746666666683
6633,11.255147777777774
6634,16.036666666666665
6635,25.19587698412693
6636,29.22440190476189
6637,5.1033333333333335
6638,13.575229841269856
6639,7.690051628001631
6640,13.373108207348224
6641,22.142142539682542
6642,15.78483201058201
6643,10.915638306878293
6644,44.36567015873013
6645,19.732409576719576
6646,22.142142539682542
6647,27.84257595737595
6648,14.458487392977391
6649,17.008697989417957
6650,14.749599999999985
6651,22.95012390387391
6652,13.068070910396774
6653,14.903029933029929
6654,16.986768253968204
6655,14.522933333333327
6656,13.06192333333331
6657,13.068070910396774
6658,19.96407402597402
6659,13.85430031746032
6660,21.273802172586628
6661,14.025940423280426
6662,6.725987777777777
6663,14.941739153439148
6664,16.481202804232776
6665,17.84924126984127
6666,10.451520175412812
6667,8.678897354497348
6668,19.47472111111109
6669,13.336956652236658
6670,13.896112380952369
6671,18.404845363155328
6672,8.327058576238567
6673,18.40687619047618
6674,14.829620211640188
6675,14.025940423280426
6676,8.493886694601692
6677,19.70099709956702
6678,14.903029933029929
6679,11.366289326599308
6680,4.781828253968255
6681,18.577151245421234
6682,12.905718253968235
6683,8.232995276575267
6684,12.397990375180362
6685,21.273802172586628
6686,8.493886694601692
6687,33.071451909614865
6688,16.132486214526207
6689,12.55346790764789
6690,24.94609333333325
6691,15.380401851851824
6692,22.808161428571385
6693,17.45143333333333
6694,24.14207206349198
6695,35.965941587301586
6696,27.164992380952366
6697,23.694371791563558
6698,14.025940423280426
6699,14.046884112554114
6700,14.527291111111104
6701,11.255147777777774
6702,14.458487392977391
6703,10.612949368409353
6704,11.352831067178412
6705,8.327058576238567
6706,8.501373333333333
6707,15.922942222222222
6708,36.85779365079364
6709,14.368232948152066
6710,14.164072698412701
6711,19.21219060606057
6712,10.526024920634919
6713,14.164072698412701
6714,6.764094761904764
6715,15.079637407777394
6716,18.681474255744238
6717,13.373108207348224
6718,23.398619365079284
6719,4.781828253968255
6720,13.953184588744591
6721,5.1033333333333335
6722,16.183448431642304
6723,13.394568888888886
6724,16.181438783808755
6725,16.61917595626591
6726,11.594336507936498
6727,8.493886694601692
6728,12.905718253968235
6729,16.639393544973544
6730,11.507437777777769
6731,27.355007176527142
6732,20.07578719576712
6733,11.507437777777769
6734,14.025940423280426
6735,18.70107375661375
6736,10.787174074074063
6737,6.599269841269843
6738,10.223428898508896
6739,17.25844888888889
6740,17.397859999999984
6741,9.243071111111108
6742,13.002926349206353
6743,3.2798840233840263
6744,13.931451034151044
6745,18.754372380952375
6746,16.656488888888887
6747,22.02213544973546
6748,25.43957862914858
6749,10.367822275132255
6750,36.49458681096677
6751,6.373814102564101
6752,14.721826839826848
6753,8.216365366115369
6754,10.1456436942687
6755,22.19739266474265
6756,14.430487085137072
6757,7.940383611573613
6758,12.35518306878307
6759,27.859215238095235
6760,13.333034708994692
6761,5.498210793650794
6762,10.719945526695511
6763,30.217690429940426
6764,13.799879365079375
6765,6.535411904761908
6766,12.683144012654019
6767,6.479990202020203
6768,7.776638273208269
6769,0.0
6770,14.451567763347752
6771,11.296046772486758
6772,23.02291464165456
6773,6.865767738811464
6774,13.065226666666653
6775,19.672277936507925
6776,19.93542857142857
6777,14.72143411255408
6778,15.016666666666667
6779,0.024444444444444442
6780,23.02291464165456
6781,6.779926026936021
6782,9.268052713952716
6783,23.134991428571407
6784,22.00714997965
6785,11.166360832130822
6786,14.451567763347752
6787,19.734054444444393
6788,38.38884047619047
6789,12.852022558051972
6790,15.187380341880344
6791,11.049880317460309
6792,9.637162857839323
6793,12.852022558051972
6794,29.93958936507936
6795,21.54040599104594
6796,21.184150476190492
6797,22.060783280423266
6798,5.239603910594624
6799,16.578331904761875
6800,8.620266666666666
6801,12.352509894179894
6802,5.239603910594624
6803,8.973333333333333
6804,20.671377619047572
6805,17.25844888888889
6806,8.973333333333333
6807,8.973333333333333
6808,36.49458681096677
6809,11.494369999999988
6810,6.535411904761908
6811,23.02291464165456
6812,11.021053410293426
6813,21.575512169312166
6814,15.598902820512807
6815,12.683144012654019
6816,7.2606947186147215
6817,28.73713908572908
6818,17.126885873015844
6819,11.824602962962974
6820,19.878940105820092
6821,13.815087671957656
6822,10.482958941798938
6823,6.296853501683501
6824,7.776638273208269
6825,7.001441904761906
6826,18.754372380952375
6827,15.016666666666667
6828,20.671377619047572
6829,9.333208465608463
6830,9.637162857839323
6831,18.652160476190385
6832,2.751689802789803
6833,9.936033544973544
6834,9.525377142857142
6835,18.754372380952375
6836,13.61767142857143
6837,23.721686137566113
6838,7.202176349206353
6839,15.510100094720077
6840,17.662058727568706
6841,12.201293862433852
6842,14.721826839826848
6843,24.19734571428571
6844,6.809039576719579
6845,14.99183333333333
6846,10.449496031746026
6847,16.091212380952378
6848,13.065226666666653
6849,13.815087671957656
6850,23.401827537783834
6851,24.19734571428571
6852,15.11080018315018
6853,2.866810052910053
6854,14.749410582010547
6855,12.683144012654019
6856,3.2798840233840263
6857,13.065226666666653
6858,28.26249280423279
6859,24.19734571428571
6860,9.243071111111108
6861,10.095333333333333
6862,8.352023703703695
6863,37.18377004329001
6864,8.216365366115369
6865,14.429140211640215
6866,17.40226666666665
6867,12.674246349206339
6868,10.719945526695511
6869,15.083988696488674
6870,25.946964444444447
6871,25.43957862914858
6872,13.624561587301596
6873,13.729761904761903
6874,13.01
6875,29.37062
6876,11.155926573426575
6877,8.073832169312169
6878,11.468771269841271
6879,14.721826839826848
6880,14.99183333333333
6881,16.771796190476127
6882,18.02046522366523
6883,12.643270317460328
6884,14.430487085137072
6885,18.68744931216927
6886,30.217690429940426
6887,3.2798840233840263
6888,13.002926349206353
6889,17.25844888888889
6890,9.243071111111108
6891,15.581523703703676
6892,16.942084920634873
6893,24.96082550264545
6894,14.411823015873011
6895,8.786928460428454
6896,14.296245767195751
6897,17.397859999999984
6898,2.973076190476192
6899,22.19739266474265
6900,16.27775444444444
6901,13.01
6902,27.859215238095235
6903,19.878940105820092
6904,14.99183333333333
6905,3.527516666666667
6906,0.024444444444444442
6907,12.929200678950677
6908,19.93542857142857
6909,2.866810052910053
6910,19.93542857142857
6911,7.284981058201053
6912,17.126885873015844
6913,22.00714997965
6914,13.815087671957656
6915,4.5381126651126635
6916,19.2962939682539
6917,18.754372380952375
6918,14.721826839826848
6919,16.27775444444444
6920,15.598902820512807
6921,12.457663968253948
6922,15.083988696488674
6923,30.217690429940426
6924,18.394229682539635
6925,12.798670158730136
6926,13.331719365079353
6927,14.210931058201055
6928,13.989290634920641
6929,13.574505733525738
6930,16.201906984126985
6931,25.361358058608072
6932,18.871760634920573
6933,21.69699338624336
6934,10.364729855699837
6935,24.287462737262658
6936,12.97642746031746
6937,21.87384828134829
6938,33.135556818181826
6939,9.359080070670059
6940,13.472957643097622
6941,13.06932968253967
6942,8.368151765271762
6943,13.587225608465587
6944,13.900617546897545
6945,20.338395555555486
6946,16.42676612794609
6947,7.482552946312941
6948,9.861560317460311
6949,26.17715583490584
6950,13.29831708587706
6951,27.06702443961267
6952,6.282175398675398
6953,15.96167111111107
6954,19.14029064454064
6955,14.083233333333322
6956,21.443869100529056
6957,19.433013756613708
6958,8.368151765271762
6959,18.39339888888887
6960,18.197491394901387
6961,14.868596031746032
6962,16.401979018758993
6963,9.495081481481478
6964,16.425445714285665
6965,19.14029064454064
6966,21.66784412698412
6967,25.75116862600363
6968,26.17715583490584
6969,6.282175398675398
6970,15.577884523809486
6971,27.393580370370334
6972,21.58281844027431
6973,14.417770479520474
6974,5.734385165945165
6975,12.448573809523817
6976,1.0697444444444444
6977,19.433013756613708
6978,16.241379470899428
6979,13.851316825396834
6980,8.213356801346798
6981,27.06702443961267
6982,14.457128730158717
6983,13.252179769119781
6984,16.63187417027412
6985,25.61104567999536
6986,21.043392977392976
6987,26.05936238095232
6988,3.317930893180893
6989,14.273029523809507
6990,13.491460000000016
6991,21.39739111111109
6992,33.135556818181826
6993,21.043392977392976
6994,13.39245978835979
6995,25.992387301587282
6996,13.48398666666668
6997,19.846467724867733
6998,21.39739111111109
6999,25.75116862600363
7000,13.68649507936509
7001,10.677237671957672
7002,13.465981481481467
7003,12.276448715728703
7004,27.934569839419837
7005,23.037268253968193
7006,10.993687301587302
7007,16.69673227513228
7008,9.58825015984014
7009,9.27487619047619
7010,23.037268253968193
7011,22.0
7012,33.135556818181826
7013,14.210931058201055
7014,17.7729565079365
7015,13.06932968253967
7016,22.7212343101343
7017,19.433013756613708
7018,4.340593746993748
7019,16.985346031746037
7020,19.14029064454064
7021,17.428310376660303
7022,13.018326142376122
7023,13.252179769119781
7024,40.43047888888887
7025,42.93707555555554
7026,16.582355343915335
7027,14.933050793650795
7028,18.3461079365079
7029,9.27487619047619
7030,11.131609384319386
7031,13.58612287712288
7032,16.366319576719576
7033,1.0697444444444444
7034,13.165505714285695
7035,12.450626416546392
7036,7.426891111111112
7037,11.593622222222224
7038,14.208274381914382
7039,10.964487195767193
7040,22.291426984126918
7041,28.0
7042,5.156528148148152
7043,21.043392977392976
7044,16.076883073081607
7045,22.7212343101343
7046,11.131609384319386
7047,4.340593746993748
7048,5.425926560846563
7049,12.879864569504582
7050,23.25942476190475
7051,22.05092871572871
7052,13.331719365079353
7053,17.96735809523808
7054,9.949129759499746
7055,11.258210158730156
7056,17.175257195767166
7057,7.5618363492063505
7058,15.01288306508304
7059,17.428310376660303
7060,9.359080070670059
7061,26.05936238095232
7062,13.29831708587706
7063,18.66033394827393
7064,21.39739111111109
7065,18.394229682539635
7066,17.175257195767166
7067,13.472066666666683
7068,13.15309333333334
7069,22.962845452394184
7070,18.95777777777778
7071,12.798670158730136
7072,15.92548534391532
7073,11.8756883020683
7074,17.60207656565652
7075,18.95777777777778
7076,33.59252285714281
7077,10.497298412698404
7078,7.122263756613759
7079,14.026948888888871
7080,25.75116862600363
7081,8.584633071743063
7082,16.42676612794609
7083,10.993687301587302
7084,21.69699338624336
7085,21.39739111111109
7086,14.149916767676768
7087,15.82503999999995
7088,14.457128730158717
7089,7.09926666666667
7090,18.394229682539635
7091,13.613180793650807
7092,14.083233333333322
7093,9.58825015984014
7094,22.0
7095,16.5784812025012
7096,10.739642328042317
7097,21.87384828134829
7098,18.36463111111105
7099,13.667388571428555
7100,17.985030341510342
7101,21.87384828134829
7102,25.75116862600363
7103,9.359080070670059
7104,14.868596031746032
7105,13.277136507936515
7106,28.486471587301583
7107,13.493444170274183
7108,5.245101000480998
7109,12.466644983164972
7110,21.023138935138913
7111,10.339456402116392
7112,24.437592496392497
7113,9.540913492063494
7114,11.301365555555543
7115,27.60990825396825
7116,14.458861524031523
7117,26.539791428571423
7118,8.498290158730159
7119,10.987340663780644
7120,8.930177301587307
7121,8.824060582010583
7122,14.922747668997669
7123,19.922450634920587
7124,16.95469089947087
7125,8.755969999999989
7126,16.47057943426943
7127,5.56575883190883
7128,10.078282380952372
7129,17.175567936507893
7130,23.692865592185523
7131,3.561579745069745
7132,12.817219271839269
7133,14.414289417989396
7134,7.722440437710438
7135,19.560045014339522
7136,1.70106365079365
7137,14.83113536278538
7138,12.935897077737076
7139,24.34167673770674
7140,12.051808888888885
7141,6.179822222222224
7142,4.23129746031746
7143,27.067190211640202
7144,8.027769148629147
7145,13.493444170274183
7146,11.910070115070104
7147,14.440964147334135
7148,14.458861524031523
7149,14.922747668997669
7150,8.67896264116001
7151,6.790940423280422
7152,3.5960958522958517
7153,23.89518105820106
7154,14.574001746031747
7155,6.790940423280422
7156,13.936574622414629
7157,5.245101000480998
7158,14.922747668997669
7159,10.987340663780644
7160,18.72821989417989
7161,14.446918677248664
7162,26.03450111111105
7163,16.2534
7164,9.975242227032224
7165,23.89518105820106
7166,14.83113536278538
7167,1.651375555555556
7168,4.60607307285307
7169,12.638260990860985
7170,12.935897077737076
7171,10.987340663780644
7172,11.50204068968068
7173,12.355172287712291
7174,0.32087114737114747
7175,6.51167013542013
7176,12.051808888888885
7177,5.56575883190883
7178,12.881864444444428
7179,19.922450634920587
7180,17.617781111111064
7181,3.525520072150072
7182,33.851121587301584
7183,12.293780740740738
7184,6.523322588239645
7185,9.306413333333323
7186,11.418491684611704
7187,13.424628860028873
7188,9.481930582010582
7189,8.244499835328071
7190,12.16600402116402
7191,2.2098361904761905
7192,6.375300495430494
7193,22.537604761904763
7194,12.355172287712291
7195,10.232047057387057
7196,12.597146841676834
7197,6.523322588239645
7198,11.612254920634912
7199,30.926243492063442
7200,11.418491684611704
7201,10.152353578711164
7202,9.481930582010582
7203,24.34167673770674
7204,9.05112825396825
7205,17.80787365079361
7206,9.366068888888888
7207,13.004320156880148
7208,15.937214391534372
7209,15.930037142857111
7210,12.882647460317473
7211,2.6513181818181804
7212,11.418491684611704
7213,17.288684444444442
7214,13.172399999999994
7215,24.34167673770674
7216,24.34167673770674
7217,13.21145313427313
7218,9.687681518851518
7219,13.936574622414629
7220,11.612254920634912
7221,12.292794126984116
7222,4.1827783068783075
7223,21.023138935138913
7224,8.123976825396825
7225,20.14630400966176
7226,12.529751630591612
7227,14.444528888888868
7228,3.5960958522958517
7229,8.244499835328071
7230,0.0
7231,13.86111730158731
7232,10.134866296296293
7233,11.621985079365079
7234,11.418491684611704
7235,20.584101904761848
7236,17.573814574314575
7237,2.6513181818181804
7238,13.004320156880148
7239,15.917477777777737
7240,10.539024550264545
7241,10.601250923520922
7242,20.11035238095235
7243,9.975242227032224
7244,3.561579745069745
7245,6.461544790764783
7246,14.83113536278538
7247,16.110565555555507
7248,2.410351322751323
7249,14.574001746031747
7250,22.537604761904763
7251,6.375300495430494
7252,16.71385768527767
7253,13.012191393769623
7254,7.149480000000001
7255,2.6513181818181804
7256,5.56575883190883
7257,12.010970952380955
7258,7.916657503607503
7259,12.108157335257333
7260,32.07805968253957
7261,10.930179076479078
7262,11.418491684611704
7263,10.930179076479078
7264,17.80787365079361
7265,14.444528888888868
7266,12.638260990860985
7267,14.036285128205128
7268,7.149480000000001
7269,15.614569047619042
7270,5.56575883190883
7271,3.9547086802086793
7272,4.818227222222222
7273,9.306413333333323
7274,17.810467948717946
7275,13.483104078144088
7276,12.638260990860985
7277,39.39553333333332
7278,10.13761043771043
7279,15.937214391534372
7280,9.85780793650794
7281,9.508546507936506
7282,6.523322588239645
7283,16.71385768527767
7284,9.975242227032224
7285,6.179822222222224
7286,13.777975363155349
7287,17.617781111111064
7288,13.86111730158731
7289,5.56575883190883
7290,21.023138935138913
7291,9.85780793650794
7292,17.288684444444442
7293,4.1827783068783075
7294,13.542852077530313
7295,16.785196392496385
7296,7.143936839826843
7297,10.82383418759889
7298,32.488538412698304
7299,0.03
7300,5.649107193732197
7301,11.692961375661376
7302,15.010550582010564
7303,20.033584526214486
7304,5.649107193732197
7305,26.554444126984123
7306,13.724522222222234
7307,16.239433463203454
7308,7.787140248640249
7309,14.65229269841266
7310,10.84128222222222
7311,22.304756132756122
7312,8.010406984126988
7313,17.605084708994706
7314,15.12273533910533
7315,15.33043259259256
7316,9.514698412698413
7317,2.851970718007483
7318,16.562473015873003
7319,15.301734920634887
7320,18.011435132275096
7321,18.992837777777698
7322,15.10607206349205
7323,12.104166666666666
7324,5.649107193732197
7325,14.032874550264514
7326,17.874505050505057
7327,13.46025252525254
7328,11.057003309283298
7329,7.549958910055086
7330,13.492394037879327
7331,11.456658951418955
7332,22.097521717171716
7333,14.0
7334,26.17075313612311
7335,10.527723174603167
7336,10.243146666666668
7337,10.388163703703704
7338,14.146734126984128
7339,24.62632476190471
7340,7.178475343915343
7341,16.2892638095238
7342,13.995720066970067
7343,12.105500649350633
7344,11.692961375661376
7345,10.630272470122462
7346,20.033584526214486
7347,12.537039345839343
7348,15.210789206349173
7349,16.496887907647874
7350,14.958754968734942
7351,12.74900651274652
7352,8.77956037481038
7353,11.186536795796776
7354,11.871577142857136
7355,13.773812063492045
7356,19.69112816868317
7357,23.446931428571418
7358,14.146734126984128
7359,6.607324377104377
7360,21.84921074074069
7361,19.043077777777697
7362,10.630272470122462
7363,13.022377668627673
7364,10.879823809523797
7365,2.851970718007483
7366,19.996666666666666
7367,14.725443333333324
7368,20.228248253968193
7369,12.104166666666666
7370,19.244168677248652
7371,16.17523435305434
7372,17.575436984126977
7373,13.637380952380965
7374,4.289035622895628
7375,15.051451428571408
7376,9.661592789432776
7377,12.28392497354497
7378,8.77956037481038
7379,4.031697779072779
7380,7.210746825396828
7381,16.2676433333333
7382,17.33074152292152
7383,11.598897142857135
7384,16.141888359788325
7385,13.350253015872978
7386,19.032645767195746
7387,14.141222857142857
7388,27.232025079364952
7389,12.105500649350633
7390,18.011435132275096
7391,7.7048488888888915
7392,6.7249939682539726
7393,19.21793015873015
7394,13.310257287157278
7395,3.0
7396,10.382648888888893
7397,13.143676240426245
7398,7.178475343915343
7399,10.630272470122462
7400,26.13689167462161
7401,13.850177777777787
7402,8.399852380952382
7403,13.254269047619031
7404,12.240385812802606
7405,29.8996809042809
7406,15.12273533910533
7407,13.544881269841285
7408,16.117595522995494
7409,19.56456834538008
7410,13.995720066970067
7411,8.969009523809524
7412,15.202968888888877
7413,15.72157958633956
7414,12.457972962962936
7415,26.476894264069237
7416,12.105500649350633
7417,37.93468444444444
7418,15.33043259259256
7419,18.73749333333332
7420,12.104166666666666
7421,8.399852380952382
7422,20.786968677248694
7423,37.985340476190494
7424,18.098777248677195
7425,19.971136137566088
7426,19.56456834538008
7427,11.397459743704292
7428,6.349588199948197
7429,15.301734920634887
7430,21.811674603174612
7431,16.239433463203454
7432,5.649107193732197
7433,23.577621587301543
7434,3.6262737606837603
7435,10.568713650793645
7436,22.225586666666608
7437,8.614834702334708
7438,17.314809671439633
7439,24.977195555555546
7440,13.36940584415584
7441,12.108868554647968
7442,7.787140248640249
7443,10.527723174603167
7444,12.67526045695044
7445,17.191031746031747
7446,12.360477686640861
7447,9.661592789432776
7448,18.863333333333333
7449,13.022377668627673
7450,12.141877671957657
7451,8.77956037481038
7452,22.225586666666608
7453,14.163725714285698
7454,12.5065095030895
7455,12.558966672216664
7456,20.900635978835982
7457,15.768437243867208
7458,3.5678682336182352
7459,28.19334285714279
7460,10.078937373737373
7461,21.764551428571423
7462,32.488538412698304
7463,20.44726349206349
7464,13.153237883597878
7465,11.867710370370371
7466,10.879823809523797
7467,17.314809671439633
7468,12.558966672216664
7469,16.620448888888873
7470,13.995720066970067
7471,35.03293142857144
7472,14.525539999999992
7473,19.825686031745963
7474,4.289035622895628
7475,13.544881269841285
7476,19.69112816868317
7477,13.842271111111115
7478,19.69112816868317
7479,19.494936825396774
7480,21.434389025418987
7481,4.940132222222225
7482,12.44180827024827
7483,13.443466666666684
7484,8.377781811870038
7485,1.0850565915565915
7486,11.437254126984136
7487,8.125892010582012
7488,13.428064848484864
7489,11.824078095238082
7490,13.658933333333346
7491,14.176199999999989
7492,13.480000000000016
7493,13.807124603174604
7494,17.012312698412686
7495,8.955268518518517
7496,13.462012063492047
7497,13.480000000000016
7498,4.940132222222225
7499,15.538240634920609
7500,13.507622222222238
7501,6.794798412698416
7502,3.5700232722288585
7503,13.480000000000016
7504,12.827344444444458
7505,13.15088920634922
7506,12.965577777777794
7507,6.326512239604217
7508,13.373862222222238
7509,13.056063809523817
7510,13.441313068783058
7511,6.954958730158733
7512,13.969445396825389
7513,11.25240975468974
7514,14.530407619047605
7515,17.627001587301535
7516,4.389590995670991
7517,15.538240634920609
7518,7.508233333333336
7519,11.782462028733784
7520,12.687425714285727
7521,15.459064444444406
7522,13.631715555555564
7523,14.289543968253957
7524,14.042425878950775
7525,13.924531717171721
7526,14.600695555555536
7527,14.393379509379507
7528,13.480000000000016
7529,15.760544501424466
7530,6.515200952380958
7531,14.116918969097636
7532,19.98676825396818
7533,13.41078444444446
7534,16.365073333333285
7535,2.084233333333333
7536,8.125892010582012
7537,16.167306984126945
7538,13.525500000000017
7539,6.154068181818179
7540,13.99187555555555
7541,13.480000000000016
7542,8.955268518518517
7543,11.25240975468974
7544,0.01521904761904762
7545,0.01521904761904762
7546,13.631715555555564
7547,13.480000000000016
7548,13.185385569985542
7549,12.03188793650794
7550,11.824078095238082
7551,6.154068181818179
7552,13.244300000000015
7553,13.310248148148164
7554,16.494428253968206
7555,12.687425714285727
7556,13.6971688888889
7557,14.40035619047619
7558,14.703773121693093
7559,10.324137638287626
7560,19.701937159137177
7561,14.289543968253957
7562,6.326512239604217
7563,13.3714215873016
7564,14.042425878950775
7565,15.434701904761875
7566,8.125892010582012
7567,14.600695555555536
7568,13.480000000000016
7569,13.290569696969712
7570,20.15656793650791
7571,9.100914761904763
7572,13.875658095238098
7573,15.709818095238067
7574,12.44180827024827
7575,13.480000000000016
7576,8.225880427350432
7577,0.01521904761904762
7578,13.261921875901885
7579,13.185385569985542
7580,4.940132222222225
7581,13.336766666666682
7582,13.480000000000016
7583,12.575548821548836
7584,12.44180827024827
7585,3.5700232722288585
7586,12.446045555555555
7587,12.459605873015887
7588,0.01521904761904762
7589,6.154068181818179
7590,12.03188793650794
7591,7.508233333333336
7592,14.116918969097636
7593,12.35015751322752
7594,13.963886984126985
7595,8.955268518518517
7596,13.699248888888894
7597,13.253022222222235
7598,2.5840847023347018
7599,14.116918969097636
7600,14.176199999999989
7601,15.012301587301568
7602,4.389590995670991
7603,13.625973333333349
7604,8.125892010582012
7605,10.698127272727277
7606,12.841902328042336
7607,16.393155211608683
7608,13.85586211640212
7609,12.851823703703715
7610,7.413214423354415
7611,6.556818518518523
7612,13.349631111111126
7613,7.902528988233986
7614,3.5700232722288585
7615,14.530407619047605
7616,14.600695555555536
7617,14.289543968253957
7618,8.125892010582012
7619,16.393155211608683
7620,14.051939682539663
7621,13.3714215873016
7622,1.0850565915565915
7623,11.08606793650794
7624,16.167306984126945
7625,8.125892010582012
7626,13.290569696969712
7627,5.512640000000005
7628,12.540617777777777
7629,13.872887037037023
7630,11.25240975468974
7631,13.480000000000016
7632,11.437254126984136
7633,8.377781811870038
7634,10.487233333333343
7635,13.3714215873016
7636,14.395908624338617
7637,8.03111192807192
7638,13.448373333333349
7639,10.463177777777775
7640,13.30858677248679
7641,13.458400000000017
7642,13.452284309764323
7643,14.289543968253957
7644,14.042425878950775
7645,13.480000000000016
7646,15.172575343915328
7647,14.283147248677238
7648,13.692164444444451
7649,14.57272222222221
7650,13.464769629629643
7651,13.397559047619056
7652,13.486271746031761
7653,14.415566984126977
7654,15.915506035076017
7655,12.68356715728716
7656,13.464769629629643
7657,24.42792005772001
7658,13.968561111111113
7659,13.518688888888907
7660,13.429611904761922
7661,13.25673195767197
7662,10.458647748917752
7663,18.31545555555554
7664,14.559322547082523
7665,12.1206715783139
7666,13.084979849964844
7667,14.904535238095207
7668,13.090522467532479
7669,7.500115008695007
7670,14.740521943241932
7671,26.49970040700037
7672,6.325622626262628
7673,7.500115008695007
7674,13.556337457575102
7675,13.480000000000016
7676,15.278282332852317
7677,15.278282332852317
7678,11.841748714205183
7679,14.754868507418497
7680,14.31308793650793
7681,9.90309777777778
7682,14.434744747474742
7683,7.889330595330586
7684,15.702394104392312
7685,11.986754141414119
7686,14.031946868686877
7687,13.084979849964844
7688,12.246740455840436
7689,15.702394104392312
7690,13.066193410293408
7691,17.23708444444439
7692,9.554620073260061
7693,19.909684444444444
7694,14.754868507418497
7695,15.790012063492025
7696,13.47837333333335
7697,13.261596507936524
7698,13.480000000000016
7699,15.915506035076017
7700,6.834657633477633
7701,12.1206715783139
7702,13.505641269841279
7703,15.42512202797202
7704,19.274268253968238
7705,13.621642252192268
7706,13.556337457575102
7707,16.34778126984122
7708,12.733460851370857
7709,5.017561968401968
7710,13.556337457575102
7711,14.559322547082523
7712,7.500115008695007
7713,14.31308793650793
7714,9.554620073260061
7715,13.556337457575102
7716,24.683906403226384
7717,10.233970158730159
7718,13.847506666666675
7719,13.692164444444451
7720,23.391598571428545
7721,14.02764641654642
7722,16.890993675953652
7723,13.645233333333351
7724,21.317941428571427
7725,12.497445021645026
7726,25.480609523809452
7727,13.457719047619063
7728,8.697781967400791
7729,14.340164444444438
7730,26.498560634920516
7731,14.904535238095207
7732,12.246740455840436
7733,14.96153065059121
7734,10.012200634920632
7735,14.353198941798935
7736,13.407349090909108
7737,13.25673195767197
7738,18.474354464979466
7739,14.970740605908258
7740,25.480609523809452
7741,14.664950264550244
7742,14.62528023828022
7743,25.480609523809452
7744,12.771711890331904
7745,14.309908009768005
7746,17.983690740740727
7747,11.9532373015873
7748,16.43599174603174
7749,14.970740605908258
7750,13.429611904761922
7751,14.31308793650793
7752,25.480609523809452
7753,11.797539682539686
7754,10.458647748917752
7755,16.746366103896065
7756,13.19680592592594
7757,13.486271746031761
7758,14.628872166352169
7759,13.716837777777789
7760,20.100072417212356
7761,14.75309037037033
7762,12.735692698412699
7763,13.25673195767197
7764,12.357996272246274
7765,7.91408585858586
7766,13.25673195767197
7767,13.084979849964844
7768,10.422239365079369
7769,14.62528023828022
7770,10.422239365079369
7771,5.017561968401968
7772,13.486271746031761
7773,11.134610105820105
7774,11.792766984126972
7775,13.084979849964844
7776,24.683906403226384
7777,18.698336296296254
7778,14.353198941798935
7779,13.429611904761922
7780,18.474354464979466
7781,14.99769899470897
7782,13.090522467532479
7783,11.986754141414119
7784,13.464769629629643
7785,9.01341062567061
7786,14.334861111111104
7787,13.56798913419914
7788,18.768719629912564
7789,13.542242582972598
7790,14.559322547082523
7791,11.564456551226542
7792,11.414447301587304
7793,13.480000000000016
7794,14.42415238095237
7795,10.925901137544363
7796,17.983690740740727
7797,14.716102222222213
7798,12.246740455840436
7799,13.25673195767197
7800,13.261596507936524
7801,18.068175555555534
7802,11.494482857142852
7803,26.91384106131224
7804,19.909684444444444
7805,14.528841380841367
7806,13.469461904761921
7807,13.464769629629643
7808,27.78662698301695
7809,14.102966349206323
7810,12.357996272246274
7811,14.186717777777773
7812,9.07018051948052
7813,5.017561968401968
7814,14.970740605908258
7815,13.348233015873028
7816,13.47837333333335
7817,13.25673195767197
7818,13.397559047619056
7819,13.429466349206367
7820,3.8909709475709495
7821,14.081690950160937
7822,13.203955661375675
7823,24.815926739186732
7824,16.94333333333333
7825,14.908799999999983
7826,4.7032253968253945
7827,13.490198027898028
7828,14.111144444444442
7829,13.500433333333346
7830,13.584300000000013
7831,13.480000000000016
7832,14.020902857142861
7833,13.562573333333347
7834,9.33606
7835,11.822610928330915
7836,5.826584141414134
7837,16.263520000000003
7838,7.69181593554593
7839,20.0
7840,15.986472380952334
7841,15.135668253968227
7842,13.995422222222224
7843,8.798716084656085
7844,11.967353362193348
7845,4.5591774425574405
7846,13.47753333333335
7847,17.25151037037035
7848,13.476053333333349
7849,13.26727333333335
7850,9.35442243867243
7851,12.652656439856424
7852,15.985546666666666
7853,14.25831126984127
7854,15.762759999999998
7855,13.965248148148154
7856,18.960586666666625
7857,12.368887619047628
7858,13.476053333333349
7859,13.490198027898028
7860,13.401691111111115
7861,14.320539999999989
7862,18.36213142857137
7863,13.72317714285716
7864,17.620501538461514
7865,14.29853153439152
7866,14.29853153439152
7867,51.77236
7868,13.575803703703722
7869,20.0
7870,33.901817522662526
7871,18.350066666666642
7872,13.883238388278397
7873,11.826294391534377
7874,34.854528253968255
7875,9.866573968253963
7876,15.007688888888879
7877,12.368887619047628
7878,3.8909709475709495
7879,13.87308423280424
7880,14.994163333333315
7881,17.450522722092686
7882,13.355547734487748
7883,13.26727333333335
7884,7.445524593924591
7885,13.490198027898028
7886,14.40002851851851
7887,13.298635555555567
7888,15.985546666666666
7889,16.94333333333333
7890,13.401691111111115
7891,32.71528888888888
7892,13.967363636363627
7893,15.923172433862403
7894,5.826584141414134
7895,24.815926739186732
7896,23.790999999999993
7897,31.359293987493942
7898,33.901817522662526
7899,13.298635555555567
7900,9.398867543937543
7901,14.405280941280948
7902,15.07784063618641
7903,3.634258967883968
7904,6.819185555555557
7905,15.150557592026699
7906,13.555200000000003
7907,13.203955661375675
7908,11.822610928330915
7909,32.71528888888888
7910,22.530015873015856
7911,7.445524593924591
7912,8.798716084656085
7913,14.739668945868932
7914,9.284921587301591
7915,13.965248148148154
7916,13.87308423280424
7917,17.78313333333327
7918,16.595393333333316
7919,10.489376666666667
7920,16.842119365079324
7921,40.87551433048434
7922,6.036559788359788
7923,6.722570211640211
7924,11.459074586524572
7925,13.26727333333335
7926,14.190594444444445
7927,16.336511111111076
7928,16.43459682539681
7929,13.26387777777779
7930,6.988438705738705
7931,20.0
7932,12.354704444444446
7933,23.760193333333266
7934,33.177772804972825
7935,18.465974603174555
7936,5.826584141414134
7937,13.64604444444446
7938,8.938329841269839
7939,13.518402222222237
7940,13.555200000000003
7941,13.355547734487748
7942,16.263913333333313
7943,15.007688888888879
7944,12.997065396825384
7945,15.767482521922512
7946,33.901817522662526
7947,13.687422222222237
7948,13.203955661375675
7949,23.760193333333266
7950,12.231319999999998
7951,16.336511111111076
7952,13.691666666666682
7953,13.042554444444452
7954,12.248065079365082
7955,16.523127878787847
7956,13.48013333333335
7957,13.55964444444446
7958,7.946786031746033
7959,13.415960000000014
7960,33.177772804972825
7961,13.52185666666668
7962,13.235408888888903
7963,13.26387777777779
7964,10.439784444444447
7965,13.476053333333349
7966,23.760193333333266
7967,9.610251416122006
7968,15.767482521922512
7969,14.591188888888873
7970,13.15312031746033
7971,13.48013333333335
7972,17.900991111111058
7973,40.87551433048434
7974,16.94333333333333
7975,13.596526984127001
7976,13.480000000000016
7977,51.77236
7978,15.029777777777769
7979,15.794270052910019
7980,6.988438705738705
7981,13.59447396825397
7982,13.355547734487748
7983,4.5591774425574405
7984,13.710400000000012
7985,13.480000000000016
7986,13.995422222222224
7987,9.745021481481489
7988,13.78673650793652
7989,16.336511111111076
7990,14.845648888888881
7991,3.634258967883968
7992,11.670461111111111
7993,12.361301231622395
7994,13.55964444444446
7995,11.0248
7996,9.270293698893688
7997,8.798716084656085
7998,13.965248148148154
7999,21.324719999999914
8000,15.985546666666666
8001,9.50153222222222
8002,12.361301231622395
8003,13.452000000000005
8004,8.113861746031743
8005,14.011127812557806
8006,13.284828122618121
8007,16.995053035113003
8008,14.070044814814812
8009,13.603466666666684
8010,15.19156164021162
8011,13.449511111111127
8012,12.572022222222236
8013,0.07555555555555556
8014,6.360467976467975
8015,21.471617777777702
8016,15.547061351981338
8017,12.061704747474758
8018,13.54013333333335
8019,17.095427619047584
8020,13.458723809523827
8021,6.360467976467975
8022,21.986344444444423
8023,13.998266666666666
8024,15.70505873015873
8025,29.1123135930736
8026,11.242276666666665
8027,13.439804761904776
8028,5.292007936507936
8029,13.480000000000016
8030,13.480000000000016
8031,5.292007936507936
8032,13.443353333333345
8033,4.400097162097162
8034,9.984726984126986
8035,12.50093851851853
8036,21.471617777777702
8037,28.391133333333322
8038,6.524525873015875
8039,3.0746785714285725
8040,4.878579249639252
8041,13.320653333333347
8042,14.898373492063492
8043,15.054379595959569
8044,14.097617777777762
8045,29.1123135930736
8046,11.132316666666668
8047,15.03239513227511
8048,13.54013333333335
8049,17.441833439153427
8050,5.531239682539685
8051,18.958611111111114
8052,11.988802857142868
8053,4.400097162097162
8054,12.767116402116399
8055,16.468316190476187
8056,12.319022900432872
8057,10.035801904761906
8058,10.168376378066377
8059,10.257441005291007
8060,41.390003968253936
8061,13.320653333333347
8062,41.35113777777775
8063,28.637494867724836
8064,13.449511111111127
8065,13.55169873015874
8066,4.878579249639252
8067,41.390003968253936
8068,13.651333333333344
8069,23.13269111111109
8070,10.168376378066377
8071,12.656000109890122
8072,21.07768677248673
8073,10.89499862433861
8074,13.120260740305413
8075,10.2032
8076,13.300693294853293
8077,9.73385684223185
8078,13.612822222222238
8079,13.090929769054451
8080,14.097617777777762
8081,13.960327863247867
8082,7.289942741702739
8083,9.739078576238576
8084,13.480000000000016
8085,15.389062222222204
8086,9.73385684223185
8087,10.849909841269834
8088,24.248958095238084
8089,13.823655238095222
8090,16.995053035113003
8091,14.898373492063492
8092,15.2725511111111
8093,13.772432380952393
8094,18.182755555555545
8095,13.566085185185198
8096,13.145763015873028
8097,13.660671111111126
8098,13.467184444444422
8099,13.634666666666682
8100,11.51108798460799
8101,11.928109023199031
8102,13.54013333333335
8103,6.108991746031749
8104,13.429431746031762
8105,14.191199999999993
8106,13.12108444444446
8107,8.37732606811489
8108,6.524525873015875
8109,12.55350045177044
8110,23.13269111111109
8111,1.8792582365782386
8112,10.884977777777776
8113,13.480000000000016
8114,26.300319914529908
8115,4.400097162097162
8116,13.480000000000016
8117,41.35113777777775
8118,7.289942741702739
8119,13.657015873015887
8120,10.913026507936495
8121,41.390003968253936
8122,9.012767301587298
8123,13.487000000000016
8124,41.390003968253936
8125,9.481395551485553
8126,11.569857787397787
8127,12.656000109890122
8128,16.463908888888852
8129,29.1123135930736
8130,16.976666666666667
8131,13.119379645539656
8132,12.575990451770458
8133,13.480000000000016
8134,13.449511111111127
8135,24.248958095238084
8136,14.105555555555556
8137,9.73385684223185
8138,29.1123135930736
8139,1.8792582365782386
8140,13.487666666666682
8141,12.91381067155067
8142,22.946925396825335
8143,5.951584285714289
8144,13.480000000000016
8145,14.070044814814812
8146,13.487000000000016
8147,15.52428333333333
8148,13.518468253968267
8149,10.571645483405465
8150,16.976666666666667
8151,12.572022222222236
8152,14.139759999999999
8153,13.557424444444429
8154,13.467184444444422
8155,16.87239773929772
8156,19.08386541384539
8157,17.948819999999994
8158,13.524188888888906
8159,21.03647661375659
8160,11.100627777777776
8161,10.2032
8162,13.487000000000016
8163,13.495066666666684
8164,15.533431111111085
8165,12.319022900432872
8166,12.337971423761399
8167,7.289942741702739
8168,13.52624222222223
8169,20.94844857142856
8170,12.934052063492077
8171,8.386616296296292
8172,13.257063703703714
8173,13.440322222222237
8174,13.619868253968233
8175,13.54013333333335
8176,13.257063703703714
8177,12.767116402116399
8178,26.326688253968193
8179,13.495066666666684
8180,8.802522380952377
8181,12.91381067155067
8182,12.702006031746043
8183,19.09315777777776
8184,9.35894656084655
8185,11.242276666666665
8186,13.451333333333345
8187,13.010363386243395
8188,9.85283248677248
8189,13.480000000000016
8190,3.0746785714285725
8191,10.92308488215488
8192,13.495066666666684
8193,8.642655661375665
8194,12.319022900432872
8195,13.607534285714298
8196,15.758093333333328
8197,13.566085185185198
8198,10.963064924704918
8199,13.480000000000016
8200,13.480000000000016
8201,11.553326093906106
8202,13.480000000000016
8203,13.480000000000016
8204,11.826336507936503
8205,10.963064924704918
8206,13.058727279757283
8207,13.474974920634933
8208,22.153369841269765
8209,13.411384761904767
8210,13.606787195767211
8211,13.480000000000016
8212,13.317177777777793
8213,13.288676984127
8214,13.480000000000016
8215,13.480000000000016
8216,20.01156663533347
8217,13.480000000000016
8218,14.220899047619039
8219,11.356635555555545
8220,13.4261452680653
8221,13.707287316387323
8222,15.793971111111093
8223,13.456721443001435
8224,33.931599999999996
8225,13.867833979266928
8226,15.111016666666647
8227,12.777732258852255
8228,14.405103272283268
8229,11.36647695611578
8230,4.106958038998037
8231,13.55180031746033
8232,11.3226574074074
8233,13.16772000689942
8234,8.955031881451879
8235,13.447300634920651
8236,12.825008888888878
8237,10.963064924704918
8238,13.369320000000013
8239,13.313617777777793
8240,4.518422222222225
8241,10.742546031746034
8242,10.474219365079366
8243,13.61145213675215
8244,12.744009344729347
8245,15.549225396825396
8246,13.395200000000017
8247,13.098670052910052
8248,4.106958038998037
8249,11.582754391534403
8250,14.577359999999977
8251,14.646236825396826
8252,13.480000000000016
8253,11.210833374403391
8254,15.28466285714283
8255,15.47549714156215
8256,12.342451097051107
8257,13.344939259259275
8258,18.5130947252747
8259,15.371358516777345
8260,8.955031881451879
8261,7.444360952380952
8262,16.8903589417989
8263,7.57792888888889
8264,13.50357111111112
8265,13.529385238095236
8266,7.2805044444444444
8267,20.01156663533347
8268,13.480000000000016
8269,18.923290793650732
8270,19.39731612942612
8271,8.159701178451177
8272,15.371358516777345
8273,13.0720539238539
8274,13.44712444444446
8275,13.465600000000016
8276,14.168484444444442
8277,15.47549714156215
8278,11.553326093906106
8279,13.704711111111125
8280,13.480000000000016
8281,13.447300634920651
8282,13.465600000000016
8283,11.436203694083703
8284,15.826030634920608
8285,13.549354603174619
8286,15.522869321789294
8287,13.138017460317473
8288,13.481869206349222
8289,15.522869321789294
8290,13.244991111111123
8291,10.991804444444432
8292,12.342451097051107
8293,13.498400000000016
8294,14.78915444444442
8295,8.159701178451177
8296,11.36647695611578
8297,13.594711111111126
8298,12.455264107744101
8299,8.159701178451177
8300,11.953977460317455
8301,15.439311310911304
8302,13.480000000000016
8303,13.502706666666677
8304,9.718091619861617
8305,13.516115873015886
8306,14.046696772486776
8307,13.480000000000016
8308,10.963064924704918
8309,11.953977460317455
8310,33.931599999999996
8311,13.60132444444446
8312,14.32301904761904
8313,14.028217777777781
8314,7.0306115488215495
8315,13.480000000000016
8316,13.86729555555556
8317,14.468297492877483
8318,15.47549714156215
8319,20.01156663533347
8320,15.439311310911304
8321,13.480000000000016
8322,13.480000000000016
8323,15.345090793650751
8324,13.465600000000016
8325,14.88695847380001
8326,10.963064924704918
8327,22.87542051282043
8328,15.230884761904742
8329,14.88695847380001
8330,13.480000000000016
8331,7.444360952380952
8332,15.371358516777345
8333,13.383926780626796
8334,13.480000000000016
8335,8.970090476190478
8336,13.61145213675215
8337,11.553326093906106
8338,13.115850317460332
8339,12.722859158249172
8340,12.629669847452186
8341,13.385371111111125
8342,13.498400000000016
8343,13.402321158579994
8344,13.480000000000016
8345,13.351217777777793
8346,13.480000000000016
8347,15.439311310911304
8348,12.105565555185544
8349,13.52767407407409
8350,12.777732258852255
8351,15.371358516777345
8352,13.480000000000016
8353,13.222368392348393
8354,11.22426666666666
8355,13.148429523809533
8356,13.480000000000016
8357,13.74273777777779
8358,13.614115555555573
8359,13.086888888888904
8360,16.45157555555551
8361,15.611677777777768
8362,13.344939259259275
8363,15.439311310911304
8364,7.444360952380952
8365,8.159701178451177
8366,15.47549714156215
8367,13.74273777777779
8368,13.058727279757283
8369,9.355969059644059
8370,12.145344444444456
8371,13.614115555555573
8372,9.043606972286971
8373,17.65620973544969
8374,13.346151111111123
8375,12.640534179894184
8376,13.447300634920651
8377,13.472877777777793
8378,13.539943809523825
8379,14.630623492063483
8380,14.289145079365078
8381,13.518074920634916
8382,12.514961322751326
8383,13.974632063492068
8384,7.154441904761905
8385,17.57925714285709
8386,21.71180952380952
8387,11.42244825396826
8388,10.939570081770071
8389,15.949107936507895
8390,2.7404136507936516
8391,24.165094444444442
8392,10.939570081770071
8393,14.698065714285706
8394,12.089491226551232
8395,13.211771111111123
8396,15.930361904761902
8397,24.239003915343883
8398,12.310236308214199
8399,17.42277824286822
8400,13.193420000000014
8401,24.165094444444442
8402,12.11131095238095
8403,13.825480332075315
8404,13.019843280423292
8405,15.930361904761902
8406,16.392345925925927
8407,13.284489759314743
8408,18.553244603174562
8409,13.881755901875907
8410,13.792703968253976
8411,13.815435820105797
8412,21.91347365079364
8413,17.168942857142802
8414,6.886351659451662
8415,13.564977777777791
8416,14.149799999999992
8417,9.084118518518519
8418,11.477333333333341
8419,16.34534761904758
8420,13.28165552669554
8421,43.377399999999994
8422,9.848539365079366
8423,9.711769714414118
8424,17.50908222222216
8425,13.881755901875907
8426,16.392345925925927
8427,12.557766190476189
8428,13.881375238095243
8429,13.92852698412699
8430,18.66672645502639
8431,12.5489919759967
8432,4.380951111111113
8433,17.251345878761754
8434,13.92852698412699
8435,13.815435820105797
8436,18.33584412698409
8437,6.822123434343436
8438,16.770607639397596
8439,13.502177777777794
8440,18.553244603174562
8441,19.976702943722874
8442,24.165094444444442
8443,14.54904184704183
8444,13.91793952380952
8445,13.444652275132276
8446,11.34132174603175
8447,18.553244603174562
8448,14.226209065379056
8449,13.284489759314743
8450,7.67239111111111
8451,12.147389841269852
8452,6.541373809523807
8453,14.863623492063489
8454,13.502177777777794
8455,3.719093333333336
8456,14.372049206349201
8457,11.736053333333334
8458,12.583692592592593
8459,13.356182222222237
8460,14.54904184704183
8461,13.502177777777794
8462,12.903882544492555
8463,8.235119047619047
8464,12.694550687830693
8465,15.395324444444407
8466,12.310236308214199
8467,13.815435820105797
8468,14.711595881155874
8469,9.711769714414118
8470,19.517372605172575
8471,6.320703896103898
8472,5.6916682539682535
8473,7.154441904761905
8474,13.502177777777794
8475,13.056141851851864
8476,10.939570081770071
8477,13.463520000000017
8478,17.9968589269989
8479,6.320703896103898
8480,5.3088644973545
8481,11.392901746031734
8482,12.637651255411239
8483,21.733384920634922
8484,11.392901746031734
8485,22.92331386243385
8486,17.704571840751846
8487,11.908571957671969
8488,13.545584444444458
8489,13.545584444444458
8490,15.930361904761902
8491,12.712994444444456
8492,10.383677460317461
8493,18.553244603174562
8494,13.825480332075315
8495,13.29632015873016
8496,3.9981573785473796
8497,6.541373809523807
8498,17.9968589269989
8499,11.200410020350041
8500,13.518074920634916
8501,43.377399999999994
8502,8.93809215007215
8503,13.26735555555557
8504,43.377399999999994
8505,8.768479047619046
8506,3.4516063492063496
8507,12.649017037037023
8508,13.47963333333335
8509,8.768479047619046
8510,14.090797777777768
8511,13.215396171236174
8512,13.914900000000005
8513,12.557766190476189
8514,13.881375238095243
8515,15.320498783068757
8516,14.711595881155874
8517,14.11983968253968
8518,13.7458753968254
8519,19.87037956553249
8520,13.47963333333335
8521,9.11768892736893
8522,13.284489759314743
8523,19.830694684944635
8524,10.885593650793664
8525,4.49472592592593
8526,13.284489759314743
8527,11.392901746031734
8528,16.136216719576684
8529,12.184270000000001
8530,18.33584412698409
8531,12.598839629629634
8532,12.739158840048821
8533,12.694550687830693
8534,11.020751633551642
8535,9.711769714414118
8536,6.320703896103898
8537,18.553244603174562
8538,7.382790899470894
8539,10.939570081770071
8540,13.698663333333316
8541,14.863623492063489
8542,18.553244603174562
8543,4.49472592592593
8544,8.929496613756612
8545,11.837786147186154
8546,11.200410020350041
8547,15.329230057720052
8548,9.82824587301586
8549,17.29406106708102
8550,11.609410000000002
8551,12.089491226551232
8552,16.797472222222197
8553,13.209643597883598
8554,13.277598095238107
8555,11.42244825396826
8556,16.531931111111074
8557,21.71180952380952
8558,4.380951111111113
8559,16.1427052380952
8560,18.242566820586784
8561,6.1071035978836
8562,11.96885936507937
8563,12.670455978835971
8564,13.407120000000015
8565,7.908338412698415
8566,13.19259100529102
8567,15.068273439153437
8568,17.12907371295371
8569,8.20958682539682
8570,7.051644126984129
8571,11.986298888888877
8572,20.84068962962958
8573,9.61270206349205
8574,2.50036817700818
8575,13.55442820512822
8576,13.274366666666676
8577,9.922027407407413
8578,14.967504521404514
8579,12.892503915343928
8580,19.21690476190475
8581,15.51024793650791
8582,6.1071035978836
8583,14.34931555555554
8584,11.609515728715724
8585,12.296025425685407
8586,13.101995555555568
8587,9.00930584896584
8588,15.426881313131302
8589,10.396668624338602
8590,16.188464338624307
8591,11.934689057239062
8592,8.20958682539682
8593,28.80641936507932
8594,13.239796296296308
8595,19.284615873015863
8596,19.17185744107741
8597,16.575851139601127
8598,13.193168783068797
8599,7.973836190476189
8600,17.12907371295371
8601,11.95812490102489
8602,7.051644126984129
8603,12.858845555555565
8604,17.985369754689707
8605,13.660998095238106
8606,11.285448359788367
8607,10.494373675213684
8608,10.440274074074084
8609,13.469939047619064
8610,6.732291693121693
8611,10.676867903947896
8612,10.580884444444452
8613,9.00930584896584
8614,9.169642857142845
8615,2.50036817700818
8616,15.688787037037024
8617,12.247931481481485
8618,12.779686666666677
8619,8.469995714285714
8620,15.914673862433832
8621,7.051644126984129
8622,20.84068962962958
8623,19.17185744107741
8624,7.1080771428571445
8625,11.285448359788367
8626,6.205212583712581
8627,25.05513333333332
8628,14.08848888888889
8629,19.801616613756604
8630,7.698505777555779
8631,14.619788465608453
8632,14.389103703703698
8633,13.0792926887927
8634,11.253607157287135
8635,10.812580952380953
8636,13.630360317460331
8637,11.14056531431531
8638,13.469939047619064
8639,5.3561192063492085
8640,4.838468783068786
8641,17.985369754689707
8642,17.985369754689707
8643,2.50036817700818
8644,23.162150524290443
8645,12.892503915343928
8646,11.098073650793655
8647,23.260919999999977
8648,13.296564444444458
8649,14.655990793650766
8650,13.158433333333337
8651,13.504163809523824
8652,16.555158994708957
8653,17.985369754689707
8654,8.20958682539682
8655,11.01282539682541
8656,16.531383915343877
8657,13.617269273689274
8658,16.435180264550233
8659,10.388148994708988
8660,6.056822222222221
8661,13.67395555555557
8662,12.707813333333345
8663,11.607493997114
8664,19.284615873015863
8665,13.309530158730173
8666,12.463919047619028
8667,12.232378095238102
8668,11.726262741702753
8669,13.78430666666668
8670,15.068273439153437
8671,11.826115873015855
8672,9.060876243386247
8673,9.61270206349205
8674,20.17659079365077
8675,13.426800000000016
8676,2.50036817700818
8677,12.92196904761906
8678,11.01282539682541
8679,9.00930584896584
8680,11.581399999999995
8681,13.923834848484846
8682,13.0792926887927
8683,12.934867526547531
8684,23.260919999999977
8685,13.609605512265496
8686,7.0854606349206355
8687,11.609515728715724
8688,12.272856296296283
8689,14.27040771820771
8690,12.656671428571443
8691,12.670455978835971
8692,10.771218846708853
8693,15.42735529100527
8694,13.426800000000016
8695,10.640463896103906
8696,6.732291693121693
8697,11.95812490102489
8698,10.930882173382175
8699,7.1080771428571445
8700,13.815064761904766
8701,9.901602136752127
8702,14.08848888888889
8703,24.299313333333235
8704,13.079883915343919
8705,7.714286031746033
8706,19.801616613756604
8707,12.609259682539692
8708,13.079883915343919
8709,13.12365936507938
8710,17.985369754689707
8711,7.908338412698415
8712,13.372874814814832
8713,1.800780317460318
8714,40.15560867243866
8715,16.273708042328018
8716,10.494373675213684
8717,10.396668624338602
8718,13.239796296296308
8719,15.609335873015867
8720,12.670455978835971
8721,8.686935608465612
8722,11.95812490102489
8723,13.0792926887927
8724,20.984644814814757
8725,11.87325619047619
8726,6.056822222222221
8727,6.732291693121693
8728,13.600171111111123
8729,14.579221428571397
8730,24.58110137566125
8731,14.34931555555554
8732,10.396668624338602
8733,14.579221428571397
8734,10.930882173382175
8735,10.734981764901763
8736,3.8013993650793667
8737,2.50036817700818
8738,7.072701904761907
8739,11.14056531431531
8740,5.3561192063492085
8741,13.63054444444446
8742,13.29533333333335
8743,24.987878518518485
8744,4.612577460317462
8745,1.9238311111111113
8746,13.193168783068797
8747,10.292762857142863
8748,7.961820028860021
8749,18.531041746031747
8750,12.980924444444456
8751,15.426881313131302
8752,13.267537777777793
8753,5.606590067340068
8754,8.693976749176747
8755,6.524169721788359
8756,8.476010793650794
8757,12.555924761904754
8758,14.137556507936484
8759,8.344257142857131
8760,12.555924761904754
8761,19.510835411255364
8762,24.899819999999956
8763,10.716900808080815
8764,8.249619682539684
8765,11.399364444444455
8766,6.637550634920638
8767,11.937274074074075
8768,14.443625502645494
8769,32.45226984126984
8770,10.655371428571428
8771,28.58110888888885
8772,6.637550634920638
8773,21.592507513227496
8774,14.71612583712582
8775,8.466517398070339
8776,12.219038095238096
8777,16.056046666666663
8778,13.61580063492065
8779,19.376339682539648
8780,12.027529264069281
8781,13.048083968253977
8782,2.669539738039739
8783,9.065398730158732
8784,12.837778321308328
8785,12.757291111111122
8786,13.381795726495744
8787,28.58110888888885
8788,6.30667094017094
8789,13.212111111111126
8790,18.985272178932117
8791,12.308362741702746
8792,13.44541184704186
8793,19.315269999999924
8794,7.170742539682539
8795,15.277191428571408
8796,13.084044444444457
8797,11.783829696969704
8798,13.702843641543645
8799,16.99520857142851
8800,10.561855305435307
8801,12.919910158730142
8802,21.592507513227496
8803,17.048721587301554
8804,6.646758441558445
8805,11.71420328227329
8806,13.43038069597069
8807,15.647396243386202
8808,6.524169721788359
8809,23.409413333333266
8810,13.562166666666682
8811,13.593311111111126
8812,14.71612583712582
8813,11.702885714285712
8814,12.461213015873003
8815,14.46934603174602
8816,25.733048888888884
8817,18.985272178932117
8818,4.781215589225587
8819,12.823587128427128
8820,8.466517398070339
8821,19.719566666666598
8822,10.49057587301586
8823,13.702843641543645
8824,11.944438095238095
8825,17.386489374449067
8826,8.693976749176747
8827,41.80787333333333
8828,18.985272178932117
8829,13.506694285714302
8830,11.933241269841282
8831,12.892204995648767
8832,8.466517398070339
8833,7.99825049247049
8834,2.669539738039739
8835,14.46934603174602
8836,11.944438095238095
8837,6.524169721788359
8838,8.331496623376612
8839,10.524637142857143
8840,33.29285285714284
8841,14.272460358160336
8842,8.331496623376612
8843,13.456680000000015
8844,13.67849492544493
8845,16.25592507936504
8846,16.2306736507936
8847,17.386489374449067
8848,13.44541184704186
8849,20.311497777777742
8850,19.315269999999924
8851,21.780740952380928
8852,13.667708888888898
8853,10.438725555555552
8854,25.733048888888884
8855,12.469908677248661
8856,2.901428888888889
8857,11.71420328227329
8858,10.655371428571428
8859,16.85866796536796
8860,20.311497777777742
8861,14.71612583712582
8862,14.788831957671944
8863,15.651671428571408
8864,21.312893439153374
8865,10.800253333333336
8866,9.950878112628116
8867,21.64727111111109
8868,19.802506349206343
8869,8.675584256854252
8870,8.331496623376612
8871,13.101313371813378
8872,13.480000000000016
8873,9.738585714285707
8874,8.249619682539684
8875,16.639060634920607
8876,18.688303174603178
8877,5.757603608091254
8878,13.44541184704186
8879,11.233749750249741
8880,13.562166666666682
8881,12.469908677248661
8882,13.155484153439172
8883,9.950878112628116
8884,7.735882222222217
8885,10.660341443001446
8886,13.155484153439172
8887,14.318645079365053
8888,18.232108042328033
8889,12.892204995648767
8890,17.773135132275097
8891,11.103645454545457
8892,28.161314761904723
8893,8.466517398070339
8894,12.53936394295247
8895,41.80787333333333
8896,15.712046031746025
8897,14.137556507936484
8898,13.761828888888898
8899,13.44541184704186
8900,8.466517398070339
8901,14.93698984126982
8902,9.950878112628116
8903,13.249133333333344
8904,6.464043217893219
8905,12.918430158730171
8906,14.073367301587302
8907,18.39219555555549
8908,13.681460317460326
8909,18.257145826395767
8910,14.444973318903319
8911,16.71591079365077
8912,19.510835411255364
8913,13.44541184704186
8914,11.944438095238095
8915,13.702843641543645
8916,25.733048888888884
8917,14.584697142857136
8918,17.386489374449067
8919,18.24390825396819
8920,8.476010793650794
8921,12.47937347652346
8922,11.103645454545457
8923,13.44541184704186
8924,9.950878112628116
8925,14.670225396825384
8926,14.137556507936484
8927,12.683114141414146
8928,13.666744444444458
8929,6.464043217893219
8930,5.757603608091254
8931,13.956213333333338
8932,13.403199769119784
8933,7.149221587301588
8934,13.666744444444458
8935,8.249619682539684
8936,14.788831957671944
8937,13.507158268398276
8938,10.561855305435307
8939,15.647396243386202
8940,12.53936394295247
8941,10.561305036075039
8942,6.30667094017094
8943,9.44694063492064
8944,13.34029111111112
8945,15.924472727272727
8946,6.0368142857142875
8947,12.716996825396837
8948,14.015169913789912
8949,8.463242222222226
8950,13.291384444444459
8951,13.506434444444444
8952,16.69784539682539
8953,11.690137792207803
8954,28.377956931216875
8955,13.580575291005289
8956,10.947041058201064
8957,16.69784539682539
8958,7.798191269841267
8959,14.186709427609431
8960,10.515699337699337
8961,11.202747301587287
8962,14.177561058201052
8963,11.989658376808357
8964,12.714426546786559
8965,12.247364126984134
8966,13.396314814814826
8967,12.935026666666683
8968,14.691167546897537
8969,13.328371851851855
8970,13.445122222222238
8971,13.387561904761919
8972,11.306631308691314
8973,13.029184761904768
8974,12.391122962962964
8975,5.075038249898244
8976,18.44226444444444
8977,16.85481253968253
8978,9.154892348392345
8979,13.055796666666676
8980,5.372665925925927
8981,5.577369740259738
8982,11.989658376808357
8983,13.23736756613757
8984,12.122064331224335
8985,12.122064331224335
8986,10.851133549043555
8987,14.430654699374678
8988,4.183449206349209
8989,11.752930481000462
8990,11.645326705516714
8991,4.13862507936508
8992,13.25420077959078
8993,13.473727248677262
8994,13.044872222222235
8995,8.588893333333337
8996,28.377956931216875
8997,13.480000000000016
8998,12.093525396825386
8999,5.075038249898244
9000,9.51525142857142
9001,19.584925396825394
9002,20.334449735449724
9003,13.262747445887454
9004,17.32970583623347
9005,25.075676190476155
9006,9.757212063492066
9007,1.8906325925925929
9008,10.096330370370367
9009,12.225866031746028
9010,10.947041058201064
9011,20.333934862914816
9012,12.97109746031746
9013,16.11197653679654
9014,7.4795685185185175
9015,6.674282735782735
9016,12.081718624338635
9017,11.90021079365079
9018,12.770652476934854
9019,16.85481253968253
9020,9.152659846079848
9021,9.098458095238097
9022,17.32970583623347
9023,8.285229523809525
9024,7.827488888888889
9025,12.081718624338635
9026,8.657828927368929
9027,13.465771428571445
9028,26.400572294372285
9029,13.328371851851855
9030,13.434453333333348
9031,9.154892348392345
9032,28.377956931216875
9033,12.870640158730172
9034,13.445122222222238
9035,17.79138063492061
9036,10.811446830206831
9037,12.335380158730157
9038,10.811446830206831
9039,12.5697017989418
9040,15.507955555555542
9041,11.989658376808357
9042,15.438216931216918
9043,10.491894920634923
9044,28.377956931216875
9045,9.51525142857142
9046,9.586841746031745
9047,10.947041058201064
9048,11.381590158730166
9049,13.887006666666672
9050,5.075038249898244
9051,9.828926382985209
9052,10.811446830206831
9053,9.307301746031733
9054,8.041069526813054
9055,13.524344761904777
9056,10.956975806785811
9057,13.115371428571443
9058,16.69784539682539
9059,16.56032257150253
9060,14.186709427609431
9061,17.082367724867716
9062,15.87118465608466
9063,10.335354632034624
9064,6.0368142857142875
9065,13.42816411058555
9066,10.947041058201064
9067,12.122064331224335
9068,13.445122222222238
9069,5.075038249898244
9070,13.25420077959078
9071,16.85481253968253
9072,15.87118465608466
9073,13.070438253968247
9074,12.650767157287168
9075,10.515699337699337
9076,13.942397777777764
9077,11.690137792207803
9078,11.989658376808357
9079,8.041069526813054
9080,14.69669497354497
9081,13.564755555555571
9082,13.23736756613757
9083,13.480000000000016
9084,12.157855026455037
9085,10.811446830206831
9086,13.480000000000016
9087,6.674282735782735
9088,18.43870656084653
9089,13.070438253968247
9090,11.385492063492068
9091,17.082367724867716
9092,13.524344761904777
9093,10.7905156998557
9094,12.770652476934854
9095,14.668755132275116
9096,13.796911111111122
9097,14.443015555555533
9098,13.052709429089445
9099,12.06702333333334
9100,7.635063809523811
9101,13.445122222222238
9102,13.465771428571445
9103,15.438216931216918
9104,28.377956931216875
9105,5.075038249898244
9106,17.13873555555554
9107,6.788282698412702
9108,13.480000000000016
9109,12.06702333333334
9110,12.675153443223437
9111,6.674282735782735
9112,14.848609974589671
9113,16.644905507455462
9114,10.811446830206831
9115,11.66441015873016
9116,7.827488888888889
9117,22.947956190476138
9118,15.6124933333333
9119,9.950838888888892
9120,15.976420634920611
9121,13.282545608465623
9122,12.122064331224335
9123,10.917759682539671
9124,19.584925396825394
9125,12.122064331224335
9126,10.956975806785811
9127,4.671409312169315
9128,13.62355222222223
9129,16.107849629629595
9130,13.542960000000017
9131,15.725933015872979
9132,23.39314571428563
9133,15.432966060606022
9134,13.912314285714292
9135,12.814193333333334
9136,14.019955555555555
9137,10.537743492063477
9138,13.912314285714292
9139,14.007223085063094
9140,13.47552727272729
9141,13.566611111111124
9142,13.451546666666681
9143,14.316533896103886
9144,1.1332000000000002
9145,13.148500952380962
9146,17.1305016835017
9147,12.180963513153536
9148,5.163262539682541
9149,11.275882350242364
9150,22.637580952380944
9151,21.852052380952383
9152,13.542960000000017
9153,17.823616084656052
9154,7.0598987301587295
9155,13.480000000000016
9156,16.458826446516415
9157,12.116277777777789
9158,4.699999304029306
9159,18.609065681725653
9160,1.1332000000000002
9161,19.435507445887445
9162,12.992492592592594
9163,12.880253304473307
9164,13.480000000000016
9165,10.106451428571415
9166,21.748405555555514
9167,13.480000000000016
9168,23.02523333333331
9169,31.854617777777765
9170,13.859473439153447
9171,13.47552727272729
9172,13.903204444444452
9173,14.007223085063094
9174,12.992492592592594
9175,15.323636825396816
9176,14.051919047619048
9177,12.487135555555561
9178,19.446181356421324
9179,14.195143015873006
9180,17.823616084656052
9181,13.542960000000017
9182,13.491008677248693
9183,13.471786666666684
9184,13.569653333333347
9185,11.324150105820088
9186,14.292903492063463
9187,7.185456445776442
9188,5.163262539682541
9189,16.28664888888883
9190,12.880253304473307
9191,12.992492592592594
9192,10.931091216931213
9193,13.542960000000017
9194,15.121613314093286
9195,17.1305016835017
9196,13.912314285714292
9197,8.905947936507939
9198,9.334051428571417
9199,13.630100000000015
9200,12.196527837347833
9201,13.480000000000016
9202,13.435066666666684
9203,14.967889206349183
9204,17.193835377585376
9205,9.455104285714263
9206,13.84702478114479
9207,13.90192333333334
9208,15.108191111111106
9209,13.72946380952382
9210,21.852052380952383
9211,12.180963513153536
9212,13.530144444444447
9213,12.05175206349207
9214,17.757615555555493
9215,14.575351087801085
9216,16.842668302068258
9217,13.867729523809528
9218,6.973523121693122
9219,7.185456445776442
9220,8.557493997113992
9221,12.80054444444445
9222,13.494556507936517
9223,6.59850880859881
9224,8.079938423798415
9225,14.273963333333317
9226,13.474444444444453
9227,10.816933430643422
9228,28.61427111111104
9229,15.15277225108224
9230,13.391562222222236
9231,12.250089466089467
9232,13.75547777777779
9233,13.898056666666674
9234,13.298622222222237
9235,14.12123555555556
9236,13.566611111111124
9237,14.087797301587303
9238,7.588956728086725
9239,13.759700000000011
9240,13.089268888888897
9241,14.723199047619037
9242,13.480000000000016
9243,13.275116859066866
9244,15.15277225108224
9245,13.567088888888902
9246,14.007223085063094
9247,14.639473174603163
9248,26.124193915343863
9249,28.04081137566139
9250,7.185456445776442
9251,10.106451428571415
9252,7.914857460317464
9253,15.323636825396816
9254,14.763453333333318
9255,16.17893761904761
9256,15.323636825396816
9257,11.275882350242364
9258,14.808727724867689
9259,26.124193915343863
9260,12.945171640211651
9261,14.019955555555555
9262,34.87678634920631
9263,13.572144126984128
9264,7.0598987301587295
9265,44.12241008436008
9266,7.588956728086725
9267,12.814193333333334
9268,13.542960000000017
9269,17.862345396825372
9270,13.937688888888887
9271,13.514734074074084
9272,13.867729523809528
9273,5.80477555555556
9274,13.429768888888903
9275,13.440376190476194
9276,12.250089466089467
9277,12.992492592592594
9278,4.699999304029306
9279,14.245875079365074
9280,13.842817777777787
9281,13.360111111111113
9282,22.81685253968246
9283,26.32506666666665
9284,13.859473439153447
9285,13.079337301587312
9286,10.385121279461286
9287,22.81685253968246
9288,12.59916206349207
9289,15.452989923039892
9290,16.458826446516415
9291,13.630100000000015
9292,16.842668302068258
9293,12.992492592592594
9294,13.042515555555557
9295,14.204798463018436
9296,14.426075555555544
9297,7.316631746031746
9298,14.575351087801085
9299,13.494556507936517
9300,13.440376190476194
9301,8.079938423798415
9302,14.195143015873006
9303,15.107591428571423
9304,26.124193915343863
9305,13.86017238095239
9306,14.86061936507935
9307,26.124193915343863
9308,7.588956728086725
9309,19.435507445887445
9310,10.385121279461286
9311,13.305295873015883
9312,17.1305016835017
9313,13.480000000000016
9314,6.731681111111116
9315,3.538220307840311
9316,13.320581298701308
9317,14.007555238095229
9318,5.815192857142859
9319,20.203403145743128
9320,8.505020000000004
9321,0.49079238095238104
9322,3.538220307840311
9323,16.824207676767674
9324,2.523398585905552
9325,3.538220307840311
9326,7.174346666666671
9327,1.2415439153439152
9328,2.653306666666668
9329,12.030551587301588
9330,7.0032666666666685
9331,13.254473015873032
9332,12.954544444444458
9333,4.311572222222223
9334,5.177985396825399
9335,11.970499999999996
9336,4.42084888888889
9337,9.392381111111112
9338,21.894809523809517
9339,14.526470370370344
9340,7.7619125396825375
9341,4.42084888888889
9342,1.3468560606060598
9343,10.891851904761905
9344,18.09246190476188
9345,18.133284638694615
9346,16.13207666666664
9347,17.25785589225587
9348,17.670082366522358
9349,13.461900000000014
9350,11.478295934403283
9351,11.506371111111122
9352,0.49079238095238104
9353,6.566276825396826
9354,14.0836888888889
9355,11.478295934403283
9356,0.49079238095238104
9357,18.133284638694615
9358,11.915620634920623
9359,6.435943333333333
9360,11.56286
9361,14.965671481481458
9362,0.3554089484589486
9363,13.415740000000016
9364,7.2897387301587315
9365,13.43876952380954
9366,9.595094920634928
9367,11.970499999999996
9368,1.0527648351648349
9369,13.480000000000016
9370,4.988955661375663
9371,7.754208888888892
9372,13.43876952380954
9373,4.988955661375663
9374,14.965671481481458
9375,13.507243189033195
9376,7.373847142857145
9377,13.903745396825398
9378,5.815192857142859
9379,3.176494444444446
9380,16.824207676767674
9381,9.392381111111112
9382,13.910639894179898
9383,13.61303301587303
9384,12.445908994708997
9385,0.3554089484589486
9386,12.213893650793661
9387,3.97157681207681
9388,13.650423722943712
9389,26.52058063492059
9390,6.566276825396826
9391,5.929951111111113
9392,14.214952116402117
9393,17.25464185592185
9394,11.915620634920623
9395,15.926772174122174
9396,3.538220307840311
9397,3.538220307840311
9398,9.986626666666666
9399,5.815192857142859
9400,6.994059802789805
9401,13.322833333333348
9402,10.793123015873016
9403,4.42084888888889
9404,14.526470370370344
9405,6.994059802789805
9406,15.926772174122174
9407,18.711533333333257
9408,7.05992098124098
9409,4.42084888888889
9410,12.287002222222235
9411,13.80948333333334
9412,9.217895555555547
9413,11.456498253968256
9414,14.007555238095229
9415,12.699558412698423
9416,3.97157681207681
9417,1.3468560606060598
9418,6.85784163614164
9419,2.809996667036669
9420,2.809996667036669
9421,11.831275055315052
9422,11.03419973544974
9423,16.824207676767674
9424,13.389102428682419
9425,11.562392116402116
9426,12.630142433862446
9427,14.446528888888873
9428,5.177985396825399
9429,13.650423722943712
9430,7.2897387301587315
9431,13.215664444444455
9432,4.062800317460319
9433,15.097153968253963
9434,20.617733121693096
9435,11.478295934403283
9436,10.287662222222224
9437,12.890458730158743
9438,4.160941497786125
9439,9.440800634920635
9440,21.034602222222198
9441,11.407062222222226
9442,11.456498253968256
9443,9.205252698412691
9444,16.824207676767674
9445,13.691837976837972
9446,13.910639894179898
9447,9.084069735449738
9448,20.689653968253896
9449,6.994059802789805
9450,3.538220307840311
9451,9.342733809523809
9452,8.441482539682537
9453,18.385447248677245
9454,6.519337777777782
9455,2.809996667036669
9456,13.389102428682419
9457,13.389102428682419
9458,1.3468560606060598
9459,4.332546897546898
9460,2.2419936507936518
9461,5.177985396825399
9462,6.2652265224306705
9463,2.809996667036669
9464,12.213893650793661
9465,12.030551587301588
9466,8.4660526984127
9467,18.47219936507932
9468,4.42084888888889
9469,4.080573128168125
9470,13.068199682539692
9471,12.030551587301588
9472,21.139178412698378
9473,14.552203068783058
9474,14.214952116402117
9475,3.758892063492064
9476,2.959762222222223
9477,21.894809523809517
9478,13.322833333333348
9479,4.160941497786125
9480,11.618695238095238
9481,11.222334074074068
9482,0.8771369167869169
9483,10.307079682539683
9484,2.7245996825396834
9485,11.426250264550266
9486,14.965671481481458
9487,18.133284638694615
9488,13.854235198135209
9489,7.373847142857145
9490,12.5960015873016
9491,2.523398585905552
9492,3.97157681207681
9493,2.0516711111111117
9494,11.618695238095238
9495,13.393530582010563
9496,1.3468560606060598
9497,6.228054082954082
9498,4.9321076190476205
9499,0.12612391312391316
9500,9.96428346838346
9501,6.2652265224306705
9502,20.203403145743128
9503,9.977452804232799
9504,17.85516063492061
9505,12.068646969696967
9506,13.468912820512838
9507,7.231084179894183
9508,13.296910500610515
9509,2.8774070263070266
9510,17.59029379509376
9511,21.533969999999975
9512,13.418371111111128
9513,9.059361269841263
9514,13.521866666666684
9515,10.574210052910056
9516,13.468912820512838
9517,13.381866666666683
9518,14.0130322222222
9519,9.80865703703704
9520,12.99076777777779
9521,10.251943362193348
9522,9.059361269841263
9523,13.345777777777794
9524,11.99594095238095
9525,13.507200000000015
9526,14.860672222222204
9527,10.82507832611833
9528,23.84334708994708
9529,20.72633793650789
9530,13.186645079365094
9531,11.315481782661763
9532,13.381866666666683
9533,9.952233280423272
9534,10.431365112665116
9535,10.35918158730159
9536,13.480000000000016
9537,8.068844444444446
9538,14.831611111111085
9539,13.480000000000016
9540,4.209006666666667
9541,0.1829333333333333
9542,49.784099999999995
9543,20.134361269841193
9544,13.216278869648878
9545,11.603294444444455
9546,10.7438
9547,17.317502222222185
9548,28.387050206830136
9549,9.973859047619055
9550,12.072637777777778
9551,16.016427936507906
9552,23.84334708994708
9553,6.823851111111115
9554,13.436553333333345
9555,13.524693968253981
9556,21.626372380952358
9557,8.90541771043771
9558,22.864238148148154
9559,16.881109523809492
9560,7.484743121693124
9561,15.099541111111074
9562,10.35918158730159
9563,14.27769904761905
9564,11.840220000000008
9565,13.216278869648878
9566,10.898811111111115
9567,17.372853333333296
9568,13.009533795093821
9569,10.514578875568878
9570,12.558165925925938
9571,21.626372380952358
9572,13.638055555555555
9573,8.90541771043771
9574,12.74989936507938
9575,7.341501904761908
9576,13.521866666666684
9577,4.466073333333335
9578,13.296910500610515
9579,1.4146092063492066
9580,12.068646969696967
9581,49.784099999999995
9582,20.735813968253943
9583,12.548405079365088
9584,20.677679172679166
9585,13.345777777777794
9586,5.152804444444445
9587,13.296910500610515
9588,13.480000000000016
9589,13.186645079365094
9590,21.533969999999975
9591,10.574210052910056
9592,15.310460000000003
9593,12.777880952380965
9594,13.146061587301588
9595,49.784099999999995
9596,14.745641904761875
9597,6.880022380952382
9598,13.480000000000016
9599,4.046666666666667
9600,13.180298148148163
9601,4.116493333333336
9602,15.310460000000003
9603,9.158729708156763
9604,13.513520000000018
9605,9.555714708994707
9606,19.251454603174544
9607,23.098468253968232
9608,4.9551620634920654
9609,11.840220000000008
9610,13.216278869648878
9611,28.387050206830136
9612,7.8697604761904785
9613,7.484743121693124
9614,17.372853333333296
9615,13.436553333333345
9616,14.919995555555552
9617,11.603294444444455
9618,12.953138730158727
9619,27.291262592592584
9620,9.835333650793652
9621,13.468912820512838
9622,12.75118306878308
9623,13.524693968253981
9624,6.784001443001441
9625,12.976637167277177
9626,0.1829333333333333
9627,13.422649100529101
9628,12.427644829244839
9629,14.123574920634923
9630,2.8774070263070266
9631,9.030454761904764
9632,5.7515724867724884
9633,13.381866666666683
9634,13.828534708994681
9635,4.046666666666667
9636,49.784099999999995
9637,14.278084761904763
9638,14.276583333333335
9639,24.404177777777775
9640,7.8697604761904785
9641,4.936692222222226
9642,18.705946031746006
9643,24.27548634920631
9644,13.522488888888903
9645,20.677679172679166
9646,7.231084179894183
9647,13.255920952380944
9648,0.8263770026270026
9649,25.0
9650,13.620089512339531
9651,23.87870523809522
9652,3.4326330447330458
9653,18.705946031746006
9654,18.31833904761901
9655,13.480000000000016
9656,20.735813968253943
9657,11.315481782661763
9658,13.513520000000018
9659,5.202541005291005
9660,12.946044444444457
9661,11.816435026085022
9662,0.8263770026270026
9663,21.27994412698405
9664,7.192226031746033
9665,25.30080591149589
9666,16.016427936507906
9667,13.468912820512838
9668,14.0130322222222
9669,13.828534708994681
9670,13.418371111111128
9671,17.59029379509376
9672,6.824766666666662
9673,9.059361269841263
9674,13.490047407407424
9675,13.620089512339531
9676,15.310460000000003
9677,13.180298148148163
9678,11.009249629629634
9679,5.575002833092835
9680,13.396026666666682
9681,11.714404126984133
9682,14.900977777777761
9683,11.88051821067822
9684,3.4326330447330458
9685,9.644858201058204
9686,5.152804444444445
9687,7.538911746031748
9688,10.62489206349206
9689,11.603294444444455
9690,7.2067247104747105
9691,14.118514814814816
9692,5.3764601011658915
9693,13.073257117697127
9694,5.758011588966593
9695,6.113333333333333
9696,11.803586767676778
9697,17.548933142783124
9698,5.972369012099006
9699,5.3764601011658915
9700,11.841786046176054
9701,6.158079168239172
9702,14.974429947089918
9703,12.559244444444456
9704,17.203407293447242
9705,19.49084444444444
9706,17.548933142783124
9707,3.8155543064343065
9708,17.055916995041976
9709,20.232868888888834
9710,6.158079168239172
9711,14.760068598068585
9712,18.044490476190433
9713,3.923003415103416
9714,20.232868888888834
9715,15.883140634920592
9716,16.8566
9717,14.875141587301586
9718,14.875141587301586
9719,11.968103121693117
9720,12.199351428571417
9721,12.968644444444458
9722,10.855759047619054
9723,8.118893548673547
9724,12.589168677248656
9725,9.438677777777782
9726,18.044490476190433
9727,6.324643174603175
9728,8.497945387423023
9729,12.745373333333344
9730,7.385409076479067
9731,5.793931838161836
9732,14.974429947089918
9733,16.8566
9734,13.688681904761907
9735,13.073257117697127
9736,6.113333333333333
9737,33.47205333333332
9738,13.503400000000017
9739,17.548933142783124
9740,12.161826772486773
9741,19.659354920634904
9742,18.057159999999975
9743,13.251050000000015
9744,13.072836767676772
9745,13.688681904761907
9746,6.158079168239172
9747,17.25356507936505
9748,12.340886931216925
9749,13.234303636363638
9750,4.747059682539685
9751,21.151020317460286
9752,17.055916995041976
9753,13.488240000000015
9754,12.589168677248656
9755,12.728735555555565
9756,29.19012126984118
9757,10.627069576719574
9758,17.548933142783124
9759,13.426784444444461
9760,13.096653333333347
9761,12.23153116402116
9762,16.372823015872974
9763,3.6263675213675204
9764,3.923003415103416
9765,5.3764601011658915
9766,12.968644444444458
9767,6.158079168239172
9768,14.137007243867242
9769,14.420165714285702
9770,13.647632332112327
9771,9.214173333333338
9772,6.215395555555556
9773,3.5871455946003334
9774,10.855759047619054
9775,8.092160562770555
9776,15.587796825396802
9777,8.118893548673547
9778,3.8155543064343065
9779,6.916739682539684
9780,10.381075078995059
9781,13.480000000000016
9782,5.793931838161836
9783,12.968644444444458
9784,21.135155555555553
9785,17.667262222222202
9786,14.178547224627227
9787,13.564266666666681
9788,21.135155555555553
9789,12.589168677248656
9790,3.923003415103416
9791,13.480000000000016
9792,12.173068165168155
9793,10.691406666666659
9794,13.601330370370373
9795,12.589168677248656
9796,15.089980317460295
9797,12.340886931216925
9798,13.480000000000016
9799,8.092160562770555
9800,8.150744444444445
9801,18.044490476190433
9802,3.8155543064343065
9803,6.113333333333333
9804,16.8566
9805,10.99971470899471
9806,13.108300105820115
9807,18.044490476190433
9808,13.480000000000016
9809,9.701768013837993
9810,16.508052063492052
9811,3.923003415103416
9812,13.561866666666683
9813,10.18070746031745
9814,14.109117460317444
9815,13.108300105820115
9816,12.340886931216925
9817,13.073257117697127
9818,13.811193968253974
9819,3.923003415103416
9820,17.055916995041976
9821,14.059175238095238
9822,5.562501667961666
9823,13.503400000000017
9824,23.531903333333325
9825,15.53044888888886
9826,15.257828571428568
9827,12.589168677248656
9828,19.659354920634904
9829,5.562501667961666
9830,12.589168677248656
9831,5.202655555555558
9832,11.962136190476178
9833,13.073257117697127
9834,5.793931838161836
9835,3.034566666666667
9836,12.330737825877804
9837,5.793931838161836
9838,17.36711555555551
9839,12.589168677248656
9840,12.330737825877804
9841,13.480000000000016
9842,13.147803434343437
9843,14.563247619047607
9844,12.728735555555565
9845,29.19012126984118
9846,15.55309567099566
9847,11.476695238095235
9848,23.531903333333325
9849,12.330737825877804
9850,14.137007243867242
9851,13.480000000000016
9852,25.936666666666667
9853,2.6061311111111114
9854,24.892911904761824
9855,13.479893333333347
9856,19.388464761904732
9857,12.612698412698427
9858,12.856656984126989
9859,18.9533007407407
9860,8.767337777777774
9861,18.397320952380923
9862,14.632623492063486
9863,16.321250899470865
9864,9.097787513227502
9865,12.979626666666675
9866,13.988927272727278
9867,12.061069365079366
9868,13.480000000000016
9869,3.165793179413184
9870,12.98624666666668
9871,13.508700000000013
9872,8.95932336219335
9873,14.123915555555554
9874,35.64033015873016
9875,4.776535323935325
9876,12.384659523809537
9877,13.47173333333335
9878,1.4824800000000002
9879,13.646478181818198
9880,24.892911904761824
9881,13.480000000000016
9882,13.480000000000016
9883,8.763689060939043
9884,3.7780158730158746
9885,13.672844444444454
9886,16.083367460317454
9887,13.475588888888906
9888,13.242427628667606
9889,13.741592380952394
9890,13.382715555555569
9891,28.92608888888889
9892,13.480000000000016
9893,33.74290336589334
9894,13.8730907936508
9895,1.0750177777777778
9896,17.854421904761868
9897,13.057688888888904
9898,13.987077460317465
9899,11.50101111111112
9900,14.587000952380935
9901,16.302983694083675
9902,13.508811428571445
9903,3.165793179413184
9904,13.176231111111125
9905,13.988927272727278
9906,4.2122206878306905
9907,16.302983694083675
9908,10.380188219928218
9909,13.55013333333335
9910,13.646478181818198
9911,4.776535323935325
9912,17.97102697228692
9913,12.25156592592593
9914,13.2441834920635
9915,14.455207460317437
9916,12.071418730158726
9917,13.480000000000016
9918,6.557298412698414
9919,13.480000000000016
9920,8.04027402116402
9921,13.61662370370372
9922,13.8730907936508
9923,13.335061746031757
9924,7.311717777777779
9925,13.512741904761919
9926,13.502784444444455
9927,4.936822732082729
9928,14.380261111111107
9929,14.40138666666664
9930,4.776535323935325
9931,20.610844444444393
9932,10.034466666666667
9933,13.561166666666683
9934,15.0308
9935,13.480000000000016
9936,13.47173333333335
9937,12.950953968253978
9938,14.068028888888891
9939,13.554860000000016
9940,20.681516311836287
9941,13.987077460317465
9942,13.561166666666683
9943,13.48822222222224
9944,12.968104444444458
9945,13.480000000000016
9946,12.371386190476176
9947,5.6293111111111145
9948,13.503466666666684
9949,1.0750177777777778
9950,12.715465079365087
9951,13.231048484848465
9952,13.496360000000015
9953,12.71245777777779
9954,13.335061746031757
9955,12.071418730158726
9956,13.988927272727278
9957,14.772933333333318
9958,26.24074476190463
9959,17.97102697228692
9960,13.646478181818198
9961,18.397320952380923
9962,13.627409523809542
9963,18.397320952380923
9964,13.872797883597883
9965,3.49270888888889
9966,13.479200000000017
9967,14.18225555555556
9968,4.776535323935325
9969,11.292665733525737
9970,13.627409523809542
9971,9.148830793650786
9972,13.686780000000015
9973,19.11279841269841
9974,13.612418855218866
9975,13.646478181818198
9976,28.92608888888889
9977,32.650549999999996
9978,6.470715440115444
9979,13.479200000000017
9980,4.776535323935325
9981,13.605700000000015
9982,12.71245777777779
9983,13.404676825396837
9984,13.523231111111125
9985,13.470866666666682
9986,13.00096666666668
9987,1.4824800000000002
9988,13.244977777777791
9989,30.02209333333333
9990,10.034466666666667
9991,13.453871111111125
9992,9.450244444444452
9993,13.508400000000016
9994,11.606625661375674
9995,5.996463376623373
9996,13.55411111111112
9997,10.129193997113997
9998,15.245266666666634
9999,5.456639075369074
10000,9.097787513227502
10001,13.618146666666663
10002,4.2122206878306905
10003,13.411539470899456
10004,15.610809365079376
10005,11.292665733525737
10006,9.466635555555559
10007,30.30382899470894
10008,8.09736105820105
10009,13.480000000000016
10010,13.584013333333349
10011,13.725324444444455
10012,15.16208
10013,30.02209333333333
10014,18.855713333333274
10015,13.480000000000016
10016,13.317478518518534
10017,14.455207460317437
10018,13.480000000000016
10019,12.172080621785625
10020,13.505886666666676
10021,12.068129365079372
10022,13.753486984126978
10023,18.855713333333274
10024,1.0750177777777778
10025,16.083367460317454
10026,13.987077460317465
10027,5.996463376623373
10028,13.468260000000017
10029,17.854421904761868
10030,12.762681904761916
10031,24.54561396825396
10032,13.453871111111125
10033,13.753486984126978
10034,13.475588888888906
10035,14.152628888888888
10036,13.55013333333335
10037,14.802145151515122
10038,13.228939206349214
10039,9.059855343915343
10040,23.233376873496823
10041,12.70487095238096
10042,13.511878787878805
10043,15.156691534391515
10044,21.82993333333333
10045,24.70653333333333
10046,13.473466666666683
10047,13.907440000000003
10048,9.16288809523809
10049,12.67949999999998
10050,13.781164444444455
10051,14.079636752136752
10052,14.42359555555555
10053,13.205716296296307
10054,13.57061333333333
10055,13.257571111111124
10056,24.70653333333333
10057,13.205716296296307
10058,12.019236735116726
10059,13.781164444444455
10060,10.739070158730147
10061,13.511878787878805
10062,18.711782222222176
10063,13.52173333333335
10064,12.026811872201876
10065,7.782835464535465
10066,13.537788888888903
10067,21.42744021164017
10068,14.651752380952372
10069,22.255925845733763
10070,13.437402962962976
10071,8.212745820105821
10072,25.040179999999964
10073,14.634096958966932
10074,11.491497342809698
10075,13.508400000000016
10076,15.761915555555522
10077,15.400319999999965
10078,16.691639788359776
10079,13.010615555555567
10080,1.9179444444444451
10081,15.400319999999965
10082,17.778498412698394
10083,15.726673838383832
10084,11.128622222222232
10085,12.70487095238096
10086,13.950311111111118
10087,19.95705
10088,13.17216820105821
10089,8.39890888888889
10090,13.52173333333335
10091,13.525440000000016
10092,9.430563492063484
10093,5.6928686267436275
10094,19.717422222222147
10095,13.518262222222237
10096,29.94813693121687
10097,11.973676825396826
10098,13.456338888888903
10099,15.156929682539669
10100,19.646949523809464
10101,15.114388859269372
10102,11.615963833573817
10103,14.42359555555555
10104,11.491497342809698
10105,25.09230005290998
10106,26.56167031746023
10107,26.56167031746023
10108,16.65689747474747
10109,5.929446031746034
10110,15.391246666666635
10111,4.461667301587304
10112,22.255925845733763
10113,10.969723035113018
10114,9.295522222222223
10115,13.629366666666682
10116,15.584393333333335
10117,13.480000000000016
10118,12.148115555555545
10119,13.518262222222237
10120,9.059855343915343
10121,4.8952434920634955
10122,13.43711111111112
10123,12.511826666666678
10124,11.73403126984125
10125,14.359326666666663
10126,16.051091111111074
10127,9.059855343915343
10128,13.461996536796551
10129,7.782835464535465
10130,16.546608253968202
10131,14.608717037037032
10132,11.857215555555563
10133,7.602615873015873
10134,8.333966349206355
10135,13.071610802530785
10136,10.592907428127429
10137,13.480000000000016
10138,13.781164444444455
10139,14.020822222222225
10140,5.29228507936508
10141,13.480000000000016
10142,9.295522222222223
10143,19.57480777777772
10144,13.508800000000017
10145,18.711782222222176
10146,13.480000000000016
10147,13.60554761904763
10148,15.726673838383832
10149,11.448816383376972
10150,15.960561789321746
10151,6.865716825396832
10152,5.442712698412699
10153,21.42744021164017
10154,17.270041904761868
10155,13.816844814814822
10156,26.56167031746023
10157,13.863124963924959
10158,9.295522222222223
10159,13.511878787878805
10160,12.127791111111108
10161,15.981025396825363
10162,21.720805079365007
10163,13.93188235209235
10164,5.6928686267436275
10165,8.212745820105821
10166,15.258076455026442
10167,13.456568888888905
10168,13.927773333333343
10169,16.144994656084627
10170,13.933364444444445
10171,13.816844814814822
10172,10.969723035113018
10173,16.866517777777766
10174,18.193153333333324
10175,13.437402962962976
10176,13.518400000000016
10177,17.214221149591104
10178,24.78059682539676
10179,7.602615873015873
10180,10.969723035113018
10181,6.049458095238096
10182,13.480000000000016
10183,22.468258816738782
10184,14.014220687830665
10185,13.508800000000017
10186,15.114388859269372
10187,1.2805714452214447
10188,16.72552380952376
10189,12.019236735116726
10190,11.6533888888889
10191,15.016113333333324
10192,15.981025396825363
10193,14.190056430976426
10194,16.546608253968202
10195,15.726673838383832
10196,14.190056430976426
10197,9.430563492063484
10198,12.026811872201876
10199,12.70487095238096
10200,35.0
10201,18.196722222222192
10202,13.480000000000016
10203,19.95705
10204,13.791319191919202
10205,17.214221149591104
10206,13.480000000000016
10207,16.995089523809497
10208,13.502523809523824
10209,12.67949999999998
10210,12.786101111111119
10211,14.76749206349203
10212,13.17216820105821
10213,13.927773333333343
10214,24.70653333333333
10215,24.70653333333333
10216,26.792507936507878
10217,21.82993333333333
10218,1.2805714452214447
10219,13.74184580012581
10220,17.193213333333272
10221,13.470422222222204
10222,11.448816383376972
10223,13.508400000000016
10224,26.5873047619047
10225,10.739070158730147
10226,29.94813693121687
10227,41.5546484126984
10228,13.486311111111126
10229,13.474386666666682
10230,13.225732967772961
10231,9.589547557997557
10232,13.409142857142873
10233,12.283772380952392
10234,13.45013333333335
10235,4.652677777777781
10236,13.547466666666683
10237,30.011505079365033
10238,13.480000000000016
10239,15.966397460317433
10240,13.870757460317467
10241,29.848266666666664
10242,12.412060268620275
10243,0.20635
10244,7.193652549302548
10245,13.480000000000016
10246,10.07095079365079
10247,15.20136126984126
10248,19.913364761904745
10249,13.480000000000016
10250,15.812448912938887
10251,13.616789629629647
10252,13.655200000000017
10253,29.848266666666664
10254,13.347513968253985
10255,29.848266666666664
10256,12.215343174603177
10257,21.72399999999999
10258,12.591030077330087
10259,37.03
10260,7.058403333333334
10261,9.965674603174593
10262,13.743977777777788
10263,16.024522222222185
10264,13.38995555555557
10265,13.978978253968261
10266,10.63827183298184
10267,13.916220000000006
10268,14.87526587301585
10269,13.655200000000017
10270,11.008266666666668
10271,19.934597777777746
10272,13.547466666666683
10273,7.005824926739925
10274,8.566184444444445
10275,14.875212380952364
10276,13.768171111111123
10277,13.480000000000016
10278,28.67322041070039
10279,12.463215238095245
10280,4.663432999592996
10281,12.464254603174608
10282,7.005824926739925
10283,41.264572034632025
10284,13.480000000000016
10285,16.668055026455026
10286,12.724211111111122
10287,13.916220000000006
10288,12.723493333333346
10289,14.875212380952364
10290,20.97245079365072
10291,17.168854285714243
10292,0.20635
10293,12.283772380952392
10294,12.412060268620275
10295,13.768171111111123
10296,15.12468444444444
10297,24.993598201058127
10298,23.993333333333332
10299,13.45013333333335
10300,14.261664126984117
10301,14.791824126984109
10302,14.261664126984117
10303,14.26831619047619
10304,8.566184444444445
10305,41.264572034632025
10306,16.024522222222185
10307,13.495066666666684
10308,14.248159365079362
10309,13.480000000000016
10310,13.971471322751322
10311,20.97245079365072
10312,13.924817777777783
10313,9.17696095238095
10314,15.781896507936484
10315,13.993066666666667
10316,14.737117171717161
10317,13.68494523809524
10318,13.480000000000016
10319,17.65796490620485
10320,13.480000000000016
10321,12.323300000000005
10322,9.518811558811567
10323,13.616789629629647
10324,15.812448912938887
10325,13.480000000000016
10326,13.646232063492077
10327,13.257666666666683
10328,10.964565532245517
10329,16.120350793650786
10330,16.668055026455026
10331,13.480000000000016
10332,41.264572034632025
10333,10.07095079365079
10334,13.480000000000016
10335,16.668055026455026
10336,11.505217777777787
10337,15.20136126984126
10338,9.518811558811567
10339,13.13478816738817
10340,14.1178712987013
10341,13.993066666666667
10342,12.513233333333341
10343,13.742414531024533
10344,12.694188888888894
10345,18.349402470122428
10346,20.439862222222164
10347,13.480000000000016
10348,13.230102222222234
10349,13.065198148148149
10350,13.45013333333335
10351,13.347513968253985
10352,13.797717777777782
10353,14.26831619047619
10354,13.488400000000016
10355,13.498611111111126
10356,5.343944761904762
10357,23.077975185185142
10358,37.03
10359,12.724211111111122
10360,13.070533333333346
10361,17.074417777777732
10362,13.480000000000016
10363,13.823798037518026
10364,14.706862857142841
10365,13.616789629629647
10366,13.488400000000016
10367,13.480000000000016
10368,8.11992
10369,0.20635
10370,13.655200000000017
10371,12.694188888888894
10372,13.229204021164032
10373,13.647136507936523
10374,13.065198148148149
10375,13.369210158730167
10376,13.480000000000016
10377,13.065198148148149
10378,15.474354285714263
10379,13.510010476190491
10380,15.228754647944637
10381,10.281722857142864
10382,13.34340539682541
10383,4.0632
10384,13.480000000000016
10385,10.07095079365079
10386,10.773220168350162
10387,19.465274285714223
10388,13.480000000000016
10389,18.87636666666666
10390,41.264572034632025
10391,12.504497532467536
10392,13.499961587301597
10393,13.480000000000016
10394,13.836686349206332
10395,11.973725863395867
10396,10.773220168350162
10397,13.480000000000016
10398,16.668055026455026
10399,12.504497532467536
10400,14.875212380952364
10401,12.570222222222224
10402,13.969200000000006
10403,13.45013333333335
10404,13.759124444444454
10405,12.811185396825408
10406,9.518811558811567
10407,13.993066666666667
10408,13.547466666666683
10409,13.480000000000016
10410,17.074417777777732
10411,13.60562222222224
10412,13.52644444444446
10413,13.745841269841266
10414,13.36252063492065
10415,14.040592063492062
10416,13.405866666666682
10417,8.22104643874644
10418,7.089754444444444
10419,7.607413911273904
10420,17.244597089947067
10421,15.040747772597776
10422,20.99
10423,6.353807864357857
10424,16.713091270581256
10425,9.735332789802783
10426,16.237613650793627
10427,12.595865925925924
10428,13.480000000000016
10429,15.153106031746004
10430,13.486989629629642
10431,13.3980917793318
10432,13.023445714285725
10433,14.710762539682522
10434,13.524255555555571
10435,13.689959788359802
10436,13.556556666666681
10437,13.23891317460319
10438,13.200924444444453
10439,10.07392253968252
10440,18.006244761904735
10441,13.480000000000016
10442,22.27983999999991
10443,13.426800000000016
10444,17.121427869167828
10445,20.99
10446,9.500970476190473
10447,45.32785777777776
10448,27.690792698412686
10449,6.01
10450,15.704622222222175
10451,14.357886666666657
10452,13.556556666666681
10453,23.07066031746024
10454,13.52644444444446
10455,18.52940730158725
10456,14.13480857142857
10457,20.011843703703622
10458,18.289286387686328
10459,6.01
10460,11.747344444444451
10461,9.958890158730153
10462,14.0216346031746
10463,13.489266666666682
10464,13.426800000000016
10465,13.556556666666681
10466,13.604448148148162
10467,13.506524906204914
10468,16.533352063492018
10469,9.918233333333335
10470,8.475448888888886
10471,13.426800000000016
10472,14.295188775824556
10473,13.405866666666682
10474,13.723077142857155
10475,14.911486666666654
10476,13.689959788359802
10477,0.32439999999999997
10478,31.15692825396816
10479,18.0
10480,13.558859259259274
10481,16.93862772486771
10482,13.398674603174612
10483,13.631942962962972
10484,17.79457694564692
10485,9.820601847041836
10486,13.405866666666682
10487,13.437596825396842
10488,13.405866666666682
10489,11.768040537240523
10490,14.653812284752266
10491,13.432351111111123
10492,11.166224761534778
10493,13.671729999999982
10494,17.088448730158703
10495,13.913806666666671
10496,12.583282010582025
10497,10.318491111111113
10498,13.498400000000016
10499,8.049908095238095
10500,13.480000000000016
10501,13.513600000000016
10502,8.049908095238095
10503,14.454471111111094
10504,21.382141486291488
10505,13.553810389610405
10506,13.524255555555571
10507,5.888000000000004
10508,11.387611111111118
10509,19.40365682539678
10510,13.480000000000016
10511,10.318491111111113
10512,11.766273996374006
10513,16.238340230140217
10514,12.585589788925674
10515,9.958890158730153
10516,13.093652053872065
10517,14.89033960520957
10518,15.69895280423276
10519,11.747344444444451
10520,15.27794388167387
10521,22.912644444444446
10522,20.728441669071632
10523,13.437596825396842
10524,13.46005333333335
10525,18.386100865800824
10526,19.666922210752205
10527,20.011843703703622
10528,21.779901034151038
10529,14.77799396825395
10530,12.1820022910423
10531,16.5209657142857
10532,14.276483621933618
10533,45.32785777777776
10534,25.191014603174494
10535,15.69895280423276
10536,18.552323809523784
10537,13.556556666666681
10538,15.040747772597776
10539,15.040747772597776
10540,13.518400000000016
10541,13.140811111111123
10542,9.958890158730153
10543,5.893006984126985
10544,7.607413911273904
10545,17.62813777777772
10546,11.403549153439153
10547,13.524255555555571
10548,6.307473333333336
10549,9.735332789802783
10550,7.607413911273904
10551,20.99
10552,14.11632952380952
10553,13.745841269841266
10554,12.892879629629642
10555,14.313350476190465
10556,14.911486666666654
10557,13.023445714285725
10558,13.18678498168499
10559,16.5209657142857
10560,17.121427869167828
10561,15.27794388167387
10562,16.201717680097655
10563,12.1820022910423
10564,15.040747772597776
10565,12.131164126984125
10566,13.52644444444446
10567,13.689959788359802
10568,14.803549672919656
10569,13.480000000000016
10570,13.745841269841266
10571,13.553810389610405
10572,19.1864831746031
10573,9.029866666666667
10574,21.779901034151038
10575,17.79457694564692
10576,17.067558095238052
10577,13.347816666666676
10578,7.607413911273904
10579,14.710762539682522
10580,13.480000000000016
10581,18.552323809523784
10582,12.274846666666674
10583,13.607800000000017
10584,31.15692825396816
10585,13.061723756613747
10586,13.928505266427768
10587,11.14844
10588,8.87940402116401
10589,11.969740630110635
10590,9.958890158730153
10591,13.498400000000016
10592,10.202412698412699
10593,10.511158019388004
10594,13.486989629629642
10595,13.541418181818198
10596,16.734605262145237
10597,17.776180634920575
10598,17.33876299256298
10599,21.62927396825391
10600,13.480000000000016
10601,14.18694294372294
10602,13.923110451770459
10603,13.503980639730656
10604,13.169126666666681
10605,14.610644607614589
10606,13.42104444444446
10607,11.97370396825396
10608,26.134010432900364
10609,17.46125986691956
10610,17.376712342472306
10611,16.734605262145237
10612,22.653611111111093
10613,28.193211164021164
10614,12.939749857549863
10615,19.376201111111055
10616,12.954877724867737
10617,13.480000000000016
10618,17.86261206349203
10619,17.939687936507926
10620,23.520822962962928
10621,13.308619682539696
10622,14.231915178155175
10623,17.896079947089945
10624,24.218962077922047
10625,13.753154074074086
10626,12.839535111185084
10627,26.134010432900364
10628,40.635700952380944
10629,7.413117830687834
10630,13.598277777777794
10631,17.776180634920575
10632,12.785120846560858
10633,12.455827676767685
10634,13.558491111111122
10635,5.594753265993269
10636,20.406502222222194
10637,14.36404888888888
10638,12.776315480815471
10639,22.602362063492063
10640,19.697649206349144
10641,13.487666666666682
10642,40.635700952380944
10643,13.450974386724402
10644,16.64462441558438
10645,13.493866666666683
10646,17.776180634920575
10647,12.390077142857153
10648,16.787716186362637
10649,14.231915178155175
10650,13.461088888888904
10651,13.675900000000016
10652,13.553754444444454
10653,13.480000000000016
10654,14.546447963887967
10655,13.698871746031731
10656,15.498282356902342
10657,16.73285395863393
10658,17.376712342472306
10659,13.435066666666684
10660,13.480000000000016
10661,14.081769340776185
10662,23.906948142728723
10663,13.450974386724402
10664,14.118106984126975
10665,25.95092225431433
10666,13.493866666666683
10667,10.385694849594838
10668,13.719672587782574
10669,13.47446190476192
10670,17.86261206349203
10671,16.72191142857141
10672,22.38806915343908
10673,13.48234747474749
10674,12.390077142857153
10675,15.364267925821444
10676,10.60502491925286
10677,18.231979245939225
10678,15.498282356902342
10679,13.480000000000016
10680,13.543231111111126
10681,13.308619682539696
10682,18.008124444444398
10683,24.50269999999996
10684,13.282725457875467
10685,13.480000000000016
10686,13.643986666666681
10687,13.480000000000016
10688,14.610644607614589
10689,16.64462441558438
10690,12.887151455603256
10691,15.925002238132214
10692,13.822372070152069
10693,14.524069841269833
10694,14.645551484550296
10695,13.487666666666682
10696,9.646133829133827
10697,16.64462441558438
10698,24.592500634920537
10699,14.300188888888881
10700,18.980476071151056
10701,13.487666666666682
10702,13.843679365079373
10703,10.307694603174598
10704,17.939687936507926
10705,11.007044281644287
10706,12.390077142857153
10707,13.337504358974373
10708,13.480000000000016
10709,12.847039821231975
10710,13.48234747474749
10711,13.461088888888904
10712,17.896079947089945
10713,12.887151455603256
10714,14.081769340776185
10715,14.18694294372294
10716,17.486768888888864
10717,38.975689565989555
10718,24.93203873015865
10719,24.27822129426124
10720,12.859857236884976
10721,14.093816190476188
10722,13.461088888888904
10723,10.518944708994711
10724,13.480000000000016
10725,14.610644607614589
10726,16.734605262145237
10727,13.357000000000014
10728,17.776180634920575
10729,14.645551484550296
10730,17.939687936507926
10731,13.450974386724402
10732,13.450974386724402
10733,14.410023809523809
10734,13.400918404558414
10735,26.134010432900364
10736,13.833191111111118
10737,11.993854003774013
10738,12.503810038850038
10739,16.787716186362637
10740,17.802277460317445
10741,14.103998730158734
10742,27.52997353535353
10743,13.480000000000016
10744,13.32562145260083
10745,22.653611111111093
10746,38.975689565989555
10747,13.455918638768644
10748,13.48234747474749
10749,13.8160138047138
10750,40.635700952380944
10751,14.645551484550296
10752,15.719257777777738
10753,11.0
10754,13.678859927479932
10755,17.896079947089945
10756,18.99072744588741
10757,22.38806915343908
10758,13.480000000000016
10759,14.22313585858585
10760,14.328468888888867
10761,12.844744444444457
10762,13.598379943977601
10763,13.461088888888904
10764,13.819497777777773
10765,13.643986666666681
10766,30.854912063492048
10767,15.925002238132214
10768,14.133427724867724
10769,15.726869365079343
10770,12.913858412698426
10771,13.457842222222238
10772,16.318959999999947
10773,16.175280634920583
10774,25.772725661375627
10775,13.480000000000016
10776,14.105457777777778
10777,6.8217433333333375
10778,24.50269999999996
10779,22.602362063492063
10780,12.612077619047602
10781,5.624638888888891
10782,9.837504021164008
10783,14.377241587301581
10784,13.822372070152069
10785,16.507889361009344
10786,29.40276666666663
10787,11.917660317460326
10788,20.74745970510967
10789,14.746239038118716
10790,13.476860606060622
10791,12.666497777777778
10792,12.284601818181827
10793,17.3184955555555
10794,12.682235978835992
10795,14.810459999999981
10796,13.953903492063489
10797,13.480000000000016
10798,14.151005079365078
10799,13.480000000000016
10800,13.480000000000016
10801,22.838039999999936
10802,17.42377037037034
10803,13.953903492063489
10804,5.357484478114482
10805,4.325913321972143
10806,1.9035276638176628
10807,10.023022222222222
10808,13.480000000000016
10809,14.966754603174573
10810,16.066686349206314
10811,14.870766772486734
10812,6.4296299922299855
10813,14.746239038118716
10814,16.265396426166404
10815,12.183342962962957
10816,15.694460952380933
10817,23.694639999999968
10818,12.682235978835992
10819,10.699525396825393
10820,10.849223600473596
10821,0.0
10822,6.2395977248677275
10823,4.460238828578833
10824,24.31743619047616
10825,15.866339682539644
10826,13.264400000000013
10827,12.240002222222225
10828,17.13522777777778
10829,6.460137578347578
10830,19.06289936507934
10831,3.189187220187221
10832,13.194423497428485
10833,13.500378412698417
10834,29.40276666666663
10835,1.9035276638176628
10836,21.34948444444441
10837,14.56185333333332
10838,5.357484478114482
10839,15.123428571428542
10840,18.722605714285685
10841,21.776875238095204
10842,13.42014444444446
10843,14.926706666666645
10844,15.378657777777772
10845,16.507889361009344
10846,17.42377037037034
10847,18.0703402116402
10848,10.762968067814525
10849,10.762968067814525
10850,12.221615940745394
10851,7.277160000000005
10852,12.264632591852575
10853,12.106377662337666
10854,13.690488888888904
10855,19.070237142857067
10856,12.264632591852575
10857,16.708994285714265
10858,12.368351817376512
10859,15.10642735930736
10860,19.360226507936463
10861,15.400993939393912
10862,4.325913321972143
10863,13.194423497428485
10864,14.810459999999981
10865,13.143983174603184
10866,13.480000000000016
10867,15.259391005291006
10868,14.085246666666675
10869,23.42456761904759
10870,13.948042222222227
10871,11.54370223665224
10872,12.524813333333329
10873,8.539097476597473
10874,14.746239038118716
10875,13.055291998372011
10876,13.680348571428583
10877,15.259391005291006
10878,7.857921481481487
10879,4.972105465090469
10880,20.869700952380914
10881,17.38510666666666
10882,12.106377662337666
10883,21.054811111111025
10884,12.682235978835992
10885,10.849223600473596
10886,17.420633333333267
10887,17.433655555555486
10888,13.680348571428583
10889,17.13522777777778
10890,17.03507111111105
10891,12.368351817376512
10892,4.460238828578833
10893,13.523572183742194
10894,12.463505307285308
10895,14.593671111111098
10896,12.90008841084842
10897,21.776875238095204
10898,12.407103566803553
10899,23.21579111111106
10900,4.957772592592597
10901,12.264632591852575
10902,17.912498095238067
10903,8.539097476597473
10904,10.762968067814525
10905,7.857921481481487
10906,13.480000000000016
10907,10.762968067814525
10908,18.92975555555555
10909,3.189187220187221
10910,15.259391005291006
10911,18.387190505050473
10912,12.463505307285308
10913,3.0506367800173675
10914,12.844333333333347
10915,11.36074222222223
10916,4.325913321972143
10917,13.821033333333343
10918,23.568222222222207
10919,10.753635555555567
10920,19.874728571428538
10921,13.953903492063489
10922,12.240002222222225
10923,10.849223600473596
10924,15.10642735930736
10925,13.070686349206358
10926,14.196918095238086
10927,17.3184955555555
10928,24.31743619047616
10929,15.123428571428542
10930,15.10642735930736
10931,19.290101587301532
10932,13.39747555555557
10933,19.792200461760434
10934,10.601055555555563
10935,15.866339682539644
10936,13.638175449735462
10937,17.13522777777778
10938,11.917660317460326
10939,3.0506367800173675
10940,13.47171656565658
10941,6.4296299922299855
10942,16.29083686424685
10943,11.43782403929402
10944,14.152972222222216
10945,12.8285801058201
10946,21.191300000000002
10947,12.06794666666665
10948,5.6602163443963445
10949,19.02962592592588
10950,13.53640333333335
10951,11.016010952380949
10952,13.461733333333349
10953,12.053526349206358
10954,6.024933333333333
10955,9.151161587301589
10956,13.461733333333349
10957,18.070759047619006
10958,13.318245079365095
10959,14.852601058201044
10960,14.652345117845103
10961,12.375871111111113
10962,5.6602163443963445
10963,23.451006190476164
10964,16.630795555555554
10965,14.377212857142853
10966,14.54485333333331
10967,13.505066666666684
10968,15.152132263847255
10969,14.039846507936494
10970,12.706644646464655
10971,21.717694444444433
10972,23.86902238095234
10973,16.29083686424685
10974,14.845011903281907
10975,16.01380252821251
10976,13.485066666666683
10977,14.517651428571417
10978,6.863601265031266
10979,11.676877687867675
10980,17.07781354497353
10981,16.9810184126984
10982,23.29724555555548
10983,9.300317883597886
10984,12.649553650793662
10985,13.852104690864696
10986,8.911349951899952
10987,13.015075873015883
10988,16.16273904761902
10989,5.6602163443963445
10990,16.353407301587293
10991,35.08639682539676
10992,13.435066666666684
10993,11.43782403929402
10994,17.860408985839843
10995,19.669097017796965
10996,13.480000000000016
10997,11.684374776334764
10998,13.480000000000016
10999,10.634458733260209
11000,6.024933333333333
11001,13.51013333333335
11002,13.993465714285703
11003,7.744233987123983
11004,15.498022033522036
11005,9.989883280423282
11006,18.922734747474692
11007,10.793207461797449
11008,6.706906984126987
11009,13.090768862248867
11010,17.85441679653678
11011,11.2012125063825
11012,10.367221746031744
11013,21.252512881192875
11014,9.985734919894924
11015,16.13630211640208
11016,9.826991871091849
11017,14.287760896072164
11018,18.03
11019,5.545168571428575
11020,10.634458733260209
11021,13.090768862248867
11022,13.53546666666668
11023,13.53640333333335
11024,15.152132263847255
11025,15.015246031746013
11026,14.54485333333331
11027,14.510163557183544
11028,14.704833949013919
11029,9.826991871091849
11030,13.402873333333348
11031,13.657691804927113
11032,14.054057661227661
11033,13.53640333333335
11034,14.289925666185658
11035,13.46496952380954
11036,15.498022033522036
11037,11.943112063492066
11038,12.105273333333345
11039,13.090768862248867
11040,16.9810184126984
11041,9.30489476190476
11042,13.018052222222236
11043,7.84309037037037
11044,13.461733333333349
11045,13.450044444444462
11046,13.53640333333335
11047,11.608591111111105
11048,23.86902238095234
11049,16.9810184126984
11050,13.485066666666683
11051,11.2012125063825
11052,14.443047301587288
11053,16.16273904761902
11054,12.829882962962966
11055,14.054057661227661
11056,10.376965079365066
11057,13.591488888888904
11058,11.676877687867675
11059,12.649553650793662
11060,13.573711269841281
11061,17.860408985839843
11062,13.480000000000016
11063,11.016010952380949
11064,14.039846507936494
11065,14.510163557183544
11066,7.744233987123983
11067,15.498022033522036
11068,13.506035692455706
11069,13.775593968253979
11070,13.438382222222238
11071,15.498022033522036
11072,5.6602163443963445
11073,10.634458733260209
11074,17.07781354497353
11075,13.491963174603189
11076,13.735725291005295
11077,13.450044444444462
11078,13.655821798941785
11079,7.92669699947111
11080,13.511300000000016
11081,7.584504444444442
11082,9.62195111111111
11083,12.809904232804236
11084,16.9810184126984
11085,9.113178306878309
11086,8.453170694599507
11087,22.79664730158723
11088,24.74956773929768
11089,14.407639365079355
11090,14.104770370370368
11091,17.825554497354435
11092,15.728757724867682
11093,12.706644646464655
11094,21.191300000000002
11095,18.03
11096,13.117621587301592
11097,15.829008253968228
11098,20.710588677248612
11099,13.775593968253979
11100,15.198903015872997
11101,13.098892910052923
11102,9.989883280423282
11103,14.658565714285693
11104,13.090768862248867
11105,15.198903015872997
11106,15.346653737373718
11107,14.054057661227661
11108,9.113178306878309
11109,14.62607841269841
11110,13.450044444444462
11111,12.8285801058201
11112,13.461733333333349
11113,18.03
11114,13.591488888888904
11115,13.554436825396838
11116,14.063768888888884
11117,11.611238359788354
11118,13.53640333333335
11119,15.152132263847255
11120,5.6602163443963445
11121,19.880884656084646
11122,14.289925666185658
11123,12.607473405483413
11124,13.848916666666673
11125,13.511300000000016
11126,4.051360634920638
11127,12.105273333333345
11128,4.445437142857146
11129,4.97477126984127
11130,8.746862698412697
11131,11.690657883597867
11132,5.614472528952528
11133,17.559777777777708
11134,23.521511111111046
11135,4.445437142857146
11136,16.75950126984122
11137,4.445437142857146
11138,6.216925854885846
11139,12.044956017316022
11140,13.70204301587302
11141,4.97477126984127
11142,7.896925714285714
11143,11.245537619047598
11144,11.645959385429373
11145,15.439540793650764
11146,16.60076285714282
11147,10.223802222222224
11148,16.306931111111094
11149,12.28307348244347
11150,13.062440914640915
11151,18.93638444444436
11152,14.103495555555558
11153,16.9178778998779
11154,2.0065093717393725
11155,8.89236259814259
11156,18.534146007695988
11157,16.125951516076515
11158,18.12459098124096
11159,14.811292380952363
11160,12.754390317460295
11161,15.98271746031743
11162,4.97477126984127
11163,26.43169079365075
11164,13.011955555555568
11165,11.245537619047598
11166,35.98118666666661
11167,0.8495601250601258
11168,8.746862698412697
11169,15.894101948051954
11170,13.062440914640915
11171,14.177249999999997
11172,12.075040264550255
11173,13.451326589706602
11174,15.894101948051954
11175,8.3856
11176,7.191931697931694
11177,12.498237619722325
11178,12.254951618751601
11179,14.993581746031742
11180,11.753526666666664
11181,12.08949106449106
11182,18.14953936507933
11183,13.621799523809532
11184,13.89184185185186
11185,21.618728888888835
11186,7.407212258852252
11187,11.26156286639288
11188,11.245537619047598
11189,21.049366031745947
11190,8.746862698412697
11191,0.8495601250601258
11192,16.173479999999987
11193,18.534146007695988
11194,20.25502047619045
11195,6.216925854885846
11196,16.972023703703652
11197,5.614472528952528
11198,19.665251111111008
11199,15.30024444444441
11200,4.87263572297099
11201,20.566763492063455
11202,15.894101948051954
11203,6.216925854885846
11204,13.175852910052917
11205,14.310938095238095
11206,16.125951516076515
11207,15.325008253968239
11208,6.216925854885846
11209,14.956424920634896
11210,8.8307283068783
11211,6.573048033078025
11212,12.044956017316022
11213,24.12190142857139
11214,10.75051777777778
11215,11.472840952380954
11216,11.645959385429373
11217,14.851729523809503
11218,12.601120147630153
11219,11.837638528138536
11220,5.614472528952528
11221,12.367024603174611
11222,8.89236259814259
11223,13.154006666666678
11224,16.64279259259253
11225,15.74253492063488
11226,18.823247619047613
11227,18.657777777777767
11228,19.103188888888806
11229,14.467372592592568
11230,17.24895555555549
11231,11.837638528138536
11232,32.01239999999989
11233,22.1598547619047
11234,18.534146007695988
11235,21.441001587301518
11236,15.02477555555553
11237,12.205526349206352
11238,8.471496052836038
11239,14.406522539682538
11240,19.356406666666576
11241,7.407212258852252
11242,12.205526349206352
11243,6.573048033078025
11244,8.746862698412697
11245,6.573048033078025
11246,14.27474588263588
11247,7.611481904761902
11248,24.42139999999999
11249,6.573048033078025
11250,24.072611111111033
11251,4.97477126984127
11252,12.92993396825398
11253,19.094137142857118
11254,12.08949106449106
11255,12.08949106449106
11256,17.902942222222205
11257,14.089911111111109
11258,12.588253001442999
11259,6.506493996199878
11260,13.852660000000009
11261,3.8771801236351084
11262,2.2135937588337615
11263,6.506493996199878
11264,16.125951516076515
11265,8.8307283068783
11266,12.481604761904759
11267,2.2135937588337615
11268,15.40088975949973
11269,27.041928888888773
11270,17.842252222222204
11271,14.403733333333324
11272,13.480000000000016
11273,14.358012698412695
11274,14.86561555555555
11275,5.614472528952528
11276,16.9178778998779
11277,17.650591428571378
11278,13.175852910052917
11279,16.9178778998779
11280,10.96501317201317
11281,4.8227514245014245
11282,21.049366031745947
11283,13.984211111111113
11284,4.87263572297099
11285,16.75950126984122
11286,15.894101948051954
11287,13.852660000000009
11288,18.054626666666604
11289,11.297147936507935
11290,4.9973088888888935
11291,24.354651811151754
11292,16.279108253968232
11293,14.75228980278981
11294,22.592125555555555
11295,9.788443508343505
11296,13.851738095238101
11297,22.88286289562289
11298,13.55648412698414
11299,14.975734074074053
11300,4.82576105820106
11301,13.130768879268876
11302,4.8622425925925965
11303,13.0
11304,12.38016285714286
11305,13.169747089947105
11306,12.593498523328533
11307,15.091754920634907
11308,13.466767407407422
11309,25.145164444444415
11310,13.173913333333347
11311,22.37405428571428
11312,21.253058412698348
11313,13.53773333333335
11314,13.337502857142873
11315,33.00452114996115
11316,12.481388469308452
11317,13.577733333333349
11318,13.631660952380955
11319,17.230557777777737
11320,13.38092126984128
11321,25.3607496496967
11322,21.291794444444424
11323,11.733913333333321
11324,13.558352380952396
11325,12.669282222222233
11326,33.55023746031746
11327,21.291794444444424
11328,10.084722222222224
11329,15.00938888888888
11330,9.170735873015872
11331,7.942111111111116
11332,33.55023746031746
11333,13.855811428571435
11334,10.851190549450536
11335,12.938890851370866
11336,13.317076111111113
11337,22.01102222222222
11338,12.851853439153453
11339,5.112364444444445
11340,13.474600000000017
11341,13.45029555555557
11342,13.53773333333335
11343,4.8622425925925965
11344,13.145748994709004
11345,13.946777777777774
11346,13.61458899470899
11347,25.3607496496967
11348,6.0
11349,11.351814285714273
11350,11.324177777777777
11351,16.399424444444403
11352,9.381423492063488
11353,4.906551111111113
11354,18.673793333333265
11355,13.464645820105835
11356,11.058
11357,9.170735873015872
11358,21.822362347282297
11359,9.711672010582012
11360,13.493444444444462
11361,13.180280582010592
11362,16.409899999999965
11363,11.702381587301577
11364,10.498341904761906
11365,14.950964814814794
11366,13.475066666666683
11367,13.36509333333335
11368,27.89048412698411
11369,19.260216515336474
11370,13.587533333333347
11371,11.526987619047627
11372,10.582432169312165
11373,13.53773333333335
11374,14.950964814814794
11375,23.507339290339306
11376,13.61458899470899
11377,11.954745343915329
11378,13.542366666666682
11379,10.425990158730166
11380,13.53773333333335
11381,11.297147936507935
11382,12.173045714285719
11383,13.53773333333335
11384,22.01102222222222
11385,13.55648412698414
11386,13.081182380952393
11387,13.542366666666682
11388,13.482515555555567
11389,20.566235528175486
11390,12.316200000000002
11391,13.670910793650803
11392,15.462453968253952
11393,11.800330793650797
11394,13.435066666666684
11395,14.895686666666661
11396,12.877543809523804
11397,10.173661428571414
11398,8.470481587301585
11399,12.595562804232811
11400,14.569753516026434
11401,8.163620634920637
11402,22.37405428571428
11403,13.464088888888904
11404,10.38049685425686
11405,24.354651811151754
11406,13.323377460317472
11407,14.895686666666661
11408,17.230557777777737
11409,33.55023746031746
11410,13.0
11411,12.986268888888903
11412,13.464645820105835
11413,8.319731746031747
11414,12.7773403174603
11415,7.942111111111116
11416,11.300104126984118
11417,13.130768879268876
11418,13.48165555555557
11419,13.337502857142873
11420,12.770749682539694
11421,12.49811579124579
11422,9.788443508343505
11423,11.720493333333328
11424,13.782222222222229
11425,13.814786705146702
11426,10.173661428571414
11427,12.38016285714286
11428,15.596015343915312
11429,22.239445555555477
11430,13.480000000000016
11431,17.59464910052907
11432,10.566879788359794
11433,23.897214814814816
11434,13.493444444444462
11435,13.851738095238101
11436,6.0
11437,14.083266984126979
11438,9.788443508343505
11439,15.900514285714285
11440,13.558352380952396
11441,14.074574545454544
11442,17.27132599067595
11443,14.665665555555545
11444,13.48165555555557
11445,10.12457142857143
11446,13.633446666666677
11447,22.88286289562289
11448,13.464088888888904
11449,9.216159999999993
11450,13.180280582010592
11451,19.948073333333255
11452,13.542366666666682
11453,2.019088888888889
11454,12.735502116402126
11455,4.783411111111115
11456,15.900514285714285
11457,5.112364444444445
11458,15.091754920634907
11459,13.129992222222233
11460,8.28386476190475
11461,13.587146031746045
11462,13.915572202982208
11463,13.130768879268876
11464,21.253058412698348
11465,10.973905295815298
11466,11.223193275613276
11467,12.735502116402126
11468,28.850051216931153
11469,15.596015343915312
11470,13.475066666666683
11471,10.851190549450536
11472,7.6159495238095225
11473,13.480000000000016
11474,12.041991111111113
11475,12.78977026455027
11476,13.473071111111127
11477,27.05861142857136
11478,16.249232190032167
11479,21.206501587301595
11480,13.609735291005306
11481,17.817187600177572
11482,13.153738095238106
11483,14.107281587301577
11484,15.493824444444412
11485,19.001759769119765
11486,15.622970252100794
11487,12.49676009842009
11488,13.480000000000016
11489,13.637273650793665
11490,16.026733333333297
11491,12.06998201058201
11492,18.231516689236642
11493,13.480000000000016
11494,24.45108984126983
11495,13.50033333333335
11496,11.649530078995095
11497,13.574166666666683
11498,13.332456243386254
11499,17.313908730158687
11500,13.94720232804231
11501,11.517446827431842
11502,13.480000000000016
11503,14.958224666999655
11504,13.838920000000007
11505,13.254150591630557
11506,20.245732539682535
11507,10.173771052651038
11508,13.926572803862806
11509,18.86771752205309
11510,13.65013333333335
11511,13.740599841269846
11512,16.249232190032167
11513,14.836346878306873
11514,19.001759769119765
11515,12.06998201058201
11516,13.644240000000014
11517,13.472546666666684
11518,13.31997333333335
11519,14.441283695563685
11520,13.910083867243863
11521,17.817187600177572
11522,14.555495555555545
11523,19.641187513227443
11524,19.009226349206344
11525,13.41885333333335
11526,13.305286825396815
11527,14.291562962962958
11528,10.679395728715711
11529,13.849968888888897
11530,13.591933333333348
11531,14.646418095238081
11532,13.254150591630557
11533,13.52725555555557
11534,13.521946666666683
11535,12.613215930735933
11536,17.734980307655288
11537,8.237266085026077
11538,13.519775000000017
11539,14.761128174603158
11540,13.367574920634933
11541,14.031221693121697
11542,13.642767443819801
11543,13.480000000000016
11544,16.549667089947047
11545,12.6711221041921
11546,18.69082089059086
11547,19.9024918518518
11548,13.671926666666662
11549,14.053884444444451
11550,13.153738095238106
11551,9.305470076590076
11552,19.001759769119765
11553,17.20549437229437
11554,10.679395728715711
11555,13.480000000000016
11556,13.472546666666684
11557,9.773346349206355
11558,15.988848446368417
11559,13.523545238095247
11560,19.95343301587294
11561,13.480000000000016
11562,10.173771052651038
11563,13.591933333333348
11564,21.206501587301595
11565,13.36167407407409
11566,12.884443070828954
11567,7.210892437192438
11568,13.609735291005306
11569,17.20549437229437
11570,14.053884444444451
11571,10.23087312169312
11572,16.94175523809522
11573,32.11982017501014
11574,13.475066666666683
11575,13.493419047619064
11576,13.576779365079377
11577,19.641187513227443
11578,13.312104126984138
11579,13.599111111111126
11580,13.493590952380947
11581,13.79002222222223
11582,17.734980307655288
11583,16.00295650793647
11584,13.41885333333335
11585,13.491564444444458
11586,14.053884444444451
11587,14.053884444444451
11588,13.467475453805466
11589,11.41091777777776
11590,16.572522539682502
11591,12.647041746031745
11592,12.6711221041921
11593,13.642767443819801
11594,15.224180952380927
11595,18.34297603174601
11596,17.20549437229437
11597,18.18657486772485
11598,3.16957597032597
11599,13.367574920634933
11600,13.65232063492065
11601,19.001759769119765
11602,12.771680000000014
11603,13.750120634920616
11604,19.001759769119765
11605,13.480000000000016
11606,13.851162053872056
11607,13.523545238095247
11608,13.283017248677249
11609,19.036065978835946
11610,19.641187513227443
11611,14.566454338624325
11612,13.467475453805466
11613,13.480000000000016
11614,21.206501587301595
11615,13.458400000000017
11616,14.017957354497355
11617,13.452644444444461
11618,17.198622222222195
11619,12.12838666666667
11620,13.458400000000017
11621,12.49676009842009
11622,13.361062309368203
11623,13.471280000000014
11624,21.206501587301595
11625,13.52825555555557
11626,13.750120634920616
11627,13.94720232804231
11628,16.249232190032167
11629,12.201673227513217
11630,17.064235555555506
11631,13.493590952380947
11632,13.849968888888897
11633,12.49676009842009
11634,18.52610857142854
11635,9.773346349206355
11636,14.209511851851845
11637,11.517446827431842
11638,11.649530078995095
11639,10.173771052651038
11640,13.475752698412702
11641,18.86771752205309
11642,12.06998201058201
11643,17.20549437229437
11644,12.49676009842009
11645,11.498937924297923
11646,18.56207682539675
11647,13.580150284900284
11648,15.812147955747927
11649,9.305470076590076
11650,13.480000000000016
11651,14.267845714285711
11652,17.217640245027273
11653,15.521690758152523
11654,18.86771752205309
11655,3.16957597032597
11656,13.089035076966393
11657,13.452644444444461
11658,15.617198730158698
11659,18.608260247530236
11660,23.72581399951897
11661,12.92229024438523
11662,15.552575555555519
11663,18.608260247530236
11664,14.398518412698406
11665,13.480000000000016
11666,23.72581399951897
11667,13.480000000000016
11668,16.1624644444444
11669,15.916999365079343
11670,13.832387734487714
11671,20.933282222222186
11672,13.57452825396827
11673,13.480000000000016
11674,13.504269841269855
11675,13.428205132275114
11676,13.832387734487714
11677,14.576240245310245
11678,16.28179475514681
11679,14.059286523539532
11680,10.802382857142845
11681,14.783025820105799
11682,13.972851375661376
11683,13.479295238095254
11684,13.335102222222238
11685,13.659931481481495
11686,17.404994645724614
11687,14.845341111111106
11688,25.194197460317447
11689,14.899936667221652
11690,13.664068148148163
11691,13.496291111111123
11692,14.899936667221652
11693,28.335917460317365
11694,13.981647222222223
11695,13.165686984127
11696,13.508955555555572
11697,13.479295238095254
11698,13.480000000000016
11699,11.904707619047628
11700,19.090623174603117
11701,10.615421746031734
11702,18.608260247530236
11703,9.431489365079349
11704,13.46447407407409
11705,14.398518412698406
11706,13.15469047619049
11707,10.802382857142845
11708,14.157150582010557
11709,13.407215923335938
11710,12.98907111111111
11711,12.191500178710198
11712,12.773084963924969
11713,13.623047195767208
11714,13.480000000000016
11715,5.663382672882673
11716,9.962761269101266
11717,13.480000000000016
11718,12.92229024438523
11719,15.618140923520896
11720,12.713698095238101
11721,13.523665184815172
11722,11.415924444444437
11723,13.523665184815172
11724,12.483656061890185
11725,13.480000000000016
11726,17.404994645724614
11727,16.28179475514681
11728,12.565443247863225
11729,8.236566624856628
11730,12.751547301587301
11731,13.474690105820113
11732,20.92126920634913
11733,13.461226666666683
11734,16.350466825396783
11735,14.151807962962964
11736,24.09963333333327
11737,19.432338664298648
11738,19.432338664298648
11739,26.81833365079363
11740,13.788041111111122
11741,19.14274318637424
11742,18.750087450697404
11743,19.14274318637424
11744,14.422619999999995
11745,19.14274318637424
11746,13.625007189542497
11747,13.618142222222234
11748,14.382393333333324
11749,13.480000000000016
11750,13.629941481481495
11751,14.673499076479063
11752,13.832829523809526
11753,13.646614074074055
11754,13.480000000000016
11755,14.615380776445772
11756,13.508955555555572
11757,17.681522799422776
11758,17.3278538803302
11759,14.515480952380933
11760,15.480075185185166
11761,15.916999365079343
11762,13.508955555555572
11763,13.62285778598308
11764,13.923236031746034
11765,12.236293015873002
11766,13.748736666666677
11767,4.37693015873016
11768,13.474778537758528
11769,10.354796507936493
11770,23.72581399951897
11771,13.43084444444446
11772,13.625007189542497
11773,13.480000000000016
11774,13.480000000000016
11775,10.354796507936493
11776,20.92126920634913
11777,10.615421746031734
11778,13.480000000000016
11779,13.676800000000014
11780,13.38069444444446
11781,13.523665184815172
11782,30.08476695193692
11783,14.663594285714277
11784,28.335917460317365
11785,14.899936667221652
11786,13.68620952380954
11787,13.335102222222238
11788,18.608260247530236
11789,13.480000000000016
11790,13.51642884115884
11791,14.217441693121676
11792,17.681522799422776
11793,12.92229024438523
11794,13.812752380952388
11795,13.480000000000016
11796,24.09963333333327
11797,9.954313968253972
11798,15.618140923520896
11799,13.48902222222224
11800,13.480000000000016
11801,14.899936667221652
11802,13.508955555555572
11803,17.93029238095237
11804,12.191500178710198
11805,14.233247777777763
11806,13.452503703703721
11807,14.398518412698406
11808,14.033048888888883
11809,9.962761269101266
11810,12.565443247863225
11811,14.783025820105799
11812,13.462376507936522
11813,13.624752222222227
11814,10.105486031746032
11815,12.64898338550337
11816,5.179769271469267
11817,13.508955555555572
11818,12.861414444444453
11819,12.483367852147833
11820,13.480000000000016
11821,14.867348138528126
11822,14.663594285714277
11823,19.029385651015637
11824,15.916999365079343
11825,13.599215873015886
11826,13.439728148148163
11827,10.875405714285709
11828,13.452503703703721
11829,14.884066507936483
11830,14.366406127946126
11831,13.429087878787895
11832,13.508955555555572
11833,14.217441693121676
11834,13.480000000000016
11835,12.565443247863225
11836,13.508955555555572
11837,13.496291111111123
11838,13.480000000000016
11839,13.21137417989418
11840,15.282339365079332
11841,14.899936667221652
11842,13.480000000000016
11843,12.565443247863225
11844,13.480000000000016
11845,12.812288888888888
11846,13.411997777777792
11847,13.99016888888889
11848,13.482371111111128
11849,13.044271111111113
11850,13.414088888888905
11851,14.87790317460315
11852,9.305036507936508
11853,9.686654603174604
11854,12.327536772486773
11855,16.426397219817183
11856,11.941394444444455
11857,9.568638095238102
11858,9.967501780441781
11859,20.332911111111105
11860,16.91417460317456
11861,14.597430687830684
11862,19.751722857142834
11863,13.501817777777793
11864,7.526266573056574
11865,11.001723809523812
11866,13.90949650793651
11867,13.99016888888889
11868,13.9193076190476
11869,14.417856825396811
11870,7.458896556036554
11871,13.386532063492078
11872,9.77709074074073
11873,13.384584444444455
11874,16.613598268398228
11875,9.360540000000002
11876,13.336506315906329
11877,13.413955555555571
11878,12.754679999999986
11879,12.341405924075938
11880,13.536489523809541
11881,11.722010158730159
11882,13.482371111111128
11883,9.64135163518399
11884,13.63839555555557
11885,13.078620317460329
11886,31.628
11887,12.754679999999986
11888,14.144269841269843
11889,14.535805395715407
11890,23.80530476190476
11891,11.178428888888895
11892,13.147100317460332
11893,29.0
11894,13.480000000000016
11895,15.380597248677248
11896,19.751722857142834
11897,15.670400639730618
11898,4.0
11899,12.709304550264537
11900,8.45216545343544
11901,13.63839555555557
11902,14.568385988455972
11903,8.098266666666667
11904,13.507130793650798
11905,12.806386666666679
11906,7.902363492063498
11907,13.501817777777793
11908,13.39125682539684
11909,13.501817777777793
11910,5.084653333333335
11911,32.30629433381429
11912,12.304589365079375
11913,11.024995238095226
11914,13.503466666666684
11915,18.058266666666665
11916,19.751722857142834
11917,14.87790317460315
11918,21.182935411255396
11919,24.34821629629622
11920,13.480000000000016
11921,14.42058282828282
11922,12.258297566137552
11923,13.098278614718625
11924,12.870117142857147
11925,22.810701587301565
11926,7.457855555555563
11927,13.200564444444462
11928,9.157314444444445
11929,7.9686590476190515
11930,13.6211542857143
11931,13.501817777777793
11932,9.278328624338627
11933,14.805278888888878
11934,16.613598268398228
11935,7.682624444444449
11936,14.87790317460315
11937,2.1444444444444444
11938,13.460866666666682
11939,13.414088888888905
11940,14.551925396825384
11941,7.458896556036554
11942,2.1444444444444444
11943,14.32919025641025
11944,13.99016888888889
11945,13.326177777777794
11946,10.054248412698415
11947,12.866799999999998
11948,13.460866666666682
11949,12.660677777777774
11950,12.866799999999998
11951,12.806386666666679
11952,13.603600000000014
11953,11.990025873015881
11954,13.526777777777792
11955,13.6211542857143
11956,13.512722222222237
11957,13.480000000000016
11958,12.630078148148158
11959,0.04493333333333333
11960,12.369064444444446
11961,18.058266666666665
11962,14.982534497354457
11963,12.740558835978847
11964,13.824388888888897
11965,29.657476878306838
11966,13.717127407407412
11967,12.812288888888888
11968,13.338666666666677
11969,15.536177777777766
11970,13.480000000000016
11971,13.480000000000016
11972,12.729825714285726
11973,12.8782201924002
11974,12.0831788888889
11975,10.327514126984127
11976,7.767460000000001
11977,12.709304550264537
11978,14.68704222222222
11979,13.044271111111113
11980,13.386532063492078
11981,12.208511111111124
11982,9.64135163518399
11983,13.885311111111115
11984,9.109721851851853
11985,4.0
11986,18.668480846560804
11987,13.288548148148159
11988,11.890288917008917
11989,14.24195121212119
11990,14.417856825396811
11991,13.6211542857143
11992,13.482371111111128
11993,14.32919025641025
11994,14.42058282828282
11995,12.951633015873025
11996,8.129268253968252
11997,7.526266573056574
11998,13.74319555555556
11999,13.683107301587315
12000,9.738557777777782
12001,12.505017532467516
12002,9.568638095238102
12003,13.672589841269856
12004,13.579928888888901
12005,12.327536772486773
12006,15.585009196729194
12007,4.0
12008,18.9147193650793
12009,12.630078148148158
12010,13.414088888888905
12011,29.657476878306838
12012,16.426397219817183
12013,12.630078148148158
12014,13.610106666666685
12015,12.351096507936509
12016,13.438400000000017
12017,15.670400639730618
12018,13.271862683982697
12019,13.336506315906329
12020,13.402873333333348
12021,17.580716507936494
12022,29.657476878306838
12023,10.327514126984127
12024,12.660677777777774
12025,13.429120000000017
12026,7.458896556036554
12027,14.568385988455972
12028,13.501817777777793
12029,10.861170072150053
12030,14.24195121212119
12031,12.505017532467516
12032,12.327536772486773
12033,13.49025333333335
12034,15.37050079365076
12035,13.558046617826609
12036,15.914695555555523
12037,14.24195121212119
12038,14.601491843711838
12039,16.235004643874607
12040,13.968888888888896
12041,21.239934402634404
12042,24.840656402116355
12043,15.15104734228732
12044,13.704108888888898
12045,10.423089081289083
12046,13.531022222222237
12047,10.592317058453535
12048,8.650213770543171
12049,16.235004643874607
12050,0.04493333333333333
12051,13.820700463980474
12052,14.445456075036072
12053,24.79453746919747
12054,8.163853107546036
12055,8.650213770543171
12056,10.41752126984127
12057,12.452818571428569
12058,25.865651111111056
12059,4.609153333333337
12060,13.804584932844934
12061,13.480000000000016
12062,13.695793333333349
12063,11.200722539682516
12064,41.78918888888882
12065,10.423089081289083
12066,15.04812058201055
12067,19.237436031745986
12068,13.408447619047633
12069,11.391776046176044
12070,14.211889999999997
12071,13.979861717171715
12072,14.181696923076919
12073,14.711839707699692
12074,8.650213770543171
12075,15.04812058201055
12076,18.263603333333286
12077,13.017458253968268
12078,13.522313333333349
12079,15.91596525104522
12080,13.979861717171715
12081,13.77998152958154
12082,16.052623709623678
12083,7.901244847374841
12084,12.452818571428569
12085,12.886464444444453
12086,7.163449159663869
12087,12.607645892255903
12088,14.589053004250648
12089,14.067970235320235
12090,14.067970235320235
12091,13.77998152958154
12092,18.3380626984127
12093,12.787362645502657
12094,2.1749333333333336
12095,13.154492222222235
12096,14.035823905723895
12097,15.787435555555554
12098,13.797667195767195
12099,13.480000000000016
12100,14.035823905723895
12101,13.688231851851864
12102,12.86411030303031
12103,22.159912592592537
12104,24.79453746919747
12105,8.51595555555556
12106,2.9415728763828795
12107,18.524988095238093
12108,13.93004203463204
12109,24.79453746919747
12110,22.159912592592537
12111,11.391776046176044
12112,15.843525493025478
12113,13.53124444444446
12114,12.593743333333334
12115,19.761086936026892
12116,10.423089081289083
12117,16.469051957671905
12118,13.403684444444458
12119,14.292057167277159
12120,22.50110089910088
12121,13.37731666666668
12122,10.739838412698413
12123,15.565201367521338
12124,13.619033333333348
12125,11.102296702556693
12126,11.102296702556693
12127,14.711839707699692
12128,22.518094579124547
12129,13.79456780182781
12130,13.802493333333338
12131,24.23037740925738
12132,13.853609170089182
12133,16.53711025752026
12134,13.997001010101012
12135,13.520504444444459
12136,14.211889999999997
12137,12.400264280904283
12138,11.200722539682516
12139,21.173083449883435
12140,13.661680004809988
12141,14.068958359788336
12142,13.853609170089182
12143,14.589053004250648
12144,13.85933333333334
12145,19.761086936026892
12146,6.9719753786953715
12147,21.173083449883435
12148,13.979861717171715
12149,9.156502222222223
12150,13.85933333333334
12151,12.863560000000012
12152,14.035823905723895
12153,8.984839999999998
12154,13.480000000000016
12155,21.098685026454994
12156,16.24799158730154
12157,13.102362857142861
12158,13.732888888888901
12159,30.90235777777774
12160,8.650213770543171
12161,19.761086936026892
12162,13.353676825396839
12163,7.303441269841267
12164,13.93004203463204
12165,6.9719753786953715
12166,15.04812058201055
12167,6.9719753786953715
12168,12.787362645502657
12169,12.48378841269841
12170,11.102296702556693
12171,12.925594603174588
12172,14.067970235320235
12173,14.350794867724863
12174,21.239934402634404
12175,10.964406128871136
12176,15.91596525104522
12177,6.399193803233793
12178,16.769569490139432
12179,11.102296702556693
12180,15.287206063936052
12181,2.9415728763828795
12182,8.984839999999998
12183,14.736952766122776
12184,13.480000000000016
12185,21.179626031745983
12186,13.370357142857156
12187,15.01220455507454
12188,15.604968888888882
12189,12.315218571428563
12190,13.057071024531036
12191,14.442523080840726
12192,14.612954708994685
12193,2.9415728763828795
12194,14.589053004250648
12195,21.173083449883435
12196,13.480000000000016
12197,22.50110089910088
12198,14.696291746031735
12199,10.423089081289083
12200,14.736952766122776
12201,22.518094579124547
12202,12.593743333333334
12203,13.997001010101012
12204,5.12356666666667
12205,13.842425608465613
12206,14.711839707699692
12207,14.274848888888885
12208,11.718147142857145
12209,15.27742068783067
12210,14.841931111111098
12211,13.860993352573354
12212,15.04812058201055
12213,31.032578571428505
12214,13.441683703703719
12215,14.711839707699692
12216,13.480000000000016
12217,14.442523080840726
12218,13.979861717171715
12219,7.901244847374841
12220,16.223982539682513
12221,3.551806786916789
12222,13.43853333333335
12223,15.5868146031746
12224,11.736070158730167
12225,15.432552380952362
12226,12.244217777777791
12227,28.999033015873003
12228,22.147280317460265
12229,13.488762222222237
12230,13.431466666666683
12231,12.663893597883607
12232,6.113951111111112
12233,12.130246022126018
12234,13.480000000000016
12235,15.068599999999982
12236,4.918728571428576
12237,15.114307301587282
12238,13.480000000000016
12239,17.374232063492016
12240,11.497706410256393
12241,13.335266666666683
12242,5.263075608465608
12243,11.839024126984132
12244,12.589595555555565
12245,28.999033015873003
12246,13.482175555555566
12247,13.509803030303045
12248,12.189160000000008
12249,11.053045185185194
12250,21.231899999999957
12251,17.439888874458845
12252,13.1596888888889
12253,15.114307301587282
12254,15.836200000000002
12255,12.350944444444455
12256,25.292571746031708
12257,8.78188768934769
12258,17.439888874458845
12259,11.497874708994694
12260,14.614977777777764
12261,15.393949523809503
12262,11.027856666666667
12263,6.924189629629633
12264,14.892929629629622
12265,11.582586681096684
12266,15.068599999999982
12267,23.600936825396822
12268,12.009060962370967
12269,13.41493333333335
12270,14.60675555555554
12271,3.551806786916789
12272,13.578400000000016
12273,28.999033015873003
12274,14.769866666666642
12275,5.841653333333335
12276,11.736070158730167
12277,15.027943809523801
12278,13.142351111111125
12279,27.006819047619047
12280,17.7423111111111
12281,15.068599999999982
12282,11.027856666666667
12283,13.515066666666684
12284,21.53738323935319
12285,6.0706000000000016
12286,4.918728571428576
12287,6.0706000000000016
12288,25.621356666666635
12289,17.439888874458845
12290,9.359253968253965
12291,12.610231746031756
12292,13.52250444444443
12293,19.075255555555557
12294,11.267204117364114
12295,19.043472698412682
12296,13.600444444444456
12297,13.480000000000016
12298,13.509803030303045
12299,10.189526666666675
12300,14.60675555555554
12301,13.037066666666677
12302,17.46247103415103
12303,17.067445185185168
12304,12.80766124819626
12305,13.440353439153439
12306,15.992834761904726
12307,13.936755555555562
12308,6.113951111111112
12309,14.892929629629622
12310,12.859921904761903
12311,13.440353439153439
12312,19.601604232804192
12313,17.435167561327493
12314,21.231899999999957
12315,13.142351111111125
12316,13.219440000000017
12317,11.933100634920642
12318,17.067445185185168
12319,20.93605714285715
12320,14.30765005113794
12321,15.075055238095239
12322,13.480000000000016
12323,8.704683492063491
12324,9.090111269841271
12325,28.999033015873003
12326,13.205237777777771
12327,11.053045185185194
12328,17.46247103415103
12329,9.155183703703706
12330,19.748640105820044
12331,11.199426666666668
12332,19.075255555555557
12333,16.04562222222217
12334,4.983539811299813
12335,13.50511629629631
12336,7.805977777777779
12337,19.601604232804192
12338,13.483948888888902
12339,28.999033015873003
12340,19.844333333333253
12341,12.829875396825406
12342,13.526566349206359
12343,7.970072222222223
12344,13.345746753246756
12345,11.414091370111388
12346,13.205237777777771
12347,13.935251962481967
12348,13.753981428571443
12349,18.28188888888882
12350,13.254933333333348
12351,12.663893597883607
12352,12.80766124819626
12353,13.431466666666683
12354,7.970072222222223
12355,22.76799555555548
12356,8.704683492063491
12357,15.027943809523801
12358,11.695959206349208
12359,14.496652063492046
12360,14.769866666666642
12361,15.027943809523801
12362,20.60241999999997
12363,6.643740634920636
12364,11.843099999999996
12365,12.645500000000013
12366,8.78188768934769
12367,13.721755555555564
12368,12.47205111111111
12369,12.923799999999995
12370,28.999033015873003
12371,13.526163636363652
12372,12.560417777777777
12373,13.480000000000016
12374,16.62603111111107
12375,12.518220894660903
12376,15.5868146031746
12377,34.531299999999995
12378,21.329424444444378
12379,12.589595555555565
12380,18.144333814333763
12381,36.82556111111107
12382,7.970072222222223
12383,11.497874708994694
12384,12.026900952380965
12385,3.551806786916789
12386,4.918728571428576
12387,13.597515555555567
12388,11.624597792207803
12389,14.180940086580081
12390,19.957059090909024
12391,13.093926190476186
12392,7.449610533910536
12393,11.438538888888864
12394,18.644892510822498
12395,15.544777777777748
12396,13.818369590964597
12397,7.449610533910536
12398,13.604869841269856
12399,13.916032962962953
12400,14.165592698412699
12401,15.255600976430944
12402,13.819444184704189
12403,27.790416666666644
12404,11.438538888888864
12405,13.8108983068783
12406,13.818369590964597
12407,25.873006397306384
12408,14.855227142857126
12409,21.695639047619043
12410,12.01439686202685
12411,15.544777777777748
12412,13.414648888888903
12413,12.317847195767198
12414,12.317847195767198
12415,19.957059090909024
12416,14.734747566137557
12417,12.237773333333331
12418,13.580266666666683
12419,13.818369590964597
12420,16.172026739926714
12421,19.71323619047619
12422,16.433720634920594
12423,21.875713333333298
12424,13.661381904761914
12425,14.655131515151506
12426,19.71323619047619
12427,7.449610533910536
12428,11.624597792207803
12429,20.53327111111109
12430,22.39394084656076
12431,13.763511111111123
12432,12.421820105820107
12433,15.0964476190476
12434,14.98478317460315
12435,16.400165396825358
12436,7.449610533910536
12437,22.657903116883055
12438,13.050370793650808
12439,13.6922915873016
12440,19.71323619047619
12441,13.229173333333337
12442,11.772642628482616
12443,18.75279815776809
12444,14.463059047619051
12445,20.114973068783033
12446,12.01439686202685
12447,25.873006397306384
12448,13.769819047619054
12449,17.78171111111108
12450,14.668499999999979
12451,11.624597792207803
12452,13.838722222222225
12453,13.863324444444451
12454,15.67393777777776
12455,14.070730158730157
12456,20.114973068783033
12457,10.212998810818812
12458,18.43818730158729
12459,13.661381904761914
12460,13.818369590964597
12461,11.772642628482616
12462,13.285707301587282
12463,12.353354074074081
12464,13.050370793650808
12465,13.818369590964597
12466,14.20845470899471
12467,18.644892510822498
12468,15.670980952380917
12469,11.438538888888864
12470,11.264584694564697
12471,10.000091111111109
12472,27.790416666666644
12473,16.044954100344068
12474,12.421820105820107
12475,13.818369590964597
12476,21.875713333333298
12477,13.76529201539202
12478,16.119623492063447
12479,13.188732275132281
12480,14.20845470899471
12481,13.604869841269856
12482,12.317847195767198
12483,13.562578571428581
12484,13.405140582010594
12485,14.98478317460315
12486,14.527498148148133
12487,14.133236825396823
12488,7.449610533910536
12489,5.110619432419434
12490,11.455657407407411
12491,14.070730158730157
12492,14.011816190476189
12493,18.43818730158729
12494,22.255416666666665
12495,22.255416666666665
12496,13.944319624819627
12497,7.88412888888889
12498,15.240629417989394
12499,7.449610533910536
12500,12.928963492063504
12501,15.240629417989394
12502,14.074922857142859
12503,13.580266666666683
12504,16.433720634920594
12505,12.599529629629608
12506,13.604869841269856
12507,13.481768095238094
12508,18.123884761904698
12509,16.700711111111072
12510,21.695639047619043
12511,14.668499999999979
12512,16.172026739926714
12513,12.771872063492063
12514,13.916032962962953
12515,12.825203809523815
12516,12.01439686202685
12517,13.229173333333337
12518,17.921104444444417
12519,11.772642628482616
12520,9.621665925925912
12521,11.438538888888864
12522,18.644892510822498
12523,19.71323619047619
12524,17.816206031745974
12525,16.119623492063447
12526,10.000091111111109
12527,18.644892510822498
12528,13.612100000000014
12529,16.367130793650766
12530,13.604869841269856
12531,12.421820105820107
12532,11.772642628482616
12533,11.624597792207803
12534,14.468984444444438
12535,17.06416878306874
12536,17.816206031745974
12537,22.657903116883055
12538,31.60405475919506
12539,14.206381481481476
12540,18.644892510822498
12541,18.644892510822498
12542,14.320367619047593
12543,13.138924444444454
12544,22.255416666666665
12545,13.352133333333349
12546,11.438538888888864
12547,27.790416666666644
12548,20.114973068783033
12549,13.8108983068783
12550,15.448072645502616
12551,14.464995555555543
12552,12.464356810966814
12553,22.657903116883055
12554,16.172026739926714
12555,10.212998810818812
12556,7.960508888888883
12557,12.353354074074081
12558,13.285707301587282
12559,16.016301789321762
12560,13.481768095238094
12561,14.20845470899471
12562,16.700711111111072
12563,11.772642628482616
12564,14.833330476190456
12565,7.449610533910536
12566,18.11139492063489
12567,14.206381481481476
12568,9.621665925925912
12569,12.01439686202685
12570,18.43818730158729
12571,9.564579095719095
12572,12.489408888888889
12573,16.37633999999998
12574,13.475788888888902
12575,13.885546666666675
12576,11.905406666666673
12577,1.4605010101010103
12578,13.504200000000015
12579,9.564579095719095
12580,32.7862238095238
12581,12.350311111111088
12582,13.921422222222233
12583,8.609447474747476
12584,11.968266666666667
12585,2.1064059873459895
12586,13.639410370370388
12587,2.1064059873459895
12588,6.6540234920634935
12589,13.336697142857147
12590,13.107777777777793
12591,12.396377777777788
12592,13.996552222222205
12593,15.323539999999975
12594,13.323266984126999
12595,11.792400264550263
12596,12.396377777777788
12597,14.923717460317445
12598,13.504200000000015
12599,13.47173333333335
12600,15.638693333333292
12601,23.151641639841635
12602,13.571957777777788
12603,13.468033333333349
12604,14.69183666666665
12605,13.96811555555556
12606,14.391961904761905
12607,13.316241481481493
12608,13.683368465608455
12609,16.4183511111111
12610,14.642287619047607
12611,10.927943333333333
12612,13.418380476190473
12613,13.870884444444451
12614,12.713797460317474
12615,10.526374285714281
12616,25.735459999999946
12617,24.651628907018882
12618,10.786932251082236
12619,10.358847619047609
12620,7.206046666666667
12621,21.884399999999985
12622,8.52295492063492
12623,15.082224603174575
12624,12.091572063492068
12625,17.06318074074071
12626,13.47173333333335
12627,13.834696507936508
12628,10.786932251082236
12629,14.072555555555534
12630,13.555259672919673
12631,13.947250370370371
12632,13.885546666666675
12633,14.254266666666663
12634,14.3160507070707
12635,13.571957777777788
12636,14.690556825396813
12637,14.254266666666663
12638,9.775888119288107
12639,13.317600000000013
12640,13.206300000000011
12641,10.744247557997564
12642,13.996552222222205
12643,14.684466984126965
12644,3.9504120634920667
12645,13.201650793650808
12646,13.095760634920648
12647,17.08113999999998
12648,10.786932251082236
12649,12.350311111111088
12650,15.673226666666638
12651,13.406800000000016
12652,13.800987619047625
12653,13.148030158730167
12654,13.797484444444454
12655,13.210498412698428
12656,14.851774603174581
12657,16.24867238095235
12658,14.864359523809522
12659,10.786932251082236
12660,16.490662222222184
12661,13.418380476190473
12662,3.8729841269841283
12663,13.405742857142853
12664,42.18488555555554
12665,19.416764444444393
12666,10.526374285714281
12667,13.733427619047621
12668,12.26619999999998
12669,12.999868383838379
12670,11.377980317460326
12671,13.683368465608455
12672,38.65973333333333
12673,12.555676507936516
12674,13.793833333333339
12675,13.557691428571443
12676,11.440882962962966
12677,13.504200000000015
12678,12.231515449735436
12679,13.85711555555556
12680,12.396836190476186
12681,14.864359523809522
12682,14.52190416065414
12683,13.12649820105821
12684,13.336697142857147
12685,14.254266666666663
12686,10.744247557997564
12687,6.6661888888888905
12688,10.28652063492063
12689,18.169311111111075
12690,13.418380476190473
12691,18.30757968253966
12692,14.195926296296284
12693,20.007003030303032
12694,13.418380476190473
12695,10.482260317460321
12696,13.725317777777787
12697,13.47541333333335
12698,13.47173333333335
12699,13.581487449587458
12700,13.405742857142853
12701,4.036666666666667
12702,18.376387301587233
12703,13.353095238095255
12704,11.440882962962966
12705,14.52190416065414
12706,14.295279999999996
12707,16.37633999999998
12708,8.609447474747476
12709,14.399405396825392
12710,12.840734285714285
12711,13.504747822547829
12712,7.206046666666667
12713,13.478400000000017
12714,14.864359523809522
12715,20.058655555555486
12716,8.609447474747476
12717,14.862335555555541
12718,7.389656825396827
12719,8.609447474747476
12720,13.763742222222232
12721,8.609447474747476
12722,11.88551095238095
12723,14.254932539682516
12724,11.792400264550263
12725,15.20743111111108
12726,12.27677936507937
12727,10.37635548636549
12728,12.761332258852269
12729,13.461733333333349
12730,14.683159551559548
12731,14.944878412698396
12732,13.67029671957669
12733,1.7510084656084655
12734,19.923637513227494
12735,13.204507566137572
12736,9.260246349206346
12737,8.087803771043767
12738,10.454031133681125
12739,27.330697142857098
12740,11.760193626743604
12741,15.686797460317424
12742,5.3952737037037055
12743,13.941365079365074
12744,6.770293049260111
12745,11.502193893666238
12746,6.2903815873015905
12747,17.887140163540135
12748,13.398935555555553
12749,20.928646883116812
12750,10.37635548636549
12751,13.156664550264535
12752,9.591973504273504
12753,10.496630846560839
12754,3.3735593650793665
12755,11.290136483516468
12756,20.417248888888835
12757,13.200038095238105
12758,22.098974444444373
12759,13.442845396825403
12760,13.668146984126993
12761,18.90982222222222
12762,13.236350288600265
12763,13.941365079365074
12764,16.564718571428564
12765,12.742525873015856
12766,12.322326984126995
12767,11.772812368437652
12768,15.495220317460314
12769,16.5851073015873
12770,16.39659476190473
12771,13.12575555555557
12772,15.867670607170613
12773,4.419294781848699
12774,14.107520000000001
12775,12.27677936507937
12776,14.130854163614163
12777,12.969840000000008
12778,14.683159551559548
12779,14.991481025641011
12780,11.290136483516468
12781,20.251147630147617
12782,16.40488494912492
12783,3.3735593650793665
12784,20.927979670482014
12785,12.969840000000008
12786,9.591973504273504
12787,13.67029671957669
12788,16.076731510341492
12789,7.318177575757573
12790,13.64532952380954
12791,13.772466666666672
12792,5.076887936507939
12793,16.009727301587265
12794,25.70417111111109
12795,13.032730476190466
12796,13.616317094017107
12797,13.66567936507938
12798,14.683159551559548
12799,10.496630846560839
12800,16.980170838790816
12801,17.529858412698374
12802,15.495220317460314
12803,13.887187301587295
12804,16.22247507936504
12805,13.66567936507938
12806,13.124488888888896
12807,15.867670607170613
12808,11.502193893666238
12809,12.518773439153438
12810,18.953764338624282
12811,11.867455555555557
12812,14.11834253968254
12813,16.40488494912492
12814,12.508111111111111
12815,12.817213968253974
12816,14.751665060125045
12817,12.63190535834535
12818,5.353649206349203
12819,20.927979670482014
12820,5.787964427663836
12821,11.942254285714277
12822,22.098974444444373
12823,15.245916878306861
12824,11.502193893666238
12825,6.579618571428571
12826,33.6561306349206
12827,13.943164444444443
12828,14.683159551559548
12829,22.902133333333335
12830,4.76865396825397
12831,12.2483311111111
12832,15.867670607170613
12833,13.933044802670093
12834,7.929133843193836
12835,14.189383015873014
12836,22.902133333333335
12837,12.004970793650795
12838,5.787964427663836
12839,13.099784776334777
12840,12.347094843304843
12841,13.279670755170757
12842,11.290136483516468
12843,13.001939955969952
12844,14.189383015873014
12845,8.087803771043767
12846,24.675082433862414
12847,12.938795555555563
12848,14.095986329966324
12849,9.996178316498314
12850,13.416530586080572
12851,10.496630846560839
12852,13.032730476190466
12853,12.68869624338624
12854,11.760193626743604
12855,13.055410158730167
12856,11.760193626743604
12857,14.802729634439617
12858,13.79522719576719
12859,17.807855291005282
12860,4.251381818181819
12861,13.69852777777778
12862,19.557573015873025
12863,7.929133843193836
12864,13.933044802670093
12865,19.29162841269835
12866,13.124488888888896
12867,13.262899365079361
12868,13.610371111111126
12869,8.454889393939396
12870,11.867455555555557
12871,13.200038095238105
12872,13.393538013838018
12873,19.04219830687826
12874,12.63190535834535
12875,11.637551678691668
12876,12.68869624338624
12877,7.929133843193836
12878,10.508222539682542
12879,17.70389908831905
12880,12.347094843304843
12881,13.933044802670093
12882,12.231839316239306
12883,17.70389908831905
12884,24.73592370370365
12885,16.40488494912492
12886,15.199375128205117
12887,21.16573328042324
12888,10.37635548636549
12889,14.105047936507939
12890,13.550981164021174
12891,17.977959281128218
12892,14.130854163614163
12893,14.395854785954773
12894,11.913973333333345
12895,16.564718571428564
12896,13.490733333333349
12897,13.941365079365074
12898,13.393538013838018
12899,13.262899365079361
12900,2.083464444444445
12901,16.882042083733253
12902,6.2903815873015905
12903,24.675082433862414
12904,12.322326984126995
12905,17.70389908831905
12906,7.929133843193836
12907,16.40488494912492
12908,12.347094843304843
12909,13.055410158730167
12910,8.454889393939396
12911,12.68869624338624
12912,13.379112539682543
12913,20.11538444444439
12914,14.117002861952857
