ID,Delay
1,on-time
2,delayed
3,on-time
4,on-time
5,on-time
6,on-time
7,on-time
8,on-time
9,delayed
10,on-time
11,on-time
12,on-time
13,on-time
14,on-time
15,delayed
16,on-time
17,on-time
18,on-time
19,on-time
20,on-time
21,on-time
22,on-time
23,on-time
24,on-time
25,delayed
26,delayed
27,on-time
28,on-time
29,on-time
30,on-time
31,on-time
32,on-time
33,on-time
34,delayed
35,on-time
36,on-time
37,on-time
38,on-time
39,on-time
40,on-time
41,on-time
42,on-time
43,on-time
44,on-time
45,on-time
46,on-time
47,delayed
48,on-time
49,on-time
50,on-time
51,on-time
52,delayed
53,on-time
54,on-time
55,on-time
56,on-time
57,on-time
58,delayed
59,on-time
60,on-time
61,delayed
62,on-time
63,on-time
64,on-time
65,on-time
66,on-time
67,delayed
68,on-time
69,on-time
70,on-time
71,on-time
72,on-time
73,on-time
74,on-time
75,on-time
76,on-time
77,on-time
78,on-time
79,on-time
80,on-time
81,on-time
82,on-time
83,on-time
84,on-time
85,on-time
86,on-time
87,on-time
88,on-time
89,on-time
90,on-time
91,on-time
92,on-time
93,on-time
94,delayed
95,on-time
96,on-time
97,on-time
98,on-time
99,on-time
100,delayed
101,on-time
102,on-time
103,on-time
104,delayed
105,on-time
106,on-time
107,on-time
108,on-time
109,on-time
110,on-time
111,on-time
112,on-time
113,on-time
114,on-time
115,on-time
116,on-time
117,on-time
118,on-time
119,on-time
120,on-time
121,on-time
122,on-time
123,on-time
124,on-time
125,on-time
126,delayed
127,on-time
128,on-time
129,on-time
130,on-time
131,on-time
132,on-time
133,on-time
134,on-time
135,on-time
136,on-time
137,on-time
138,on-time
139,on-time
140,on-time
141,delayed
142,on-time
143,delayed
144,on-time
145,on-time
146,on-time
147,on-time
148,on-time
149,on-time
150,on-time
151,on-time
152,on-time
153,on-time
154,on-time
155,delayed
156,on-time
157,on-time
158,on-time
159,on-time
160,delayed
161,on-time
162,on-time
163,delayed
164,delayed
165,on-time
166,on-time
167,on-time
168,on-time
169,on-time
170,on-time
171,on-time
172,on-time
173,on-time
174,on-time
175,on-time
176,on-time
177,on-time
178,on-time
179,on-time
180,delayed
181,on-time
182,on-time
183,on-time
184,on-time
185,on-time
186,delayed
187,on-time
188,on-time
189,on-time
190,on-time
191,on-time
192,on-time
193,on-time
194,on-time
195,on-time
196,on-time
197,on-time
198,on-time
199,on-time
200,on-time
201,on-time
202,delayed
203,on-time
204,on-time
205,on-time
206,on-time
207,on-time
208,on-time
209,on-time
210,on-time
211,on-time
212,on-time
213,on-time
214,on-time
215,delayed
216,on-time
217,on-time
218,on-time
219,on-time
220,on-time
221,on-time
222,on-time
223,delayed
224,on-time
225,on-time
226,on-time
227,on-time
228,delayed
229,on-time
230,on-time
231,on-time
232,on-time
233,delayed
234,on-time
235,on-time
236,on-time
237,on-time
238,on-time
239,on-time
240,on-time
241,on-time
242,on-time
243,on-time
244,on-time
245,on-time
246,delayed
247,on-time
248,on-time
249,on-time
250,on-time
251,on-time
252,on-time
253,on-time
254,on-time
255,delayed
256,on-time
257,on-time
258,on-time
259,on-time
260,on-time
261,on-time
262,on-time
263,on-time
264,on-time
265,on-time
266,on-time
267,on-time
268,on-time
269,on-time
270,on-time
271,on-time
272,on-time
273,on-time
274,on-time
275,on-time
276,on-time
277,on-time
278,on-time
279,on-time
280,on-time
281,on-time
282,on-time
283,on-time
284,on-time
285,on-time
286,on-time
287,on-time
288,on-time
289,on-time
290,on-time
291,on-time
292,on-time
293,on-time
294,on-time
295,on-time
296,on-time
297,on-time
298,on-time
299,on-time
300,on-time
301,on-time
302,on-time
303,on-time
304,on-time
305,on-time
306,on-time
307,delayed
308,delayed
309,on-time
310,on-time
311,delayed
312,on-time
313,on-time
314,on-time
315,on-time
316,on-time
317,on-time
318,on-time
319,on-time
320,on-time
321,delayed
322,on-time
323,delayed
324,on-time
325,on-time
326,on-time
327,on-time
328,on-time
329,on-time
330,on-time
331,delayed
332,on-time
333,on-time
334,on-time
335,on-time
336,on-time
337,on-time
338,on-time
339,on-time
340,on-time
341,on-time
342,on-time
343,on-time
344,on-time
345,on-time
346,on-time
347,on-time
348,delayed
349,on-time
350,on-time
351,on-time
352,on-time
353,on-time
354,on-time
355,delayed
356,on-time
357,on-time
358,on-time
359,on-time
360,on-time
361,on-time
362,on-time
363,delayed
364,on-time
365,on-time
366,on-time
367,on-time
368,on-time
369,on-time
370,on-time
371,on-time
372,on-time
373,on-time
374,on-time
375,on-time
376,on-time
377,on-time
378,on-time
379,delayed
380,on-time
381,on-time
382,on-time
383,on-time
384,on-time
385,delayed
386,on-time
387,on-time
388,on-time
389,on-time
390,on-time
391,on-time
392,on-time
393,on-time
394,on-time
395,delayed
396,on-time
397,on-time
398,on-time
399,on-time
400,on-time
401,delayed
402,on-time
403,on-time
404,on-time
405,on-time
406,on-time
407,delayed
408,on-time
409,on-time
410,on-time
411,delayed
412,on-time
413,on-time
414,on-time
415,on-time
416,on-time
417,on-time
418,on-time
419,on-time
420,delayed
421,on-time
422,delayed
423,on-time
424,on-time
425,on-time
426,on-time
427,on-time
428,on-time
429,on-time
430,on-time
431,on-time
432,delayed
433,on-time
434,on-time
435,on-time
436,on-time
437,on-time
438,on-time
439,on-time
440,on-time
441,on-time
442,delayed
443,delayed
444,on-time
445,on-time
446,on-time
447,on-time
448,on-time
449,on-time
450,on-time
451,on-time
452,delayed
453,on-time
454,on-time
455,on-time
456,on-time
457,on-time
458,on-time
459,on-time
460,delayed
461,on-time
462,on-time
463,on-time
464,delayed
465,on-time
466,delayed
467,on-time
468,on-time
469,on-time
470,on-time
471,on-time
472,on-time
473,on-time
474,on-time
475,on-time
476,on-time
477,on-time
478,on-time
479,on-time
480,on-time
481,on-time
482,on-time
483,on-time
484,on-time
485,on-time
486,on-time
487,on-time
488,on-time
489,on-time
490,on-time
491,on-time
492,on-time
493,on-time
494,on-time
495,on-time
496,on-time
497,on-time
498,on-time
499,on-time
500,delayed
501,on-time
502,on-time
503,delayed
504,delayed
505,on-time
506,on-time
507,on-time
508,delayed
509,on-time
510,on-time
511,on-time
512,on-time
513,on-time
514,on-time
515,on-time
516,on-time
517,on-time
518,on-time
519,on-time
520,on-time
521,on-time
522,on-time
523,delayed
524,on-time
525,on-time
526,on-time
527,on-time
528,delayed
529,delayed
530,delayed
531,on-time
532,on-time
533,on-time
534,on-time
535,on-time
536,on-time
537,on-time
538,on-time
539,on-time
540,delayed
541,on-time
542,delayed
543,on-time
544,on-time
545,on-time
546,on-time
547,on-time
548,on-time
549,on-time
550,delayed
551,on-time
552,on-time
553,on-time
554,on-time
555,on-time
556,on-time
557,on-time
558,on-time
559,on-time
560,on-time
561,on-time
562,on-time
563,on-time
564,on-time
565,on-time
566,delayed
567,on-time
568,delayed
569,on-time
570,on-time
571,on-time
572,delayed
573,on-time
574,delayed
575,on-time
576,delayed
577,on-time
578,on-time
579,on-time
580,on-time
581,delayed
582,on-time
583,delayed
584,on-time
585,on-time
586,on-time
587,on-time
588,on-time
589,delayed
590,on-time
591,on-time
592,on-time
593,delayed
594,on-time
595,on-time
596,on-time
597,on-time
598,on-time
599,delayed
600,on-time
601,on-time
602,on-time
603,on-time
604,on-time
605,on-time
606,on-time
607,on-time
608,on-time
609,on-time
610,on-time
611,on-time
612,on-time
613,on-time
614,on-time
615,delayed
616,on-time
617,on-time
618,on-time
619,delayed
620,on-time
621,on-time
622,on-time
623,on-time
624,on-time
625,on-time
626,on-time
627,on-time
628,delayed
629,on-time
630,on-time
631,delayed
632,on-time
633,delayed
634,on-time
635,on-time
636,on-time
637,on-time
638,on-time
639,on-time
640,on-time
641,on-time
642,on-time
643,on-time
644,delayed
645,on-time
646,on-time
647,on-time
648,delayed
649,on-time
650,on-time
651,on-time
652,delayed
653,on-time
654,on-time
655,on-time
656,on-time
657,on-time
658,on-time
659,on-time
660,on-time
661,on-time
662,on-time
663,on-time
664,on-time
665,delayed
666,on-time
667,on-time
668,on-time
669,on-time
670,delayed
671,on-time
672,delayed
673,delayed
674,delayed
675,on-time
676,on-time
677,on-time
678,on-time
679,on-time
680,delayed
681,delayed
682,on-time
683,on-time
684,on-time
685,on-time
686,on-time
687,on-time
688,on-time
689,delayed
690,on-time
691,on-time
692,on-time
693,on-time
694,delayed
695,on-time
696,on-time
697,on-time
698,on-time
699,on-time
700,on-time
701,delayed
702,on-time
703,on-time
704,on-time
705,on-time
706,on-time
707,on-time
708,on-time
709,on-time
710,on-time
711,on-time
712,delayed
713,on-time
714,on-time
715,on-time
716,on-time
717,on-time
718,on-time
719,delayed
720,delayed
721,delayed
722,on-time
723,on-time
724,on-time
725,on-time
726,on-time
727,on-time
728,on-time
729,on-time
730,on-time
731,on-time
732,on-time
733,delayed
734,on-time
735,on-time
736,on-time
737,on-time
738,on-time
739,on-time
740,on-time
741,on-time
742,on-time
743,on-time
744,on-time
745,on-time
746,on-time
747,on-time
748,on-time
749,on-time
750,on-time
751,delayed
752,delayed
753,on-time
754,delayed
755,on-time
756,on-time
757,on-time
758,on-time
759,on-time
760,on-time
761,on-time
762,on-time
763,on-time
764,on-time
765,on-time
766,on-time
767,on-time
768,on-time
769,on-time
770,on-time
771,on-time
772,on-time
773,on-time
774,on-time
775,on-time
776,on-time
777,on-time
778,on-time
779,on-time
780,on-time
781,on-time
782,on-time
783,on-time
784,on-time
785,on-time
786,on-time
787,on-time
788,on-time
789,on-time
790,on-time
791,on-time
792,on-time
793,on-time
794,on-time
795,on-time
796,on-time
797,on-time
798,on-time
799,delayed
800,on-time
801,delayed
802,on-time
803,on-time
804,on-time
805,on-time
806,on-time
807,on-time
808,on-time
809,on-time
810,on-time
811,on-time
812,delayed
813,on-time
814,delayed
815,on-time
816,on-time
817,on-time
818,on-time
819,on-time
820,on-time
821,delayed
822,on-time
823,on-time
824,on-time
825,on-time
826,on-time
827,on-time
828,on-time
829,on-time
830,on-time
831,on-time
832,on-time
833,on-time
834,on-time
835,on-time
836,on-time
837,on-time
838,on-time
839,on-time
840,on-time
841,delayed
842,on-time
843,on-time
844,on-time
845,delayed
846,delayed
847,on-time
848,on-time
849,on-time
850,on-time
851,on-time
852,delayed
853,on-time
854,on-time
855,delayed
856,on-time
857,on-time
858,on-time
859,on-time
860,delayed
861,on-time
862,on-time
863,on-time
864,on-time
865,on-time
866,on-time
867,on-time
868,on-time
869,delayed
870,delayed
871,delayed
872,on-time
873,on-time
874,on-time
875,on-time
876,on-time
877,on-time
878,on-time
879,on-time
880,on-time
881,on-time
882,on-time
883,on-time
884,on-time
885,on-time
886,on-time
887,on-time
888,on-time
889,on-time
890,on-time
891,on-time
892,on-time
893,on-time
894,on-time
895,delayed
896,on-time
897,on-time
898,on-time
899,on-time
900,on-time
901,on-time
902,on-time
903,on-time
904,on-time
905,on-time
906,on-time
907,on-time
908,on-time
909,on-time
910,delayed
911,on-time
912,on-time
913,on-time
914,on-time
915,on-time
916,on-time
917,on-time
918,on-time
919,delayed
920,on-time
921,on-time
922,on-time
923,on-time
924,on-time
925,on-time
926,on-time
927,on-time
928,on-time
929,on-time
930,on-time
931,on-time
932,on-time
933,on-time
934,on-time
935,on-time
936,on-time
937,on-time
938,on-time
939,on-time
940,on-time
941,on-time
942,on-time
943,on-time
944,on-time
945,on-time
946,delayed
947,delayed
948,on-time
949,on-time
950,on-time
951,on-time
952,on-time
953,on-time
954,on-time
955,on-time
956,on-time
957,on-time
958,on-time
959,on-time
960,on-time
961,on-time
962,on-time
963,on-time
964,on-time
965,on-time
966,on-time
967,on-time
968,on-time
969,on-time
970,on-time
971,on-time
972,delayed
973,on-time
974,on-time
975,on-time
976,delayed
977,on-time
978,on-time
979,on-time
980,on-time
981,on-time
982,on-time
983,on-time
984,on-time
985,delayed
986,on-time
987,on-time
988,on-time
989,on-time
990,delayed
991,on-time
992,on-time
993,on-time
994,delayed
995,on-time
996,on-time
997,on-time
998,on-time
999,on-time
1000,on-time
1001,on-time
1002,on-time
1003,on-time
1004,on-time
1005,on-time
1006,on-time
1007,on-time
1008,delayed
1009,on-time
1010,on-time
1011,on-time
1012,on-time
1013,on-time
1014,on-time
1015,on-time
1016,on-time
1017,on-time
1018,on-time
1019,on-time
1020,on-time
1021,on-time
1022,delayed
1023,on-time
1024,on-time
1025,on-time
1026,on-time
1027,on-time
1028,on-time
1029,on-time
1030,on-time
1031,on-time
1032,on-time
1033,on-time
1034,on-time
1035,on-time
1036,on-time
1037,on-time
1038,on-time
1039,on-time
1040,on-time
1041,on-time
1042,on-time
1043,on-time
1044,on-time
1045,on-time
1046,on-time
1047,on-time
1048,on-time
1049,on-time
1050,on-time
1051,on-time
1052,on-time
1053,on-time
1054,on-time
1055,on-time
1056,on-time
1057,on-time
1058,on-time
1059,delayed
1060,on-time
1061,on-time
1062,on-time
1063,on-time
1064,delayed
1065,on-time
1066,on-time
1067,delayed
1068,on-time
1069,on-time
1070,on-time
1071,on-time
1072,on-time
1073,on-time
1074,on-time
1075,on-time
1076,delayed
1077,on-time
1078,on-time
1079,on-time
1080,delayed
1081,on-time
1082,delayed
1083,on-time
1084,on-time
1085,on-time
1086,on-time
1087,on-time
1088,on-time
1089,on-time
1090,on-time
1091,on-time
1092,on-time
1093,on-time
1094,on-time
1095,on-time
1096,delayed
1097,delayed
1098,on-time
1099,on-time
1100,delayed
1101,on-time
1102,on-time
1103,on-time
1104,on-time
1105,on-time
1106,delayed
1107,delayed
1108,on-time
1109,delayed
1110,on-time
1111,delayed
1112,on-time
1113,on-time
1114,on-time
1115,on-time
1116,on-time
1117,delayed
1118,on-time
1119,on-time
1120,on-time
1121,on-time
1122,on-time
1123,delayed
1124,on-time
1125,on-time
1126,on-time
1127,on-time
1128,delayed
1129,delayed
1130,on-time
1131,on-time
1132,delayed
1133,on-time
1134,on-time
1135,on-time
1136,on-time
1137,on-time
1138,on-time
1139,on-time
1140,on-time
1141,on-time
1142,on-time
1143,on-time
1144,delayed
1145,on-time
1146,on-time
1147,delayed
1148,on-time
1149,delayed
1150,on-time
1151,on-time
1152,on-time
1153,on-time
1154,on-time
1155,on-time
1156,on-time
1157,on-time
1158,on-time
1159,on-time
1160,on-time
1161,on-time
1162,on-time
1163,on-time
1164,on-time
1165,delayed
1166,on-time
1167,on-time
1168,on-time
1169,on-time
1170,on-time
1171,on-time
1172,on-time
1173,delayed
1174,delayed
1175,delayed
1176,on-time
1177,on-time
1178,on-time
1179,on-time
1180,on-time
1181,on-time
1182,on-time
1183,on-time
1184,on-time
1185,on-time
1186,on-time
1187,on-time
1188,on-time
1189,delayed
1190,on-time
1191,on-time
1192,on-time
1193,on-time
1194,on-time
1195,on-time
1196,on-time
1197,on-time
1198,on-time
1199,on-time
1200,delayed
1201,on-time
1202,on-time
1203,delayed
1204,on-time
1205,delayed
1206,on-time
1207,on-time
1208,on-time
1209,on-time
1210,on-time
1211,on-time
1212,delayed
1213,on-time
1214,on-time
1215,on-time
1216,delayed
1217,delayed
1218,delayed
1219,on-time
1220,on-time
1221,on-time
1222,on-time
1223,on-time
1224,on-time
1225,on-time
1226,on-time
1227,on-time
1228,on-time
1229,delayed
1230,delayed
1231,delayed
1232,delayed
1233,on-time
1234,on-time
1235,on-time
1236,delayed
1237,on-time
1238,on-time
1239,on-time
1240,on-time
1241,on-time
1242,delayed
1243,on-time
1244,on-time
1245,on-time
1246,on-time
1247,on-time
1248,delayed
1249,on-time
1250,on-time
1251,on-time
1252,on-time
1253,on-time
1254,on-time
1255,on-time
1256,on-time
1257,on-time
1258,on-time
1259,on-time
1260,on-time
1261,on-time
1262,on-time
1263,on-time
1264,on-time
1265,on-time
1266,on-time
1267,on-time
1268,on-time
1269,delayed
1270,on-time
1271,on-time
1272,on-time
1273,delayed
1274,on-time
1275,delayed
1276,on-time
1277,on-time
1278,on-time
1279,on-time
1280,on-time
1281,on-time
1282,on-time
1283,on-time
1284,on-time
1285,delayed
1286,on-time
1287,on-time
1288,on-time
1289,delayed
1290,on-time
1291,on-time
1292,on-time
1293,on-time
1294,on-time
1295,on-time
1296,on-time
1297,on-time
1298,on-time
1299,on-time
1300,on-time
1301,on-time
1302,on-time
1303,on-time
1304,on-time
1305,on-time
1306,on-time
1307,on-time
1308,on-time
1309,on-time
1310,on-time
1311,on-time
1312,on-time
1313,on-time
1314,on-time
1315,on-time
1316,delayed
1317,on-time
1318,delayed
1319,on-time
1320,on-time
1321,on-time
1322,on-time
1323,on-time
1324,on-time
1325,on-time
1326,on-time
1327,on-time
1328,on-time
1329,on-time
1330,on-time
1331,on-time
1332,on-time
1333,delayed
1334,on-time
1335,on-time
1336,on-time
1337,delayed
1338,delayed
1339,on-time
1340,on-time
1341,on-time
1342,on-time
1343,on-time
1344,delayed
1345,on-time
1346,on-time
1347,on-time
1348,on-time
1349,delayed
1350,on-time
1351,on-time
1352,on-time
1353,delayed
1354,on-time
1355,on-time
1356,on-time
1357,on-time
1358,delayed
1359,on-time
1360,delayed
1361,on-time
1362,on-time
1363,on-time
1364,on-time
1365,on-time
1366,on-time
1367,on-time
1368,on-time
1369,on-time
1370,on-time
1371,on-time
1372,on-time
1373,on-time
1374,on-time
1375,on-time
1376,on-time
1377,on-time
1378,on-time
1379,on-time
1380,on-time
1381,on-time
1382,on-time
1383,on-time
1384,on-time
1385,on-time
1386,on-time
1387,on-time
1388,on-time
1389,on-time
1390,on-time
1391,on-time
1392,on-time
1393,on-time
1394,on-time
1395,on-time
1396,on-time
1397,on-time
1398,on-time
1399,on-time
1400,on-time
1401,on-time
1402,on-time
1403,on-time
1404,on-time
1405,on-time
1406,on-time
1407,on-time
1408,delayed
1409,on-time
1410,on-time
1411,on-time
1412,on-time
1413,on-time
1414,on-time
1415,on-time
1416,delayed
1417,delayed
1418,on-time
1419,on-time
1420,on-time
1421,on-time
1422,on-time
1423,on-time
1424,on-time
1425,on-time
1426,on-time
1427,on-time
1428,on-time
1429,on-time
1430,on-time
1431,delayed
1432,on-time
1433,on-time
1434,on-time
1435,on-time
1436,on-time
1437,on-time
1438,on-time
1439,on-time
1440,on-time
1441,on-time
1442,on-time
1443,on-time
1444,on-time
1445,on-time
1446,on-time
1447,on-time
1448,on-time
1449,on-time
1450,on-time
1451,on-time
1452,on-time
1453,on-time
1454,delayed
1455,on-time
1456,on-time
1457,on-time
1458,on-time
1459,on-time
1460,on-time
1461,on-time
1462,on-time
1463,on-time
1464,on-time
1465,on-time
1466,on-time
1467,on-time
1468,on-time
1469,on-time
1470,on-time
1471,on-time
1472,on-time
1473,delayed
1474,delayed
1475,on-time
1476,delayed
1477,on-time
1478,on-time
1479,on-time
1480,on-time
1481,on-time
1482,on-time
1483,on-time
1484,on-time
1485,delayed
1486,on-time
1487,on-time
1488,on-time
1489,on-time
1490,on-time
1491,delayed
1492,on-time
1493,on-time
1494,on-time
1495,on-time
1496,on-time
1497,on-time
1498,on-time
1499,delayed
1500,on-time
1501,on-time
1502,on-time
1503,on-time
1504,on-time
1505,on-time
1506,on-time
1507,on-time
1508,on-time
1509,on-time
1510,on-time
1511,on-time
1512,on-time
1513,on-time
1514,on-time
1515,on-time
1516,on-time
1517,on-time
1518,on-time
1519,delayed
1520,on-time
1521,delayed
1522,on-time
1523,on-time
1524,on-time
1525,on-time
1526,on-time
1527,on-time
1528,on-time
1529,on-time
1530,on-time
1531,on-time
1532,on-time
1533,on-time
1534,on-time
1535,on-time
1536,on-time
1537,on-time
1538,on-time
1539,on-time
1540,on-time
1541,on-time
1542,on-time
1543,on-time
1544,on-time
1545,on-time
1546,on-time
1547,on-time
1548,on-time
1549,delayed
1550,on-time
1551,on-time
1552,on-time
1553,on-time
1554,on-time
1555,on-time
1556,on-time
1557,delayed
1558,on-time
1559,on-time
1560,on-time
1561,on-time
1562,on-time
1563,on-time
1564,on-time
1565,on-time
1566,on-time
1567,delayed
1568,on-time
1569,on-time
1570,on-time
1571,delayed
1572,on-time
1573,on-time
1574,on-time
1575,on-time
1576,on-time
1577,on-time
1578,on-time
1579,on-time
1580,on-time
1581,on-time
1582,on-time
1583,on-time
1584,on-time
1585,on-time
1586,on-time
1587,on-time
1588,delayed
1589,on-time
1590,on-time
1591,on-time
1592,on-time
1593,on-time
1594,on-time
1595,on-time
1596,on-time
1597,on-time
1598,on-time
1599,on-time
1600,on-time
1601,on-time
1602,on-time
1603,on-time
1604,on-time
1605,on-time
1606,on-time
1607,on-time
1608,on-time
1609,on-time
1610,on-time
1611,on-time
1612,on-time
1613,on-time
1614,on-time
1615,on-time
1616,delayed
1617,on-time
1618,delayed
1619,on-time
1620,delayed
1621,on-time
1622,on-time
1623,delayed
1624,delayed
1625,on-time
1626,on-time
1627,on-time
1628,on-time
1629,on-time
1630,on-time
1631,on-time
1632,on-time
1633,on-time
1634,on-time
1635,on-time
1636,on-time
1637,delayed
1638,on-time
1639,on-time
1640,delayed
1641,on-time
1642,on-time
1643,delayed
1644,on-time
1645,on-time
1646,on-time
1647,on-time
1648,on-time
1649,on-time
1650,on-time
1651,on-time
1652,delayed
1653,on-time
1654,on-time
1655,on-time
1656,on-time
1657,on-time
1658,on-time
1659,on-time
1660,on-time
1661,on-time
1662,on-time
1663,on-time
1664,on-time
1665,on-time
1666,on-time
1667,on-time
1668,on-time
1669,on-time
1670,on-time
1671,on-time
1672,on-time
1673,on-time
1674,on-time
1675,on-time
1676,on-time
1677,on-time
1678,on-time
1679,delayed
1680,on-time
1681,on-time
1682,delayed
1683,on-time
1684,on-time
1685,on-time
1686,delayed
1687,on-time
1688,on-time
1689,delayed
1690,on-time
1691,on-time
1692,delayed
1693,delayed
1694,on-time
1695,on-time
1696,delayed
1697,on-time
1698,on-time
1699,delayed
1700,on-time
1701,on-time
1702,delayed
1703,on-time
1704,on-time
1705,on-time
1706,on-time
1707,delayed
1708,on-time
1709,on-time
1710,on-time
1711,on-time
1712,on-time
1713,on-time
1714,on-time
1715,on-time
1716,on-time
1717,on-time
1718,on-time
1719,on-time
1720,on-time
1721,on-time
1722,on-time
1723,on-time
1724,on-time
1725,on-time
1726,on-time
1727,on-time
1728,on-time
1729,on-time
1730,on-time
1731,on-time
1732,on-time
1733,delayed
1734,on-time
1735,on-time
1736,on-time
1737,on-time
1738,on-time
1739,on-time
1740,on-time
1741,on-time
1742,delayed
1743,on-time
1744,on-time
1745,on-time
1746,on-time
1747,on-time
1748,on-time
1749,on-time
1750,delayed
1751,on-time
1752,on-time
1753,on-time
1754,on-time
1755,on-time
1756,on-time
1757,on-time
1758,on-time
1759,on-time
1760,on-time
1761,on-time
1762,on-time
1763,on-time
1764,on-time
1765,on-time
1766,on-time
1767,on-time
1768,on-time
1769,on-time
1770,on-time
1771,on-time
1772,delayed
1773,on-time
1774,on-time
1775,on-time
1776,on-time
1777,on-time
1778,on-time
1779,on-time
1780,on-time
1781,on-time
1782,on-time
1783,on-time
1784,on-time
1785,on-time
1786,on-time
1787,delayed
1788,on-time
1789,on-time
1790,on-time
1791,on-time
1792,on-time
1793,on-time
1794,on-time
1795,on-time
1796,on-time
1797,on-time
1798,on-time
1799,delayed
1800,on-time
1801,on-time
1802,delayed
1803,on-time
1804,on-time
1805,on-time
1806,on-time
1807,delayed
1808,on-time
1809,on-time
1810,on-time
1811,on-time
1812,on-time
1813,on-time
1814,on-time
1815,on-time
1816,on-time
1817,on-time
1818,on-time
1819,on-time
1820,on-time
1821,on-time
1822,on-time
1823,on-time
1824,on-time
1825,on-time
1826,delayed
1827,on-time
1828,on-time
1829,on-time
1830,on-time
1831,on-time
1832,on-time
1833,on-time
1834,on-time
1835,on-time
1836,on-time
1837,on-time
1838,on-time
1839,on-time
1840,on-time
1841,on-time
1842,on-time
1843,on-time
1844,on-time
1845,on-time
1846,on-time
1847,on-time
1848,on-time
1849,on-time
1850,on-time
1851,delayed
1852,on-time
1853,on-time
1854,on-time
1855,on-time
1856,on-time
1857,delayed
1858,on-time
1859,on-time
1860,on-time
1861,on-time
1862,on-time
1863,on-time
1864,on-time
1865,delayed
1866,on-time
1867,on-time
1868,on-time
1869,on-time
1870,on-time
1871,on-time
1872,on-time
1873,on-time
1874,on-time
1875,on-time
1876,on-time
1877,on-time
1878,on-time
1879,on-time
1880,on-time
1881,delayed
1882,on-time
1883,on-time
1884,on-time
1885,on-time
1886,delayed
1887,delayed
1888,on-time
1889,on-time
1890,on-time
1891,on-time
1892,on-time
1893,delayed
1894,on-time
1895,delayed
1896,on-time
1897,delayed
1898,on-time
1899,on-time
1900,on-time
1901,on-time
1902,on-time
1903,delayed
1904,on-time
1905,on-time
1906,on-time
1907,on-time
1908,on-time
1909,on-time
1910,on-time
1911,on-time
1912,on-time
1913,on-time
1914,on-time
1915,on-time
1916,on-time
1917,on-time
1918,on-time
1919,on-time
1920,on-time
1921,on-time
1922,on-time
1923,on-time
1924,on-time
1925,on-time
1926,on-time
1927,on-time
1928,on-time
1929,on-time
1930,on-time
1931,on-time
1932,on-time
1933,delayed
1934,on-time
1935,on-time
1936,on-time
1937,on-time
1938,on-time
1939,on-time
1940,on-time
1941,on-time
1942,on-time
1943,on-time
1944,on-time
1945,on-time
1946,on-time
1947,on-time
1948,on-time
1949,on-time
1950,on-time
1951,delayed
1952,on-time
1953,on-time
1954,on-time
1955,on-time
1956,on-time
1957,on-time
1958,on-time
1959,on-time
1960,delayed
1961,on-time
1962,on-time
1963,on-time
1964,on-time
1965,delayed
1966,delayed
1967,on-time
1968,delayed
1969,delayed
1970,on-time
1971,on-time
1972,on-time
1973,on-time
1974,on-time
1975,on-time
1976,on-time
1977,on-time
1978,on-time
1979,on-time
1980,on-time
1981,on-time
1982,on-time
1983,delayed
1984,on-time
1985,delayed
1986,on-time
1987,on-time
1988,on-time
1989,on-time
1990,on-time
1991,on-time
1992,on-time
1993,on-time
1994,on-time
1995,on-time
1996,on-time
1997,on-time
1998,on-time
1999,on-time
2000,on-time
2001,on-time
2002,delayed
2003,on-time
2004,delayed
2005,on-time
2006,on-time
2007,on-time
2008,on-time
2009,on-time
2010,on-time
2011,on-time
2012,on-time
2013,on-time
2014,on-time
2015,on-time
2016,delayed
2017,delayed
2018,on-time
2019,on-time
2020,on-time
2021,delayed
2022,on-time
2023,delayed
2024,on-time
2025,delayed
2026,on-time
2027,on-time
2028,on-time
2029,delayed
2030,delayed
2031,on-time
2032,on-time
2033,on-time
2034,on-time
2035,on-time
2036,on-time
2037,on-time
2038,on-time
2039,delayed
2040,on-time
2041,on-time
2042,delayed
2043,on-time
2044,on-time
2045,on-time
2046,on-time
2047,delayed
2048,on-time
2049,delayed
2050,delayed
2051,delayed
2052,on-time
2053,on-time
2054,on-time
2055,on-time
2056,on-time
2057,delayed
2058,on-time
2059,on-time
2060,on-time
2061,on-time
2062,on-time
2063,on-time
2064,on-time
2065,on-time
2066,delayed
2067,on-time
2068,on-time
2069,delayed
2070,delayed
2071,on-time
2072,delayed
2073,on-time
2074,on-time
2075,delayed
2076,on-time
2077,delayed
2078,on-time
2079,on-time
2080,on-time
2081,on-time
2082,on-time
2083,on-time
2084,on-time
2085,on-time
2086,on-time
2087,on-time
2088,on-time
2089,on-time
2090,on-time
2091,delayed
2092,on-time
2093,on-time
2094,delayed
2095,on-time
2096,on-time
2097,on-time
2098,on-time
2099,on-time
2100,on-time
2101,on-time
2102,on-time
2103,on-time
2104,on-time
2105,on-time
2106,on-time
2107,on-time
2108,delayed
2109,delayed
2110,on-time
2111,on-time
2112,on-time
2113,on-time
2114,on-time
2115,on-time
2116,on-time
2117,on-time
2118,on-time
2119,on-time
2120,on-time
2121,on-time
2122,on-time
2123,on-time
2124,on-time
2125,on-time
2126,on-time
2127,on-time
2128,on-time
2129,delayed
2130,on-time
2131,on-time
2132,delayed
2133,on-time
2134,on-time
2135,delayed
2136,delayed
2137,on-time
2138,on-time
2139,on-time
2140,on-time
2141,on-time
2142,on-time
2143,on-time
2144,on-time
2145,on-time
2146,on-time
2147,on-time
2148,on-time
2149,delayed
2150,on-time
2151,on-time
2152,delayed
2153,on-time
2154,on-time
2155,on-time
2156,on-time
2157,on-time
2158,on-time
2159,on-time
2160,on-time
2161,delayed
2162,on-time
2163,on-time
2164,on-time
2165,on-time
2166,delayed
2167,on-time
2168,delayed
2169,on-time
2170,on-time
2171,on-time
2172,on-time
2173,on-time
2174,on-time
2175,on-time
2176,on-time
2177,delayed
2178,delayed
2179,on-time
2180,delayed
2181,delayed
2182,on-time
2183,on-time
2184,on-time
2185,on-time
2186,delayed
2187,on-time
2188,on-time
2189,on-time
2190,delayed
2191,on-time
2192,on-time
2193,on-time
2194,on-time
2195,on-time
2196,on-time
2197,on-time
2198,on-time
2199,delayed
2200,on-time
2201,on-time
2202,delayed
2203,on-time
2204,on-time
2205,on-time
2206,on-time
2207,on-time
2208,on-time
2209,on-time
2210,on-time
2211,delayed
2212,on-time
2213,on-time
2214,on-time
2215,on-time
2216,on-time
2217,delayed
2218,on-time
2219,on-time
2220,on-time
2221,on-time
2222,on-time
2223,on-time
2224,on-time
2225,on-time
2226,on-time
2227,on-time
2228,delayed
2229,on-time
2230,on-time
2231,on-time
2232,on-time
2233,on-time
2234,on-time
2235,delayed
2236,delayed
2237,on-time
2238,on-time
2239,on-time
2240,delayed
2241,on-time
2242,on-time
2243,delayed
2244,delayed
2245,delayed
2246,delayed
2247,on-time
2248,on-time
2249,on-time
2250,on-time
2251,on-time
2252,on-time
2253,on-time
2254,delayed
2255,on-time
2256,on-time
2257,on-time
2258,on-time
2259,on-time
2260,on-time
2261,on-time
2262,on-time
2263,on-time
2264,on-time
2265,delayed
2266,on-time
2267,on-time
2268,on-time
2269,on-time
2270,on-time
2271,on-time
2272,on-time
2273,on-time
2274,on-time
2275,on-time
2276,on-time
2277,on-time
2278,on-time
2279,on-time
2280,on-time
2281,on-time
2282,on-time
2283,delayed
2284,delayed
2285,on-time
2286,on-time
2287,on-time
2288,on-time
2289,on-time
2290,on-time
2291,on-time
2292,delayed
2293,on-time
2294,on-time
2295,on-time
2296,on-time
2297,on-time
2298,on-time
2299,on-time
2300,on-time
2301,on-time
2302,on-time
2303,delayed
2304,delayed
2305,on-time
2306,on-time
2307,on-time
2308,on-time
2309,on-time
2310,on-time
2311,on-time
2312,on-time
2313,on-time
2314,on-time
2315,on-time
2316,delayed
2317,on-time
2318,on-time
2319,delayed
2320,on-time
2321,on-time
2322,on-time
2323,on-time
2324,on-time
2325,on-time
2326,on-time
2327,delayed
2328,on-time
2329,on-time
2330,on-time
2331,on-time
2332,on-time
2333,on-time
2334,on-time
2335,on-time
2336,on-time
2337,on-time
2338,on-time
2339,on-time
2340,delayed
2341,on-time
2342,on-time
2343,on-time
2344,on-time
2345,on-time
2346,delayed
2347,on-time
2348,on-time
2349,delayed
2350,on-time
2351,on-time
2352,delayed
2353,on-time
2354,on-time
2355,on-time
2356,on-time
2357,on-time
2358,on-time
2359,on-time
2360,on-time
2361,on-time
2362,on-time
2363,on-time
2364,on-time
2365,on-time
2366,on-time
2367,on-time
2368,on-time
2369,on-time
2370,on-time
2371,on-time
2372,delayed
2373,delayed
2374,on-time
2375,on-time
2376,on-time
2377,on-time
2378,delayed
2379,on-time
2380,on-time
2381,on-time
2382,on-time
2383,on-time
2384,on-time
2385,on-time
2386,on-time
2387,on-time
2388,on-time
2389,on-time
2390,on-time
2391,delayed
2392,on-time
2393,delayed
2394,on-time
2395,on-time
2396,on-time
2397,on-time
2398,on-time
2399,on-time
2400,on-time
2401,on-time
2402,delayed
2403,on-time
2404,on-time
2405,on-time
2406,on-time
2407,on-time
2408,on-time
2409,on-time
2410,on-time
2411,on-time
2412,on-time
2413,on-time
2414,on-time
2415,on-time
2416,delayed
2417,on-time
2418,on-time
2419,on-time
2420,on-time
2421,on-time
2422,on-time
2423,on-time
2424,on-time
2425,on-time
2426,on-time
2427,on-time
2428,on-time
2429,on-time
2430,delayed
2431,on-time
2432,on-time
2433,on-time
2434,on-time
2435,on-time
2436,on-time
2437,on-time
2438,delayed
2439,on-time
2440,on-time
2441,on-time
2442,on-time
2443,on-time
2444,on-time
2445,on-time
2446,on-time
2447,on-time
2448,on-time
2449,on-time
2450,on-time
2451,on-time
2452,on-time
2453,on-time
2454,on-time
2455,on-time
2456,on-time
2457,on-time
2458,on-time
2459,on-time
2460,on-time
2461,on-time
2462,on-time
2463,delayed
2464,on-time
2465,on-time
2466,on-time
2467,on-time
2468,delayed
2469,on-time
2470,on-time
2471,on-time
2472,on-time
2473,on-time
2474,on-time
2475,on-time
2476,delayed
2477,on-time
2478,on-time
2479,on-time
2480,delayed
2481,on-time
2482,on-time
2483,delayed
2484,on-time
2485,delayed
2486,on-time
2487,delayed
2488,on-time
2489,on-time
2490,delayed
2491,on-time
2492,on-time
2493,delayed
2494,on-time
2495,on-time
2496,on-time
2497,on-time
2498,on-time
2499,on-time
2500,delayed
2501,on-time
2502,on-time
2503,delayed
2504,on-time
2505,on-time
2506,delayed
2507,on-time
2508,on-time
2509,on-time
2510,on-time
2511,on-time
2512,delayed
2513,on-time
2514,delayed
2515,on-time
2516,on-time
2517,delayed
2518,on-time
2519,on-time
2520,on-time
2521,delayed
2522,delayed
2523,on-time
2524,on-time
2525,on-time
2526,delayed
2527,on-time
2528,on-time
2529,delayed
2530,delayed
2531,on-time
2532,delayed
2533,on-time
2534,on-time
2535,on-time
2536,on-time
2537,on-time
2538,on-time
2539,on-time
2540,on-time
2541,on-time
2542,on-time
2543,on-time
2544,on-time
2545,delayed
2546,on-time
2547,on-time
2548,on-time
2549,delayed
2550,on-time
2551,on-time
2552,on-time
2553,on-time
2554,delayed
2555,on-time
2556,delayed
2557,on-time
2558,delayed
2559,on-time
2560,on-time
2561,on-time
2562,on-time
2563,on-time
2564,delayed
2565,on-time
2566,on-time
2567,on-time
2568,on-time
2569,on-time
2570,on-time
2571,on-time
2572,on-time
2573,on-time
2574,on-time
2575,on-time
2576,on-time
2577,on-time
2578,on-time
2579,on-time
2580,on-time
2581,on-time
2582,on-time
2583,on-time
2584,on-time
2585,delayed
2586,on-time
2587,delayed
2588,on-time
2589,delayed
2590,on-time
2591,delayed
2592,on-time
2593,delayed
2594,on-time
2595,on-time
2596,on-time
2597,delayed
2598,delayed
2599,on-time
2600,on-time
2601,on-time
2602,delayed
2603,on-time
2604,delayed
2605,on-time
2606,on-time
2607,on-time
2608,delayed
2609,on-time
2610,on-time
2611,on-time
2612,on-time
2613,on-time
2614,on-time
2615,on-time
2616,delayed
2617,on-time
2618,on-time
2619,on-time
2620,delayed
2621,on-time
2622,on-time
2623,on-time
2624,on-time
2625,on-time
2626,on-time
2627,on-time
2628,on-time
2629,on-time
2630,on-time
2631,on-time
2632,on-time
2633,delayed
2634,on-time
2635,on-time
2636,on-time
2637,on-time
2638,on-time
2639,on-time
2640,delayed
2641,on-time
2642,on-time
2643,on-time
2644,delayed
2645,delayed
2646,delayed
2647,delayed
2648,on-time
2649,on-time
2650,on-time
2651,on-time
2652,on-time
2653,on-time
2654,on-time
2655,delayed
2656,on-time
2657,on-time
2658,on-time
2659,on-time
2660,on-time
2661,on-time
2662,on-time
2663,on-time
2664,on-time
2665,on-time
2666,on-time
2667,on-time
2668,on-time
2669,on-time
2670,on-time
2671,on-time
2672,on-time
2673,on-time
2674,on-time
2675,on-time
2676,on-time
2677,on-time
2678,on-time
2679,on-time
2680,on-time
2681,on-time
2682,on-time
2683,on-time
2684,on-time
2685,on-time
2686,on-time
2687,on-time
2688,on-time
2689,on-time
2690,on-time
2691,on-time
2692,on-time
2693,on-time
2694,on-time
2695,on-time
2696,on-time
2697,on-time
2698,on-time
2699,on-time
2700,on-time
2701,on-time
2702,on-time
2703,delayed
2704,on-time
2705,on-time
2706,on-time
2707,on-time
2708,on-time
2709,delayed
2710,on-time
2711,on-time
2712,on-time
2713,on-time
2714,on-time
2715,on-time
2716,on-time
2717,on-time
2718,on-time
2719,on-time
2720,on-time
2721,on-time
2722,on-time
2723,on-time
2724,on-time
2725,on-time
2726,on-time
2727,on-time
2728,on-time
2729,on-time
2730,on-time
2731,on-time
2732,on-time
2733,on-time
2734,on-time
2735,on-time
2736,on-time
2737,on-time
2738,on-time
2739,on-time
2740,on-time
2741,on-time
2742,on-time
2743,on-time
2744,delayed
2745,on-time
2746,on-time
2747,on-time
2748,on-time
2749,delayed
2750,on-time
2751,on-time
2752,on-time
2753,on-time
2754,on-time
2755,on-time
2756,on-time
2757,on-time
2758,delayed
2759,on-time
2760,on-time
2761,on-time
2762,on-time
2763,delayed
2764,on-time
2765,delayed
2766,on-time
2767,on-time
2768,on-time
2769,on-time
2770,on-time
2771,on-time
2772,on-time
2773,on-time
2774,on-time
2775,on-time
2776,delayed
2777,on-time
2778,on-time
2779,on-time
2780,on-time
2781,on-time
2782,on-time
2783,on-time
2784,on-time
2785,on-time
2786,on-time
2787,on-time
2788,on-time
2789,on-time
2790,delayed
2791,on-time
2792,on-time
2793,on-time
2794,on-time
2795,on-time
2796,on-time
2797,on-time
2798,on-time
2799,on-time
2800,on-time
2801,on-time
2802,delayed
2803,on-time
2804,on-time
2805,on-time
2806,on-time
2807,on-time
2808,on-time
2809,on-time
2810,on-time
2811,on-time
2812,on-time
2813,on-time
2814,on-time
2815,on-time
2816,on-time
2817,delayed
2818,on-time
2819,on-time
2820,on-time
2821,on-time
2822,on-time
2823,delayed
2824,on-time
2825,on-time
2826,on-time
2827,on-time
2828,on-time
2829,delayed
2830,on-time
2831,on-time
2832,on-time
2833,on-time
2834,on-time
2835,on-time
2836,on-time
2837,on-time
2838,on-time
2839,on-time
2840,on-time
2841,on-time
2842,on-time
2843,on-time
2844,delayed
2845,on-time
2846,on-time
2847,on-time
2848,on-time
2849,on-time
2850,delayed
2851,delayed
2852,delayed
2853,on-time
2854,on-time
2855,delayed
2856,on-time
2857,on-time
2858,on-time
2859,on-time
2860,on-time
2861,on-time
2862,on-time
2863,on-time
2864,delayed
2865,on-time
2866,delayed
2867,on-time
2868,delayed
2869,on-time
2870,on-time
2871,delayed
2872,on-time
2873,on-time
2874,delayed
2875,on-time
2876,on-time
2877,on-time
2878,on-time
2879,on-time
2880,delayed
2881,delayed
2882,on-time
2883,delayed
2884,on-time
2885,on-time
2886,on-time
2887,on-time
2888,on-time
2889,on-time
2890,delayed
2891,delayed
2892,delayed
2893,on-time
2894,on-time
2895,delayed
2896,on-time
2897,on-time
2898,on-time
2899,on-time
2900,delayed
2901,on-time
2902,delayed
2903,delayed
2904,on-time
2905,on-time
2906,delayed
2907,on-time
2908,delayed
2909,delayed
2910,on-time
2911,on-time
2912,on-time
2913,delayed
2914,on-time
2915,on-time
2916,on-time
2917,delayed
2918,on-time
2919,on-time
2920,on-time
2921,delayed
2922,on-time
2923,on-time
2924,on-time
2925,delayed
2926,on-time
2927,delayed
2928,delayed
2929,delayed
2930,delayed
2931,on-time
2932,on-time
2933,delayed
2934,delayed
2935,delayed
2936,on-time
2937,delayed
2938,on-time
2939,delayed
2940,on-time
2941,delayed
2942,delayed
2943,delayed
2944,delayed
2945,delayed
2946,delayed
2947,on-time
2948,on-time
2949,on-time
2950,delayed
2951,delayed
2952,on-time
2953,delayed
2954,on-time
2955,delayed
2956,delayed
2957,on-time
2958,delayed
2959,on-time
2960,delayed
2961,on-time
2962,delayed
2963,on-time
2964,delayed
2965,on-time
2966,on-time
2967,delayed
2968,delayed
2969,delayed
2970,on-time
2971,on-time
2972,on-time
2973,on-time
2974,on-time
2975,on-time
2976,delayed
2977,on-time
2978,on-time
2979,on-time
2980,on-time
2981,delayed
2982,on-time
2983,on-time
2984,delayed
2985,delayed
2986,delayed
2987,delayed
2988,on-time
2989,delayed
2990,on-time
2991,on-time
2992,on-time
2993,on-time
2994,on-time
2995,delayed
2996,on-time
2997,delayed
2998,on-time
2999,on-time
3000,delayed
3001,delayed
3002,on-time
3003,on-time
3004,on-time
3005,delayed
3006,on-time
3007,on-time
3008,on-time
3009,delayed
3010,delayed
3011,on-time
3012,on-time
3013,delayed
3014,on-time
3015,delayed
3016,on-time
3017,on-time
3018,on-time
3019,on-time
3020,on-time
3021,on-time
3022,on-time
3023,on-time
3024,delayed
3025,delayed
3026,delayed
3027,on-time
3028,on-time
3029,on-time
3030,delayed
3031,on-time
3032,on-time
3033,delayed
3034,on-time
3035,delayed
3036,delayed
3037,on-time
3038,on-time
3039,on-time
3040,on-time
3041,on-time
3042,delayed
3043,on-time
3044,delayed
3045,delayed
3046,delayed
3047,delayed
3048,delayed
3049,delayed
3050,delayed
3051,on-time
3052,on-time
3053,on-time
3054,on-time
3055,on-time
3056,on-time
3057,delayed
3058,on-time
3059,delayed
3060,delayed
3061,on-time
3062,on-time
3063,delayed
3064,on-time
3065,on-time
3066,delayed
3067,on-time
3068,on-time
3069,delayed
3070,on-time
3071,delayed
3072,on-time
3073,delayed
3074,on-time
3075,delayed
3076,delayed
3077,delayed
3078,on-time
3079,on-time
3080,on-time
3081,delayed
3082,on-time
3083,on-time
3084,delayed
3085,on-time
3086,on-time
3087,delayed
3088,on-time
3089,delayed
3090,on-time
3091,on-time
3092,delayed
3093,delayed
3094,delayed
3095,delayed
3096,on-time
3097,delayed
3098,delayed
3099,on-time
3100,on-time
3101,on-time
3102,on-time
3103,on-time
3104,delayed
3105,delayed
3106,on-time
3107,on-time
3108,on-time
3109,on-time
3110,delayed
3111,on-time
3112,on-time
3113,on-time
3114,on-time
3115,on-time
3116,on-time
3117,delayed
3118,delayed
3119,on-time
3120,on-time
3121,on-time
3122,delayed
3123,delayed
3124,delayed
3125,on-time
3126,delayed
3127,delayed
3128,on-time
3129,delayed
3130,on-time
3131,on-time
3132,delayed
3133,delayed
3134,on-time
3135,on-time
3136,on-time
3137,delayed
3138,on-time
3139,on-time
3140,delayed
3141,delayed
3142,on-time
3143,delayed
3144,on-time
3145,delayed
3146,delayed
3147,on-time
3148,on-time
3149,on-time
3150,delayed
3151,delayed
3152,delayed
3153,on-time
3154,on-time
3155,on-time
3156,on-time
3157,on-time
3158,on-time
3159,delayed
3160,delayed
3161,delayed
3162,on-time
3163,on-time
3164,delayed
3165,on-time
3166,on-time
3167,on-time
3168,delayed
3169,on-time
3170,on-time
3171,on-time
3172,delayed
3173,on-time
3174,delayed
3175,delayed
3176,delayed
3177,delayed
3178,on-time
3179,delayed
3180,on-time
3181,on-time
3182,on-time
3183,on-time
3184,delayed
3185,delayed
3186,delayed
3187,on-time
3188,delayed
3189,on-time
3190,delayed
3191,delayed
3192,on-time
3193,delayed
3194,delayed
3195,on-time
3196,on-time
3197,on-time
3198,delayed
3199,on-time
3200,on-time
3201,delayed
3202,delayed
3203,on-time
3204,delayed
3205,on-time
3206,delayed
3207,delayed
3208,on-time
3209,on-time
3210,on-time
3211,delayed
3212,on-time
3213,delayed
3214,on-time
3215,on-time
3216,delayed
3217,delayed
3218,delayed
3219,on-time
3220,on-time
3221,on-time
3222,on-time
3223,on-time
3224,on-time
3225,delayed
3226,delayed
3227,delayed
3228,on-time
3229,on-time
3230,on-time
3231,on-time
3232,on-time
3233,on-time
3234,on-time
3235,on-time
3236,delayed
3237,on-time
3238,on-time
3239,on-time
3240,on-time
3241,on-time
3242,on-time
3243,on-time
3244,on-time
3245,on-time
3246,on-time
3247,on-time
3248,delayed
3249,on-time
3250,on-time
3251,on-time
3252,on-time
3253,on-time
3254,on-time
3255,on-time
3256,on-time
3257,on-time
3258,on-time
3259,on-time
3260,on-time
3261,on-time
3262,on-time
3263,delayed
3264,on-time
3265,on-time
3266,on-time
3267,on-time
3268,on-time
3269,on-time
3270,on-time
3271,on-time
3272,on-time
3273,on-time
3274,on-time
3275,on-time
3276,on-time
3277,on-time
3278,on-time
3279,on-time
3280,on-time
3281,on-time
3282,delayed
3283,on-time
3284,on-time
3285,on-time
3286,on-time
3287,on-time
3288,on-time
3289,on-time
3290,delayed
3291,on-time
3292,on-time
3293,on-time
3294,on-time
3295,on-time
3296,on-time
3297,on-time
3298,on-time
3299,delayed
3300,on-time
3301,on-time
3302,on-time
3303,on-time
3304,on-time
3305,on-time
3306,on-time
3307,delayed
3308,delayed
3309,delayed
3310,on-time
3311,delayed
3312,on-time
3313,delayed
3314,on-time
3315,on-time
3316,on-time
3317,delayed
3318,on-time
3319,on-time
3320,on-time
3321,delayed
3322,on-time
3323,on-time
3324,on-time
3325,on-time
3326,on-time
3327,delayed
3328,delayed
3329,on-time
3330,on-time
3331,delayed
3332,delayed
3333,delayed
3334,on-time
3335,on-time
3336,on-time
3337,on-time
3338,delayed
3339,on-time
3340,on-time
3341,on-time
3342,delayed
3343,on-time
3344,on-time
3345,delayed
3346,on-time
3347,on-time
3348,on-time
3349,delayed
3350,on-time
3351,on-time
3352,delayed
3353,on-time
3354,on-time
3355,on-time
3356,delayed
3357,on-time
3358,on-time
3359,on-time
3360,on-time
3361,on-time
3362,on-time
3363,on-time
3364,on-time
3365,on-time
3366,on-time
3367,on-time
3368,on-time
3369,on-time
3370,on-time
3371,on-time
3372,on-time
3373,delayed
3374,on-time
3375,on-time
3376,on-time
3377,on-time
3378,on-time
3379,on-time
3380,on-time
3381,on-time
3382,on-time
3383,on-time
3384,on-time
3385,on-time
3386,on-time
3387,on-time
3388,on-time
3389,on-time
3390,on-time
3391,delayed
3392,delayed
3393,on-time
3394,on-time
3395,on-time
3396,on-time
3397,on-time
3398,on-time
3399,on-time
3400,on-time
3401,on-time
3402,on-time
3403,on-time
3404,on-time
3405,delayed
3406,on-time
3407,on-time
3408,on-time
3409,on-time
3410,on-time
3411,on-time
3412,on-time
3413,on-time
3414,on-time
3415,on-time
3416,delayed
3417,on-time
3418,on-time
3419,on-time
3420,on-time
3421,on-time
3422,on-time
3423,delayed
3424,on-time
3425,on-time
3426,on-time
3427,on-time
3428,delayed
3429,on-time
3430,delayed
3431,on-time
3432,delayed
3433,on-time
3434,delayed
3435,delayed
3436,delayed
3437,on-time
3438,delayed
3439,on-time
3440,on-time
3441,on-time
3442,delayed
3443,on-time
3444,delayed
3445,on-time
3446,delayed
3447,on-time
3448,on-time
3449,delayed
3450,delayed
3451,delayed
3452,on-time
3453,delayed
3454,delayed
3455,on-time
3456,delayed
3457,on-time
3458,on-time
3459,on-time
3460,delayed
3461,delayed
3462,delayed
3463,delayed
3464,delayed
3465,on-time
3466,on-time
3467,delayed
3468,on-time
3469,on-time
3470,on-time
3471,on-time
3472,delayed
3473,delayed
3474,delayed
3475,delayed
3476,delayed
3477,on-time
3478,delayed
3479,delayed
3480,delayed
3481,delayed
3482,delayed
3483,delayed
3484,delayed
3485,delayed
3486,on-time
3487,on-time
3488,delayed
3489,on-time
3490,delayed
3491,on-time
3492,delayed
3493,on-time
3494,delayed
3495,on-time
3496,delayed
3497,on-time
3498,on-time
3499,on-time
3500,on-time
3501,on-time
3502,on-time
3503,delayed
3504,on-time
3505,on-time
3506,on-time
3507,delayed
3508,on-time
3509,on-time
3510,on-time
3511,delayed
3512,on-time
3513,delayed
3514,on-time
3515,on-time
3516,on-time
3517,on-time
3518,delayed
3519,on-time
3520,delayed
3521,delayed
3522,on-time
3523,delayed
3524,delayed
3525,on-time
3526,on-time
3527,on-time
3528,delayed
3529,delayed
3530,on-time
3531,delayed
3532,on-time
3533,on-time
3534,on-time
3535,on-time
3536,on-time
3537,delayed
3538,delayed
3539,on-time
3540,delayed
3541,on-time
3542,delayed
3543,delayed
3544,on-time
3545,on-time
3546,delayed
3547,delayed
3548,on-time
3549,delayed
3550,delayed
3551,delayed
3552,delayed
3553,delayed
3554,on-time
3555,on-time
3556,on-time
3557,delayed
3558,on-time
3559,delayed
3560,on-time
3561,delayed
3562,delayed
3563,on-time
3564,on-time
3565,on-time
3566,delayed
3567,delayed
3568,on-time
3569,delayed
3570,on-time
3571,on-time
3572,on-time
3573,on-time
3574,on-time
3575,delayed
3576,on-time
3577,delayed
3578,delayed
3579,on-time
3580,on-time
3581,delayed
3582,delayed
3583,on-time
3584,on-time
3585,delayed
3586,on-time
3587,on-time
3588,on-time
3589,on-time
3590,on-time
3591,delayed
3592,on-time
3593,on-time
3594,delayed
3595,delayed
3596,on-time
3597,delayed
3598,on-time
3599,delayed
3600,on-time
3601,delayed
3602,delayed
3603,on-time
3604,on-time
3605,delayed
3606,on-time
3607,delayed
3608,delayed
3609,on-time
3610,on-time
3611,on-time
3612,delayed
3613,delayed
3614,on-time
3615,on-time
3616,on-time
3617,delayed
3618,delayed
3619,on-time
3620,delayed
3621,on-time
3622,delayed
3623,on-time
3624,on-time
3625,delayed
3626,delayed
3627,on-time
3628,delayed
3629,delayed
3630,on-time
3631,on-time
3632,on-time
3633,on-time
3634,delayed
3635,on-time
3636,on-time
3637,on-time
3638,on-time
3639,on-time
3640,on-time
3641,on-time
3642,on-time
3643,on-time
3644,delayed
3645,on-time
3646,on-time
3647,delayed
3648,on-time
3649,on-time
3650,delayed
3651,delayed
3652,on-time
3653,on-time
3654,on-time
3655,on-time
3656,delayed
3657,on-time
3658,on-time
3659,on-time
3660,delayed
3661,on-time
3662,on-time
3663,on-time
3664,on-time
3665,on-time
3666,on-time
3667,delayed
3668,on-time
3669,on-time
3670,on-time
3671,delayed
3672,delayed
3673,on-time
3674,on-time
3675,on-time
3676,on-time
3677,on-time
3678,delayed
3679,on-time
3680,on-time
3681,delayed
3682,delayed
3683,on-time
3684,on-time
3685,on-time
3686,delayed
3687,on-time
3688,on-time
3689,delayed
3690,on-time
3691,on-time
3692,on-time
3693,delayed
3694,on-time
3695,on-time
3696,delayed
3697,delayed
3698,on-time
3699,delayed
3700,on-time
3701,on-time
3702,on-time
3703,on-time
3704,on-time
3705,on-time
3706,delayed
3707,delayed
3708,on-time
3709,on-time
3710,on-time
3711,on-time
3712,on-time
3713,on-time
3714,on-time
3715,delayed
3716,on-time
3717,on-time
3718,on-time
3719,delayed
3720,on-time
3721,delayed
3722,on-time
3723,on-time
3724,on-time
3725,on-time
3726,on-time
3727,on-time
3728,on-time
3729,on-time
3730,on-time
3731,delayed
3732,on-time
3733,delayed
3734,delayed
3735,on-time
3736,on-time
3737,delayed
3738,on-time
3739,delayed
3740,on-time
3741,delayed
3742,on-time
3743,on-time
3744,on-time
3745,on-time
3746,delayed
3747,delayed
3748,on-time
3749,on-time
3750,on-time
3751,on-time
3752,delayed
3753,delayed
3754,delayed
3755,delayed
3756,delayed
3757,delayed
3758,delayed
3759,on-time
3760,delayed
3761,delayed
3762,on-time
3763,on-time
3764,on-time
3765,delayed
3766,on-time
3767,on-time
3768,on-time
3769,on-time
3770,delayed
3771,on-time
3772,on-time
3773,on-time
3774,delayed
3775,on-time
3776,delayed
3777,delayed
3778,on-time
3779,on-time
3780,on-time
3781,on-time
3782,on-time
3783,on-time
3784,on-time
3785,on-time
3786,on-time
3787,delayed
3788,delayed
3789,on-time
3790,on-time
3791,delayed
3792,on-time
3793,on-time
3794,on-time
3795,on-time
3796,on-time
3797,on-time
3798,on-time
3799,on-time
3800,on-time
3801,on-time
3802,delayed
3803,on-time
3804,on-time
3805,on-time
3806,on-time
3807,on-time
3808,delayed
3809,on-time
3810,delayed
3811,delayed
3812,on-time
3813,delayed
3814,on-time
3815,on-time
3816,delayed
3817,on-time
3818,delayed
3819,on-time
3820,delayed
3821,on-time
3822,delayed
3823,on-time
3824,on-time
3825,on-time
3826,on-time
3827,on-time
3828,on-time
3829,delayed
3830,on-time
3831,on-time
3832,on-time
3833,delayed
3834,delayed
3835,delayed
3836,on-time
3837,delayed
3838,delayed
3839,on-time
3840,on-time
3841,delayed
3842,on-time
3843,on-time
3844,delayed
3845,on-time
3846,delayed
3847,on-time
3848,on-time
3849,on-time
3850,on-time
3851,delayed
3852,on-time
3853,delayed
3854,on-time
3855,on-time
3856,on-time
3857,delayed
3858,on-time
3859,delayed
3860,on-time
3861,on-time
3862,on-time
3863,on-time
3864,delayed
3865,on-time
3866,on-time
3867,on-time
3868,on-time
3869,on-time
3870,on-time
3871,on-time
3872,on-time
3873,delayed
3874,on-time
3875,delayed
3876,delayed
3877,delayed
3878,on-time
3879,delayed
3880,on-time
3881,on-time
3882,delayed
3883,on-time
3884,on-time
3885,delayed
3886,on-time
3887,on-time
3888,delayed
3889,on-time
3890,delayed
3891,on-time
3892,on-time
3893,on-time
3894,on-time
3895,on-time
3896,on-time
3897,delayed
3898,on-time
3899,delayed
3900,delayed
3901,on-time
3902,delayed
3903,on-time
3904,on-time
3905,on-time
3906,on-time
3907,on-time
3908,delayed
3909,on-time
3910,delayed
3911,on-time
3912,on-time
3913,delayed
3914,on-time
3915,on-time
3916,on-time
3917,delayed
3918,on-time
3919,on-time
3920,on-time
3921,delayed
3922,on-time
3923,on-time
3924,on-time
3925,delayed
3926,on-time
3927,on-time
3928,on-time
3929,on-time
3930,on-time
3931,delayed
3932,on-time
3933,on-time
3934,delayed
3935,on-time
3936,delayed
3937,on-time
3938,on-time
3939,on-time
3940,on-time
3941,delayed
3942,delayed
3943,on-time
3944,on-time
3945,on-time
3946,delayed
3947,delayed
3948,on-time
3949,on-time
3950,on-time
3951,delayed
3952,delayed
3953,on-time
3954,on-time
3955,on-time
3956,on-time
3957,on-time
3958,delayed
3959,on-time
3960,on-time
3961,on-time
3962,delayed
3963,on-time
3964,on-time
3965,on-time
3966,on-time
3967,delayed
3968,delayed
3969,on-time
3970,on-time
3971,on-time
3972,on-time
3973,on-time
3974,delayed
3975,on-time
3976,on-time
3977,on-time
3978,on-time
3979,on-time
3980,on-time
3981,delayed
3982,on-time
3983,on-time
3984,on-time
3985,on-time
3986,on-time
3987,on-time
3988,on-time
3989,on-time
3990,on-time
3991,on-time
3992,on-time
3993,on-time
3994,delayed
3995,on-time
3996,on-time
3997,on-time
3998,on-time
3999,on-time
4000,on-time
4001,on-time
4002,on-time
4003,on-time
4004,delayed
4005,on-time
4006,on-time
4007,delayed
4008,delayed
4009,on-time
4010,on-time
4011,delayed
4012,delayed
4013,on-time
4014,on-time
4015,on-time
4016,on-time
4017,on-time
4018,on-time
4019,on-time
4020,on-time
4021,on-time
4022,delayed
4023,on-time
4024,delayed
4025,on-time
4026,on-time
4027,on-time
4028,delayed
4029,on-time
4030,on-time
4031,on-time
4032,on-time
4033,on-time
4034,on-time
4035,on-time
4036,on-time
4037,on-time
4038,on-time
4039,on-time
4040,on-time
4041,on-time
4042,on-time
4043,on-time
4044,on-time
4045,delayed
4046,delayed
4047,on-time
4048,on-time
4049,on-time
4050,on-time
4051,on-time
4052,on-time
4053,delayed
4054,on-time
4055,on-time
4056,on-time
4057,on-time
4058,on-time
4059,on-time
4060,on-time
4061,on-time
4062,delayed
4063,on-time
4064,on-time
4065,on-time
4066,on-time
4067,on-time
4068,on-time
4069,on-time
4070,delayed
4071,on-time
4072,on-time
4073,delayed
4074,on-time
4075,on-time
4076,delayed
4077,delayed
4078,on-time
4079,on-time
4080,delayed
4081,on-time
4082,on-time
4083,on-time
4084,on-time
4085,delayed
4086,delayed
4087,on-time
4088,on-time
4089,on-time
4090,on-time
4091,delayed
4092,on-time
4093,on-time
4094,on-time
4095,on-time
4096,on-time
4097,delayed
4098,on-time
4099,on-time
4100,on-time
4101,on-time
4102,on-time
4103,on-time
4104,delayed
4105,on-time
4106,on-time
4107,delayed
4108,on-time
4109,on-time
4110,on-time
4111,on-time
4112,on-time
4113,on-time
4114,delayed
4115,delayed
4116,delayed
4117,on-time
4118,on-time
4119,on-time
4120,on-time
4121,on-time
4122,on-time
4123,on-time
4124,on-time
4125,on-time
4126,on-time
4127,on-time
4128,on-time
4129,on-time
4130,on-time
4131,on-time
4132,on-time
4133,on-time
4134,on-time
4135,delayed
4136,on-time
4137,on-time
4138,on-time
4139,on-time
4140,on-time
4141,on-time
4142,on-time
4143,on-time
4144,on-time
4145,on-time
4146,on-time
4147,on-time
4148,on-time
4149,on-time
4150,on-time
4151,on-time
4152,on-time
4153,on-time
4154,on-time
4155,on-time
4156,delayed
4157,on-time
4158,delayed
4159,on-time
4160,on-time
4161,delayed
4162,on-time
4163,on-time
4164,on-time
4165,delayed
4166,on-time
4167,on-time
4168,on-time
4169,on-time
4170,delayed
4171,on-time
4172,delayed
4173,on-time
4174,delayed
4175,delayed
4176,delayed
4177,delayed
4178,on-time
4179,on-time
4180,on-time
4181,on-time
4182,on-time
4183,on-time
4184,on-time
4185,delayed
4186,delayed
4187,delayed
4188,delayed
4189,delayed
4190,delayed
4191,delayed
4192,delayed
4193,on-time
4194,delayed
4195,on-time
4196,delayed
4197,on-time
4198,on-time
4199,delayed
4200,delayed
4201,on-time
4202,on-time
4203,on-time
4204,on-time
4205,on-time
4206,on-time
4207,delayed
4208,delayed
4209,on-time
4210,delayed
4211,delayed
4212,delayed
4213,on-time
4214,delayed
4215,delayed
4216,delayed
4217,delayed
4218,delayed
4219,delayed
4220,delayed
4221,delayed
4222,on-time
4223,delayed
4224,delayed
4225,delayed
4226,delayed
4227,on-time
4228,on-time
4229,on-time
4230,on-time
4231,delayed
4232,delayed
4233,delayed
4234,on-time
4235,on-time
4236,delayed
4237,delayed
4238,on-time
4239,delayed
4240,on-time
4241,delayed
4242,delayed
4243,on-time
4244,on-time
4245,delayed
4246,on-time
4247,delayed
4248,on-time
4249,delayed
4250,delayed
4251,delayed
4252,on-time
4253,delayed
4254,delayed
4255,delayed
4256,delayed
4257,on-time
4258,on-time
4259,delayed
4260,delayed
4261,delayed
4262,on-time
4263,delayed
4264,on-time
4265,on-time
4266,delayed
4267,delayed
4268,delayed
4269,on-time
4270,delayed
4271,on-time
4272,delayed
4273,on-time
4274,delayed
4275,delayed
4276,on-time
4277,on-time
4278,delayed
4279,delayed
4280,delayed
4281,delayed
4282,delayed
4283,delayed
4284,delayed
4285,on-time
4286,delayed
4287,on-time
4288,on-time
4289,delayed
4290,on-time
4291,on-time
4292,delayed
4293,delayed
4294,on-time
4295,delayed
4296,delayed
4297,delayed
4298,on-time
4299,on-time
4300,on-time
4301,delayed
4302,on-time
4303,on-time
4304,on-time
4305,on-time
4306,delayed
4307,on-time
4308,on-time
4309,delayed
4310,delayed
4311,delayed
4312,on-time
4313,delayed
4314,on-time
4315,on-time
4316,delayed
4317,delayed
4318,delayed
4319,on-time
4320,delayed
4321,on-time
4322,on-time
4323,delayed
4324,delayed
4325,on-time
4326,delayed
4327,delayed
4328,delayed
4329,on-time
4330,delayed
4331,delayed
4332,on-time
4333,delayed
4334,on-time
4335,on-time
4336,delayed
4337,delayed
4338,delayed
4339,delayed
4340,delayed
4341,delayed
4342,delayed
4343,on-time
4344,on-time
4345,on-time
4346,delayed
4347,on-time
4348,on-time
4349,on-time
4350,on-time
4351,on-time
4352,on-time
4353,on-time
4354,on-time
4355,on-time
4356,delayed
4357,on-time
4358,delayed
4359,on-time
4360,on-time
4361,on-time
4362,on-time
4363,on-time
4364,delayed
4365,on-time
4366,on-time
4367,on-time
4368,delayed
4369,on-time
4370,on-time
4371,on-time
4372,delayed
4373,on-time
4374,delayed
4375,on-time
4376,on-time
4377,delayed
4378,delayed
4379,delayed
4380,delayed
4381,delayed
4382,on-time
4383,on-time
4384,on-time
4385,on-time
4386,delayed
4387,on-time
4388,delayed
4389,delayed
4390,on-time
4391,delayed
4392,on-time
4393,on-time
4394,delayed
4395,on-time
4396,delayed
4397,on-time
4398,delayed
4399,delayed
4400,delayed
4401,on-time
4402,delayed
4403,delayed
4404,on-time
4405,on-time
4406,on-time
4407,delayed
4408,on-time
4409,delayed
4410,delayed
4411,on-time
4412,on-time
4413,delayed
4414,on-time
4415,delayed
4416,delayed
4417,on-time
4418,on-time
4419,on-time
4420,on-time
4421,delayed
4422,delayed
4423,on-time
4424,delayed
4425,delayed
4426,delayed
4427,delayed
4428,on-time
4429,on-time
4430,on-time
4431,delayed
4432,on-time
4433,on-time
4434,on-time
4435,on-time
4436,delayed
4437,on-time
4438,delayed
4439,delayed
4440,on-time
4441,on-time
4442,on-time
4443,on-time
4444,on-time
4445,on-time
4446,delayed
4447,on-time
4448,on-time
4449,on-time
4450,on-time
4451,on-time
4452,on-time
4453,delayed
4454,on-time
4455,delayed
4456,delayed
4457,on-time
4458,delayed
4459,on-time
4460,delayed
4461,delayed
4462,on-time
4463,on-time
4464,on-time
4465,delayed
4466,on-time
4467,delayed
4468,delayed
4469,on-time
4470,delayed
4471,on-time
4472,delayed
4473,delayed
4474,on-time
4475,delayed
4476,on-time
4477,on-time
4478,delayed
4479,delayed
4480,on-time
4481,delayed
4482,on-time
4483,on-time
4484,delayed
4485,on-time
4486,delayed
4487,on-time
4488,on-time
4489,on-time
4490,on-time
4491,delayed
4492,on-time
4493,on-time
4494,on-time
4495,delayed
4496,on-time
4497,delayed
4498,on-time
4499,on-time
4500,on-time
4501,on-time
4502,delayed
4503,on-time
4504,on-time
4505,delayed
4506,on-time
4507,delayed
4508,delayed
4509,on-time
4510,on-time
4511,on-time
4512,on-time
4513,on-time
4514,on-time
4515,delayed
4516,delayed
4517,delayed
4518,delayed
4519,on-time
4520,on-time
4521,on-time
4522,on-time
4523,on-time
4524,delayed
4525,delayed
4526,on-time
4527,delayed
4528,delayed
4529,delayed
4530,on-time
4531,on-time
4532,on-time
4533,delayed
4534,on-time
4535,delayed
4536,delayed
4537,on-time
4538,on-time
4539,on-time
4540,delayed
4541,on-time
4542,delayed
4543,delayed
4544,delayed
4545,on-time
4546,delayed
4547,on-time
4548,on-time
4549,on-time
4550,on-time
4551,on-time
4552,on-time
4553,delayed
4554,on-time
4555,on-time
4556,on-time
4557,delayed
4558,delayed
4559,delayed
4560,on-time
4561,on-time
4562,delayed
4563,on-time
4564,delayed
4565,delayed
4566,on-time
4567,on-time
4568,on-time
4569,delayed
4570,delayed
4571,delayed
4572,on-time
4573,on-time
4574,delayed
4575,on-time
4576,delayed
4577,delayed
4578,delayed
4579,on-time
4580,on-time
4581,delayed
4582,on-time
4583,on-time
4584,delayed
4585,on-time
4586,delayed
4587,on-time
4588,delayed
4589,delayed
4590,delayed
4591,on-time
4592,delayed
4593,delayed
4594,on-time
4595,delayed
4596,delayed
4597,delayed
4598,on-time
4599,delayed
4600,on-time
4601,on-time
4602,on-time
4603,on-time
4604,on-time
4605,on-time
4606,on-time
4607,on-time
4608,on-time
4609,on-time
4610,delayed
4611,delayed
4612,on-time
4613,delayed
4614,delayed
4615,on-time
4616,delayed
4617,on-time
4618,on-time
4619,delayed
4620,delayed
4621,on-time
4622,on-time
4623,delayed
4624,on-time
4625,on-time
4626,on-time
4627,on-time
4628,on-time
4629,on-time
4630,delayed
4631,on-time
4632,delayed
4633,delayed
4634,on-time
4635,delayed
4636,on-time
4637,on-time
4638,delayed
4639,on-time
4640,delayed
4641,on-time
4642,delayed
4643,delayed
4644,on-time
4645,delayed
4646,on-time
4647,delayed
4648,delayed
4649,delayed
4650,on-time
4651,delayed
4652,on-time
4653,on-time
4654,on-time
4655,delayed
4656,on-time
4657,on-time
4658,delayed
4659,delayed
4660,on-time
4661,delayed
4662,on-time
4663,delayed
4664,on-time
4665,on-time
4666,delayed
4667,delayed
4668,on-time
4669,on-time
4670,on-time
4671,on-time
4672,on-time
4673,delayed
4674,delayed
4675,on-time
4676,delayed
4677,on-time
4678,on-time
4679,on-time
4680,on-time
4681,delayed
4682,on-time
4683,delayed
4684,delayed
4685,on-time
4686,on-time
4687,delayed
4688,on-time
4689,delayed
4690,on-time
4691,on-time
4692,on-time
4693,delayed
4694,delayed
4695,on-time
4696,delayed
4697,delayed
4698,on-time
4699,delayed
4700,on-time
4701,delayed
4702,delayed
4703,on-time
4704,on-time
4705,on-time
4706,on-time
4707,on-time
4708,delayed
4709,delayed
4710,on-time
4711,on-time
4712,on-time
4713,on-time
4714,delayed
4715,on-time
4716,on-time
4717,on-time
4718,on-time
4719,on-time
4720,delayed
4721,on-time
4722,on-time
4723,delayed
4724,delayed
4725,delayed
4726,on-time
4727,on-time
4728,on-time
4729,on-time
4730,delayed
4731,on-time
4732,delayed
4733,on-time
4734,on-time
4735,delayed
4736,delayed
4737,on-time
4738,delayed
4739,on-time
4740,on-time
4741,on-time
4742,on-time
4743,on-time
4744,on-time
4745,delayed
4746,delayed
4747,delayed
4748,on-time
4749,on-time
4750,delayed
4751,on-time
4752,delayed
4753,on-time
4754,on-time
4755,delayed
4756,on-time
4757,on-time
4758,on-time
4759,on-time
4760,delayed
4761,delayed
4762,on-time
4763,on-time
4764,delayed
4765,delayed
4766,delayed
4767,on-time
4768,delayed
4769,on-time
4770,delayed
4771,on-time
4772,delayed
4773,delayed
4774,on-time
4775,delayed
4776,on-time
4777,on-time
4778,delayed
4779,delayed
4780,on-time
4781,on-time
4782,on-time
4783,on-time
4784,on-time
4785,delayed
4786,on-time
4787,delayed
4788,on-time
4789,on-time
4790,delayed
4791,on-time
4792,delayed
4793,delayed
4794,on-time
4795,on-time
4796,on-time
4797,on-time
4798,on-time
4799,delayed
4800,on-time
4801,on-time
4802,on-time
4803,on-time
4804,on-time
4805,delayed
4806,delayed
4807,delayed
4808,on-time
4809,on-time
4810,on-time
4811,on-time
4812,delayed
4813,on-time
4814,delayed
4815,delayed
4816,on-time
4817,on-time
4818,delayed
4819,delayed
4820,on-time
4821,delayed
4822,delayed
4823,delayed
4824,delayed
4825,on-time
4826,delayed
4827,delayed
4828,on-time
4829,on-time
4830,delayed
4831,delayed
4832,on-time
4833,delayed
4834,on-time
4835,on-time
4836,on-time
4837,on-time
4838,delayed
4839,delayed
4840,delayed
4841,on-time
4842,delayed
4843,on-time
4844,on-time
4845,delayed
4846,delayed
4847,on-time
4848,on-time
4849,delayed
4850,delayed
4851,on-time
4852,on-time
4853,on-time
4854,delayed
4855,delayed
4856,delayed
4857,on-time
4858,on-time
4859,on-time
4860,delayed
4861,delayed
4862,on-time
4863,on-time
4864,delayed
4865,delayed
4866,on-time
4867,delayed
4868,on-time
4869,delayed
4870,delayed
4871,on-time
4872,delayed
4873,delayed
4874,delayed
4875,on-time
4876,on-time
4877,on-time
4878,delayed
4879,on-time
4880,on-time
4881,on-time
4882,on-time
4883,delayed
4884,on-time
4885,delayed
4886,on-time
4887,on-time
4888,on-time
4889,delayed
4890,on-time
4891,on-time
4892,delayed
4893,on-time
4894,on-time
4895,on-time
4896,on-time
4897,on-time
4898,delayed
4899,on-time
4900,on-time
4901,delayed
4902,delayed
4903,on-time
4904,on-time
4905,on-time
4906,delayed
4907,on-time
4908,delayed
4909,on-time
4910,on-time
4911,on-time
4912,on-time
4913,on-time
4914,on-time
4915,on-time
4916,on-time
4917,on-time
4918,on-time
4919,on-time
4920,on-time
4921,on-time
4922,on-time
4923,on-time
4924,delayed
4925,delayed
4926,on-time
4927,delayed
4928,on-time
4929,on-time
4930,delayed
4931,on-time
4932,on-time
4933,on-time
4934,on-time
4935,delayed
4936,on-time
4937,on-time
4938,on-time
4939,on-time
4940,delayed
4941,on-time
4942,on-time
4943,delayed
4944,on-time
4945,delayed
4946,delayed
4947,delayed
4948,on-time
4949,on-time
4950,on-time
4951,on-time
4952,delayed
4953,on-time
4954,on-time
4955,on-time
4956,delayed
4957,on-time
4958,on-time
4959,delayed
4960,on-time
4961,on-time
4962,on-time
4963,on-time
4964,delayed
4965,delayed
4966,on-time
4967,on-time
4968,on-time
4969,on-time
4970,delayed
4971,delayed
4972,on-time
4973,on-time
4974,on-time
4975,on-time
4976,delayed
4977,delayed
4978,on-time
4979,on-time
4980,on-time
4981,on-time
4982,delayed
4983,on-time
4984,delayed
4985,on-time
4986,delayed
4987,on-time
4988,on-time
4989,delayed
4990,on-time
4991,delayed
4992,on-time
4993,on-time
4994,delayed
4995,on-time
4996,on-time
4997,on-time
4998,delayed
4999,on-time
5000,on-time
5001,on-time
5002,on-time
5003,on-time
5004,on-time
5005,on-time
5006,on-time
5007,on-time
5008,on-time
5009,on-time
5010,on-time
5011,delayed
5012,on-time
5013,on-time
5014,on-time
5015,on-time
5016,on-time
5017,on-time
5018,on-time
5019,delayed
5020,on-time
5021,delayed
5022,delayed
5023,on-time
5024,on-time
5025,delayed
5026,delayed
5027,delayed
5028,on-time
5029,on-time
5030,delayed
5031,on-time
5032,on-time
5033,delayed
5034,on-time
5035,delayed
5036,on-time
5037,on-time
5038,delayed
5039,delayed
5040,on-time
5041,on-time
5042,on-time
5043,delayed
5044,delayed
5045,on-time
5046,delayed
5047,on-time
5048,on-time
5049,on-time
5050,on-time
5051,delayed
5052,delayed
5053,on-time
5054,on-time
5055,on-time
5056,on-time
5057,on-time
5058,on-time
5059,on-time
5060,on-time
5061,on-time
5062,delayed
5063,delayed
5064,on-time
5065,on-time
5066,on-time
5067,on-time
5068,on-time
5069,on-time
5070,delayed
5071,delayed
5072,delayed
5073,delayed
5074,delayed
5075,delayed
5076,on-time
5077,delayed
5078,delayed
5079,delayed
5080,on-time
5081,on-time
5082,delayed
5083,delayed
5084,on-time
5085,delayed
5086,delayed
5087,delayed
5088,on-time
5089,delayed
5090,delayed
5091,delayed
5092,on-time
5093,on-time
5094,delayed
5095,delayed
5096,delayed
5097,delayed
5098,on-time
5099,on-time
5100,on-time
5101,on-time
5102,delayed
5103,delayed
5104,delayed
5105,on-time
5106,delayed
5107,on-time
5108,on-time
5109,delayed
5110,delayed
5111,delayed
5112,on-time
5113,on-time
5114,on-time
5115,on-time
5116,delayed
5117,delayed
5118,delayed
5119,delayed
5120,on-time
5121,delayed
5122,delayed
5123,delayed
5124,on-time
5125,on-time
5126,delayed
5127,on-time
5128,on-time
5129,delayed
5130,delayed
5131,on-time
5132,delayed
5133,delayed
5134,on-time
5135,delayed
5136,delayed
5137,delayed
5138,delayed
5139,on-time
5140,delayed
5141,delayed
5142,on-time
5143,delayed
5144,delayed
5145,on-time
5146,delayed
5147,delayed
5148,on-time
5149,delayed
5150,on-time
5151,delayed
5152,delayed
5153,delayed
5154,delayed
5155,on-time
5156,delayed
5157,delayed
5158,delayed
5159,delayed
5160,delayed
5161,delayed
5162,on-time
5163,delayed
5164,delayed
5165,on-time
5166,delayed
5167,delayed
5168,delayed
5169,on-time
5170,delayed
5171,delayed
5172,delayed
5173,delayed
5174,on-time
5175,on-time
5176,on-time
5177,on-time
5178,delayed
5179,on-time
5180,delayed
5181,on-time
5182,delayed
5183,on-time
5184,delayed
5185,delayed
5186,delayed
5187,delayed
5188,on-time
5189,on-time
5190,delayed
5191,delayed
5192,delayed
5193,delayed
5194,delayed
5195,delayed
5196,delayed
5197,delayed
5198,on-time
5199,delayed
5200,delayed
5201,on-time
5202,delayed
5203,on-time
5204,delayed
5205,delayed
5206,delayed
5207,on-time
5208,on-time
5209,on-time
5210,delayed
5211,delayed
5212,on-time
5213,delayed
5214,delayed
5215,delayed
5216,on-time
5217,on-time
5218,on-time
5219,delayed
5220,delayed
5221,on-time
5222,delayed
5223,delayed
5224,delayed
5225,on-time
5226,on-time
5227,delayed
5228,delayed
5229,delayed
5230,delayed
5231,delayed
5232,delayed
5233,on-time
5234,on-time
5235,on-time
5236,delayed
5237,on-time
5238,on-time
5239,on-time
5240,delayed
5241,delayed
5242,delayed
5243,delayed
5244,on-time
5245,delayed
5246,on-time
5247,delayed
5248,on-time
5249,delayed
5250,delayed
5251,delayed
5252,on-time
5253,on-time
5254,delayed
5255,delayed
5256,delayed
5257,delayed
5258,delayed
5259,delayed
5260,on-time
5261,delayed
5262,on-time
5263,on-time
5264,on-time
5265,on-time
5266,on-time
5267,delayed
5268,on-time
5269,on-time
5270,on-time
5271,on-time
5272,on-time
5273,delayed
5274,on-time
5275,on-time
5276,on-time
5277,on-time
5278,on-time
5279,delayed
5280,on-time
5281,on-time
5282,on-time
5283,on-time
5284,on-time
5285,on-time
5286,on-time
5287,on-time
5288,on-time
5289,on-time
5290,on-time
5291,on-time
5292,on-time
5293,on-time
5294,delayed
5295,on-time
5296,on-time
5297,on-time
5298,on-time
5299,on-time
5300,delayed
5301,on-time
5302,on-time
5303,on-time
5304,on-time
5305,on-time
5306,delayed
5307,on-time
5308,on-time
5309,on-time
5310,on-time
5311,on-time
5312,on-time
5313,on-time
5314,on-time
5315,on-time
5316,on-time
5317,on-time
5318,on-time
5319,on-time
5320,on-time
5321,on-time
5322,on-time
5323,delayed
5324,on-time
5325,on-time
5326,on-time
5327,on-time
5328,on-time
5329,on-time
5330,on-time
5331,on-time
5332,on-time
5333,on-time
5334,on-time
5335,on-time
5336,on-time
5337,on-time
5338,on-time
5339,on-time
5340,on-time
5341,delayed
5342,delayed
5343,on-time
5344,on-time
5345,on-time
5346,on-time
5347,on-time
5348,on-time
5349,on-time
5350,on-time
5351,on-time
5352,on-time
5353,delayed
5354,on-time
5355,on-time
5356,on-time
5357,on-time
5358,on-time
5359,on-time
5360,on-time
5361,on-time
5362,on-time
5363,on-time
5364,on-time
5365,on-time
5366,on-time
5367,on-time
5368,on-time
5369,on-time
5370,on-time
5371,on-time
5372,on-time
5373,delayed
5374,on-time
5375,on-time
5376,on-time
5377,on-time
5378,on-time
5379,on-time
5380,on-time
5381,on-time
5382,on-time
5383,on-time
5384,on-time
5385,on-time
5386,on-time
5387,on-time
5388,on-time
5389,on-time
5390,on-time
5391,on-time
5392,delayed
5393,on-time
5394,on-time
5395,on-time
5396,on-time
5397,on-time
5398,on-time
5399,on-time
5400,on-time
5401,on-time
5402,on-time
5403,on-time
5404,on-time
5405,on-time
5406,on-time
5407,on-time
5408,delayed
5409,on-time
5410,on-time
5411,on-time
5412,on-time
5413,on-time
5414,on-time
5415,on-time
5416,delayed
5417,on-time
5418,on-time
5419,on-time
5420,on-time
5421,on-time
5422,on-time
5423,delayed
5424,on-time
5425,on-time
5426,delayed
5427,on-time
5428,on-time
5429,on-time
5430,on-time
5431,on-time
5432,delayed
5433,on-time
5434,delayed
5435,on-time
5436,delayed
5437,delayed
5438,delayed
5439,delayed
5440,delayed
5441,delayed
5442,delayed
5443,delayed
5444,on-time
5445,delayed
5446,on-time
5447,delayed
5448,delayed
5449,delayed
5450,delayed
5451,delayed
5452,on-time
5453,delayed
5454,delayed
5455,on-time
5456,delayed
5457,delayed
5458,on-time
5459,delayed
5460,on-time
5461,delayed
5462,delayed
5463,delayed
5464,on-time
5465,on-time
5466,on-time
5467,on-time
5468,on-time
5469,delayed
5470,delayed
5471,on-time
5472,delayed
5473,delayed
5474,delayed
5475,on-time
5476,delayed
5477,on-time
5478,on-time
5479,delayed
5480,delayed
5481,on-time
5482,on-time
5483,delayed
5484,delayed
5485,delayed
5486,on-time
5487,on-time
5488,delayed
5489,delayed
5490,delayed
5491,on-time
5492,delayed
5493,delayed
5494,delayed
5495,delayed
5496,delayed
5497,delayed
5498,on-time
5499,delayed
5500,delayed
5501,delayed
5502,delayed
5503,on-time
5504,delayed
5505,delayed
5506,on-time
5507,delayed
5508,delayed
5509,delayed
5510,delayed
5511,on-time
5512,on-time
5513,on-time
5514,delayed
5515,delayed
5516,delayed
5517,delayed
5518,delayed
5519,delayed
5520,on-time
5521,delayed
5522,delayed
5523,delayed
5524,delayed
5525,on-time
5526,on-time
5527,delayed
5528,delayed
5529,delayed
5530,delayed
5531,on-time
5532,on-time
5533,delayed
5534,delayed
5535,on-time
5536,delayed
5537,delayed
5538,delayed
5539,delayed
5540,delayed
5541,delayed
5542,delayed
5543,on-time
5544,on-time
5545,on-time
5546,delayed
5547,delayed
5548,delayed
5549,on-time
5550,on-time
5551,delayed
5552,delayed
5553,delayed
5554,delayed
5555,delayed
5556,delayed
5557,on-time
5558,delayed
5559,on-time
5560,delayed
5561,delayed
5562,delayed
5563,delayed
5564,delayed
5565,delayed
5566,delayed
5567,delayed
5568,delayed
5569,delayed
5570,delayed
5571,delayed
5572,delayed
5573,on-time
5574,delayed
5575,delayed
5576,delayed
5577,on-time
5578,delayed
5579,delayed
5580,delayed
5581,on-time
5582,on-time
5583,on-time
5584,delayed
5585,delayed
5586,on-time
5587,delayed
5588,on-time
5589,delayed
5590,delayed
5591,on-time
5592,delayed
5593,delayed
5594,delayed
5595,delayed
5596,delayed
5597,delayed
5598,delayed
5599,delayed
5600,delayed
5601,delayed
5602,delayed
5603,delayed
5604,on-time
5605,delayed
5606,delayed
5607,delayed
5608,delayed
5609,delayed
5610,delayed
5611,on-time
5612,delayed
5613,delayed
5614,delayed
5615,on-time
5616,delayed
5617,delayed
5618,delayed
5619,delayed
5620,delayed
5621,delayed
5622,delayed
5623,delayed
5624,delayed
5625,on-time
5626,delayed
5627,delayed
5628,delayed
5629,on-time
5630,on-time
5631,on-time
5632,on-time
5633,on-time
5634,delayed
5635,delayed
5636,delayed
5637,delayed
5638,delayed
5639,on-time
5640,delayed
5641,delayed
5642,on-time
5643,delayed
5644,delayed
5645,on-time
5646,delayed
5647,delayed
5648,delayed
5649,on-time
5650,delayed
5651,delayed
5652,delayed
5653,delayed
5654,on-time
5655,delayed
5656,delayed
5657,on-time
5658,on-time
5659,on-time
5660,delayed
5661,delayed
5662,on-time
5663,delayed
5664,delayed
5665,delayed
5666,on-time
5667,delayed
5668,delayed
5669,on-time
5670,delayed
5671,on-time
5672,delayed
5673,delayed
5674,delayed
5675,delayed
5676,delayed
5677,on-time
5678,on-time
5679,delayed
5680,delayed
5681,on-time
5682,delayed
5683,on-time
5684,on-time
5685,delayed
5686,delayed
5687,delayed
5688,delayed
5689,delayed
5690,delayed
5691,delayed
5692,on-time
5693,delayed
5694,delayed
5695,on-time
5696,on-time
5697,delayed
5698,delayed
5699,delayed
5700,on-time
5701,delayed
5702,on-time
5703,on-time
5704,delayed
5705,delayed
5706,on-time
5707,delayed
5708,delayed
5709,on-time
5710,delayed
5711,delayed
5712,on-time
5713,on-time
5714,on-time
5715,on-time
5716,delayed
5717,on-time
5718,on-time
5719,delayed
5720,delayed
5721,delayed
5722,delayed
5723,delayed
5724,on-time
5725,on-time
5726,on-time
5727,delayed
5728,on-time
5729,delayed
5730,on-time
5731,delayed
5732,delayed
5733,on-time
5734,delayed
5735,on-time
5736,on-time
5737,delayed
5738,delayed
5739,on-time
5740,on-time
5741,delayed
5742,delayed
5743,on-time
5744,delayed
5745,delayed
5746,on-time
5747,delayed
5748,delayed
5749,delayed
5750,delayed
5751,on-time
5752,on-time
5753,on-time
5754,on-time
5755,delayed
5756,delayed
5757,on-time
5758,delayed
5759,delayed
5760,delayed
5761,on-time
5762,delayed
5763,on-time
5764,on-time
5765,on-time
5766,delayed
5767,delayed
5768,delayed
5769,on-time
5770,delayed
5771,delayed
5772,delayed
5773,delayed
5774,on-time
5775,on-time
5776,delayed
5777,delayed
5778,on-time
5779,delayed
5780,on-time
5781,delayed
5782,delayed
5783,on-time
5784,on-time
5785,delayed
5786,delayed
5787,delayed
5788,delayed
5789,on-time
5790,on-time
5791,delayed
5792,delayed
5793,delayed
5794,on-time
5795,delayed
5796,on-time
5797,delayed
5798,delayed
5799,delayed
5800,delayed
5801,delayed
5802,on-time
5803,delayed
5804,delayed
5805,on-time
5806,delayed
5807,on-time
5808,on-time
5809,on-time
5810,delayed
5811,on-time
5812,on-time
5813,delayed
5814,on-time
5815,delayed
5816,on-time
5817,delayed
5818,on-time
5819,on-time
5820,delayed
5821,on-time
5822,delayed
5823,on-time
5824,delayed
5825,delayed
5826,delayed
5827,delayed
5828,on-time
5829,delayed
5830,on-time
5831,on-time
5832,on-time
5833,delayed
5834,on-time
5835,on-time
5836,on-time
5837,on-time
5838,on-time
5839,on-time
5840,on-time
5841,delayed
5842,delayed
5843,on-time
5844,delayed
5845,delayed
5846,on-time
5847,on-time
5848,delayed
5849,on-time
5850,on-time
5851,delayed
5852,delayed
5853,delayed
5854,delayed
5855,delayed
5856,delayed
5857,on-time
5858,on-time
5859,delayed
5860,delayed
5861,delayed
5862,delayed
5863,on-time
5864,delayed
5865,on-time
5866,on-time
5867,delayed
5868,delayed
5869,delayed
5870,on-time
5871,on-time
5872,delayed
5873,delayed
5874,delayed
5875,delayed
5876,on-time
5877,delayed
5878,on-time
5879,delayed
5880,delayed
5881,delayed
5882,on-time
5883,delayed
5884,delayed
5885,on-time
5886,on-time
5887,delayed
5888,on-time
5889,on-time
5890,delayed
5891,on-time
5892,delayed
5893,on-time
5894,on-time
5895,delayed
5896,on-time
5897,on-time
5898,delayed
5899,on-time
5900,delayed
5901,on-time
5902,on-time
5903,on-time
5904,on-time
5905,delayed
5906,on-time
5907,on-time
5908,on-time
5909,on-time
5910,delayed
5911,delayed
5912,on-time
5913,on-time
5914,delayed
5915,delayed
5916,delayed
5917,on-time
5918,delayed
5919,on-time
5920,delayed
5921,delayed
5922,on-time
5923,delayed
5924,on-time
5925,delayed
5926,delayed
5927,on-time
5928,delayed
5929,delayed
5930,delayed
5931,delayed
5932,delayed
5933,delayed
5934,on-time
5935,on-time
5936,delayed
5937,delayed
5938,delayed
5939,on-time
5940,on-time
5941,on-time
5942,on-time
5943,delayed
5944,on-time
5945,delayed
5946,delayed
5947,delayed
5948,on-time
5949,delayed
5950,on-time
5951,delayed
5952,on-time
5953,on-time
5954,delayed
5955,delayed
5956,delayed
5957,delayed
5958,delayed
5959,delayed
5960,on-time
5961,delayed
5962,on-time
5963,on-time
5964,on-time
5965,delayed
5966,on-time
5967,delayed
5968,delayed
5969,on-time
5970,delayed
5971,on-time
5972,delayed
5973,on-time
5974,delayed
5975,delayed
5976,on-time
5977,delayed
5978,delayed
5979,on-time
5980,delayed
5981,on-time
5982,on-time
5983,delayed
5984,on-time
5985,delayed
5986,delayed
5987,on-time
5988,delayed
5989,on-time
5990,delayed
5991,delayed
5992,on-time
5993,delayed
5994,on-time
5995,on-time
5996,on-time
5997,on-time
5998,on-time
5999,on-time
6000,delayed
6001,on-time
6002,delayed
6003,on-time
6004,delayed
6005,delayed
6006,on-time
6007,on-time
6008,delayed
6009,on-time
6010,delayed
6011,on-time
6012,delayed
6013,on-time
6014,on-time
6015,on-time
6016,delayed
6017,on-time
6018,on-time
6019,delayed
6020,delayed
6021,on-time
6022,delayed
6023,on-time
6024,on-time
6025,on-time
6026,delayed
6027,delayed
6028,on-time
6029,delayed
6030,delayed
6031,on-time
6032,delayed
6033,on-time
6034,on-time
6035,delayed
6036,delayed
6037,delayed
6038,on-time
6039,delayed
6040,on-time
6041,on-time
6042,delayed
6043,on-time
6044,on-time
6045,on-time
6046,on-time
6047,on-time
6048,delayed
6049,delayed
6050,on-time
6051,delayed
6052,on-time
6053,on-time
6054,delayed
6055,delayed
6056,delayed
6057,on-time
6058,delayed
6059,delayed
6060,on-time
6061,delayed
6062,on-time
6063,on-time
6064,on-time
6065,delayed
6066,delayed
6067,on-time
6068,delayed
6069,delayed
6070,on-time
6071,delayed
6072,on-time
6073,delayed
6074,delayed
6075,on-time
6076,delayed
6077,delayed
6078,delayed
6079,delayed
6080,delayed
6081,delayed
6082,on-time
6083,delayed
6084,on-time
6085,delayed
6086,delayed
6087,on-time
6088,on-time
6089,delayed
6090,delayed
6091,on-time
6092,delayed
6093,on-time
6094,delayed
6095,on-time
6096,delayed
6097,on-time
6098,delayed
6099,delayed
6100,delayed
6101,on-time
6102,delayed
6103,on-time
6104,delayed
6105,delayed
6106,on-time
6107,on-time
6108,delayed
6109,delayed
6110,delayed
6111,on-time
6112,on-time
6113,delayed
6114,delayed
6115,on-time
6116,delayed
6117,on-time
6118,delayed
6119,on-time
6120,on-time
6121,delayed
6122,delayed
6123,on-time
6124,on-time
6125,delayed
6126,delayed
6127,on-time
6128,on-time
6129,delayed
6130,on-time
6131,on-time
6132,delayed
6133,on-time
6134,delayed
6135,delayed
6136,on-time
6137,on-time
6138,on-time
6139,delayed
6140,delayed
6141,on-time
6142,delayed
6143,delayed
6144,delayed
6145,on-time
6146,on-time
6147,on-time
6148,delayed
6149,delayed
6150,delayed
6151,delayed
6152,on-time
6153,on-time
6154,on-time
6155,on-time
6156,delayed
6157,on-time
6158,delayed
6159,on-time
6160,on-time
6161,delayed
6162,delayed
6163,on-time
6164,delayed
6165,delayed
6166,on-time
6167,on-time
6168,on-time
6169,on-time
6170,delayed
6171,delayed
6172,on-time
6173,on-time
6174,on-time
6175,delayed
6176,on-time
6177,delayed
6178,on-time
6179,delayed
6180,delayed
6181,on-time
6182,on-time
6183,on-time
6184,on-time
6185,on-time
6186,on-time
6187,delayed
6188,delayed
6189,on-time
6190,delayed
6191,delayed
6192,on-time
6193,on-time
6194,on-time
6195,on-time
6196,on-time
6197,delayed
6198,delayed
6199,delayed
6200,delayed
6201,delayed
6202,delayed
6203,on-time
6204,on-time
6205,delayed
6206,delayed
6207,delayed
6208,on-time
6209,on-time
6210,on-time
6211,on-time
6212,on-time
6213,on-time
6214,on-time
6215,on-time
6216,on-time
6217,on-time
6218,delayed
6219,on-time
6220,delayed
6221,on-time
6222,on-time
6223,delayed
6224,delayed
6225,on-time
6226,on-time
6227,delayed
6228,on-time
6229,on-time
6230,delayed
6231,on-time
6232,on-time
6233,on-time
6234,delayed
6235,on-time
6236,delayed
6237,delayed
6238,delayed
6239,on-time
6240,on-time
6241,on-time
6242,delayed
6243,on-time
6244,delayed
6245,on-time
6246,delayed
6247,delayed
6248,on-time
6249,on-time
6250,on-time
6251,on-time
6252,delayed
6253,delayed
6254,on-time
6255,delayed
6256,delayed
6257,delayed
6258,on-time
6259,on-time
6260,delayed
6261,on-time
6262,on-time
6263,on-time
6264,delayed
6265,delayed
6266,delayed
6267,delayed
6268,delayed
6269,on-time
6270,on-time
6271,delayed
6272,on-time
6273,delayed
6274,delayed
6275,delayed
6276,on-time
6277,on-time
6278,on-time
6279,delayed
6280,delayed
6281,delayed
6282,on-time
6283,on-time
6284,on-time
6285,delayed
6286,on-time
6287,delayed
6288,on-time
6289,on-time
6290,delayed
6291,on-time
6292,delayed
6293,on-time
6294,delayed
6295,delayed
6296,delayed
6297,on-time
6298,on-time
6299,delayed
6300,on-time
6301,on-time
6302,on-time
6303,delayed
6304,on-time
6305,on-time
6306,on-time
6307,on-time
6308,on-time
6309,on-time
6310,delayed
6311,on-time
6312,on-time
6313,delayed
6314,on-time
6315,delayed
6316,delayed
6317,delayed
6318,on-time
6319,on-time
6320,on-time
6321,delayed
6322,on-time
6323,on-time
6324,on-time
6325,on-time
6326,delayed
6327,delayed
6328,on-time
6329,on-time
6330,on-time
6331,delayed
6332,on-time
6333,on-time
6334,on-time
6335,delayed
6336,on-time
6337,on-time
6338,on-time
6339,on-time
6340,on-time
6341,delayed
6342,on-time
6343,on-time
6344,on-time
6345,delayed
6346,delayed
6347,on-time
6348,on-time
6349,on-time
6350,on-time
6351,delayed
6352,delayed
6353,on-time
6354,on-time
6355,on-time
6356,on-time
6357,on-time
6358,delayed
6359,on-time
6360,delayed
6361,delayed
6362,on-time
6363,delayed
6364,delayed
6365,on-time
6366,on-time
6367,on-time
6368,on-time
6369,delayed
6370,delayed
6371,on-time
6372,on-time
6373,delayed
6374,delayed
6375,on-time
6376,on-time
6377,on-time
6378,on-time
6379,on-time
6380,on-time
6381,delayed
6382,delayed
6383,delayed
6384,delayed
6385,delayed
6386,on-time
6387,on-time
6388,on-time
6389,delayed
6390,delayed
6391,delayed
6392,delayed
6393,on-time
6394,on-time
6395,on-time
6396,delayed
6397,delayed
6398,delayed
6399,delayed
6400,on-time
6401,on-time
6402,on-time
6403,delayed
6404,delayed
6405,on-time
6406,delayed
6407,on-time
6408,delayed
6409,on-time
6410,on-time
6411,on-time
6412,on-time
6413,on-time
6414,on-time
6415,delayed
6416,on-time
6417,on-time
6418,on-time
6419,on-time
6420,delayed
6421,on-time
6422,on-time
6423,delayed
6424,delayed
6425,delayed
6426,on-time
6427,on-time
6428,on-time
6429,on-time
6430,on-time
6431,on-time
6432,delayed
6433,on-time
6434,on-time
6435,on-time
6436,on-time
6437,on-time
6438,on-time
6439,delayed
6440,on-time
6441,on-time
6442,on-time
6443,delayed
6444,delayed
6445,on-time
6446,on-time
6447,on-time
6448,on-time
6449,on-time
6450,on-time
6451,on-time
6452,on-time
6453,on-time
6454,on-time
6455,on-time
6456,delayed
6457,on-time
6458,delayed
6459,on-time
6460,on-time
6461,on-time
6462,delayed
6463,on-time
6464,delayed
6465,delayed
6466,delayed
6467,delayed
6468,on-time
6469,delayed
6470,delayed
6471,on-time
6472,delayed
6473,on-time
6474,on-time
6475,delayed
6476,delayed
6477,delayed
6478,on-time
6479,on-time
6480,delayed
6481,on-time
6482,on-time
6483,on-time
6484,delayed
6485,delayed
6486,delayed
6487,on-time
6488,on-time
6489,delayed
6490,on-time
6491,on-time
6492,delayed
6493,on-time
6494,delayed
6495,delayed
6496,on-time
6497,on-time
6498,on-time
6499,on-time
6500,delayed
6501,delayed
6502,on-time
6503,on-time
6504,delayed
6505,on-time
6506,delayed
6507,delayed
6508,on-time
6509,on-time
6510,delayed
6511,on-time
6512,on-time
6513,on-time
6514,on-time
6515,delayed
6516,on-time
6517,delayed
6518,on-time
6519,on-time
6520,on-time
6521,on-time
6522,on-time
6523,on-time
6524,on-time
6525,on-time
6526,on-time
6527,delayed
6528,on-time
6529,delayed
6530,delayed
6531,on-time
6532,on-time
6533,delayed
6534,on-time
6535,on-time
6536,delayed
6537,delayed
6538,delayed
6539,on-time
6540,on-time
6541,delayed
6542,on-time
6543,delayed
6544,on-time
6545,on-time
6546,on-time
6547,on-time
6548,delayed
6549,delayed
6550,delayed
6551,delayed
6552,delayed
6553,on-time
6554,delayed
6555,delayed
6556,on-time
6557,delayed
6558,on-time
6559,on-time
6560,delayed
6561,on-time
6562,delayed
6563,delayed
6564,delayed
6565,on-time
6566,delayed
6567,delayed
6568,delayed
6569,delayed
6570,delayed
6571,on-time
6572,on-time
6573,on-time
6574,delayed
6575,on-time
6576,delayed
6577,delayed
6578,delayed
6579,delayed
6580,delayed
6581,on-time
6582,delayed
6583,delayed
6584,on-time
6585,delayed
6586,delayed
6587,delayed
6588,delayed
6589,on-time
6590,delayed
6591,delayed
6592,on-time
6593,on-time
6594,delayed
6595,delayed
6596,on-time
6597,on-time
6598,delayed
6599,delayed
6600,on-time
6601,delayed
6602,delayed
6603,on-time
6604,delayed
6605,on-time
6606,on-time
6607,on-time
6608,delayed
6609,delayed
6610,on-time
6611,delayed
6612,on-time
6613,delayed
6614,delayed
6615,on-time
6616,delayed
6617,delayed
6618,on-time
6619,delayed
6620,on-time
6621,delayed
6622,delayed
6623,delayed
6624,delayed
6625,on-time
6626,on-time
6627,on-time
6628,delayed
6629,delayed
6630,delayed
6631,delayed
6632,on-time
6633,on-time
6634,delayed
6635,delayed
6636,delayed
6637,on-time
6638,on-time
6639,on-time
6640,on-time
6641,delayed
6642,delayed
6643,delayed
6644,delayed
6645,on-time
6646,delayed
6647,delayed
6648,on-time
6649,delayed
6650,delayed
6651,delayed
6652,on-time
6653,delayed
6654,delayed
6655,on-time
6656,on-time
6657,on-time
6658,delayed
6659,on-time
6660,delayed
6661,on-time
6662,on-time
6663,delayed
6664,on-time
6665,delayed
6666,on-time
6667,on-time
6668,delayed
6669,on-time
6670,on-time
6671,delayed
6672,on-time
6673,delayed
6674,delayed
6675,on-time
6676,on-time
6677,delayed
6678,delayed
6679,on-time
6680,on-time
6681,delayed
6682,delayed
6683,on-time
6684,on-time
6685,delayed
6686,on-time
6687,delayed
6688,delayed
6689,on-time
6690,delayed
6691,delayed
6692,delayed
6693,delayed
6694,delayed
6695,delayed
6696,delayed
6697,delayed
6698,on-time
6699,on-time
6700,on-time
6701,on-time
6702,on-time
6703,on-time
6704,on-time
6705,on-time
6706,on-time
6707,delayed
6708,delayed
6709,delayed
6710,delayed
6711,delayed
6712,on-time
6713,delayed
6714,on-time
6715,delayed
6716,delayed
6717,on-time
6718,delayed
6719,on-time
6720,on-time
6721,on-time
6722,delayed
6723,on-time
6724,delayed
6725,on-time
6726,on-time
6727,on-time
6728,delayed
6729,delayed
6730,on-time
6731,delayed
6732,delayed
6733,on-time
6734,on-time
6735,delayed
6736,on-time
6737,on-time
6738,on-time
6739,delayed
6740,on-time
6741,on-time
6742,delayed
6743,on-time
6744,on-time
6745,delayed
6746,delayed
6747,delayed
6748,delayed
6749,on-time
6750,delayed
6751,on-time
6752,delayed
6753,on-time
6754,on-time
6755,delayed
6756,delayed
6757,on-time
6758,on-time
6759,on-time
6760,on-time
6761,on-time
6762,on-time
6763,delayed
6764,on-time
6765,on-time
6766,delayed
6767,on-time
6768,on-time
6769,on-time
6770,on-time
6771,delayed
6772,delayed
6773,on-time
6774,on-time
6775,delayed
6776,delayed
6777,on-time
6778,delayed
6779,on-time
6780,delayed
6781,on-time
6782,delayed
6783,delayed
6784,delayed
6785,on-time
6786,on-time
6787,delayed
6788,delayed
6789,on-time
6790,delayed
6791,on-time
6792,on-time
6793,on-time
6794,delayed
6795,delayed
6796,delayed
6797,delayed
6798,on-time
6799,delayed
6800,on-time
6801,delayed
6802,on-time
6803,on-time
6804,delayed
6805,delayed
6806,on-time
6807,on-time
6808,delayed
6809,on-time
6810,on-time
6811,delayed
6812,on-time
6813,delayed
6814,delayed
6815,delayed
6816,on-time
6817,delayed
6818,delayed
6819,on-time
6820,delayed
6821,delayed
6822,on-time
6823,on-time
6824,on-time
6825,delayed
6826,delayed
6827,delayed
6828,delayed
6829,on-time
6830,on-time
6831,delayed
6832,on-time
6833,on-time
6834,delayed
6835,delayed
6836,delayed
6837,delayed
6838,on-time
6839,delayed
6840,delayed
6841,on-time
6842,delayed
6843,delayed
6844,on-time
6845,delayed
6846,on-time
6847,delayed
6848,on-time
6849,delayed
6850,delayed
6851,delayed
6852,delayed
6853,on-time
6854,delayed
6855,delayed
6856,on-time
6857,on-time
6858,delayed
6859,delayed
6860,on-time
6861,on-time
6862,on-time
6863,delayed
6864,on-time
6865,on-time
6866,delayed
6867,on-time
6868,on-time
6869,delayed
6870,delayed
6871,delayed
6872,delayed
6873,delayed
6874,on-time
6875,delayed
6876,on-time
6877,on-time
6878,on-time
6879,delayed
6880,delayed
6881,on-time
6882,delayed
6883,on-time
6884,delayed
6885,delayed
6886,delayed
6887,on-time
6888,delayed
6889,delayed
6890,on-time
6891,delayed
6892,delayed
6893,delayed
6894,delayed
6895,on-time
6896,on-time
6897,on-time
6898,on-time
6899,delayed
6900,delayed
6901,on-time
6902,on-time
6903,delayed
6904,delayed
6905,on-time
6906,on-time
6907,delayed
6908,delayed
6909,on-time
6910,delayed
6911,on-time
6912,delayed
6913,delayed
6914,delayed
6915,on-time
6916,delayed
6917,delayed
6918,delayed
6919,delayed
6920,delayed
6921,delayed
6922,delayed
6923,delayed
6924,delayed
6925,on-time
6926,delayed
6927,on-time
6928,on-time
6929,on-time
6930,delayed
6931,delayed
6932,delayed
6933,delayed
6934,on-time
6935,delayed
6936,delayed
6937,delayed
6938,delayed
6939,on-time
6940,on-time
6941,on-time
6942,on-time
6943,on-time
6944,delayed
6945,delayed
6946,delayed
6947,on-time
6948,on-time
6949,delayed
6950,on-time
6951,delayed
6952,on-time
6953,delayed
6954,delayed
6955,delayed
6956,delayed
6957,delayed
6958,on-time
6959,delayed
6960,delayed
6961,delayed
6962,on-time
6963,delayed
6964,delayed
6965,delayed
6966,delayed
6967,delayed
6968,delayed
6969,on-time
6970,on-time
6971,delayed
6972,delayed
6973,delayed
6974,delayed
6975,on-time
6976,on-time
6977,delayed
6978,delayed
6979,on-time
6980,on-time
6981,delayed
6982,delayed
6983,on-time
6984,delayed
6985,delayed
6986,delayed
6987,delayed
6988,on-time
6989,delayed
6990,on-time
6991,delayed
6992,delayed
6993,delayed
6994,delayed
6995,delayed
6996,on-time
6997,delayed
6998,delayed
6999,delayed
7000,on-time
7001,delayed
7002,delayed
7003,delayed
7004,delayed
7005,delayed
7006,on-time
7007,delayed
7008,on-time
7009,on-time
7010,delayed
7011,delayed
7012,delayed
7013,on-time
7014,on-time
7015,on-time
7016,delayed
7017,delayed
7018,delayed
7019,delayed
7020,delayed
7021,delayed
7022,on-time
7023,on-time
7024,delayed
7025,delayed
7026,delayed
7027,delayed
7028,delayed
7029,on-time
7030,on-time
7031,delayed
7032,delayed
7033,on-time
7034,delayed
7035,on-time
7036,on-time
7037,on-time
7038,on-time
7039,on-time
7040,delayed
7041,delayed
7042,on-time
7043,delayed
7044,delayed
7045,delayed
7046,on-time
7047,delayed
7048,on-time
7049,on-time
7050,delayed
7051,delayed
7052,delayed
7053,delayed
7054,on-time
7055,on-time
7056,delayed
7057,on-time
7058,on-time
7059,delayed
7060,on-time
7061,delayed
7062,on-time
7063,delayed
7064,delayed
7065,delayed
7066,delayed
7067,on-time
7068,on-time
7069,delayed
7070,delayed
7071,on-time
7072,delayed
7073,on-time
7074,delayed
7075,delayed
7076,delayed
7077,on-time
7078,on-time
7079,delayed
7080,delayed
7081,on-time
7082,delayed
7083,on-time
7084,delayed
7085,delayed
7086,delayed
7087,delayed
7088,delayed
7089,on-time
7090,delayed
7091,on-time
7092,delayed
7093,on-time
7094,delayed
7095,delayed
7096,on-time
7097,delayed
7098,delayed
7099,delayed
7100,delayed
7101,delayed
7102,delayed
7103,on-time
7104,delayed
7105,on-time
7106,delayed
7107,on-time
7108,on-time
7109,on-time
7110,delayed
7111,on-time
7112,delayed
7113,on-time
7114,delayed
7115,delayed
7116,on-time
7117,delayed
7118,delayed
7119,on-time
7120,on-time
7121,delayed
7122,delayed
7123,delayed
7124,on-time
7125,on-time
7126,delayed
7127,on-time
7128,on-time
7129,delayed
7130,delayed
7131,on-time
7132,on-time
7133,on-time
7134,on-time
7135,delayed
7136,on-time
7137,on-time
7138,on-time
7139,delayed
7140,delayed
7141,on-time
7142,on-time
7143,on-time
7144,delayed
7145,on-time
7146,on-time
7147,on-time
7148,on-time
7149,delayed
7150,on-time
7151,on-time
7152,on-time
7153,delayed
7154,delayed
7155,on-time
7156,delayed
7157,on-time
7158,delayed
7159,on-time
7160,delayed
7161,on-time
7162,delayed
7163,delayed
7164,on-time
7165,delayed
7166,on-time
7167,on-time
7168,on-time
7169,delayed
7170,on-time
7171,on-time
7172,on-time
7173,on-time
7174,on-time
7175,on-time
7176,delayed
7177,on-time
7178,on-time
7179,delayed
7180,delayed
7181,on-time
7182,delayed
7183,on-time
7184,on-time
7185,on-time
7186,on-time
7187,on-time
7188,on-time
7189,on-time
7190,on-time
7191,on-time
7192,on-time
7193,delayed
7194,on-time
7195,on-time
7196,on-time
7197,on-time
7198,on-time
7199,delayed
7200,on-time
7201,on-time
7202,on-time
7203,delayed
7204,on-time
7205,delayed
7206,delayed
7207,on-time
7208,on-time
7209,on-time
7210,delayed
7211,on-time
7212,on-time
7213,delayed
7214,on-time
7215,delayed
7216,delayed
7217,on-time
7218,on-time
7219,delayed
7220,on-time
7221,on-time
7222,on-time
7223,delayed
7224,on-time
7225,delayed
7226,on-time
7227,delayed
7228,on-time
7229,on-time
7230,on-time
7231,on-time
7232,on-time
7233,on-time
7234,on-time
7235,on-time
7236,delayed
7237,on-time
7238,on-time
7239,on-time
7240,on-time
7241,on-time
7242,delayed
7243,on-time
7244,on-time
7245,on-time
7246,on-time
7247,delayed
7248,on-time
7249,delayed
7250,delayed
7251,on-time
7252,delayed
7253,on-time
7254,on-time
7255,on-time
7256,on-time
7257,delayed
7258,delayed
7259,on-time
7260,delayed
7261,on-time
7262,on-time
7263,on-time
7264,delayed
7265,delayed
7266,delayed
7267,on-time
7268,on-time
7269,delayed
7270,on-time
7271,on-time
7272,on-time
7273,on-time
7274,delayed
7275,on-time
7276,delayed
7277,delayed
7278,on-time
7279,on-time
7280,on-time
7281,delayed
7282,on-time
7283,delayed
7284,on-time
7285,on-time
7286,delayed
7287,delayed
7288,on-time
7289,on-time
7290,delayed
7291,on-time
7292,delayed
7293,on-time
7294,on-time
7295,delayed
7296,on-time
7297,on-time
7298,delayed
7299,on-time
7300,on-time
7301,delayed
7302,on-time
7303,delayed
7304,on-time
7305,delayed
7306,on-time
7307,delayed
7308,on-time
7309,delayed
7310,on-time
7311,delayed
7312,on-time
7313,delayed
7314,delayed
7315,on-time
7316,on-time
7317,on-time
7318,delayed
7319,delayed
7320,delayed
7321,delayed
7322,delayed
7323,on-time
7324,on-time
7325,delayed
7326,delayed
7327,on-time
7328,on-time
7329,on-time
7330,on-time
7331,on-time
7332,delayed
7333,delayed
7334,delayed
7335,on-time
7336,on-time
7337,delayed
7338,delayed
7339,delayed
7340,on-time
7341,delayed
7342,delayed
7343,on-time
7344,delayed
7345,on-time
7346,delayed
7347,on-time
7348,on-time
7349,delayed
7350,delayed
7351,on-time
7352,on-time
7353,on-time
7354,on-time
7355,on-time
7356,delayed
7357,delayed
7358,delayed
7359,on-time
7360,delayed
7361,delayed
7362,on-time
7363,delayed
7364,on-time
7365,on-time
7366,delayed
7367,delayed
7368,delayed
7369,on-time
7370,delayed
7371,delayed
7372,delayed
7373,delayed
7374,on-time
7375,on-time
7376,on-time
7377,delayed
7378,on-time
7379,on-time
7380,on-time
7381,delayed
7382,delayed
7383,on-time
7384,delayed
7385,on-time
7386,delayed
7387,on-time
7388,delayed
7389,on-time
7390,delayed
7391,delayed
7392,on-time
7393,delayed
7394,delayed
7395,on-time
7396,delayed
7397,delayed
7398,on-time
7399,on-time
7400,delayed
7401,on-time
7402,on-time
7403,on-time
7404,delayed
7405,delayed
7406,delayed
7407,on-time
7408,delayed
7409,delayed
7410,delayed
7411,on-time
7412,delayed
7413,delayed
7414,on-time
7415,delayed
7416,on-time
7417,delayed
7418,on-time
7419,delayed
7420,on-time
7421,on-time
7422,delayed
7423,delayed
7424,delayed
7425,delayed
7426,delayed
7427,delayed
7428,on-time
7429,delayed
7430,delayed
7431,delayed
7432,on-time
7433,delayed
7434,on-time
7435,on-time
7436,delayed
7437,on-time
7438,delayed
7439,delayed
7440,delayed
7441,on-time
7442,on-time
7443,on-time
7444,on-time
7445,delayed
7446,on-time
7447,on-time
7448,delayed
7449,delayed
7450,delayed
7451,on-time
7452,delayed
7453,delayed
7454,on-time
7455,delayed
7456,delayed
7457,delayed
7458,on-time
7459,delayed
7460,on-time
7461,delayed
7462,delayed
7463,delayed
7464,on-time
7465,delayed
7466,on-time
7467,delayed
7468,delayed
7469,delayed
7470,delayed
7471,delayed
7472,on-time
7473,delayed
7474,on-time
7475,on-time
7476,delayed
7477,delayed
7478,delayed
7479,on-time
7480,delayed
7481,on-time
7482,on-time
7483,on-time
7484,on-time
7485,on-time
7486,on-time
7487,on-time
7488,on-time
7489,on-time
7490,on-time
7491,on-time
7492,on-time
7493,on-time
7494,on-time
7495,on-time
7496,on-time
7497,on-time
7498,on-time
7499,on-time
7500,on-time
7501,on-time
7502,on-time
7503,on-time
7504,on-time
7505,on-time
7506,on-time
7507,on-time
7508,on-time
7509,on-time
7510,on-time
7511,on-time
7512,on-time
7513,on-time
7514,on-time
7515,on-time
7516,on-time
7517,on-time
7518,on-time
7519,on-time
7520,on-time
7521,on-time
7522,on-time
7523,on-time
7524,on-time
7525,on-time
7526,on-time
7527,on-time
7528,on-time
7529,on-time
7530,on-time
7531,on-time
7532,on-time
7533,on-time
7534,on-time
7535,on-time
7536,on-time
7537,on-time
7538,on-time
7539,on-time
7540,on-time
7541,on-time
7542,on-time
7543,on-time
7544,on-time
7545,on-time
7546,on-time
7547,on-time
7548,on-time
7549,on-time
7550,on-time
7551,on-time
7552,on-time
7553,on-time
7554,delayed
7555,on-time
7556,on-time
7557,delayed
7558,on-time
7559,on-time
7560,delayed
7561,on-time
7562,on-time
7563,on-time
7564,on-time
7565,on-time
7566,on-time
7567,on-time
7568,on-time
7569,on-time
7570,on-time
7571,on-time
7572,on-time
7573,on-time
7574,on-time
7575,on-time
7576,on-time
7577,on-time
7578,on-time
7579,on-time
7580,on-time
7581,on-time
7582,on-time
7583,on-time
7584,on-time
7585,on-time
7586,on-time
7587,on-time
7588,on-time
7589,on-time
7590,on-time
7591,on-time
7592,on-time
7593,on-time
7594,on-time
7595,on-time
7596,on-time
7597,on-time
7598,on-time
7599,on-time
7600,on-time
7601,on-time
7602,on-time
7603,on-time
7604,on-time
7605,on-time
7606,on-time
7607,on-time
7608,on-time
7609,on-time
7610,on-time
7611,on-time
7612,on-time
7613,on-time
7614,on-time
7615,on-time
7616,on-time
7617,on-time
7618,on-time
7619,on-time
7620,on-time
7621,on-time
7622,on-time
7623,on-time
7624,on-time
7625,on-time
7626,on-time
7627,on-time
7628,on-time
7629,on-time
7630,on-time
7631,on-time
7632,on-time
7633,on-time
7634,on-time
7635,on-time
7636,on-time
7637,on-time
7638,on-time
7639,on-time
7640,on-time
7641,on-time
7642,on-time
7643,on-time
7644,on-time
7645,on-time
7646,on-time
7647,on-time
7648,on-time
7649,on-time
7650,on-time
7651,on-time
7652,on-time
7653,delayed
7654,delayed
7655,on-time
7656,on-time
7657,delayed
7658,on-time
7659,on-time
7660,on-time
7661,on-time
7662,on-time
7663,delayed
7664,delayed
7665,delayed
7666,on-time
7667,on-time
7668,on-time
7669,on-time
7670,on-time
7671,delayed
7672,on-time
7673,on-time
7674,on-time
7675,on-time
7676,on-time
7677,on-time
7678,on-time
7679,on-time
7680,on-time
7681,on-time
7682,delayed
7683,on-time
7684,delayed
7685,on-time
7686,on-time
7687,on-time
7688,on-time
7689,delayed
7690,delayed
7691,delayed
7692,on-time
7693,delayed
7694,on-time
7695,on-time
7696,on-time
7697,on-time
7698,on-time
7699,delayed
7700,on-time
7701,delayed
7702,on-time
7703,delayed
7704,delayed
7705,on-time
7706,on-time
7707,delayed
7708,on-time
7709,on-time
7710,on-time
7711,delayed
7712,on-time
7713,on-time
7714,on-time
7715,on-time
7716,delayed
7717,delayed
7718,on-time
7719,on-time
7720,delayed
7721,on-time
7722,delayed
7723,on-time
7724,delayed
7725,on-time
7726,delayed
7727,on-time
7728,on-time
7729,on-time
7730,on-time
7731,on-time
7732,on-time
7733,on-time
7734,on-time
7735,on-time
7736,on-time
7737,on-time
7738,delayed
7739,on-time
7740,delayed
7741,on-time
7742,on-time
7743,delayed
7744,on-time
7745,on-time
7746,delayed
7747,on-time
7748,delayed
7749,on-time
7750,on-time
7751,on-time
7752,delayed
7753,on-time
7754,on-time
7755,on-time
7756,on-time
7757,on-time
7758,on-time
7759,on-time
7760,on-time
7761,on-time
7762,on-time
7763,on-time
7764,on-time
7765,on-time
7766,on-time
7767,on-time
7768,on-time
7769,on-time
7770,on-time
7771,on-time
7772,on-time
7773,on-time
7774,on-time
7775,on-time
7776,delayed
7777,delayed
7778,on-time
7779,on-time
7780,delayed
7781,on-time
7782,on-time
7783,on-time
7784,on-time
7785,on-time
7786,on-time
7787,on-time
7788,delayed
7789,on-time
7790,delayed
7791,on-time
7792,on-time
7793,on-time
7794,on-time
7795,on-time
7796,delayed
7797,on-time
7798,on-time
7799,on-time
7800,on-time
7801,delayed
7802,on-time
7803,delayed
7804,delayed
7805,on-time
7806,on-time
7807,on-time
7808,delayed
7809,delayed
7810,on-time
7811,delayed
7812,on-time
7813,on-time
7814,on-time
7815,on-time
7816,on-time
7817,on-time
7818,on-time
7819,on-time
7820,on-time
7821,on-time
7822,on-time
7823,delayed
7824,delayed
7825,on-time
7826,on-time
7827,delayed
7828,on-time
7829,on-time
7830,on-time
7831,on-time
7832,on-time
7833,on-time
7834,on-time
7835,on-time
7836,on-time
7837,delayed
7838,on-time
7839,delayed
7840,on-time
7841,on-time
7842,on-time
7843,on-time
7844,on-time
7845,on-time
7846,on-time
7847,delayed
7848,on-time
7849,on-time
7850,on-time
7851,on-time
7852,delayed
7853,on-time
7854,delayed
7855,on-time
7856,on-time
7857,on-time
7858,on-time
7859,delayed
7860,on-time
7861,on-time
7862,on-time
7863,on-time
7864,delayed
7865,delayed
7866,delayed
7867,delayed
7868,on-time
7869,delayed
7870,delayed
7871,delayed
7872,on-time
7873,on-time
7874,delayed
7875,on-time
7876,delayed
7877,on-time
7878,on-time
7879,on-time
7880,delayed
7881,delayed
7882,on-time
7883,on-time
7884,on-time
7885,delayed
7886,on-time
7887,on-time
7888,delayed
7889,delayed
7890,on-time
7891,delayed
7892,delayed
7893,delayed
7894,on-time
7895,delayed
7896,delayed
7897,delayed
7898,delayed
7899,on-time
7900,on-time
7901,on-time
7902,on-time
7903,on-time
7904,on-time
7905,on-time
7906,on-time
7907,on-time
7908,on-time
7909,delayed
7910,delayed
7911,on-time
7912,on-time
7913,on-time
7914,on-time
7915,on-time
7916,on-time
7917,delayed
7918,delayed
7919,on-time
7920,on-time
7921,delayed
7922,on-time
7923,on-time
7924,on-time
7925,on-time
7926,delayed
7927,delayed
7928,on-time
7929,on-time
7930,on-time
7931,delayed
7932,on-time
7933,delayed
7934,delayed
7935,on-time
7936,on-time
7937,on-time
7938,on-time
7939,on-time
7940,on-time
7941,on-time
7942,on-time
7943,delayed
7944,on-time
7945,on-time
7946,delayed
7947,on-time
7948,on-time
7949,delayed
7950,on-time
7951,delayed
7952,on-time
7953,on-time
7954,on-time
7955,delayed
7956,on-time
7957,on-time
7958,delayed
7959,on-time
7960,delayed
7961,on-time
7962,on-time
7963,on-time
7964,on-time
7965,on-time
7966,delayed
7967,on-time
7968,on-time
7969,on-time
7970,on-time
7971,on-time
7972,on-time
7973,delayed
7974,delayed
7975,on-time
7976,on-time
7977,delayed
7978,delayed
7979,on-time
7980,on-time
7981,delayed
7982,on-time
7983,on-time
7984,on-time
7985,on-time
7986,on-time
7987,on-time
7988,on-time
7989,delayed
7990,delayed
7991,on-time
7992,on-time
7993,on-time
7994,on-time
7995,on-time
7996,on-time
7997,on-time
7998,on-time
7999,delayed
8000,delayed
8001,delayed
8002,on-time
8003,on-time
8004,on-time
8005,on-time
8006,delayed
8007,delayed
8008,on-time
8009,on-time
8010,on-time
8011,on-time
8012,on-time
8013,on-time
8014,on-time
8015,on-time
8016,delayed
8017,on-time
8018,on-time
8019,delayed
8020,on-time
8021,on-time
8022,on-time
8023,delayed
8024,on-time
8025,delayed
8026,on-time
8027,on-time
8028,on-time
8029,on-time
8030,on-time
8031,on-time
8032,on-time
8033,on-time
8034,on-time
8035,on-time
8036,on-time
8037,delayed
8038,on-time
8039,on-time
8040,on-time
8041,on-time
8042,on-time
8043,on-time
8044,on-time
8045,delayed
8046,on-time
8047,on-time
8048,on-time
8049,delayed
8050,on-time
8051,delayed
8052,on-time
8053,on-time
8054,delayed
8055,delayed
8056,on-time
8057,delayed
8058,on-time
8059,on-time
8060,delayed
8061,on-time
8062,delayed
8063,delayed
8064,on-time
8065,on-time
8066,on-time
8067,delayed
8068,on-time
8069,delayed
8070,on-time
8071,on-time
8072,on-time
8073,on-time
8074,on-time
8075,on-time
8076,on-time
8077,on-time
8078,on-time
8079,on-time
8080,on-time
8081,on-time
8082,on-time
8083,on-time
8084,on-time
8085,delayed
8086,on-time
8087,on-time
8088,delayed
8089,delayed
8090,delayed
8091,on-time
8092,on-time
8093,on-time
8094,delayed
8095,on-time
8096,on-time
8097,on-time
8098,on-time
8099,on-time
8100,on-time
8101,on-time
8102,on-time
8103,on-time
8104,on-time
8105,on-time
8106,on-time
8107,on-time
8108,on-time
8109,on-time
8110,delayed
8111,on-time
8112,on-time
8113,on-time
8114,delayed
8115,on-time
8116,on-time
8117,delayed
8118,on-time
8119,on-time
8120,on-time
8121,delayed
8122,on-time
8123,on-time
8124,delayed
8125,on-time
8126,on-time
8127,on-time
8128,delayed
8129,delayed
8130,delayed
8131,on-time
8132,on-time
8133,on-time
8134,on-time
8135,delayed
8136,delayed
8137,on-time
8138,delayed
8139,on-time
8140,on-time
8141,on-time
8142,on-time
8143,on-time
8144,on-time
8145,on-time
8146,on-time
8147,delayed
8148,on-time
8149,on-time
8150,delayed
8151,on-time
8152,on-time
8153,on-time
8154,on-time
8155,on-time
8156,delayed
8157,delayed
8158,on-time
8159,delayed
8160,on-time
8161,on-time
8162,on-time
8163,on-time
8164,on-time
8165,on-time
8166,on-time
8167,on-time
8168,on-time
8169,delayed
8170,on-time
8171,on-time
8172,on-time
8173,on-time
8174,delayed
8175,on-time
8176,on-time
8177,delayed
8178,on-time
8179,on-time
8180,on-time
8181,on-time
8182,on-time
8183,delayed
8184,on-time
8185,on-time
8186,on-time
8187,on-time
8188,on-time
8189,on-time
8190,on-time
8191,on-time
8192,on-time
8193,on-time
8194,on-time
8195,on-time
8196,delayed
8197,on-time
8198,on-time
8199,on-time
8200,on-time
8201,on-time
8202,on-time
8203,on-time
8204,on-time
8205,on-time
8206,on-time
8207,on-time
8208,on-time
8209,on-time
8210,on-time
8211,on-time
8212,on-time
8213,on-time
8214,on-time
8215,on-time
8216,delayed
8217,on-time
8218,on-time
8219,on-time
8220,on-time
8221,on-time
8222,on-time
8223,on-time
8224,delayed
8225,on-time
8226,on-time
8227,on-time
8228,on-time
8229,on-time
8230,on-time
8231,on-time
8232,on-time
8233,on-time
8234,on-time
8235,on-time
8236,on-time
8237,on-time
8238,on-time
8239,on-time
8240,on-time
8241,on-time
8242,on-time
8243,on-time
8244,on-time
8245,delayed
8246,on-time
8247,on-time
8248,on-time
8249,on-time
8250,on-time
8251,on-time
8252,on-time
8253,on-time
8254,on-time
8255,on-time
8256,on-time
8257,on-time
8258,on-time
8259,on-time
8260,on-time
8261,on-time
8262,on-time
8263,on-time
8264,on-time
8265,on-time
8266,on-time
8267,delayed
8268,on-time
8269,delayed
8270,on-time
8271,on-time
8272,on-time
8273,on-time
8274,on-time
8275,on-time
8276,on-time
8277,on-time
8278,on-time
8279,on-time
8280,on-time
8281,on-time
8282,on-time
8283,on-time
8284,on-time
8285,on-time
8286,on-time
8287,on-time
8288,on-time
8289,on-time
8290,on-time
8291,on-time
8292,on-time
8293,on-time
8294,on-time
8295,on-time
8296,on-time
8297,on-time
8298,on-time
8299,on-time
8300,on-time
8301,on-time
8302,on-time
8303,on-time
8304,on-time
8305,on-time
8306,on-time
8307,on-time
8308,on-time
8309,on-time
8310,delayed
8311,on-time
8312,on-time
8313,on-time
8314,on-time
8315,on-time
8316,on-time
8317,on-time
8318,on-time
8319,delayed
8320,on-time
8321,on-time
8322,on-time
8323,on-time
8324,on-time
8325,delayed
8326,on-time
8327,on-time
8328,on-time
8329,delayed
8330,on-time
8331,on-time
8332,on-time
8333,on-time
8334,on-time
8335,on-time
8336,on-time
8337,on-time
8338,on-time
8339,on-time
8340,on-time
8341,on-time
8342,on-time
8343,on-time
8344,on-time
8345,on-time
8346,on-time
8347,on-time
8348,on-time
8349,on-time
8350,on-time
8351,on-time
8352,on-time
8353,on-time
8354,on-time
8355,on-time
8356,on-time
8357,on-time
8358,on-time
8359,on-time
8360,on-time
8361,delayed
8362,on-time
8363,on-time
8364,on-time
8365,on-time
8366,on-time
8367,on-time
8368,on-time
8369,on-time
8370,on-time
8371,on-time
8372,on-time
8373,on-time
8374,on-time
8375,on-time
8376,on-time
8377,on-time
8378,on-time
8379,on-time
8380,on-time
8381,on-time
8382,on-time
8383,on-time
8384,on-time
8385,on-time
8386,delayed
8387,on-time
8388,on-time
8389,delayed
8390,on-time
8391,delayed
8392,on-time
8393,on-time
8394,on-time
8395,on-time
8396,delayed
8397,delayed
8398,on-time
8399,delayed
8400,on-time
8401,delayed
8402,on-time
8403,delayed
8404,on-time
8405,delayed
8406,delayed
8407,on-time
8408,delayed
8409,on-time
8410,on-time
8411,delayed
8412,delayed
8413,on-time
8414,on-time
8415,on-time
8416,on-time
8417,on-time
8418,on-time
8419,on-time
8420,on-time
8421,delayed
8422,on-time
8423,on-time
8424,on-time
8425,on-time
8426,delayed
8427,on-time
8428,on-time
8429,on-time
8430,delayed
8431,on-time
8432,on-time
8433,on-time
8434,on-time
8435,delayed
8436,delayed
8437,delayed
8438,on-time
8439,on-time
8440,delayed
8441,on-time
8442,delayed
8443,delayed
8444,on-time
8445,on-time
8446,on-time
8447,delayed
8448,on-time
8449,on-time
8450,delayed
8451,on-time
8452,on-time
8453,delayed
8454,on-time
8455,on-time
8456,on-time
8457,delayed
8458,delayed
8459,on-time
8460,delayed
8461,on-time
8462,on-time
8463,on-time
8464,on-time
8465,on-time
8466,on-time
8467,delayed
8468,on-time
8469,on-time
8470,delayed
8471,on-time
8472,on-time
8473,on-time
8474,on-time
8475,on-time
8476,on-time
8477,on-time
8478,on-time
8479,on-time
8480,on-time
8481,on-time
8482,on-time
8483,delayed
8484,on-time
8485,on-time
8486,delayed
8487,on-time
8488,on-time
8489,on-time
8490,delayed
8491,on-time
8492,delayed
8493,delayed
8494,delayed
8495,on-time
8496,on-time
8497,on-time
8498,on-time
8499,on-time
8500,on-time
8501,delayed
8502,on-time
8503,on-time
8504,delayed
8505,on-time
8506,on-time
8507,on-time
8508,on-time
8509,on-time
8510,on-time
8511,on-time
8512,on-time
8513,on-time
8514,on-time
8515,on-time
8516,on-time
8517,on-time
8518,on-time
8519,delayed
8520,on-time
8521,on-time
8522,on-time
8523,on-time
8524,on-time
8525,on-time
8526,on-time
8527,on-time
8528,on-time
8529,on-time
8530,delayed
8531,on-time
8532,on-time
8533,on-time
8534,on-time
8535,on-time
8536,on-time
8537,delayed
8538,on-time
8539,on-time
8540,on-time
8541,delayed
8542,delayed
8543,on-time
8544,on-time
8545,on-time
8546,on-time
8547,on-time
8548,on-time
8549,on-time
8550,on-time
8551,on-time
8552,on-time
8553,on-time
8554,on-time
8555,on-time
8556,on-time
8557,delayed
8558,on-time
8559,on-time
8560,on-time
8561,on-time
8562,on-time
8563,on-time
8564,on-time
8565,on-time
8566,on-time
8567,on-time
8568,delayed
8569,on-time
8570,on-time
8571,on-time
8572,delayed
8573,on-time
8574,on-time
8575,on-time
8576,on-time
8577,on-time
8578,on-time
8579,on-time
8580,delayed
8581,delayed
8582,on-time
8583,on-time
8584,on-time
8585,on-time
8586,on-time
8587,on-time
8588,delayed
8589,on-time
8590,on-time
8591,on-time
8592,on-time
8593,on-time
8594,on-time
8595,delayed
8596,delayed
8597,on-time
8598,on-time
8599,delayed
8600,delayed
8601,delayed
8602,on-time
8603,on-time
8604,on-time
8605,on-time
8606,on-time
8607,on-time
8608,on-time
8609,on-time
8610,on-time
8611,on-time
8612,on-time
8613,on-time
8614,on-time
8615,on-time
8616,on-time
8617,on-time
8618,on-time
8619,on-time
8620,on-time
8621,on-time
8622,delayed
8623,delayed
8624,on-time
8625,on-time
8626,on-time
8627,delayed
8628,on-time
8629,on-time
8630,on-time
8631,on-time
8632,on-time
8633,on-time
8634,on-time
8635,on-time
8636,on-time
8637,on-time
8638,on-time
8639,on-time
8640,on-time
8641,on-time
8642,on-time
8643,on-time
8644,delayed
8645,on-time
8646,on-time
8647,on-time
8648,on-time
8649,on-time
8650,on-time
8651,on-time
8652,delayed
8653,on-time
8654,on-time
8655,on-time
8656,on-time
8657,delayed
8658,on-time
8659,on-time
8660,on-time
8661,on-time
8662,on-time
8663,on-time
8664,delayed
8665,on-time
8666,on-time
8667,on-time
8668,on-time
8669,on-time
8670,on-time
8671,on-time
8672,on-time
8673,on-time
8674,on-time
8675,on-time
8676,on-time
8677,on-time
8678,on-time
8679,on-time
8680,on-time
8681,on-time
8682,on-time
8683,on-time
8684,on-time
8685,on-time
8686,on-time
8687,on-time
8688,on-time
8689,on-time
8690,on-time
8691,on-time
8692,on-time
8693,on-time
8694,on-time
8695,on-time
8696,on-time
8697,delayed
8698,on-time
8699,on-time
8700,on-time
8701,on-time
8702,on-time
8703,delayed
8704,delayed
8705,on-time
8706,on-time
8707,on-time
8708,delayed
8709,on-time
8710,on-time
8711,on-time
8712,on-time
8713,on-time
8714,delayed
8715,on-time
8716,on-time
8717,on-time
8718,on-time
8719,delayed
8720,on-time
8721,on-time
8722,delayed
8723,on-time
8724,on-time
8725,on-time
8726,on-time
8727,on-time
8728,on-time
8729,on-time
8730,on-time
8731,on-time
8732,on-time
8733,on-time
8734,on-time
8735,on-time
8736,on-time
8737,on-time
8738,on-time
8739,on-time
8740,on-time
8741,on-time
8742,on-time
8743,delayed
8744,on-time
8745,on-time
8746,on-time
8747,on-time
8748,on-time
8749,delayed
8750,on-time
8751,delayed
8752,on-time
8753,on-time
8754,on-time
8755,on-time
8756,on-time
8757,on-time
8758,delayed
8759,on-time
8760,on-time
8761,on-time
8762,delayed
8763,on-time
8764,on-time
8765,delayed
8766,on-time
8767,on-time
8768,on-time
8769,delayed
8770,on-time
8771,delayed
8772,on-time
8773,delayed
8774,on-time
8775,on-time
8776,delayed
8777,delayed
8778,on-time
8779,on-time
8780,on-time
8781,on-time
8782,on-time
8783,delayed
8784,on-time
8785,on-time
8786,on-time
8787,delayed
8788,on-time
8789,on-time
8790,delayed
8791,on-time
8792,on-time
8793,on-time
8794,on-time
8795,on-time
8796,on-time
8797,on-time
8798,on-time
8799,delayed
8800,on-time
8801,on-time
8802,delayed
8803,delayed
8804,on-time
8805,on-time
8806,on-time
8807,on-time
8808,on-time
8809,on-time
8810,on-time
8811,on-time
8812,on-time
8813,on-time
8814,delayed
8815,on-time
8816,delayed
8817,delayed
8818,on-time
8819,on-time
8820,on-time
8821,on-time
8822,delayed
8823,on-time
8824,on-time
8825,on-time
8826,on-time
8827,delayed
8828,delayed
8829,on-time
8830,on-time
8831,on-time
8832,on-time
8833,on-time
8834,on-time
8835,on-time
8836,on-time
8837,on-time
8838,on-time
8839,on-time
8840,delayed
8841,delayed
8842,on-time
8843,on-time
8844,on-time
8845,on-time
8846,on-time
8847,on-time
8848,on-time
8849,delayed
8850,on-time
8851,delayed
8852,on-time
8853,on-time
8854,delayed
8855,on-time
8856,on-time
8857,on-time
8858,on-time
8859,delayed
8860,delayed
8861,on-time
8862,on-time
8863,on-time
8864,on-time
8865,on-time
8866,delayed
8867,delayed
8868,delayed
8869,on-time
8870,on-time
8871,on-time
8872,on-time
8873,on-time
8874,on-time
8875,on-time
8876,delayed
8877,on-time
8878,on-time
8879,on-time
8880,on-time
8881,on-time
8882,on-time
8883,delayed
8884,on-time
8885,on-time
8886,on-time
8887,delayed
8888,delayed
8889,on-time
8890,on-time
8891,on-time
8892,delayed
8893,on-time
8894,on-time
8895,delayed
8896,delayed
8897,delayed
8898,on-time
8899,on-time
8900,on-time
8901,on-time
8902,delayed
8903,on-time
8904,on-time
8905,on-time
8906,on-time
8907,delayed
8908,on-time
8909,on-time
8910,on-time
8911,delayed
8912,on-time
8913,on-time
8914,on-time
8915,on-time
8916,delayed
8917,on-time
8918,on-time
8919,on-time
8920,on-time
8921,on-time
8922,on-time
8923,on-time
8924,delayed
8925,on-time
8926,delayed
8927,on-time
8928,on-time
8929,on-time
8930,on-time
8931,on-time
8932,on-time
8933,on-time
8934,on-time
8935,on-time
8936,on-time
8937,on-time
8938,on-time
8939,on-time
8940,on-time
8941,on-time
8942,on-time
8943,on-time
8944,on-time
8945,delayed
8946,on-time
8947,on-time
8948,delayed
8949,on-time
8950,on-time
8951,delayed
8952,on-time
8953,on-time
8954,delayed
8955,on-time
8956,on-time
8957,on-time
8958,on-time
8959,on-time
8960,on-time
8961,on-time
8962,on-time
8963,on-time
8964,on-time
8965,on-time
8966,on-time
8967,on-time
8968,on-time
8969,delayed
8970,on-time
8971,on-time
8972,on-time
8973,on-time
8974,on-time
8975,on-time
8976,delayed
8977,on-time
8978,on-time
8979,on-time
8980,on-time
8981,on-time
8982,on-time
8983,on-time
8984,on-time
8985,on-time
8986,on-time
8987,on-time
8988,on-time
8989,on-time
8990,on-time
8991,on-time
8992,on-time
8993,on-time
8994,on-time
8995,on-time
8996,delayed
8997,on-time
8998,on-time
8999,on-time
9000,on-time
9001,delayed
9002,delayed
9003,on-time
9004,delayed
9005,on-time
9006,on-time
9007,on-time
9008,on-time
9009,on-time
9010,on-time
9011,on-time
9012,on-time
9013,delayed
9014,on-time
9015,on-time
9016,on-time
9017,on-time
9018,on-time
9019,on-time
9020,on-time
9021,on-time
9022,delayed
9023,on-time
9024,on-time
9025,on-time
9026,on-time
9027,on-time
9028,delayed
9029,delayed
9030,on-time
9031,on-time
9032,delayed
9033,on-time
9034,on-time
9035,on-time
9036,delayed
9037,on-time
9038,delayed
9039,on-time
9040,on-time
9041,on-time
9042,on-time
9043,on-time
9044,delayed
9045,on-time
9046,on-time
9047,on-time
9048,on-time
9049,on-time
9050,on-time
9051,on-time
9052,delayed
9053,on-time
9054,on-time
9055,on-time
9056,on-time
9057,on-time
9058,on-time
9059,on-time
9060,on-time
9061,on-time
9062,on-time
9063,on-time
9064,on-time
9065,on-time
9066,on-time
9067,on-time
9068,on-time
9069,on-time
9070,on-time
9071,on-time
9072,on-time
9073,on-time
9074,on-time
9075,on-time
9076,on-time
9077,on-time
9078,on-time
9079,on-time
9080,delayed
9081,on-time
9082,on-time
9083,on-time
9084,on-time
9085,delayed
9086,on-time
9087,on-time
9088,on-time
9089,on-time
9090,on-time
9091,on-time
9092,on-time
9093,on-time
9094,on-time
9095,on-time
9096,on-time
9097,on-time
9098,on-time
9099,on-time
9100,on-time
9101,on-time
9102,on-time
9103,on-time
9104,delayed
9105,on-time
9106,on-time
9107,on-time
9108,on-time
9109,on-time
9110,on-time
9111,on-time
9112,on-time
9113,on-time
9114,delayed
9115,on-time
9116,on-time
9117,on-time
9118,on-time
9119,on-time
9120,on-time
9121,on-time
9122,on-time
9123,on-time
9124,delayed
9125,on-time
9126,on-time
9127,on-time
9128,on-time
9129,on-time
9130,on-time
9131,delayed
9132,delayed
9133,on-time
9134,on-time
9135,delayed
9136,delayed
9137,on-time
9138,on-time
9139,on-time
9140,on-time
9141,on-time
9142,on-time
9143,on-time
9144,on-time
9145,on-time
9146,delayed
9147,on-time
9148,on-time
9149,on-time
9150,delayed
9151,delayed
9152,on-time
9153,on-time
9154,on-time
9155,on-time
9156,on-time
9157,on-time
9158,on-time
9159,delayed
9160,on-time
9161,delayed
9162,on-time
9163,on-time
9164,on-time
9165,on-time
9166,delayed
9167,on-time
9168,delayed
9169,delayed
9170,on-time
9171,on-time
9172,on-time
9173,on-time
9174,on-time
9175,on-time
9176,on-time
9177,on-time
9178,delayed
9179,on-time
9180,on-time
9181,on-time
9182,on-time
9183,on-time
9184,on-time
9185,on-time
9186,delayed
9187,on-time
9188,on-time
9189,delayed
9190,on-time
9191,on-time
9192,delayed
9193,on-time
9194,on-time
9195,delayed
9196,on-time
9197,on-time
9198,on-time
9199,on-time
9200,on-time
9201,on-time
9202,on-time
9203,on-time
9204,delayed
9205,delayed
9206,on-time
9207,on-time
9208,delayed
9209,on-time
9210,delayed
9211,on-time
9212,on-time
9213,on-time
9214,delayed
9215,delayed
9216,delayed
9217,on-time
9218,on-time
9219,on-time
9220,on-time
9221,on-time
9222,on-time
9223,on-time
9224,on-time
9225,on-time
9226,on-time
9227,on-time
9228,delayed
9229,on-time
9230,on-time
9231,on-time
9232,on-time
9233,on-time
9234,on-time
9235,on-time
9236,on-time
9237,on-time
9238,on-time
9239,on-time
9240,on-time
9241,on-time
9242,on-time
9243,on-time
9244,on-time
9245,on-time
9246,on-time
9247,on-time
9248,delayed
9249,delayed
9250,on-time
9251,on-time
9252,on-time
9253,on-time
9254,on-time
9255,delayed
9256,on-time
9257,on-time
9258,on-time
9259,delayed
9260,on-time
9261,delayed
9262,delayed
9263,on-time
9264,on-time
9265,delayed
9266,on-time
9267,delayed
9268,on-time
9269,on-time
9270,on-time
9271,on-time
9272,on-time
9273,on-time
9274,on-time
9275,on-time
9276,on-time
9277,on-time
9278,on-time
9279,on-time
9280,on-time
9281,on-time
9282,delayed
9283,delayed
9284,on-time
9285,on-time
9286,on-time
9287,delayed
9288,on-time
9289,on-time
9290,on-time
9291,on-time
9292,delayed
9293,on-time
9294,on-time
9295,delayed
9296,on-time
9297,on-time
9298,delayed
9299,on-time
9300,on-time
9301,on-time
9302,on-time
9303,delayed
9304,delayed
9305,on-time
9306,delayed
9307,delayed
9308,on-time
9309,delayed
9310,on-time
9311,on-time
9312,delayed
9313,on-time
9314,on-time
9315,on-time
9316,on-time
9317,on-time
9318,on-time
9319,on-time
9320,on-time
9321,on-time
9322,on-time
9323,delayed
9324,on-time
9325,on-time
9326,on-time
9327,on-time
9328,on-time
9329,on-time
9330,on-time
9331,on-time
9332,on-time
9333,on-time
9334,on-time
9335,delayed
9336,on-time
9337,on-time
9338,delayed
9339,on-time
9340,on-time
9341,on-time
9342,on-time
9343,on-time
9344,on-time
9345,delayed
9346,delayed
9347,delayed
9348,delayed
9349,on-time
9350,delayed
9351,on-time
9352,on-time
9353,on-time
9354,delayed
9355,delayed
9356,on-time
9357,delayed
9358,on-time
9359,on-time
9360,on-time
9361,on-time
9362,on-time
9363,on-time
9364,on-time
9365,on-time
9366,on-time
9367,delayed
9368,on-time
9369,on-time
9370,on-time
9371,on-time
9372,on-time
9373,on-time
9374,on-time
9375,on-time
9376,on-time
9377,on-time
9378,on-time
9379,on-time
9380,delayed
9381,on-time
9382,on-time
9383,on-time
9384,on-time
9385,on-time
9386,on-time
9387,on-time
9388,on-time
9389,delayed
9390,on-time
9391,on-time
9392,on-time
9393,on-time
9394,on-time
9395,on-time
9396,on-time
9397,on-time
9398,on-time
9399,on-time
9400,on-time
9401,on-time
9402,on-time
9403,on-time
9404,on-time
9405,on-time
9406,on-time
9407,on-time
9408,on-time
9409,on-time
9410,on-time
9411,on-time
9412,on-time
9413,on-time
9414,on-time
9415,on-time
9416,on-time
9417,on-time
9418,on-time
9419,on-time
9420,on-time
9421,on-time
9422,on-time
9423,delayed
9424,delayed
9425,on-time
9426,on-time
9427,on-time
9428,on-time
9429,on-time
9430,on-time
9431,on-time
9432,on-time
9433,delayed
9434,delayed
9435,delayed
9436,on-time
9437,on-time
9438,on-time
9439,on-time
9440,on-time
9441,on-time
9442,on-time
9443,on-time
9444,delayed
9445,delayed
9446,on-time
9447,on-time
9448,on-time
9449,on-time
9450,on-time
9451,on-time
9452,on-time
9453,on-time
9454,on-time
9455,on-time
9456,delayed
9457,delayed
9458,on-time
9459,on-time
9460,on-time
9461,on-time
9462,on-time
9463,on-time
9464,on-time
9465,on-time
9466,on-time
9467,delayed
9468,on-time
9469,on-time
9470,on-time
9471,on-time
9472,delayed
9473,on-time
9474,on-time
9475,on-time
9476,on-time
9477,delayed
9478,on-time
9479,on-time
9480,on-time
9481,on-time
9482,on-time
9483,on-time
9484,on-time
9485,on-time
9486,on-time
9487,delayed
9488,on-time
9489,on-time
9490,on-time
9491,on-time
9492,on-time
9493,on-time
9494,on-time
9495,on-time
9496,on-time
9497,on-time
9498,on-time
9499,on-time
9500,on-time
9501,on-time
9502,on-time
9503,on-time
9504,on-time
9505,delayed
9506,on-time
9507,on-time
9508,on-time
9509,on-time
9510,delayed
9511,delayed
9512,on-time
9513,on-time
9514,on-time
9515,on-time
9516,on-time
9517,on-time
9518,on-time
9519,on-time
9520,on-time
9521,on-time
9522,on-time
9523,on-time
9524,delayed
9525,on-time
9526,on-time
9527,on-time
9528,delayed
9529,on-time
9530,on-time
9531,on-time
9532,on-time
9533,on-time
9534,on-time
9535,on-time
9536,on-time
9537,on-time
9538,on-time
9539,on-time
9540,on-time
9541,on-time
9542,delayed
9543,delayed
9544,on-time
9545,on-time
9546,on-time
9547,on-time
9548,on-time
9549,on-time
9550,on-time
9551,on-time
9552,delayed
9553,on-time
9554,on-time
9555,on-time
9556,delayed
9557,on-time
9558,delayed
9559,on-time
9560,on-time
9561,delayed
9562,on-time
9563,on-time
9564,on-time
9565,on-time
9566,on-time
9567,on-time
9568,on-time
9569,on-time
9570,on-time
9571,delayed
9572,on-time
9573,on-time
9574,on-time
9575,on-time
9576,on-time
9577,on-time
9578,on-time
9579,on-time
9580,delayed
9581,delayed
9582,delayed
9583,on-time
9584,delayed
9585,on-time
9586,on-time
9587,on-time
9588,on-time
9589,on-time
9590,delayed
9591,on-time
9592,delayed
9593,on-time
9594,on-time
9595,delayed
9596,on-time
9597,on-time
9598,on-time
9599,on-time
9600,on-time
9601,on-time
9602,delayed
9603,on-time
9604,on-time
9605,on-time
9606,on-time
9607,on-time
9608,on-time
9609,on-time
9610,on-time
9611,on-time
9612,on-time
9613,on-time
9614,on-time
9615,on-time
9616,on-time
9617,on-time
9618,on-time
9619,delayed
9620,delayed
9621,on-time
9622,on-time
9623,on-time
9624,on-time
9625,on-time
9626,on-time
9627,on-time
9628,on-time
9629,on-time
9630,on-time
9631,on-time
9632,on-time
9633,on-time
9634,on-time
9635,on-time
9636,delayed
9637,on-time
9638,on-time
9639,delayed
9640,on-time
9641,on-time
9642,on-time
9643,delayed
9644,on-time
9645,delayed
9646,on-time
9647,on-time
9648,on-time
9649,delayed
9650,on-time
9651,delayed
9652,on-time
9653,on-time
9654,on-time
9655,on-time
9656,delayed
9657,on-time
9658,on-time
9659,on-time
9660,on-time
9661,on-time
9662,on-time
9663,on-time
9664,on-time
9665,delayed
9666,on-time
9667,on-time
9668,on-time
9669,on-time
9670,on-time
9671,delayed
9672,on-time
9673,on-time
9674,on-time
9675,on-time
9676,delayed
9677,on-time
9678,on-time
9679,on-time
9680,on-time
9681,on-time
9682,on-time
9683,on-time
9684,on-time
9685,delayed
9686,on-time
9687,on-time
9688,on-time
9689,on-time
9690,on-time
9691,on-time
9692,on-time
9693,on-time
9694,on-time
9695,on-time
9696,on-time
9697,delayed
9698,on-time
9699,on-time
9700,on-time
9701,on-time
9702,on-time
9703,on-time
9704,on-time
9705,on-time
9706,delayed
9707,on-time
9708,on-time
9709,on-time
9710,on-time
9711,on-time
9712,delayed
9713,on-time
9714,on-time
9715,delayed
9716,delayed
9717,delayed
9718,delayed
9719,on-time
9720,on-time
9721,on-time
9722,on-time
9723,on-time
9724,on-time
9725,on-time
9726,delayed
9727,on-time
9728,on-time
9729,on-time
9730,on-time
9731,on-time
9732,on-time
9733,delayed
9734,on-time
9735,on-time
9736,on-time
9737,delayed
9738,on-time
9739,delayed
9740,on-time
9741,delayed
9742,on-time
9743,on-time
9744,on-time
9745,on-time
9746,on-time
9747,delayed
9748,on-time
9749,on-time
9750,on-time
9751,delayed
9752,on-time
9753,on-time
9754,on-time
9755,on-time
9756,on-time
9757,on-time
9758,delayed
9759,on-time
9760,on-time
9761,on-time
9762,on-time
9763,on-time
9764,on-time
9765,on-time
9766,on-time
9767,on-time
9768,on-time
9769,on-time
9770,on-time
9771,on-time
9772,on-time
9773,on-time
9774,on-time
9775,on-time
9776,on-time
9777,on-time
9778,on-time
9779,on-time
9780,on-time
9781,on-time
9782,on-time
9783,on-time
9784,delayed
9785,on-time
9786,delayed
9787,on-time
9788,delayed
9789,on-time
9790,on-time
9791,on-time
9792,on-time
9793,on-time
9794,on-time
9795,on-time
9796,on-time
9797,on-time
9798,on-time
9799,on-time
9800,on-time
9801,delayed
9802,on-time
9803,on-time
9804,delayed
9805,on-time
9806,on-time
9807,delayed
9808,on-time
9809,on-time
9810,delayed
9811,on-time
9812,on-time
9813,on-time
9814,on-time
9815,on-time
9816,on-time
9817,on-time
9818,on-time
9819,on-time
9820,on-time
9821,on-time
9822,on-time
9823,on-time
9824,delayed
9825,on-time
9826,delayed
9827,on-time
9828,delayed
9829,on-time
9830,on-time
9831,on-time
9832,on-time
9833,on-time
9834,on-time
9835,on-time
9836,on-time
9837,on-time
9838,on-time
9839,on-time
9840,on-time
9841,on-time
9842,on-time
9843,on-time
9844,on-time
9845,on-time
9846,on-time
9847,on-time
9848,delayed
9849,on-time
9850,on-time
9851,on-time
9852,delayed
9853,on-time
9854,on-time
9855,on-time
9856,delayed
9857,on-time
9858,delayed
9859,delayed
9860,on-time
9861,on-time
9862,on-time
9863,delayed
9864,on-time
9865,on-time
9866,on-time
9867,on-time
9868,on-time
9869,on-time
9870,on-time
9871,on-time
9872,on-time
9873,on-time
9874,delayed
9875,on-time
9876,on-time
9877,on-time
9878,on-time
9879,on-time
9880,on-time
9881,on-time
9882,on-time
9883,on-time
9884,on-time
9885,on-time
9886,on-time
9887,on-time
9888,on-time
9889,on-time
9890,on-time
9891,delayed
9892,on-time
9893,delayed
9894,on-time
9895,on-time
9896,on-time
9897,on-time
9898,on-time
9899,on-time
9900,on-time
9901,delayed
9902,on-time
9903,on-time
9904,on-time
9905,on-time
9906,on-time
9907,delayed
9908,on-time
9909,on-time
9910,on-time
9911,on-time
9912,on-time
9913,on-time
9914,on-time
9915,on-time
9916,on-time
9917,on-time
9918,on-time
9919,on-time
9920,on-time
9921,on-time
9922,on-time
9923,on-time
9924,on-time
9925,on-time
9926,on-time
9927,on-time
9928,on-time
9929,delayed
9930,on-time
9931,on-time
9932,on-time
9933,on-time
9934,delayed
9935,on-time
9936,on-time
9937,on-time
9938,on-time
9939,on-time
9940,delayed
9941,on-time
9942,on-time
9943,on-time
9944,on-time
9945,on-time
9946,on-time
9947,on-time
9948,on-time
9949,on-time
9950,on-time
9951,on-time
9952,on-time
9953,on-time
9954,on-time
9955,on-time
9956,on-time
9957,on-time
9958,on-time
9959,on-time
9960,on-time
9961,on-time
9962,on-time
9963,on-time
9964,on-time
9965,on-time
9966,on-time
9967,on-time
9968,on-time
9969,on-time
9970,on-time
9971,on-time
9972,on-time
9973,delayed
9974,on-time
9975,on-time
9976,delayed
9977,delayed
9978,on-time
9979,on-time
9980,on-time
9981,on-time
9982,on-time
9983,on-time
9984,on-time
9985,on-time
9986,on-time
9987,on-time
9988,on-time
9989,delayed
9990,on-time
9991,on-time
9992,on-time
9993,on-time
9994,on-time
9995,on-time
9996,on-time
9997,on-time
9998,on-time
9999,on-time
10000,on-time
10001,delayed
10002,on-time
10003,on-time
10004,delayed
10005,on-time
10006,on-time
10007,delayed
10008,on-time
10009,on-time
10010,on-time
10011,on-time
10012,delayed
10013,delayed
10014,delayed
10015,on-time
10016,on-time
10017,on-time
10018,on-time
10019,on-time
10020,on-time
10021,on-time
10022,on-time
10023,delayed
10024,on-time
10025,on-time
10026,on-time
10027,on-time
10028,on-time
10029,on-time
10030,on-time
10031,delayed
10032,on-time
10033,on-time
10034,on-time
10035,on-time
10036,on-time
10037,on-time
10038,on-time
10039,on-time
10040,on-time
10041,on-time
10042,on-time
10043,on-time
10044,delayed
10045,delayed
10046,on-time
10047,delayed
10048,on-time
10049,on-time
10050,on-time
10051,delayed
10052,on-time
10053,on-time
10054,on-time
10055,on-time
10056,delayed
10057,on-time
10058,on-time
10059,on-time
10060,on-time
10061,on-time
10062,delayed
10063,on-time
10064,on-time
10065,on-time
10066,on-time
10067,delayed
10068,on-time
10069,delayed
10070,on-time
10071,on-time
10072,delayed
10073,delayed
10074,on-time
10075,on-time
10076,on-time
10077,on-time
10078,delayed
10079,on-time
10080,on-time
10081,on-time
10082,delayed
10083,delayed
10084,on-time
10085,on-time
10086,on-time
10087,delayed
10088,on-time
10089,on-time
10090,on-time
10091,on-time
10092,on-time
10093,on-time
10094,on-time
10095,on-time
10096,delayed
10097,on-time
10098,on-time
10099,on-time
10100,on-time
10101,on-time
10102,on-time
10103,on-time
10104,on-time
10105,on-time
10106,delayed
10107,delayed
10108,delayed
10109,on-time
10110,on-time
10111,on-time
10112,delayed
10113,on-time
10114,on-time
10115,on-time
10116,delayed
10117,on-time
10118,on-time
10119,on-time
10120,on-time
10121,on-time
10122,on-time
10123,on-time
10124,on-time
10125,on-time
10126,delayed
10127,on-time
10128,on-time
10129,on-time
10130,delayed
10131,on-time
10132,on-time
10133,on-time
10134,on-time
10135,on-time
10136,on-time
10137,on-time
10138,on-time
10139,on-time
10140,on-time
10141,on-time
10142,on-time
10143,delayed
10144,on-time
10145,delayed
10146,on-time
10147,on-time
10148,delayed
10149,on-time
10150,delayed
10151,on-time
10152,on-time
10153,delayed
10154,on-time
10155,on-time
10156,delayed
10157,on-time
10158,on-time
10159,on-time
10160,on-time
10161,on-time
10162,delayed
10163,on-time
10164,on-time
10165,on-time
10166,delayed
10167,on-time
10168,on-time
10169,on-time
10170,on-time
10171,on-time
10172,on-time
10173,on-time
10174,on-time
10175,on-time
10176,on-time
10177,delayed
10178,on-time
10179,on-time
10180,on-time
10181,on-time
10182,on-time
10183,delayed
10184,on-time
10185,on-time
10186,on-time
10187,on-time
10188,delayed
10189,on-time
10190,on-time
10191,on-time
10192,on-time
10193,on-time
10194,delayed
10195,delayed
10196,on-time
10197,on-time
10198,on-time
10199,on-time
10200,delayed
10201,delayed
10202,on-time
10203,delayed
10204,on-time
10205,delayed
10206,on-time
10207,delayed
10208,on-time
10209,on-time
10210,on-time
10211,delayed
10212,on-time
10213,on-time
10214,delayed
10215,delayed
10216,on-time
10217,delayed
10218,on-time
10219,on-time
10220,on-time
10221,delayed
10222,on-time
10223,on-time
10224,delayed
10225,on-time
10226,delayed
10227,delayed
10228,on-time
10229,on-time
10230,on-time
10231,on-time
10232,on-time
10233,on-time
10234,on-time
10235,on-time
10236,on-time
10237,delayed
10238,on-time
10239,on-time
10240,on-time
10241,delayed
10242,on-time
10243,on-time
10244,on-time
10245,on-time
10246,on-time
10247,on-time
10248,on-time
10249,on-time
10250,on-time
10251,on-time
10252,on-time
10253,delayed
10254,on-time
10255,delayed
10256,on-time
10257,delayed
10258,on-time
10259,delayed
10260,on-time
10261,on-time
10262,on-time
10263,delayed
10264,on-time
10265,on-time
10266,on-time
10267,on-time
10268,on-time
10269,on-time
10270,on-time
10271,delayed
10272,on-time
10273,on-time
10274,on-time
10275,on-time
10276,on-time
10277,on-time
10278,delayed
10279,on-time
10280,on-time
10281,on-time
10282,on-time
10283,delayed
10284,on-time
10285,delayed
10286,on-time
10287,on-time
10288,on-time
10289,on-time
10290,on-time
10291,delayed
10292,on-time
10293,on-time
10294,on-time
10295,on-time
10296,delayed
10297,on-time
10298,delayed
10299,on-time
10300,on-time
10301,delayed
10302,on-time
10303,on-time
10304,on-time
10305,delayed
10306,delayed
10307,on-time
10308,on-time
10309,on-time
10310,on-time
10311,on-time
10312,on-time
10313,on-time
10314,delayed
10315,delayed
10316,on-time
10317,on-time
10318,on-time
10319,on-time
10320,on-time
10321,on-time
10322,on-time
10323,on-time
10324,on-time
10325,on-time
10326,on-time
10327,on-time
10328,on-time
10329,on-time
10330,delayed
10331,on-time
10332,delayed
10333,on-time
10334,on-time
10335,delayed
10336,on-time
10337,on-time
10338,on-time
10339,delayed
10340,on-time
10341,delayed
10342,on-time
10343,on-time
10344,on-time
10345,on-time
10346,on-time
10347,on-time
10348,on-time
10349,delayed
10350,on-time
10351,on-time
10352,on-time
10353,on-time
10354,on-time
10355,on-time
10356,on-time
10357,delayed
10358,delayed
10359,on-time
10360,on-time
10361,on-time
10362,on-time
10363,delayed
10364,delayed
10365,on-time
10366,on-time
10367,on-time
10368,on-time
10369,on-time
10370,on-time
10371,on-time
10372,on-time
10373,on-time
10374,delayed
10375,on-time
10376,on-time
10377,delayed
10378,on-time
10379,on-time
10380,on-time
10381,on-time
10382,on-time
10383,on-time
10384,on-time
10385,on-time
10386,on-time
10387,delayed
10388,on-time
10389,delayed
10390,delayed
10391,on-time
10392,on-time
10393,on-time
10394,on-time
10395,on-time
10396,on-time
10397,on-time
10398,delayed
10399,on-time
10400,on-time
10401,on-time
10402,on-time
10403,on-time
10404,on-time
10405,on-time
10406,on-time
10407,delayed
10408,on-time
10409,on-time
10410,on-time
10411,on-time
10412,on-time
10413,on-time
10414,on-time
10415,on-time
10416,on-time
10417,on-time
10418,on-time
10419,on-time
10420,on-time
10421,on-time
10422,delayed
10423,on-time
10424,on-time
10425,on-time
10426,delayed
10427,delayed
10428,on-time
10429,on-time
10430,on-time
10431,on-time
10432,on-time
10433,on-time
10434,on-time
10435,on-time
10436,on-time
10437,on-time
10438,on-time
10439,on-time
10440,on-time
10441,on-time
10442,on-time
10443,on-time
10444,on-time
10445,delayed
10446,on-time
10447,delayed
10448,delayed
10449,on-time
10450,on-time
10451,on-time
10452,on-time
10453,delayed
10454,on-time
10455,on-time
10456,on-time
10457,on-time
10458,on-time
10459,on-time
10460,on-time
10461,on-time
10462,on-time
10463,on-time
10464,on-time
10465,on-time
10466,on-time
10467,on-time
10468,on-time
10469,on-time
10470,on-time
10471,on-time
10472,on-time
10473,on-time
10474,on-time
10475,on-time
10476,on-time
10477,on-time
10478,delayed
10479,delayed
10480,on-time
10481,on-time
10482,on-time
10483,on-time
10484,delayed
10485,on-time
10486,on-time
10487,on-time
10488,on-time
10489,on-time
10490,on-time
10491,on-time
10492,on-time
10493,on-time
10494,on-time
10495,on-time
10496,on-time
10497,on-time
10498,on-time
10499,on-time
10500,on-time
10501,on-time
10502,on-time
10503,on-time
10504,delayed
10505,on-time
10506,on-time
10507,on-time
10508,on-time
10509,delayed
10510,on-time
10511,on-time
10512,on-time
10513,on-time
10514,on-time
10515,on-time
10516,on-time
10517,delayed
10518,on-time
10519,on-time
10520,on-time
10521,delayed
10522,delayed
10523,on-time
10524,on-time
10525,on-time
10526,delayed
10527,on-time
10528,delayed
10529,on-time
10530,on-time
10531,delayed
10532,on-time
10533,delayed
10534,on-time
10535,on-time
10536,on-time
10537,on-time
10538,on-time
10539,on-time
10540,on-time
10541,on-time
10542,on-time
10543,on-time
10544,on-time
10545,on-time
10546,on-time
10547,on-time
10548,delayed
10549,on-time
10550,on-time
10551,delayed
10552,on-time
10553,on-time
10554,on-time
10555,on-time
10556,on-time
10557,on-time
10558,on-time
10559,delayed
10560,on-time
10561,on-time
10562,on-time
10563,on-time
10564,on-time
10565,delayed
10566,on-time
10567,on-time
10568,on-time
10569,on-time
10570,on-time
10571,on-time
10572,on-time
10573,on-time
10574,delayed
10575,delayed
10576,on-time
10577,on-time
10578,on-time
10579,on-time
10580,on-time
10581,on-time
10582,on-time
10583,on-time
10584,delayed
10585,delayed
10586,on-time
10587,on-time
10588,on-time
10589,on-time
10590,on-time
10591,on-time
10592,on-time
10593,on-time
10594,on-time
10595,on-time
10596,delayed
10597,on-time
10598,delayed
10599,on-time
10600,on-time
10601,on-time
10602,on-time
10603,on-time
10604,on-time
10605,on-time
10606,on-time
10607,on-time
10608,delayed
10609,delayed
10610,delayed
10611,delayed
10612,delayed
10613,delayed
10614,on-time
10615,on-time
10616,on-time
10617,on-time
10618,on-time
10619,delayed
10620,delayed
10621,on-time
10622,on-time
10623,delayed
10624,on-time
10625,on-time
10626,on-time
10627,delayed
10628,delayed
10629,on-time
10630,on-time
10631,on-time
10632,on-time
10633,on-time
10634,on-time
10635,on-time
10636,on-time
10637,on-time
10638,on-time
10639,delayed
10640,on-time
10641,on-time
10642,delayed
10643,on-time
10644,on-time
10645,on-time
10646,on-time
10647,on-time
10648,delayed
10649,on-time
10650,on-time
10651,on-time
10652,on-time
10653,on-time
10654,on-time
10655,on-time
10656,on-time
10657,on-time
10658,delayed
10659,on-time
10660,on-time
10661,on-time
10662,delayed
10663,on-time
10664,on-time
10665,delayed
10666,on-time
10667,on-time
10668,on-time
10669,on-time
10670,on-time
10671,on-time
10672,on-time
10673,on-time
10674,on-time
10675,on-time
10676,delayed
10677,delayed
10678,on-time
10679,on-time
10680,on-time
10681,on-time
10682,on-time
10683,on-time
10684,on-time
10685,on-time
10686,on-time
10687,on-time
10688,on-time
10689,on-time
10690,on-time
10691,delayed
10692,on-time
10693,on-time
10694,on-time
10695,on-time
10696,on-time
10697,on-time
10698,on-time
10699,on-time
10700,delayed
10701,on-time
10702,on-time
10703,on-time
10704,delayed
10705,on-time
10706,on-time
10707,on-time
10708,on-time
10709,on-time
10710,on-time
10711,on-time
10712,delayed
10713,on-time
10714,on-time
10715,on-time
10716,delayed
10717,delayed
10718,delayed
10719,on-time
10720,on-time
10721,on-time
10722,on-time
10723,on-time
10724,on-time
10725,on-time
10726,delayed
10727,on-time
10728,on-time
10729,on-time
10730,delayed
10731,on-time
10732,on-time
10733,on-time
10734,on-time
10735,delayed
10736,on-time
10737,on-time
10738,on-time
10739,delayed
10740,on-time
10741,on-time
10742,delayed
10743,on-time
10744,on-time
10745,delayed
10746,delayed
10747,on-time
10748,on-time
10749,on-time
10750,delayed
10751,on-time
10752,on-time
10753,on-time
10754,on-time
10755,delayed
10756,delayed
10757,on-time
10758,on-time
10759,on-time
10760,on-time
10761,on-time
10762,on-time
10763,on-time
10764,on-time
10765,on-time
10766,delayed
10767,delayed
10768,on-time
10769,delayed
10770,on-time
10771,on-time
10772,delayed
10773,on-time
10774,delayed
10775,on-time
10776,on-time
10777,on-time
10778,on-time
10779,delayed
10780,on-time
10781,on-time
10782,on-time
10783,on-time
10784,on-time
10785,on-time
10786,delayed
10787,on-time
10788,delayed
10789,delayed
10790,on-time
10791,delayed
10792,on-time
10793,on-time
10794,on-time
10795,on-time
10796,on-time
10797,on-time
10798,on-time
10799,on-time
10800,on-time
10801,delayed
10802,on-time
10803,on-time
10804,on-time
10805,on-time
10806,on-time
10807,on-time
10808,on-time
10809,on-time
10810,on-time
10811,delayed
10812,on-time
10813,delayed
10814,delayed
10815,on-time
10816,on-time
10817,on-time
10818,on-time
10819,on-time
10820,on-time
10821,on-time
10822,on-time
10823,on-time
10824,delayed
10825,on-time
10826,on-time
10827,on-time
10828,delayed
10829,on-time
10830,on-time
10831,on-time
10832,delayed
10833,on-time
10834,delayed
10835,on-time
10836,on-time
10837,on-time
10838,on-time
10839,on-time
10840,on-time
10841,on-time
10842,on-time
10843,delayed
10844,on-time
10845,on-time
10846,on-time
10847,delayed
10848,on-time
10849,on-time
10850,on-time
10851,on-time
10852,on-time
10853,on-time
10854,on-time
10855,on-time
10856,on-time
10857,delayed
10858,on-time
10859,on-time
10860,on-time
10861,on-time
10862,on-time
10863,delayed
10864,on-time
10865,on-time
10866,on-time
10867,delayed
10868,on-time
10869,on-time
10870,on-time
10871,on-time
10872,on-time
10873,on-time
10874,delayed
10875,on-time
10876,on-time
10877,delayed
10878,on-time
10879,on-time
10880,on-time
10881,delayed
10882,on-time
10883,delayed
10884,on-time
10885,on-time
10886,on-time
10887,on-time
10888,on-time
10889,delayed
10890,on-time
10891,on-time
10892,on-time
10893,on-time
10894,on-time
10895,delayed
10896,on-time
10897,on-time
10898,on-time
10899,on-time
10900,on-time
10901,on-time
10902,on-time
10903,on-time
10904,on-time
10905,on-time
10906,on-time
10907,on-time
10908,on-time
10909,on-time
10910,delayed
10911,on-time
10912,on-time
10913,on-time
10914,on-time
10915,on-time
10916,on-time
10917,delayed
10918,delayed
10919,on-time
10920,on-time
10921,on-time
10922,on-time
10923,on-time
10924,on-time
10925,on-time
10926,on-time
10927,on-time
10928,delayed
10929,on-time
10930,on-time
10931,on-time
10932,on-time
10933,delayed
10934,on-time
10935,on-time
10936,on-time
10937,delayed
10938,on-time
10939,on-time
10940,on-time
10941,on-time
10942,on-time
10943,on-time
10944,on-time
10945,on-time
10946,delayed
10947,on-time
10948,on-time
10949,on-time
10950,on-time
10951,on-time
10952,on-time
10953,on-time
10954,on-time
10955,on-time
10956,on-time
10957,delayed
10958,on-time
10959,on-time
10960,on-time
10961,delayed
10962,on-time
10963,on-time
10964,delayed
10965,on-time
10966,delayed
10967,on-time
10968,on-time
10969,on-time
10970,on-time
10971,on-time
10972,delayed
10973,on-time
10974,on-time
10975,delayed
10976,on-time
10977,on-time
10978,on-time
10979,on-time
10980,on-time
10981,delayed
10982,on-time
10983,on-time
10984,on-time
10985,on-time
10986,on-time
10987,on-time
10988,delayed
10989,on-time
10990,delayed
10991,on-time
10992,on-time
10993,on-time
10994,delayed
10995,on-time
10996,on-time
10997,on-time
10998,on-time
10999,on-time
11000,on-time
11001,on-time
11002,delayed
11003,on-time
11004,delayed
11005,on-time
11006,on-time
11007,on-time
11008,on-time
11009,on-time
11010,delayed
11011,on-time
11012,on-time
11013,delayed
11014,on-time
11015,on-time
11016,delayed
11017,on-time
11018,delayed
11019,on-time
11020,on-time
11021,on-time
11022,on-time
11023,on-time
11024,on-time
11025,on-time
11026,delayed
11027,on-time
11028,delayed
11029,delayed
11030,on-time
11031,on-time
11032,on-time
11033,on-time
11034,on-time
11035,on-time
11036,delayed
11037,on-time
11038,on-time
11039,on-time
11040,delayed
11041,on-time
11042,on-time
11043,on-time
11044,on-time
11045,on-time
11046,on-time
11047,on-time
11048,delayed
11049,delayed
11050,on-time
11051,on-time
11052,on-time
11053,delayed
11054,on-time
11055,on-time
11056,on-time
11057,on-time
11058,on-time
11059,on-time
11060,on-time
11061,delayed
11062,on-time
11063,on-time
11064,on-time
11065,on-time
11066,on-time
11067,delayed
11068,on-time
11069,on-time
11070,on-time
11071,delayed
11072,on-time
11073,on-time
11074,on-time
11075,on-time
11076,on-time
11077,on-time
11078,on-time
11079,on-time
11080,on-time
11081,on-time
11082,on-time
11083,on-time
11084,delayed
11085,on-time
11086,on-time
11087,delayed
11088,delayed
11089,on-time
11090,on-time
11091,on-time
11092,on-time
11093,on-time
11094,delayed
11095,delayed
11096,on-time
11097,delayed
11098,delayed
11099,on-time
11100,on-time
11101,on-time
11102,on-time
11103,delayed
11104,on-time
11105,on-time
11106,on-time
11107,on-time
11108,on-time
11109,delayed
11110,on-time
11111,on-time
11112,on-time
11113,delayed
11114,on-time
11115,on-time
11116,on-time
11117,on-time
11118,on-time
11119,on-time
11120,on-time
11121,delayed
11122,on-time
11123,on-time
11124,on-time
11125,on-time
11126,on-time
11127,on-time
11128,on-time
11129,on-time
11130,on-time
11131,on-time
11132,on-time
11133,on-time
11134,delayed
11135,on-time
11136,delayed
11137,on-time
11138,on-time
11139,on-time
11140,on-time
11141,on-time
11142,on-time
11143,on-time
11144,delayed
11145,on-time
11146,on-time
11147,on-time
11148,on-time
11149,on-time
11150,on-time
11151,on-time
11152,on-time
11153,on-time
11154,on-time
11155,on-time
11156,delayed
11157,delayed
11158,delayed
11159,on-time
11160,on-time
11161,on-time
11162,on-time
11163,delayed
11164,on-time
11165,on-time
11166,delayed
11167,on-time
11168,on-time
11169,delayed
11170,on-time
11171,on-time
11172,on-time
11173,on-time
11174,delayed
11175,on-time
11176,on-time
11177,on-time
11178,on-time
11179,on-time
11180,on-time
11181,delayed
11182,on-time
11183,on-time
11184,on-time
11185,on-time
11186,on-time
11187,on-time
11188,on-time
11189,on-time
11190,on-time
11191,on-time
11192,on-time
11193,delayed
11194,on-time
11195,on-time
11196,on-time
11197,on-time
11198,on-time
11199,on-time
11200,on-time
11201,on-time
11202,delayed
11203,on-time
11204,on-time
11205,on-time
11206,delayed
11207,on-time
11208,on-time
11209,on-time
11210,on-time
11211,on-time
11212,on-time
11213,delayed
11214,on-time
11215,on-time
11216,delayed
11217,on-time
11218,on-time
11219,on-time
11220,on-time
11221,on-time
11222,on-time
11223,on-time
11224,on-time
11225,on-time
11226,delayed
11227,delayed
11228,on-time
11229,on-time
11230,on-time
11231,on-time
11232,on-time
11233,delayed
11234,delayed
11235,on-time
11236,on-time
11237,on-time
11238,on-time
11239,on-time
11240,on-time
11241,on-time
11242,on-time
11243,on-time
11244,on-time
11245,on-time
11246,on-time
11247,on-time
11248,delayed
11249,on-time
11250,delayed
11251,on-time
11252,on-time
11253,delayed
11254,delayed
11255,delayed
11256,on-time
11257,on-time
11258,on-time
11259,on-time
11260,delayed
11261,on-time
11262,on-time
11263,on-time
11264,delayed
11265,on-time
11266,on-time
11267,on-time
11268,on-time
11269,on-time
11270,on-time
11271,on-time
11272,on-time
11273,on-time
11274,on-time
11275,on-time
11276,on-time
11277,on-time
11278,on-time
11279,on-time
11280,delayed
11281,on-time
11282,on-time
11283,on-time
11284,on-time
11285,delayed
11286,delayed
11287,delayed
11288,on-time
11289,on-time
11290,on-time
11291,delayed
11292,delayed
11293,delayed
11294,delayed
11295,on-time
11296,on-time
11297,delayed
11298,on-time
11299,on-time
11300,on-time
11301,delayed
11302,on-time
11303,on-time
11304,on-time
11305,on-time
11306,on-time
11307,on-time
11308,on-time
11309,delayed
11310,on-time
11311,delayed
11312,delayed
11313,on-time
11314,on-time
11315,delayed
11316,on-time
11317,on-time
11318,on-time
11319,on-time
11320,on-time
11321,delayed
11322,delayed
11323,on-time
11324,on-time
11325,on-time
11326,delayed
11327,delayed
11328,on-time
11329,delayed
11330,on-time
11331,on-time
11332,delayed
11333,on-time
11334,on-time
11335,on-time
11336,on-time
11337,delayed
11338,on-time
11339,on-time
11340,on-time
11341,on-time
11342,on-time
11343,on-time
11344,on-time
11345,on-time
11346,delayed
11347,delayed
11348,on-time
11349,on-time
11350,on-time
11351,on-time
11352,on-time
11353,on-time
11354,delayed
11355,on-time
11356,on-time
11357,on-time
11358,on-time
11359,on-time
11360,on-time
11361,on-time
11362,on-time
11363,on-time
11364,on-time
11365,on-time
11366,on-time
11367,on-time
11368,delayed
11369,on-time
11370,on-time
11371,on-time
11372,on-time
11373,on-time
11374,on-time
11375,delayed
11376,delayed
11377,on-time
11378,on-time
11379,on-time
11380,on-time
11381,on-time
11382,on-time
11383,on-time
11384,delayed
11385,on-time
11386,on-time
11387,on-time
11388,delayed
11389,delayed
11390,on-time
11391,delayed
11392,delayed
11393,on-time
11394,on-time
11395,delayed
11396,on-time
11397,on-time
11398,on-time
11399,on-time
11400,delayed
11401,on-time
11402,delayed
11403,on-time
11404,on-time
11405,delayed
11406,on-time
11407,delayed
11408,on-time
11409,delayed
11410,on-time
11411,on-time
11412,on-time
11413,on-time
11414,on-time
11415,on-time
11416,on-time
11417,delayed
11418,on-time
11419,on-time
11420,on-time
11421,on-time
11422,on-time
11423,on-time
11424,on-time
11425,on-time
11426,on-time
11427,on-time
11428,on-time
11429,on-time
11430,on-time
11431,on-time
11432,on-time
11433,delayed
11434,on-time
11435,on-time
11436,on-time
11437,on-time
11438,on-time
11439,delayed
11440,on-time
11441,on-time
11442,on-time
11443,on-time
11444,on-time
11445,on-time
11446,on-time
11447,delayed
11448,on-time
11449,on-time
11450,on-time
11451,on-time
11452,on-time
11453,on-time
11454,on-time
11455,on-time
11456,delayed
11457,on-time
11458,on-time
11459,on-time
11460,on-time
11461,on-time
11462,delayed
11463,delayed
11464,delayed
11465,on-time
11466,on-time
11467,on-time
11468,delayed
11469,on-time
11470,on-time
11471,on-time
11472,on-time
11473,on-time
11474,on-time
11475,on-time
11476,on-time
11477,on-time
11478,on-time
11479,delayed
11480,on-time
11481,delayed
11482,on-time
11483,on-time
11484,on-time
11485,delayed
11486,on-time
11487,on-time
11488,on-time
11489,on-time
11490,on-time
11491,on-time
11492,on-time
11493,on-time
11494,delayed
11495,on-time
11496,on-time
11497,on-time
11498,on-time
11499,delayed
11500,delayed
11501,on-time
11502,on-time
11503,on-time
11504,on-time
11505,on-time
11506,delayed
11507,on-time
11508,on-time
11509,delayed
11510,on-time
11511,on-time
11512,on-time
11513,on-time
11514,delayed
11515,on-time
11516,on-time
11517,on-time
11518,on-time
11519,on-time
11520,on-time
11521,delayed
11522,on-time
11523,on-time
11524,delayed
11525,on-time
11526,on-time
11527,on-time
11528,on-time
11529,on-time
11530,on-time
11531,on-time
11532,on-time
11533,on-time
11534,on-time
11535,on-time
11536,on-time
11537,on-time
11538,on-time
11539,on-time
11540,on-time
11541,on-time
11542,on-time
11543,on-time
11544,on-time
11545,on-time
11546,on-time
11547,on-time
11548,on-time
11549,on-time
11550,on-time
11551,on-time
11552,delayed
11553,delayed
11554,on-time
11555,on-time
11556,on-time
11557,on-time
11558,delayed
11559,on-time
11560,delayed
11561,on-time
11562,on-time
11563,on-time
11564,delayed
11565,on-time
11566,on-time
11567,on-time
11568,on-time
11569,delayed
11570,on-time
11571,on-time
11572,delayed
11573,delayed
11574,on-time
11575,on-time
11576,on-time
11577,on-time
11578,on-time
11579,on-time
11580,on-time
11581,on-time
11582,on-time
11583,on-time
11584,on-time
11585,on-time
11586,on-time
11587,on-time
11588,on-time
11589,on-time
11590,on-time
11591,on-time
11592,on-time
11593,on-time
11594,on-time
11595,delayed
11596,delayed
11597,delayed
11598,on-time
11599,on-time
11600,on-time
11601,delayed
11602,on-time
11603,on-time
11604,delayed
11605,on-time
11606,delayed
11607,on-time
11608,on-time
11609,on-time
11610,on-time
11611,on-time
11612,on-time
11613,on-time
11614,delayed
11615,on-time
11616,delayed
11617,on-time
11618,on-time
11619,on-time
11620,on-time
11621,on-time
11622,on-time
11623,on-time
11624,delayed
11625,on-time
11626,on-time
11627,delayed
11628,on-time
11629,on-time
11630,delayed
11631,on-time
11632,on-time
11633,on-time
11634,on-time
11635,on-time
11636,on-time
11637,on-time
11638,on-time
11639,on-time
11640,on-time
11641,delayed
11642,on-time
11643,delayed
11644,on-time
11645,on-time
11646,on-time
11647,on-time
11648,delayed
11649,on-time
11650,on-time
11651,on-time
11652,on-time
11653,on-time
11654,delayed
11655,on-time
11656,on-time
11657,on-time
11658,on-time
11659,delayed
11660,delayed
11661,delayed
11662,on-time
11663,delayed
11664,on-time
11665,on-time
11666,delayed
11667,on-time
11668,on-time
11669,on-time
11670,delayed
11671,delayed
11672,on-time
11673,on-time
11674,on-time
11675,on-time
11676,delayed
11677,on-time
11678,delayed
11679,on-time
11680,on-time
11681,on-time
11682,on-time
11683,on-time
11684,on-time
11685,on-time
11686,delayed
11687,delayed
11688,delayed
11689,delayed
11690,on-time
11691,on-time
11692,delayed
11693,on-time
11694,on-time
11695,on-time
11696,on-time
11697,on-time
11698,on-time
11699,on-time
11700,on-time
11701,on-time
11702,delayed
11703,on-time
11704,on-time
11705,on-time
11706,on-time
11707,on-time
11708,delayed
11709,on-time
11710,on-time
11711,on-time
11712,delayed
11713,on-time
11714,on-time
11715,on-time
11716,on-time
11717,on-time
11718,delayed
11719,on-time
11720,on-time
11721,on-time
11722,on-time
11723,on-time
11724,on-time
11725,on-time
11726,delayed
11727,delayed
11728,on-time
11729,on-time
11730,on-time
11731,on-time
11732,delayed
11733,on-time
11734,on-time
11735,on-time
11736,delayed
11737,delayed
11738,delayed
11739,delayed
11740,on-time
11741,delayed
11742,on-time
11743,delayed
11744,on-time
11745,delayed
11746,on-time
11747,on-time
11748,on-time
11749,on-time
11750,on-time
11751,on-time
11752,on-time
11753,on-time
11754,on-time
11755,on-time
11756,on-time
11757,on-time
11758,delayed
11759,delayed
11760,on-time
11761,on-time
11762,on-time
11763,on-time
11764,on-time
11765,on-time
11766,on-time
11767,on-time
11768,on-time
11769,on-time
11770,delayed
11771,on-time
11772,on-time
11773,on-time
11774,on-time
11775,on-time
11776,delayed
11777,on-time
11778,on-time
11779,on-time
11780,on-time
11781,on-time
11782,delayed
11783,on-time
11784,on-time
11785,delayed
11786,on-time
11787,on-time
11788,delayed
11789,on-time
11790,on-time
11791,on-time
11792,on-time
11793,delayed
11794,on-time
11795,on-time
11796,delayed
11797,on-time
11798,on-time
11799,on-time
11800,on-time
11801,delayed
11802,on-time
11803,delayed
11804,on-time
11805,on-time
11806,on-time
11807,on-time
11808,on-time
11809,on-time
11810,on-time
11811,on-time
11812,on-time
11813,delayed
11814,on-time
11815,on-time
11816,on-time
11817,on-time
11818,on-time
11819,on-time
11820,on-time
11821,on-time
11822,on-time
11823,on-time
11824,on-time
11825,on-time
11826,on-time
11827,on-time
11828,on-time
11829,on-time
11830,delayed
11831,on-time
11832,on-time
11833,on-time
11834,on-time
11835,on-time
11836,on-time
11837,on-time
11838,on-time
11839,on-time
11840,delayed
11841,delayed
11842,on-time
11843,on-time
11844,on-time
11845,delayed
11846,on-time
11847,delayed
11848,on-time
11849,on-time
11850,on-time
11851,on-time
11852,on-time
11853,on-time
11854,on-time
11855,on-time
11856,on-time
11857,on-time
11858,on-time
11859,delayed
11860,delayed
11861,delayed
11862,on-time
11863,on-time
11864,on-time
11865,on-time
11866,on-time
11867,delayed
11868,on-time
11869,on-time
11870,on-time
11871,on-time
11872,on-time
11873,on-time
11874,on-time
11875,on-time
11876,on-time
11877,on-time
11878,on-time
11879,on-time
11880,on-time
11881,on-time
11882,on-time
11883,on-time
11884,on-time
11885,on-time
11886,delayed
11887,on-time
11888,on-time
11889,on-time
11890,delayed
11891,on-time
11892,on-time
11893,delayed
11894,on-time
11895,delayed
11896,on-time
11897,on-time
11898,on-time
11899,on-time
11900,on-time
11901,on-time
11902,on-time
11903,on-time
11904,on-time
11905,on-time
11906,on-time
11907,on-time
11908,on-time
11909,on-time
11910,on-time
11911,delayed
11912,on-time
11913,on-time
11914,on-time
11915,delayed
11916,on-time
11917,on-time
11918,delayed
11919,delayed
11920,on-time
11921,on-time
11922,on-time
11923,on-time
11924,on-time
11925,delayed
11926,on-time
11927,on-time
11928,on-time
11929,on-time
11930,on-time
11931,on-time
11932,on-time
11933,delayed
11934,on-time
11935,on-time
11936,on-time
11937,on-time
11938,on-time
11939,on-time
11940,on-time
11941,on-time
11942,on-time
11943,on-time
11944,delayed
11945,on-time
11946,on-time
11947,on-time
11948,on-time
11949,on-time
11950,on-time
11951,on-time
11952,on-time
11953,on-time
11954,on-time
11955,on-time
11956,on-time
11957,on-time
11958,on-time
11959,on-time
11960,on-time
11961,delayed
11962,on-time
11963,on-time
11964,on-time
11965,delayed
11966,on-time
11967,delayed
11968,on-time
11969,on-time
11970,on-time
11971,on-time
11972,on-time
11973,on-time
11974,on-time
11975,on-time
11976,on-time
11977,on-time
11978,delayed
11979,on-time
11980,on-time
11981,on-time
11982,on-time
11983,on-time
11984,on-time
11985,on-time
11986,on-time
11987,on-time
11988,on-time
11989,on-time
11990,on-time
11991,on-time
11992,on-time
11993,on-time
11994,on-time
11995,on-time
11996,on-time
11997,on-time
11998,on-time
11999,on-time
12000,on-time
12001,on-time
12002,on-time
12003,on-time
12004,on-time
12005,on-time
12006,delayed
12007,on-time
12008,on-time
12009,on-time
12010,on-time
12011,delayed
12012,on-time
12013,on-time
12014,on-time
12015,delayed
12016,on-time
12017,on-time
12018,on-time
12019,on-time
12020,on-time
12021,on-time
12022,delayed
12023,on-time
12024,on-time
12025,on-time
12026,on-time
12027,on-time
12028,on-time
12029,on-time
12030,on-time
12031,on-time
12032,on-time
12033,on-time
12034,on-time
12035,on-time
12036,on-time
12037,on-time
12038,on-time
12039,on-time
12040,on-time
12041,delayed
12042,delayed
12043,on-time
12044,on-time
12045,on-time
12046,on-time
12047,on-time
12048,on-time
12049,on-time
12050,on-time
12051,on-time
12052,on-time
12053,delayed
12054,on-time
12055,on-time
12056,on-time
12057,on-time
12058,delayed
12059,on-time
12060,on-time
12061,on-time
12062,on-time
12063,on-time
12064,delayed
12065,on-time
12066,on-time
12067,delayed
12068,on-time
12069,on-time
12070,on-time
12071,delayed
12072,on-time
12073,delayed
12074,on-time
12075,on-time
12076,on-time
12077,on-time
12078,on-time
12079,delayed
12080,delayed
12081,on-time
12082,on-time
12083,on-time
12084,on-time
12085,on-time
12086,on-time
12087,on-time
12088,on-time
12089,delayed
12090,delayed
12091,on-time
12092,delayed
12093,on-time
12094,on-time
12095,on-time
12096,on-time
12097,on-time
12098,on-time
12099,on-time
12100,on-time
12101,on-time
12102,on-time
12103,on-time
12104,delayed
12105,on-time
12106,on-time
12107,delayed
12108,on-time
12109,delayed
12110,on-time
12111,on-time
12112,on-time
12113,on-time
12114,delayed
12115,on-time
12116,on-time
12117,delayed
12118,on-time
12119,on-time
12120,delayed
12121,on-time
12122,on-time
12123,on-time
12124,on-time
12125,on-time
12126,on-time
12127,delayed
12128,delayed
12129,on-time
12130,on-time
12131,delayed
12132,on-time
12133,delayed
12134,on-time
12135,on-time
12136,on-time
12137,on-time
12138,on-time
12139,delayed
12140,on-time
12141,on-time
12142,on-time
12143,on-time
12144,on-time
12145,on-time
12146,on-time
12147,delayed
12148,delayed
12149,on-time
12150,on-time
12151,on-time
12152,on-time
12153,on-time
12154,on-time
12155,on-time
12156,on-time
12157,on-time
12158,on-time
12159,delayed
12160,on-time
12161,on-time
12162,on-time
12163,on-time
12164,on-time
12165,on-time
12166,on-time
12167,on-time
12168,on-time
12169,on-time
12170,on-time
12171,on-time
12172,delayed
12173,on-time
12174,delayed
12175,on-time
12176,delayed
12177,on-time
12178,on-time
12179,on-time
12180,on-time
12181,on-time
12182,on-time
12183,on-time
12184,on-time
12185,delayed
12186,on-time
12187,on-time
12188,delayed
12189,on-time
12190,on-time
12191,on-time
12192,delayed
12193,on-time
12194,on-time
12195,delayed
12196,on-time
12197,delayed
12198,on-time
12199,on-time
12200,on-time
12201,delayed
12202,delayed
12203,on-time
12204,on-time
12205,on-time
12206,delayed
12207,delayed
12208,on-time
12209,on-time
12210,on-time
12211,on-time
12212,on-time
12213,on-time
12214,on-time
12215,delayed
12216,on-time
12217,on-time
12218,delayed
12219,on-time
12220,on-time
12221,on-time
12222,on-time
12223,delayed
12224,on-time
12225,on-time
12226,on-time
12227,delayed
12228,on-time
12229,on-time
12230,on-time
12231,on-time
12232,delayed
12233,on-time
12234,on-time
12235,delayed
12236,on-time
12237,on-time
12238,on-time
12239,on-time
12240,on-time
12241,on-time
12242,on-time
12243,on-time
12244,on-time
12245,delayed
12246,delayed
12247,on-time
12248,on-time
12249,on-time
12250,on-time
12251,delayed
12252,on-time
12253,on-time
12254,delayed
12255,on-time
12256,delayed
12257,on-time
12258,delayed
12259,on-time
12260,on-time
12261,on-time
12262,on-time
12263,on-time
12264,on-time
12265,on-time
12266,delayed
12267,delayed
12268,on-time
12269,on-time
12270,on-time
12271,on-time
12272,on-time
12273,delayed
12274,on-time
12275,on-time
12276,on-time
12277,delayed
12278,on-time
12279,delayed
12280,on-time
12281,delayed
12282,on-time
12283,on-time
12284,on-time
12285,on-time
12286,on-time
12287,on-time
12288,delayed
12289,delayed
12290,on-time
12291,on-time
12292,on-time
12293,delayed
12294,on-time
12295,on-time
12296,on-time
12297,on-time
12298,on-time
12299,on-time
12300,on-time
12301,on-time
12302,delayed
12303,on-time
12304,on-time
12305,delayed
12306,delayed
12307,on-time
12308,delayed
12309,on-time
12310,on-time
12311,delayed
12312,on-time
12313,on-time
12314,on-time
12315,on-time
12316,on-time
12317,on-time
12318,on-time
12319,delayed
12320,on-time
12321,on-time
12322,on-time
12323,on-time
12324,on-time
12325,delayed
12326,on-time
12327,on-time
12328,delayed
12329,on-time
12330,delayed
12331,on-time
12332,delayed
12333,on-time
12334,on-time
12335,on-time
12336,on-time
12337,on-time
12338,on-time
12339,delayed
12340,on-time
12341,on-time
12342,on-time
12343,on-time
12344,on-time
12345,on-time
12346,on-time
12347,on-time
12348,on-time
12349,on-time
12350,on-time
12351,on-time
12352,on-time
12353,on-time
12354,on-time
12355,on-time
12356,on-time
12357,delayed
12358,on-time
12359,on-time
12360,on-time
12361,delayed
12362,delayed
12363,on-time
12364,delayed
12365,on-time
12366,on-time
12367,on-time
12368,on-time
12369,on-time
12370,delayed
12371,on-time
12372,on-time
12373,on-time
12374,delayed
12375,on-time
12376,delayed
12377,delayed
12378,delayed
12379,on-time
12380,on-time
12381,delayed
12382,on-time
12383,on-time
12384,on-time
12385,on-time
12386,on-time
12387,delayed
12388,on-time
12389,on-time
12390,delayed
12391,on-time
12392,on-time
12393,on-time
12394,delayed
12395,on-time
12396,on-time
12397,on-time
12398,on-time
12399,delayed
12400,on-time
12401,on-time
12402,on-time
12403,delayed
12404,on-time
12405,on-time
12406,on-time
12407,delayed
12408,on-time
12409,delayed
12410,on-time
12411,on-time
12412,on-time
12413,on-time
12414,on-time
12415,delayed
12416,delayed
12417,on-time
12418,on-time
12419,on-time
12420,on-time
12421,delayed
12422,on-time
12423,on-time
12424,on-time
12425,on-time
12426,delayed
12427,on-time
12428,on-time
12429,delayed
12430,on-time
12431,on-time
12432,on-time
12433,on-time
12434,delayed
12435,delayed
12436,on-time
12437,on-time
12438,on-time
12439,on-time
12440,delayed
12441,on-time
12442,delayed
12443,on-time
12444,delayed
12445,delayed
12446,on-time
12447,delayed
12448,on-time
12449,delayed
12450,on-time
12451,on-time
12452,on-time
12453,on-time
12454,delayed
12455,on-time
12456,delayed
12457,on-time
12458,delayed
12459,on-time
12460,on-time
12461,delayed
12462,on-time
12463,on-time
12464,on-time
12465,on-time
12466,delayed
12467,delayed
12468,on-time
12469,on-time
12470,on-time
12471,on-time
12472,delayed
12473,on-time
12474,on-time
12475,on-time
12476,on-time
12477,on-time
12478,on-time
12479,on-time
12480,delayed
12481,on-time
12482,on-time
12483,on-time
12484,on-time
12485,delayed
12486,on-time
12487,on-time
12488,on-time
12489,on-time
12490,delayed
12491,on-time
12492,on-time
12493,delayed
12494,delayed
12495,delayed
12496,on-time
12497,on-time
12498,delayed
12499,on-time
12500,on-time
12501,delayed
12502,on-time
12503,on-time
12504,on-time
12505,on-time
12506,on-time
12507,on-time
12508,delayed
12509,delayed
12510,delayed
12511,on-time
12512,on-time
12513,on-time
12514,delayed
12515,on-time
12516,on-time
12517,on-time
12518,delayed
12519,delayed
12520,on-time
12521,on-time
12522,delayed
12523,delayed
12524,delayed
12525,on-time
12526,on-time
12527,delayed
12528,on-time
12529,delayed
12530,on-time
12531,on-time
12532,delayed
12533,on-time
12534,on-time
12535,on-time
12536,delayed
12537,on-time
12538,delayed
12539,on-time
12540,delayed
12541,delayed
12542,on-time
12543,on-time
12544,delayed
12545,on-time
12546,on-time
12547,delayed
12548,delayed
12549,on-time
12550,delayed
12551,delayed
12552,on-time
12553,on-time
12554,on-time
12555,on-time
12556,on-time
12557,on-time
12558,on-time
12559,on-time
12560,on-time
12561,delayed
12562,delayed
12563,delayed
12564,delayed
12565,on-time
12566,on-time
12567,on-time
12568,on-time
12569,on-time
12570,delayed
12571,on-time
12572,on-time
12573,delayed
12574,on-time
12575,on-time
12576,on-time
12577,on-time
12578,on-time
12579,on-time
12580,delayed
12581,on-time
12582,on-time
12583,on-time
12584,on-time
12585,on-time
12586,on-time
12587,on-time
12588,on-time
12589,on-time
12590,on-time
12591,on-time
12592,delayed
12593,on-time
12594,on-time
12595,on-time
12596,on-time
12597,on-time
12598,on-time
12599,on-time
12600,on-time
12601,delayed
12602,delayed
12603,on-time
12604,on-time
12605,on-time
12606,on-time
12607,on-time
12608,on-time
12609,delayed
12610,on-time
12611,on-time
12612,on-time
12613,on-time
12614,on-time
12615,on-time
12616,delayed
12617,delayed
12618,on-time
12619,delayed
12620,on-time
12621,delayed
12622,on-time
12623,delayed
12624,on-time
12625,on-time
12626,on-time
12627,on-time
12628,on-time
12629,on-time
12630,delayed
12631,on-time
12632,on-time
12633,on-time
12634,on-time
12635,delayed
12636,on-time
12637,on-time
12638,on-time
12639,on-time
12640,on-time
12641,on-time
12642,delayed
12643,on-time
12644,on-time
12645,on-time
12646,on-time
12647,on-time
12648,on-time
12649,on-time
12650,delayed
12651,on-time
12652,on-time
12653,on-time
12654,on-time
12655,on-time
12656,delayed
12657,on-time
12658,delayed
12659,on-time
12660,on-time
12661,on-time
12662,on-time
12663,on-time
12664,delayed
12665,on-time
12666,on-time
12667,on-time
12668,on-time
12669,on-time
12670,on-time
12671,on-time
12672,delayed
12673,on-time
12674,on-time
12675,on-time
12676,on-time
12677,on-time
12678,on-time
12679,on-time
12680,on-time
12681,delayed
12682,on-time
12683,on-time
12684,on-time
12685,on-time
12686,on-time
12687,on-time
12688,on-time
12689,on-time
12690,on-time
12691,on-time
12692,on-time
12693,delayed
12694,on-time
12695,delayed
12696,on-time
12697,on-time
12698,on-time
12699,on-time
12700,on-time
12701,on-time
12702,on-time
12703,on-time
12704,on-time
12705,on-time
12706,on-time
12707,delayed
12708,on-time
12709,on-time
12710,on-time
12711,on-time
12712,on-time
12713,on-time
12714,delayed
12715,delayed
12716,on-time
12717,on-time
12718,on-time
12719,on-time
12720,on-time
12721,on-time
12722,on-time
12723,on-time
12724,on-time
12725,on-time
12726,on-time
12727,delayed
12728,on-time
12729,on-time
12730,delayed
12731,delayed
12732,delayed
12733,on-time
12734,delayed
12735,on-time
12736,on-time
12737,on-time
12738,on-time
12739,delayed
12740,delayed
12741,on-time
12742,on-time
12743,delayed
12744,on-time
12745,on-time
12746,on-time
12747,delayed
12748,on-time
12749,delayed
12750,delayed
12751,on-time
12752,on-time
12753,delayed
12754,on-time
12755,on-time
12756,delayed
12757,on-time
12758,delayed
12759,on-time
12760,on-time
12761,delayed
12762,on-time
12763,delayed
12764,delayed
12765,delayed
12766,on-time
12767,on-time
12768,delayed
12769,delayed
12770,on-time
12771,on-time
12772,delayed
12773,on-time
12774,on-time
12775,on-time
12776,on-time
12777,on-time
12778,delayed
12779,on-time
12780,on-time
12781,delayed
12782,delayed
12783,on-time
12784,delayed
12785,on-time
12786,on-time
12787,delayed
12788,delayed
12789,on-time
12790,on-time
12791,delayed
12792,on-time
12793,on-time
12794,delayed
12795,on-time
12796,on-time
12797,on-time
12798,delayed
12799,delayed
12800,delayed
12801,delayed
12802,delayed
12803,delayed
12804,delayed
12805,on-time
12806,on-time
12807,delayed
12808,on-time
12809,on-time
12810,delayed
12811,on-time
12812,on-time
12813,delayed
12814,delayed
12815,on-time
12816,delayed
12817,delayed
12818,on-time
12819,delayed
12820,on-time
12821,on-time
12822,delayed
12823,on-time
12824,on-time
12825,on-time
12826,delayed
12827,delayed
12828,delayed
12829,delayed
12830,on-time
12831,on-time
12832,delayed
12833,on-time
12834,on-time
12835,on-time
12836,delayed
12837,on-time
12838,on-time
12839,on-time
12840,on-time
12841,on-time
12842,on-time
12843,delayed
12844,on-time
12845,on-time
12846,on-time
12847,on-time
12848,delayed
12849,on-time
12850,on-time
12851,delayed
12852,on-time
12853,on-time
12854,delayed
12855,on-time
12856,delayed
12857,on-time
12858,delayed
12859,delayed
12860,on-time
12861,delayed
12862,delayed
12863,on-time
12864,on-time
12865,on-time
12866,on-time
12867,delayed
12868,on-time
12869,on-time
12870,on-time
12871,on-time
12872,on-time
12873,on-time
12874,delayed
12875,on-time
12876,on-time
12877,on-time
12878,on-time
12879,on-time
12880,on-time
12881,on-time
12882,on-time
12883,on-time
12884,delayed
12885,delayed
12886,delayed
12887,delayed
12888,delayed
12889,on-time
12890,on-time
12891,delayed
12892,on-time
12893,on-time
12894,on-time
12895,delayed
12896,on-time
12897,delayed
12898,on-time
12899,delayed
12900,on-time
12901,delayed
12902,on-time
12903,on-time
12904,on-time
12905,on-time
12906,on-time
12907,delayed
12908,on-time
12909,on-time
12910,on-time
12911,on-time
12912,on-time
12913,delayed
12914,on-time
