ID,Delay
1,12.09287119700524
2,12.20246464216975
3,12.105943629214565
4,12.554964811441694
5,12.537616302698513
6,12.20246464216975
7,12.20246464216975
8,6.932962894235762
9,12.162849540044613
10,12.537616302698513
11,12.102743518884516
12,12.537616302698513
13,12.183700703143163
14,12.20246464216975
15,12.20246464216975
16,12.20246464216975
17,12.428022857534003
18,13.474714765033305
19,12.105943629214565
20,12.20246464216975
21,7.672672592258805
22,12.514405125828283
23,12.20246464216975
24,12.105943629214565
25,12.20246464216975
26,12.20246464216975
27,11.979259488362013
28,12.20246464216975
29,6.932962894235762
30,12.105943629214565
31,12.20246464216975
32,12.514405125828283
33,12.428022857534003
34,12.09287119700524
35,12.09287119700524
36,12.333175087917363
37,12.057324731828523
38,12.537616302698513
39,12.20246464216975
40,12.554964811441694
41,12.09287119700524
42,11.931485981643212
43,13.505812865208652
44,12.537616302698513
45,12.102743518884516
46,12.554964811441694
47,11.996350184050055
48,7.563420921023896
49,12.488997405312471
50,12.537616302698513
51,12.20246464216975
52,11.736395764320354
53,12.20246464216975
54,12.160515004941841
55,12.20246464216975
56,11.736395764320354
57,12.105943629214565
58,12.180334477946792
59,12.20246464216975
60,13.474714765033305
61,13.474714765033305
62,12.384659804390747
63,12.537616302698513
64,12.057324731828523
65,9.451336023964132
66,9.860823447734912
67,7.718703923948005
68,7.517389589334695
69,12.20246464216975
70,12.036518613908951
71,12.105943629214565
72,7.563420921023896
73,11.668447569995413
74,11.48311613792229
75,7.672672592258805
76,12.20246464216975
77,12.20246464216975
78,12.495666665470605
79,11.931485981643212
80,13.319236647512426
81,12.537616302698513
82,12.554964811441694
83,12.20246464216975
84,12.20246464216975
85,12.050921559777331
86,9.860823447734912
87,12.20246464216975
88,12.183700703143163
89,12.488997405312471
90,11.931485981643212
91,9.860823447734912
92,12.017886412519461
93,7.718703923948005
94,12.09287119700524
95,12.20246464216975
96,7.517389589334695
97,12.554964811441694
98,12.20246464216975
99,12.20246464216975
100,12.20246464216975
101,12.20246464216975
102,12.20246464216975
103,12.20246464216975
104,12.927732403887374
105,7.699340647868827
106,13.505812865208652
107,12.495666665470605
108,11.790607420066943
109,7.517389589334695
110,12.20246464216975
111,12.183700703143163
112,12.09287119700524
113,12.447047768084563
114,12.105943629214565
115,12.554964811441694
116,12.20246464216975
117,7.699340647868827
118,12.554964811441694
119,12.141751065915255
120,12.20246464216975
121,12.20246464216975
122,11.979259488362013
123,12.20246464216975
124,11.809371359093529
125,12.20246464216975
126,11.216360744053215
127,12.537616302698513
128,11.821288179965984
129,12.144523019622293
130,12.20246464216975
131,7.563420921023896
132,12.20246464216975
133,12.488997405312471
134,13.474714765033305
135,12.102743518884516
136,12.20246464216975
137,12.20246464216975
138,12.488997405312471
139,12.20246464216975
140,12.160515004941841
141,11.809371359093529
142,11.993155560765695
143,13.474714765033305
144,12.537616302698513
145,12.447047768084563
146,12.20246464216975
147,7.517389589334695
148,12.984084986983662
149,12.20246464216975
150,12.20246464216975
151,12.138097365646292
152,12.537616302698513
153,12.537616302698513
154,12.488997405312471
155,12.428022857534003
156,12.20246464216975
157,12.20246464216975
158,11.821288179965984
159,12.20246464216975
160,12.036518613908951
161,12.20246464216975
162,12.20246464216975
163,11.736395764320354
164,12.20246464216975
165,12.20246464216975
166,12.036518613908951
167,12.20246464216975
168,12.384659804390747
169,12.049508143861983
170,11.931485981643212
171,12.036518613908951
172,12.036518613908951
173,11.736395764320354
174,12.09287119700524
175,13.728431559193238
176,7.563420921023896
177,12.20246464216975
178,12.20246464216975
179,7.791901679366247
180,12.20246464216975
181,12.036518613908951
182,12.554964811441694
183,13.474714765033305
184,12.537616302698513
185,12.20246464216975
186,12.20246464216975
187,12.554964811441694
188,11.821288179965984
189,12.554964811441694
190,13.403070779196595
191,13.526990508949474
192,13.681887760543162
193,12.782382180189103
194,13.452255747780853
195,13.452255747780853
196,13.452255747780853
197,13.452255747780853
198,13.403070779196595
199,13.768045973604139
200,13.768045973604139
201,13.452255747780853
202,13.681887760543162
203,13.352861647635722
204,13.452255747780853
205,13.452255747780853
206,13.452255747780853
207,13.681887760543162
208,13.452255747780853
209,13.768045973604139
210,13.452255747780853
211,13.452255747780853
212,13.452255747780853
213,13.452255747780853
214,13.376015443958538
215,13.452255747780853
216,13.452255747780853
217,13.452255747780853
218,13.403070779196595
219,13.681887760543162
220,13.352861647635722
221,13.526990508949474
222,13.768045973604139
223,13.403070779196595
224,13.452255747780853
225,13.452255747780853
226,13.452255747780853
227,13.452255747780853
228,13.681887760543162
229,13.403070779196595
230,13.452255747780853
231,13.452255747780853
232,13.681887760543162
233,13.452255747780853
234,13.452255747780853
235,13.452255747780853
236,13.768045973604139
237,13.452255747780853
238,13.296328140605421
239,13.296328140605421
240,13.768045973604139
241,13.425200412542797
242,13.452255747780853
243,13.352861647635722
244,13.425200412542797
245,13.862476510387532
246,13.452255747780853
247,13.768045973604139
248,13.452255747780853
249,13.768045973604139
250,13.452255747780853
251,13.296328140605421
252,12.782382180189103
253,13.452255747780853
254,13.452255747780853
255,16.87583631873206
256,13.296328140605421
257,12.782382180189103
258,12.782382180189103
259,13.296328140605421
260,13.296328140605421
261,13.740990638366082
262,13.452255747780853
263,13.862476510387532
264,13.452255747780853
265,13.296328140605421
266,14.331406565319625
267,13.403070779196595
268,14.331406565319625
269,13.768045973604139
270,13.452255747780853
271,13.296328140605421
272,13.296328140605421
273,13.526990508949474
274,13.452255747780853
275,13.452255747780853
276,12.782382180189103
277,13.452255747780853
278,13.452255747780853
279,13.613881270903015
280,13.681887760543162
281,13.452255747780853
282,14.331406565319625
283,13.452255747780853
284,13.452255747780853
285,13.452255747780853
286,13.768045973604139
287,13.526990508949474
288,13.452255747780853
289,13.296328140605421
290,13.296328140605421
291,13.452255747780853
292,13.452255747780853
293,13.403070779196595
294,13.403070779196595
295,14.031784140171865
296,13.352861647635722
297,13.452255747780853
298,13.526990508949474
299,13.403070779196595
300,13.352861647635722
301,13.452255747780853
302,13.452255747780853
303,13.325806312397665
304,13.452255747780853
305,13.352861647635722
306,13.452255747780853
307,14.56745907419286
308,16.87583631873206
309,13.681887760543162
310,13.613881270903015
311,13.403070779196595
312,13.452255747780853
313,13.403070779196595
314,12.782382180189103
315,14.822156602486604
316,13.452255747780853
317,13.452255747780853
318,13.452255747780853
319,13.452255747780853
320,13.425200412542797
321,13.403070779196595
322,13.613881270903015
323,13.452255747780853
324,13.654684884428846
325,13.452255747780853
326,13.452255747780853
327,13.325806312397665
328,13.452255747780853
329,13.613881270903015
330,13.452255747780853
331,13.452255747780853
332,13.452255747780853
333,14.331406565319625
334,13.352861647635722
335,13.613881270903015
336,13.296328140605421
337,13.452255747780853
338,13.452255747780853
339,13.352861647635722
340,13.376015443958538
341,13.352861647635722
342,12.782382180189103
343,13.452255747780853
344,13.376015443958538
345,13.862476510387532
346,13.681887760543162
347,13.452255747780853
348,13.403070779196595
349,13.613881270903015
350,13.403070779196595
351,13.425200412542797
352,13.452255747780853
353,13.352861647635722
354,13.452255747780853
355,13.452255747780853
356,13.768045973604139
357,13.352861647635722
358,13.768045973604139
359,12.138097365646292
360,11.863500448432518
361,12.502807545079103
362,11.89438334613851
363,12.669871802364327
364,12.036518613908951
365,12.927732403887374
366,11.933477902880945
367,10.9113587780406
368,11.933477902880945
369,10.907090281639782
370,12.04264491534913
371,11.993155560765695
372,12.052472146805194
373,12.036518613908951
374,12.036518613908951
375,10.707277507235514
376,12.036518613908951
377,11.570449736059556
378,12.036518613908951
379,12.036518613908951
380,12.502807545079103
381,11.933477902880945
382,8.899541621708988
383,12.036518613908951
384,11.863500448432518
385,12.669871802364327
386,12.466235001483527
387,12.052472146805194
388,12.036518613908951
389,11.570449736059556
390,13.442626936410367
391,11.933477902880945
392,12.039250390680584
393,12.353103383771703
394,10.907090281639782
395,12.109553058972558
396,14.381121950443884
397,12.052472146805194
398,11.933477902880945
399,12.278806384813299
400,12.502807545079103
401,11.933477902880945
402,11.933477902880945
403,12.861773292088904
404,11.937746399281764
405,12.02503342071392
406,12.052472146805194
407,12.052472146805194
408,12.353103383771703
409,12.584724490131602
410,11.71848764142153
411,12.669871802364327
412,11.848559450996383
413,12.26325155094639
414,12.382608527399517
415,11.937746399281764
416,11.792784640379935
417,11.226191215937638
418,12.036518613908951
419,11.942488801687334
420,12.676280007964575
421,12.036518613908951
422,12.669871802364327
423,12.039250390680584
424,12.138097365646292
425,12.40188277064483
426,10.998645799472756
427,11.937746399281764
428,12.353103383771703
429,12.60660968766532
430,10.048233006798032
431,11.89011484973769
432,10.437341462551126
433,11.933477902880945
434,12.009109093661936
435,12.086007968492387
436,11.933477902880945
437,12.086007968492387
438,11.81791868381298
439,11.570449736059556
440,12.582735396534012
441,11.02608452556403
442,12.109553058972558
443,12.109553058972558
444,12.428624346342001
445,11.993155560765695
446,12.002461119187814
447,12.02503342071392
448,12.02503342071392
449,12.036518613908951
450,11.993155560765695
451,12.052472146805194
452,11.933477902880945
453,12.04264491534913
454,10.907090281639782
455,12.737254555743043
456,10.048233006798032
457,11.993155560765695
458,12.298080628058612
459,12.036518613908951
460,12.669871802364327
461,12.138097365646292
462,12.052472146805194
463,11.059620347251224
464,12.052472146805194
465,12.278806384813299
466,11.937746399281764
467,12.584724490131602
468,11.226191215937638
469,11.933477902880945
470,12.278806384813299
471,11.933477902880945
472,11.71848764142153
473,12.107272570380802
474,12.278806384813299
475,12.6377721318231
476,11.059620347251224
477,10.907090281639782
478,11.937746399281764
479,12.138097365646292
480,12.036518613908951
481,10.707277507235514
482,12.502807545079103
483,11.02608452556403
484,14.381121950443884
485,12.40188277064483
486,12.278806384813299
487,12.036518613908951
488,11.792784640379935
489,12.036518613908951
490,12.737254555743043
491,12.036518613908951
492,12.502807545079103
493,12.086007968492387
494,12.002461119187814
495,12.514728906893863
496,11.792784640379935
497,12.348459097567485
498,11.933477902880945
499,12.036518613908951
500,12.502807545079103
501,12.353103383771703
502,12.052472146805194
503,12.502807545079103
504,12.899503815126636
505,12.036518613908951
506,12.086007968492387
507,12.036518613908951
508,12.669871802364327
509,12.582735396534012
510,11.937746399281764
511,11.81791868381298
512,11.937746399281764
513,12.036518613908951
514,11.570449736059556
515,12.67872063483939
516,11.89438334613851
517,12.052472146805194
518,11.863500448432518
519,11.942488801687334
520,12.278806384813299
521,12.529368987516468
522,12.052472146805194
523,11.937746399281764
524,11.933477902880945
525,12.036518613908951
526,12.298080628058612
527,12.036518613908951
528,11.933477902880945
529,12.669871802364327
530,11.933477902880945
531,12.036518613908951
532,13.171509420523936
533,12.002461119187814
534,12.086007968492387
535,12.02503342071392
536,12.298080628058612
537,12.036518613908951
538,12.02503342071392
539,12.40188277064483
540,12.086007968492387
541,12.086007968492387
542,11.933477902880945
543,11.02608452556403
544,11.570449736059556
545,12.01603051404396
546,11.570449736059556
547,12.278806384813299
548,12.524916545603569
549,12.20246464216975
550,11.998023427388599
551,12.68290356512762
552,11.809371359093529
553,12.759445773861954
554,12.20246464216975
555,12.289180330776519
556,11.809371359093529
557,11.998023427388599
558,12.20246464216975
559,12.701667504154205
560,12.289180330776519
561,12.428993191939373
562,12.20246464216975
563,12.09287119700524
564,12.428993191939373
565,12.09287119700524
566,12.73506486660968
567,10.507789298632218
568,12.20246464216975
569,11.82769787951585
570,8.760038333675565
571,12.701667504154205
572,11.809371359093529
573,12.289180330776519
574,13.592026590006483
575,9.857705291521984
576,12.20246464216975
577,12.20246464216975
578,12.20246464216975
579,11.998023427388599
580,12.68290356512762
581,12.73506486660968
582,12.20246464216975
583,12.704653982771417
584,12.78985665770022
585,12.428993191939373
586,13.504417884647086
587,12.78985665770022
588,13.582612007766166
589,9.988875589930094
590,11.97266024387841
591,12.289180330776519
592,12.239986837130678
593,16.26165556569745
594,12.09287119700524
595,8.983628337300573
596,7.974616004118484
597,11.97266024387841
598,12.20246464216975
599,12.949609283045385
600,12.20246464216975
601,11.823111452927124
602,12.73506486660968
603,12.20246464216975
604,12.20246464216975
605,14.1938874112112
606,10.507789298632218
607,12.258750776157262
608,12.20246464216975
609,14.234028373538036
610,12.20246464216975
611,12.644714756993457
612,12.289180330776519
613,11.998023427388599
614,11.998023427388599
615,9.988875589930094
616,7.563420921023896
617,12.611317394537982
618,12.20246464216975
619,12.09287119700524
620,12.78985665770022
621,11.97266024387841
622,11.736395764320354
623,12.644714756993457
624,12.20246464216975
625,12.20246464216975
626,12.514405125828283
627,12.512028879264548
628,12.611317394537982
629,12.701667504154205
630,12.289180330776519
631,12.611317394537982
632,12.20246464216975
633,12.73506486660968
634,12.20246464216975
635,12.611317394537982
636,12.183700703143163
637,7.974616004118484
638,11.998023427388599
639,12.183700703143163
640,14.1938874112112
641,12.701667504154205
642,12.514405125828283
643,12.671256620315942
644,13.561430453640074
645,12.20246464216975
646,12.20246464216975
647,11.809371359093529
648,12.766146671448453
649,7.563420921023896
650,12.20246464216975
651,11.998023427388599
652,13.561430453640074
653,12.20246464216975
654,12.470124754513032
655,9.860823447734912
656,9.857705291521984
657,11.736395764320354
658,12.20246464216975
659,8.129899007042592
660,12.20246464216975
661,12.20246464216975
662,14.234028373538036
663,12.428993191939373
664,12.78985665770022
665,12.949609283045385
666,10.507789298632218
667,12.68290356512762
668,12.09287119700524
669,12.239986837130678
670,12.73506486660968
671,11.809371359093529
672,12.20246464216975
673,12.20246464216975
674,11.998023427388599
675,12.611317394537982
676,9.857705291521984
677,12.68290356512762
678,12.469389764129911
679,13.474714765033305
680,12.20246464216975
681,16.26165556569745
682,12.524916545603569
683,11.998023427388599
684,12.578220565465072
685,11.809371359093529
686,12.78985665770022
687,12.701667504154205
688,12.20246464216975
689,11.809371359093529
690,12.611317394537982
691,13.474714765033305
692,12.183700703143163
693,8.129899007042592
694,12.949609283045385
695,12.68290356512762
696,12.049508143861983
697,12.20246464216975
698,12.20246464216975
699,13.504417884647086
700,12.374201400848836
701,12.09287119700524
702,8.129899007042592
703,11.834832765462695
704,12.701667504154205
705,12.68290356512762
706,12.404811680663773
707,8.983628337300573
708,13.474714765033305
709,12.701667504154205
710,11.736395764320354
711,12.049508143861983
712,12.20246464216975
713,12.78985665770022
714,12.20246464216975
715,8.983628337300573
716,8.129899007042592
717,11.998023427388599
718,12.20246464216975
719,12.160515004941841
720,16.26165556569745
721,12.628637813174064
722,12.20246464216975
723,12.20246464216975
724,12.73506486660968
725,12.514405125828283
726,8.129899007042592
727,11.834832765462695
728,12.68290356512762
729,12.701667504154205
730,12.20246464216975
731,9.857705291521984
732,13.423088580146858
733,14.304351230081569
734,13.613881270903015
735,13.452255747780853
736,13.352861647635722
737,13.654684884428846
738,13.452255747780853
739,13.296328140605421
740,13.452255747780853
741,12.782382180189103
742,13.425200412542797
743,13.441880272470394
744,12.782382180189103
745,13.452255747780853
746,13.452255747780853
747,12.782382180189103
748,13.471529991026166
749,13.403070779196595
750,13.452255747780853
751,13.392695303886136
752,14.304351230081569
753,13.423088580146858
754,13.392695303886136
755,13.681887760543162
756,13.499935173711417
757,13.471529991026166
758,13.38626709920414
759,13.654832425305106
760,13.325806312397665
761,13.613881270903015
762,13.296328140605421
763,13.441880272470394
764,13.517607989048146
765,13.441880272470394
766,13.392695303886136
767,13.452255747780853
768,13.269272805367365
769,13.681887760543162
770,13.540894771097058
771,13.425200412542797
772,13.452255747780853
773,13.296328140605421
774,13.613881270903015
775,13.452255747780853
776,13.544663324286203
777,13.452255747780853
778,13.613881270903015
779,13.425200412542797
780,14.331406565319625
781,13.452255747780853
782,13.352861647635722
783,13.403070779196595
784,13.452255747780853
785,13.425200412542797
786,13.452255747780853
787,14.331406565319625
788,13.544663324286203
789,13.452255747780853
790,13.425200412542797
791,13.392695303886136
792,13.671512285232703
793,13.452255747780853
794,13.452255747780853
795,13.452255747780853
796,13.787320216849452
797,13.768045973604139
798,13.452255747780853
799,13.681887760543162
800,13.471529991026166
801,13.452255747780853
802,13.681887760543162
803,13.403070779196595
804,13.423088580146858
805,13.526990508949474
806,13.423088580146858
807,13.452255747780853
808,13.403070779196595
809,13.441880272470394
810,13.425200412542797
811,13.425200412542797
812,13.376015443958538
813,13.526990508949474
814,13.423088580146858
815,13.452255747780853
816,13.452255747780853
817,13.471529991026166
818,13.452255747780853
819,13.441880272470394
820,13.423088580146858
821,13.681887760543162
822,13.681887760543162
823,13.768045973604139
824,12.782382180189103
825,13.352861647635722
826,13.452255747780853
827,13.425200412542797
828,13.452255747780853
829,13.768045973604139
830,13.458636120936506
831,13.372135890881035
832,13.425200412542797
833,13.681887760543162
834,13.452255747780853
835,13.403070779196595
836,13.425200412542797
837,13.403070779196595
838,13.768045973604139
839,13.441880272470394
840,13.452255747780853
841,13.376015443958538
842,13.768045973604139
843,13.376015443958538
844,13.499935173711417
845,13.376015443958538
846,13.422345022441908
847,13.441880272470394
848,13.352861647635722
849,13.441880272470394
850,13.544663324286203
851,13.425200412542797
852,13.425200412542797
853,13.325806312397665
854,12.782382180189103
855,13.376015443958538
856,13.540894771097058
857,13.441880272470394
858,13.452255747780853
859,13.452255747780853
860,13.452255747780853
861,13.296328140605421
862,13.681887760543162
863,13.452255747780853
864,13.376015443958538
865,13.452255747780853
866,13.296328140605421
867,13.296328140605421
868,13.296328140605421
869,14.30223939768563
870,13.499935173711417
871,13.423088580146858
872,13.452255747780853
873,13.296328140605421
874,13.586825935664958
875,13.517607989048146
876,13.403070779196595
877,13.452255747780853
878,12.782382180189103
879,13.452255747780853
880,13.452255747780853
881,13.403070779196595
882,13.403070779196595
883,13.544663324286203
884,13.452255747780853
885,13.681887760543162
886,13.372135890881035
887,13.296328140605421
888,13.285952665294962
889,13.471529991026166
890,13.425200412542797
891,12.782382180189103
892,13.471529991026166
893,13.671512285232703
894,13.452255747780853
895,13.422345022441908
896,13.544663324286203
897,13.425200412542797
898,13.452255747780853
899,13.452255747780853
900,13.544663324286203
901,13.452255747780853
902,13.403070779196595
903,13.517607989048146
904,13.452255747780853
905,12.50633796016483
906,12.289934199427734
907,12.982887965877314
908,12.733761585052454
909,12.324992098948488
910,12.457664942669977
911,11.933477902880945
912,12.50633796016483
913,13.929823336014834
914,12.316675775124905
915,11.803001200227634
916,11.079731613336488
917,11.933477902880945
918,12.061779932183056
919,13.657135250098996
920,11.993155560765695
921,12.457664942669977
922,12.457664942669977
923,12.133134342582512
924,12.457664942669977
925,12.51417021023521
926,12.338670698745728
927,12.21322888725409
928,12.791060976797883
929,12.289934199427734
930,12.269070078077029
931,12.966814491236647
932,12.791060976797883
933,12.457664942669977
934,12.966814491236647
935,11.933477902880945
936,12.308809644708441
937,12.733761585052454
938,12.036141780129224
939,12.457664942669977
940,12.810886884061215
941,11.431277321428814
942,12.584724490131602
943,11.943654724284533
944,12.361371580978279
945,11.7762844062337
946,12.186132056841515
947,15.076359168825274
948,11.933477902880945
949,12.836635930049264
950,12.21322888725409
951,11.808837751037753
952,12.269070078077029
953,13.041549252405268
954,12.338670698745728
955,12.549966445571226
956,12.457664942669977
957,12.645393212777531
958,12.79525427372949
959,13.25753984121432
960,12.601402930600221
961,11.609809802864698
962,13.636296782662276
963,11.808837751037753
964,11.312283077504565
965,12.59878850719183
966,12.791060976797883
967,12.036141780129224
968,11.079731613336488
969,12.036518613908951
970,10.91726710304337
971,11.7762844062337
972,12.68734285000544
973,12.269070078077029
974,12.526648158976842
975,12.289934199427734
976,12.966814491236647
977,12.324992098948488
978,12.68734285000544
979,12.189815400784196
980,11.933477902880945
981,12.338670698745728
982,11.933477902880945
983,12.17510245088452
984,12.997528046499918
985,13.657135250098996
986,12.062756181434397
987,12.918606845454473
988,12.203853725498949
989,12.407653915052597
990,12.622816522186886
991,11.08065410496967
992,12.338670698745728
993,12.791060976797883
994,12.13159416730175
995,12.369156494429522
996,12.106119234577651
997,12.338670698745728
998,12.447622495090847
999,11.933477902880945
1000,12.338670698745728
1001,12.779450839115833
1002,12.13577140363577
1003,10.91726710304337
1004,10.907090281639782
1005,12.410452083442767
1006,12.836635930049264
1007,11.943654724284533
1008,12.13159416730175
1009,11.933477902880945
1010,11.803001200227634
1011,11.312283077504565
1012,12.406495747844879
1013,12.791060976797883
1014,13.929823336014834
1015,12.269070078077029
1016,11.166699867266194
1017,12.369156494429522
1018,12.457664942669977
1019,12.545422098174287
1020,12.764172468890717
1021,12.749111339569975
1022,12.625332204089078
1023,12.369156494429522
1024,11.312283077504565
1025,11.933477902880945
1026,11.808837751037753
1027,12.764172468890717
1028,12.545422098174287
1029,11.97159230446795
1030,12.203853725498949
1031,11.933477902880945
1032,13.141911628475562
1033,11.803001200227634
1034,12.338670698745728
1035,12.036141780129224
1036,12.186132056841515
1037,13.041549252405268
1038,12.308809644708441
1039,12.810886884061215
1040,12.545422098174287
1041,13.141911628475562
1042,12.966814491236647
1043,11.803001200227634
1044,12.324992098948488
1045,12.369156494429522
1046,12.147529538693579
1047,12.867420391091516
1048,11.933477902880945
1049,12.186132056841515
1050,12.106119234577651
1051,12.791060976797883
1052,11.933477902880945
1053,12.338670698745728
1054,12.133134342582512
1055,12.338670698745728
1056,12.036518613908951
1057,12.338670698745728
1058,12.836635930049264
1059,12.77964435290669
1060,12.545422098174287
1061,12.106119234577651
1062,11.943654724284533
1063,11.431277321428814
1064,13.128440014358809
1065,11.943654724284533
1066,11.570449736059556
1067,12.384969181415597
1068,12.369156494429522
1069,12.68734285000544
1070,12.289934199427734
1071,12.369156494429522
1072,12.13577140363577
1073,12.966814491236647
1074,12.51417021023521
1075,12.324992098948488
1076,12.13159416730175
1077,12.375365247734095
1078,12.457664942669977
1079,13.929823336014834
1080,13.471529991026166
1081,13.350147051540342
1082,13.352861647635722
1083,14.966357335815191
1084,13.403070779196595
1085,13.296328140605421
1086,13.452255747780853
1087,13.376015443958538
1088,13.452255747780853
1089,13.681887760543162
1090,13.452255747780853
1091,13.269272805367365
1092,13.403070779196595
1093,13.350147051540342
1094,13.471529991026166
1095,13.296328140605421
1096,13.432179152735232
1097,15.058764912320541
1098,13.544663324286203
1099,13.296328140605421
1100,13.350147051540342
1101,13.452255747780853
1102,13.126145891274536
1103,13.352861647635722
1104,14.917172367230933
1105,13.452255747780853
1106,13.339771576229882
1107,13.432179152735232
1108,14.331406565319625
1109,15.212782407447254
1110,13.613881270903015
1111,13.701162003788475
1112,12.782382180189103
1113,13.586825935664958
1114,12.782382180189103
1115,13.452255747780853
1116,13.681887760543162
1117,15.212782407447254
1118,13.269272805367365
1119,13.033378632947718
1120,13.862476510387532
1121,13.126145891274536
1122,13.296328140605421
1123,13.350147051540342
1124,13.296328140605421
1125,14.331406565319625
1126,13.681887760543162
1127,13.296328140605421
1128,13.526990508949474
1129,13.526990508949474
1130,13.108113394116339
1131,13.452255747780853
1132,13.339771576229882
1133,13.452255747780853
1134,13.352861647635722
1135,13.425200412542797
1136,13.425200412542797
1137,14.966357335815191
1138,13.681887760543162
1139,13.126145891274536
1140,13.452255747780853
1141,13.544663324286203
1142,13.452255747780853
1143,13.296328140605421
1144,13.422345022441908
1145,13.425200412542797
1146,13.471529991026166
1147,15.058764912320541
1148,13.563937567531516
1149,13.403070779196595
1150,13.033378632947718
1151,13.452255747780853
1152,13.681887760543162
1153,13.681887760543162
1154,13.452255747780853
1155,13.452255747780853
1156,13.19421944436491
1157,13.613881270903015
1158,13.452255747780853
1159,13.452255747780853
1160,13.033378632947718
1161,13.452255747780853
1162,13.452255747780853
1163,13.452255747780853
1164,13.452255747780853
1165,13.403070779196595
1166,13.452255747780853
1167,13.613881270903015
1168,13.452255747780853
1169,13.613881270903015
1170,13.458636120936506
1171,13.681887760543162
1172,14.81042972863976
1173,13.355777904036845
1174,13.339771576229882
1175,12.970218284099104
1176,13.452255747780853
1177,13.425200412542797
1178,13.200880652443157
1179,13.681887760543162
1180,13.613881270903015
1181,13.296328140605421
1182,13.126145891274536
1183,13.452255747780853
1184,14.966357335815191
1185,13.613881270903015
1186,13.2877714143967
1187,13.424881812708962
1188,13.452255747780853
1189,13.471529991026166
1190,13.452255747780853
1191,12.782382180189103
1192,13.452255747780853
1193,13.339771576229882
1194,13.403070779196595
1195,13.563937567531516
1196,13.613881270903015
1197,13.681887760543162
1198,13.126145891274536
1199,15.041092096983812
1200,13.471529991026166
1201,13.403070779196595
1202,13.200880652443157
1203,15.058764912320541
1204,13.126145891274536
1205,13.311213738201685
1206,12.782382180189103
1207,13.296328140605421
1208,13.452255747780853
1209,13.681887760543162
1210,13.07696092269028
1211,13.452255747780853
1212,13.290586607645624
1213,13.681887760543162
1214,13.544663324286203
1215,13.126145891274536
1216,12.782382180189103
1217,13.300962082956083
1218,14.331406565319625
1219,13.452255747780853
1220,13.403070779196595
1221,13.452255747780853
1222,13.452255747780853
1223,14.304351230081569
1224,13.452255747780853
1225,13.376015443958538
1226,13.033378632947718
1227,13.452255747780853
1228,13.425200412542797
1229,13.311213738201685
1230,13.325005477914802
1231,13.862476510387532
1232,13.290586607645624
1233,13.352861647635722
1234,12.782382180189103
1235,13.452255747780853
1236,13.339771576229882
1237,13.452255747780853
1238,13.654684884428846
1239,13.654684884428846
1240,13.586825935664958
1241,13.452255747780853
1242,14.331406565319625
1243,13.458636120936506
1244,14.263140971968793
1245,13.768045973604139
1246,14.263140971968793
1247,13.07696092269028
1248,13.471529991026166
1249,13.218553467779886
1250,13.452255747780853
1251,13.352861647635722
1252,13.654832425305106
1253,13.425200412542797
1254,13.754338847991638
1255,13.401172415626865
1256,13.401172415626865
1257,13.495559869756853
1258,13.31476446318603
1259,13.524334755232884
1260,13.475149786648624
1261,13.296288290894854
1262,13.072287130629048
1263,13.497279419994825
1264,13.524334755232884
1265,13.507709888572183
1266,13.134696403996008
1267,13.296288290894854
1268,13.524334755232884
1269,13.570294630925474
1270,13.163471289472039
1271,12.339535015193233
1272,13.163471289472039
1273,13.524334755232884
1274,13.296288290894854
1275,13.514834113002166
1276,13.163471289472039
1277,13.524334755232884
1278,12.310760129717202
1279,13.495559869756853
1280,11.169478185956333
1281,13.34353934866206
1282,13.524334755232884
1283,13.495559869756853
1284,13.31476446318603
1285,13.534256912506246
1286,13.134696403996008
1287,12.016646504503159
1288,13.524334755232884
1289,13.134696403996008
1290,11.987871619027128
1291,13.351782281396753
1292,13.599069516401505
1293,13.526641674595623
1294,13.163471289472039
1295,13.495559869756853
1296,13.446374901172593
1297,13.495559869756853
1298,13.072287130629048
1299,13.524334755232884
1300,13.296288290894854
1301,13.475149786648624
1302,13.570294630925474
1303,13.497279419994825
1304,11.169478185956333
1305,13.495559869756853
1306,13.163471289472039
1307,13.495559869756853
1308,12.339535015193233
1309,13.34353934866206
1310,13.562104548386646
1311,12.310760129717202
1312,13.495559869756853
1313,11.987871619027128
1314,13.072287130629048
1315,13.507709888572183
1316,13.514834113002166
1317,12.886276337042888
1318,13.134696403996008
1319,13.31476446318603
1320,13.296288290894854
1321,13.524334755232884
1322,13.524334755232884
1323,13.599069516401505
1324,13.401172415626865
1325,13.134696403996008
1326,13.524334755232884
1327,13.448094451410569
1328,13.495559869756853
1329,13.31476446318603
1330,12.310760129717202
1331,13.072287130629048
1332,13.475149786648624
1333,13.524334755232884
1334,13.524334755232884
1335,13.497279419994825
1336,13.475149786648624
1337,13.570294630925474
1338,13.153970647241321
1339,13.524334755232884
1340,13.163471289472039
1341,13.524334755232884
1342,13.134696403996008
1343,13.163471289472039
1344,13.562104548386646
1345,13.34353934866206
1346,13.514834113002166
1347,13.495559869756853
1348,13.524334755232884
1349,12.339535015193233
1350,13.507709888572183
1351,13.495559869756853
1352,13.495559869756853
1353,13.524334755232884
1354,13.475149786648624
1355,13.247103322310593
1356,13.2943543800778
1357,13.524334755232884
1358,13.524334755232884
1359,12.016646504503159
1360,13.13641595423398
1361,13.247103322310593
1362,13.163471289472039
1363,13.446374901172593
1364,13.524334755232884
1365,13.072287130629048
1366,13.524334755232884
1367,13.495559869756853
1368,13.572014181163446
1369,13.134696403996008
1370,13.446374901172593
1371,13.163471289472039
1372,13.134696403996008
1373,13.497279419994825
1374,13.163471289472039
1375,13.524334755232884
1376,13.599069516401505
1377,13.507709888572183
1378,13.495559869756853
1379,13.524334755232884
1380,10.846589675266259
1381,13.475149786648624
1382,13.296288290894854
1383,13.396165769611722
1384,13.163471289472039
1385,13.495559869756853
1386,12.504882471655268
1387,13.495559869756853
1388,13.401172415626865
1389,13.533329662910615
1390,13.533329662910615
1391,13.146846422811338
1392,13.397885319849694
1393,12.339535015193233
1394,13.495559869756853
1395,13.524334755232884
1396,13.725191882519162
1397,13.495559869756853
1398,13.163471289472039
1399,13.497279419994825
1400,13.524334755232884
1401,13.495559869756853
1402,12.339535015193233
1403,13.072287130629048
1404,11.169478185956333
1405,13.163471289472039
1406,13.495559869756853
1407,13.524334755232884
1408,13.163471289472039
1409,13.475149786648624
1410,11.987871619027128
1411,13.475149786648624
1412,13.495559869756853
1413,13.534256912506246
1414,12.799885656924706
1415,12.430952158572762
1416,13.440105728965522
1417,14.246713981262435
1418,11.932417478235799
1419,12.799885656924706
1420,13.440105728965522
1421,12.255305988925873
1422,11.114024045165003
1423,13.291254905268229
1424,13.642682406489774
1425,13.340439873852487
1426,12.855241102938873
1427,12.206950998306956
1428,13.352481282751759
1429,13.440105728965522
1430,13.016832989837718
1431,13.016832989837718
1432,12.920996083271195
1433,13.340439873852487
1434,13.34071162882039
1435,13.487785154896086
1436,12.970181051855452
1437,11.632937753867127
1438,12.206950998306956
1439,13.298074722790084
1440,12.920996083271195
1441,13.016832989837718
1442,13.367495209090544
1443,12.799885656924706
1444,11.932417478235799
1445,11.932417478235799
1446,11.632937753867127
1447,12.979576408091642
1448,13.254801611449109
1449,13.016832989837718
1450,13.016832989837718
1451,13.016832989837718
1452,12.799885656924706
1453,13.240834150103522
1454,14.246713981262435
1455,13.016832989837718
1456,12.255305988925873
1457,13.34071162882039
1458,13.318310240506285
1459,13.514840490134143
1460,13.079242263204677
1461,13.05218692796662
1462,11.114024045165003
1463,13.440105728965522
1464,13.016832989837718
1465,13.079242263204677
1466,13.340439873852487
1467,13.016832989837718
1468,11.632937753867127
1469,12.255305988925873
1470,13.079242263204677
1471,13.532513305470872
1472,13.016832989837718
1473,14.246713981262435
1474,13.016832989837718
1475,12.255305988925873
1476,13.514840490134143
1477,13.352481282751759
1478,13.440105728965522
1479,13.016832989837718
1480,13.079242263204677
1481,12.799885656924706
1482,13.796437639299091
1483,13.05218692796662
1484,13.079242263204677
1485,13.390920760381263
1486,12.255305988925873
1487,12.799885656924706
1488,13.340439873852487
1489,13.25919459889989
1490,13.079242263204677
1491,12.87078695171032
1492,11.932417478235799
1493,13.079242263204677
1494,12.967648021253458
1495,12.255305988925873
1496,12.970181051855452
1497,13.016832989837718
1498,12.799885656924706
1499,13.440105728965522
1500,12.609317586094608
1501,13.216104568699716
1502,12.206950998306956
1503,13.016832989837718
1504,13.079242263204677
1505,11.632937753867127
1506,13.079242263204677
1507,12.979576408091642
1508,13.440105728965522
1509,13.340439873852487
1510,12.255305988925873
1511,13.240834150103522
1512,13.240834150103522
1513,13.796437639299091
1514,11.932417478235799
1515,13.363865425143207
1516,13.440105728965522
1517,13.352481282751759
1518,11.932417478235799
1519,13.440105728965522
1520,13.440105728965522
1521,13.440105728965522
1522,13.044915813024073
1523,13.241045773707356
1524,13.240834150103522
1525,12.255305988925873
1526,13.440105728965522
1527,11.632937753867127
1528,13.016832989837718
1529,13.079242263204677
1530,13.440105728965522
1531,12.799885656924706
1532,12.255305988925873
1533,13.079242263204677
1534,13.440105728965522
1535,12.799885656924706
1536,13.367495209090544
1537,13.079242263204677
1538,13.079242263204677
1539,13.016832989837718
1540,13.367495209090544
1541,12.609317586094608
1542,13.440105728965522
1543,12.255305988925873
1544,13.440105728965522
1545,13.440105728965522
1546,13.216104568699716
1547,13.440105728965522
1548,13.34071162882039
1549,13.216104568699716
1550,13.440105728965522
1551,13.318310240506285
1552,13.079242263204677
1553,13.642682406489774
1554,13.390920760381263
1555,11.932417478235799
1556,13.016832989837718
1557,13.340439873852487
1558,13.016832989837718
1559,13.459902785595894
1560,13.079242263204677
1561,12.206950998306956
1562,11.932417478235799
1563,12.967648021253458
1564,12.967648021253458
1565,13.241045773707356
1566,13.036777105184521
1567,13.216104568699716
1568,13.413050393727465
1569,13.440105728965522
1570,13.016832989837718
1571,13.390920760381263
1572,13.016832989837718
1573,13.440105728965522
1574,13.440105728965522
1575,11.932417478235799
1576,13.240834150103522
1577,13.240834150103522
1578,13.000756046018326
1579,12.036518613908951
1580,6.886931562546561
1581,12.074107257978653
1582,11.81791868381298
1583,12.183700703143163
1584,7.51346116879766
1585,12.348459097567485
1586,12.927732403887374
1587,6.886931562546561
1588,11.78883023432174
1589,12.865696488474935
1590,7.699340647868827
1591,12.036518613908951
1592,12.138097365646292
1593,12.030744204835397
1594,6.886931562546561
1595,11.81791868381298
1596,12.927732403887374
1597,12.386047741637187
1598,12.09287119700524
1599,12.074107257978653
1600,12.036518613908951
1601,12.138097365646292
1602,9.052510293532562
1603,12.138097365646292
1604,12.074107257978653
1605,12.275201009951783
1606,12.036518613908951
1607,12.09287119700524
1608,12.021719495147932
1609,12.11021970574842
1610,9.052510293532562
1611,7.51346116879766
1612,12.183700703143163
1613,12.761466292999074
1614,12.09287119700524
1615,12.036518613908951
1616,12.138097365646292
1617,12.399928813194746
1618,12.965321047957076
1619,9.052510293532562
1620,12.348459097567485
1621,12.036518613908951
1622,11.570449736059556
1623,12.074107257978653
1624,13.455950826006719
1625,12.036518613908951
1626,11.310049243177053
1627,11.649683630968827
1628,12.636064475712626
1629,7.549418175566899
1630,11.612094986899125
1631,12.074107257978653
1632,11.993155560765695
1633,10.791135534474929
1634,11.49166346264174
1635,12.036518613908951
1636,12.074107257978653
1637,12.138097365646292
1638,12.636064475712626
1639,12.138097365646292
1640,12.138097365646292
1641,11.570449736059556
1642,7.751683040113
1643,12.636064475712626
1644,12.275201009951783
1645,12.636064475712626
1646,11.993155560765695
1647,12.493264940237964
1648,12.074107257978653
1649,10.791135534474929
1650,12.074107257978653
1651,6.886931562546561
1652,12.927732403887374
1653,12.036518613908951
1654,11.608038380129258
1655,12.138097365646292
1656,12.036518613908951
1657,12.09287119700524
1658,12.79768999883479
1659,12.036518613908951
1660,6.886931562546561
1661,11.78883023432174
1662,12.636064475712626
1663,11.649683630968827
1664,11.994568976681043
1665,12.348459097567485
1666,12.036518613908951
1667,6.886931562546561
1668,12.493264940237964
1669,6.886931562546561
1670,12.074107257978653
1671,11.81791868381298
1672,6.886931562546561
1673,6.886931562546561
1674,12.399928813194746
1675,12.636064475712626
1676,11.649683630968827
1677,6.783040421933833
1678,12.040242251299993
1679,11.78883023432174
1680,12.074107257978653
1681,7.549418175566899
1682,12.138097365646292
1683,12.074107257978653
1684,11.49166346264174
1685,12.074107257978653
1686,12.138097365646292
1687,12.074107257978653
1688,7.51346116879766
1689,12.074107257978653
1690,12.09287119700524
1691,12.036518613908951
1692,12.138097365646292
1693,11.993155560765695
1694,12.040242251299993
1695,6.886931562546561
1696,12.138097365646292
1697,12.074107257978653
1698,10.791135534474929
1699,12.965321047957076
1700,12.036518613908951
1701,12.865696488474935
1702,11.78883023432174
1703,11.82769787951585
1704,12.036518613908951
1705,11.649683630968827
1706,12.030744204835397
1707,12.036518613908951
1708,11.844534330991294
1709,11.612094986899125
1710,12.761466292999074
1711,12.138097365646292
1712,12.138097365646292
1713,12.11021970574842
1714,12.036518613908951
1715,12.074107257978653
1716,11.310049243177053
1717,12.183700703143163
1718,12.036518613908951
1719,12.965321047957076
1720,12.036518613908951
1721,12.927732403887374
1722,12.036518613908951
1723,12.927732403887374
1724,12.138097365646292
1725,12.049508143861983
1726,12.383851869375354
1727,12.183700703143163
1728,11.844534330991294
1729,12.399928813194746
1730,12.399928813194746
1731,12.636064475712626
1732,12.036518613908951
1733,12.138097365646292
1734,11.808933940489263
1735,12.036518613908951
1736,12.036518613908951
1737,7.751683040113
1738,12.43761855514436
1739,12.138097365646292
1740,12.493264940237964
1741,12.030744204835397
1742,12.036518613908951
1743,12.036518613908951
1744,12.021719495147932
1745,12.074107257978653
1746,12.183700703143163
1747,12.138097365646292
1748,11.993155560765695
1749,7.549418175566899
1750,11.81791868381298
1751,6.783040421933833
1752,12.036518613908951
1753,12.074107257978653
1754,11.81791868381298
1755,12.275201009951783
1756,12.138097365646292
1757,12.11021970574842
1758,11.845182817418028
1759,12.074107257978653
1760,12.183700703143163
1761,12.074107257978653
1762,12.036518613908951
1763,12.036518613908951
1764,6.886931562546561
1765,12.036518613908951
1766,12.636064475712626
1767,12.074107257978653
1768,12.138097365646292
1769,12.074107257978653
1770,12.036518613908951
1771,7.563420921023896
1772,12.20246464216975
1773,7.896692210205662
1774,12.20246464216975
1775,12.20246464216975
1776,12.30269494706741
1777,11.767591858355752
1778,12.514405125828283
1779,12.20246464216975
1780,12.20246464216975
1781,12.20246464216975
1782,12.537616302698513
1783,15.039932512994543
1784,12.537616302698513
1785,7.718703923948005
1786,7.563420921023896
1787,12.30269494706741
1788,12.20246464216975
1789,12.20246464216975
1790,11.931485981643212
1791,12.20246464216975
1792,12.160515004941841
1793,12.537616302698513
1794,13.967378827459457
1795,12.20246464216975
1796,12.20246464216975
1797,12.20246464216975
1798,12.105943629214565
1799,12.30269494706741
1800,12.30269494706741
1801,12.20246464216975
1802,12.192659317821334
1803,12.537616302698513
1804,7.718703923948005
1805,9.992212843725381
1806,12.105943629214565
1807,14.087147506173906
1808,12.849556786357047
1809,12.30269494706741
1810,12.30269494706741
1811,13.545511478323924
1812,7.896692210205662
1813,12.20246464216975
1814,7.563420921023896
1815,12.30269494706741
1816,12.20246464216975
1817,10.527361660464395
1818,12.537616302698513
1819,12.30269494706741
1820,14.087147506173906
1821,12.20246464216975
1822,12.537616302698513
1823,10.741714789277797
1824,11.931485981643212
1825,12.20246464216975
1826,12.192659317821334
1827,12.20246464216975
1828,7.74140920728155
1829,12.20246464216975
1830,12.20246464216975
1831,12.20246464216975
1832,12.20246464216975
1833,12.102743518884516
1834,12.20246464216975
1835,12.105943629214565
1836,12.537616302698513
1837,7.718703923948005
1838,12.514405125828283
1839,7.896692210205662
1840,7.718703923948005
1841,13.88066313885269
1842,7.563420921023896
1843,12.20246464216975
1844,12.20246464216975
1845,12.20246464216975
1846,12.20246464216975
1847,11.912722042616625
1848,12.20246464216975
1849,12.20246464216975
1850,12.537616302698513
1851,14.068383567147322
1852,12.20246464216975
1853,12.30269494706741
1854,11.767591858355752
1855,12.105943629214565
1856,12.183700703143163
1857,12.192659317821334
1858,12.20246464216975
1859,12.333175087917363
1860,12.30269494706741
1861,12.537616302698513
1862,12.105943629214565
1863,12.537616302698513
1864,12.20246464216975
1865,12.30269494706741
1866,12.20246464216975
1867,12.20246464216975
1868,12.20246464216975
1869,12.624331991305283
1870,12.537616302698513
1871,12.20246464216975
1872,12.20246464216975
1873,13.474714765033305
1874,12.20246464216975
1875,12.20246464216975
1876,12.20246464216975
1877,7.110951180493415
1878,7.896692210205662
1879,12.20246464216975
1880,12.183700703143163
1881,12.20246464216975
1882,12.537616302698513
1883,13.967378827459457
1884,12.537616302698513
1885,12.537616302698513
1886,13.545511478323924
1887,12.537616302698513
1888,12.20246464216975
1889,7.718703923948005
1890,12.183700703143163
1891,7.74140920728155
1892,12.333175087917363
1893,14.087147506173906
1894,12.537616302698513
1895,12.20246464216975
1896,7.718703923948005
1897,12.30269494706741
1898,12.20246464216975
1899,12.20246464216975
1900,12.20246464216975
1901,12.20246464216975
1902,7.563420921023896
1903,12.192659317821334
1904,12.537616302698513
1905,11.836626069218015
1906,12.20246464216975
1907,12.537616302698513
1908,12.537616302698513
1909,12.514405125828283
1910,13.545511478323924
1911,12.20246464216975
1912,12.20246464216975
1913,7.718703923948005
1914,12.20246464216975
1915,12.30269494706741
1916,7.563420921023896
1917,12.160515004941841
1918,7.718703923948005
1919,12.105943629214565
1920,12.20246464216975
1921,13.545511478323924
1922,12.537616302698513
1923,11.821288179965984
1924,9.992212843725381
1925,12.624331991305283
1926,7.896692210205662
1927,11.931485981643212
1928,11.767591858355752
1929,7.718703923948005
1930,12.20246464216975
1931,12.102743518884516
1932,12.20246464216975
1933,12.537616302698513
1934,13.474714765033305
1935,12.20246464216975
1936,12.537616302698513
1937,12.537616302698513
1938,12.624331991305283
1939,12.20246464216975
1940,12.160515004941841
1941,12.160515004941841
1942,12.578983209294421
1943,12.20246464216975
1944,12.20246464216975
1945,11.767591858355752
1946,12.20246464216975
1947,7.896692210205662
1948,12.20246464216975
1949,12.537616302698513
1950,12.20246464216975
1951,12.20246464216975
1952,12.156439840494748
1953,12.537616302698513
1954,12.537616302698513
1955,12.20246464216975
1956,12.20246464216975
1957,12.20246464216975
1958,13.423088580146858
1959,13.652720592909168
1960,14.331406565319625
1961,13.49782334131548
1962,13.452255747780853
1963,13.452255747780853
1964,13.392695303886136
1965,13.681887760543162
1966,13.441880272470394
1967,13.441880272470394
1968,13.681887760543162
1969,16.55740446159253
1970,13.352861647635722
1971,13.425200412542797
1972,13.452255747780853
1973,12.782382180189103
1974,13.452255747780853
1975,14.304351230081569
1976,13.452255747780853
1977,13.681887760543162
1978,13.681887760543162
1979,13.452255747780853
1980,13.423088580146858
1981,13.325806312397665
1982,13.452255747780853
1983,13.817451571054281
1984,13.423088580146858
1985,13.654832425305106
1986,13.768045973604139
1987,13.141197630306879
1988,13.423088580146858
1989,13.654684884428846
1990,13.342486172325263
1991,13.325806312397665
1992,13.423088580146858
1993,14.331406565319625
1994,13.141197630306879
1995,13.452255747780853
1996,14.321031090009166
1997,13.768045973604139
1998,13.423088580146858
1999,13.423088580146858
2000,13.452255747780853
2001,13.452255747780853
2002,13.423088580146858
2003,13.403070779196595
2004,13.342486172325263
2005,13.544663324286203
2006,13.352861647635722
2007,13.441880272470394
2008,12.782382180189103
2009,13.452255747780853
2010,13.768045973604139
2011,13.441880272470394
2012,13.452255747780853
2013,13.285952665294962
2014,14.304351230081569
2015,14.822156602486604
2016,14.331406565319625
2017,14.331406565319625
2018,13.323694480001727
2019,14.321031090009166
2020,13.452255747780853
2021,13.441880272470394
2022,13.458636120936506
2023,13.441880272470394
2024,13.654684884428846
2025,13.3739036115626
2026,13.296328140605421
2027,13.452255747780853
2028,13.681887760543162
2029,13.441880272470394
2030,13.441880272470394
2031,13.681887760543162
2032,13.452255747780853
2033,13.654684884428846
2034,13.441880272470394
2035,13.425200412542797
2036,13.671512285232703
2037,13.603505795592556
2038,13.452255747780853
2039,13.296328140605421
2040,13.452255747780853
2041,13.452255747780853
2042,14.595144731887352
2043,13.613881270903015
2044,13.403070779196595
2045,13.452255747780853
2046,13.452255747780853
2047,13.58471410326902
2048,13.452255747780853
2049,13.441880272470394
2050,14.331406565319625
2051,13.441880272470394
2052,13.452255747780853
2053,13.654684884428846
2054,13.425200412542797
2055,13.544663324286203
2056,13.452255747780853
2057,13.425200412542797
2058,13.544663324286203
2059,13.269272805367365
2060,13.452255747780853
2061,13.452255747780853
2062,13.613881270903015
2063,13.425200412542797
2064,14.321031090009166
2065,13.452255747780853
2066,14.331406565319625
2067,13.296328140605421
2068,13.452255747780853
2069,13.515496156652208
2070,13.515496156652208
2071,12.782382180189103
2072,13.58471410326902
2073,13.452255747780853
2074,13.423088580146858
2075,13.3739036115626
2076,13.613881270903015
2077,13.613881270903015
2078,13.452255747780853
2079,13.403070779196595
2080,13.654684884428846
2081,13.681887760543162
2082,13.452255747780853
2083,13.296328140605421
2084,13.452255747780853
2085,13.425200412542797
2086,13.671512285232703
2087,13.423088580146858
2088,13.441880272470394
2089,13.423088580146858
2090,13.376015443958538
2091,14.30223939768563
2092,13.452255747780853
2093,14.304351230081569
2094,13.441880272470394
2095,13.441880272470394
2096,13.458636120936506
2097,13.452255747780853
2098,13.452255747780853
2099,13.613881270903015
2100,13.452255747780853
2101,13.452255747780853
2102,13.425200412542797
2103,13.441880272470394
2104,14.321031090009166
2105,12.782382180189103
2106,13.423088580146858
2107,13.452255747780853
2108,13.3739036115626
2109,13.296328140605421
2110,13.452255747780853
2111,13.425200412542797
2112,13.452255747780853
2113,13.452255747780853
2114,14.321031090009166
2115,13.376015443958538
2116,13.441880272470394
2117,14.304351230081569
2118,13.452255747780853
2119,13.603505795592556
2120,13.452255747780853
2121,13.452255747780853
2122,13.403070779196595
2123,13.452255747780853
2124,13.452255747780853
2125,13.352861647635722
2126,13.768045973604139
2127,13.452255747780853
2128,13.817451571054281
2129,14.304351230081569
2130,12.782382180189103
2131,12.537616302698513
2132,12.825039151148689
2133,12.970181051855452
2134,12.970181051855452
2135,12.01515715961793
2136,12.105943629214565
2137,12.537616302698513
2138,12.578220565465072
2139,9.328788316474768
2140,9.859961824269572
2141,12.955582869432078
2142,12.105943629214565
2143,9.859961824269572
2144,8.092498906468832
2145,10.352020925865514
2146,12.825039151148689
2147,12.644714756993457
2148,12.680300610844847
2149,12.537616302698513
2150,12.102743518884516
2151,13.692392345688054
2152,12.333175087917363
2153,12.537616302698513
2154,9.857705291521984
2155,13.902368798006815
2156,12.537616302698513
2157,12.825039151148689
2158,12.624331991305283
2159,12.849556786357047
2160,13.74306698715321
2161,15.755505779658105
2162,12.566820670355089
2163,12.970181051855452
2164,12.537616302698513
2165,9.860823447734912
2166,12.624331991305283
2167,10.352020925865514
2168,14.764164054118467
2169,12.644714756993457
2170,12.333175087917363
2171,9.857705291521984
2172,12.537616302698513
2173,12.333175087917363
2174,12.102743518884516
2175,12.644714756993457
2176,12.333175087917363
2177,8.595037410917003
2178,12.537616302698513
2179,12.105943629214565
2180,13.647015136837831
2181,9.293483738250877
2182,11.114024045165003
2183,9.00623249401159
2184,12.537616302698513
2185,12.624331991305283
2186,11.992546411151187
2187,12.537616302698513
2188,13.19981306461776
2189,13.637403798856706
2190,12.01515715961793
2191,12.105943629214565
2192,12.756459295244746
2193,8.24778190939294
2194,12.825039151148689
2195,10.686803207533575
2196,12.72604841140648
2197,12.644714756993457
2198,10.352020925865514
2199,12.01515715961793
2200,13.692392345688054
2201,12.537616302698513
2202,12.537616302698513
2203,12.624331991305283
2204,12.532867723417358
2205,12.139059752720554
2206,13.19981306461776
2207,12.825039151148689
2208,9.328788316474768
2209,12.532867723417358
2210,13.06208588412103
2211,14.444004825856798
2212,13.422949349881875
2213,12.611317394537982
2214,12.644714756993457
2215,12.537616302698513
2216,12.825039151148689
2217,11.992546411151187
2218,12.532867723417358
2219,12.537616302698513
2220,13.796437639299091
2221,12.970181051855452
2222,12.734801632353873
2223,12.825039151148689
2224,12.537616302698513
2225,12.825039151148689
2226,12.920996083271195
2227,11.114024045165003
2228,12.105943629214565
2229,12.537616302698513
2230,11.834832765462695
2231,11.834832765462695
2232,12.537616302698513
2233,12.644714756993457
2234,12.970181051855452
2235,12.537616302698513
2236,12.537616302698513
2237,12.105943629214565
2238,13.796437639299091
2239,12.313542567247802
2240,12.849556786357047
2241,12.537616302698513
2242,14.444004825856798
2243,9.293483738250877
2244,8.595037410917003
2245,12.537616302698513
2246,9.293483738250877
2247,12.787541100083516
2248,12.734801632353873
2249,12.429624484837722
2250,13.06208588412103
2251,11.114024045165003
2252,12.052645245645742
2253,12.537616302698513
2254,11.992546411151187
2255,14.444004825856798
2256,12.052645245645742
2257,12.537616302698513
2258,12.825039151148689
2259,12.052645245645742
2260,12.787541100083516
2261,12.970181051855452
2262,12.611317394537982
2263,12.537616302698513
2264,12.756459295244746
2265,12.105943629214565
2266,12.537616302698513
2267,9.859961824269572
2268,12.628637813174064
2269,12.970181051855452
2270,12.105943629214565
2271,12.756459295244746
2272,12.609317586094608
2273,12.611317394537982
2274,12.537616302698513
2275,8.409000941464445
2276,12.537616302698513
2277,12.537616302698513
2278,8.409000941464445
2279,12.611317394537982
2280,12.102743518884516
2281,12.825039151148689
2282,12.825039151148689
2283,12.825039151148689
2284,14.764164054118467
2285,12.532867723417358
2286,8.24778190939294
2287,13.422949349881875
2288,12.102743518884516
2289,9.860823447734912
2290,12.624331991305283
2291,12.532867723417358
2292,12.01515715961793
2293,12.537616302698513
2294,9.328788316474768
2295,11.834832765462695
2296,12.644714756993457
2297,9.860823447734912
2298,12.537616302698513
2299,12.102743518884516
2300,12.105943629214565
2301,12.609317586094608
2302,11.114024045165003
2303,13.254801611449109
2304,12.156439840494748
2305,12.920996083271195
2306,12.970181051855452
2307,12.825039151148689
2308,12.537616302698513
2309,12.825039151148689
2310,12.537616302698513
2311,12.537616302698513
2312,12.105943629214565
2313,8.24778190939294
2314,12.192659317821334
2315,12.970181051855452
2316,12.624331991305283
2317,13.06208588412103
2318,12.825039151148689
2319,15.755505779658105
2320,12.796905287129817
2321,12.447622495090847
2322,12.176337267902332
2323,12.948120024270136
2324,13.020583485428682
2325,12.95283289430525
2326,12.540410600829661
2327,13.350147051540342
2328,12.631966118662636
2329,12.948120024270136
2330,12.724267621563886
2331,13.210571337246153
2332,13.114458417427413
2333,12.147529538693579
2334,13.350147051540342
2335,12.95283289430525
2336,13.841057948093393
2337,13.540498471339408
2338,12.60939381713653
2339,12.16589724081324
2340,13.350147051540342
2341,13.020583485428682
2342,15.452003554341594
2343,13.210571337246153
2344,12.95283289430525
2345,13.210571337246153
2346,13.350147051540342
2347,13.241653142084925
2348,13.350147051540342
2349,13.442554628045691
2350,12.634406745537449
2351,13.350147051540342
2352,13.350147051540342
2353,12.95283289430525
2354,12.642406145751726
2355,12.632712103730913
2356,13.114458417427413
2357,12.16589724081324
2358,12.772949864035116
2359,12.168337867688054
2360,12.982895720470351
2361,13.552576188188334
2362,12.60939381713653
2363,12.95283289430525
2364,13.210571337246153
2365,12.948120024270136
2366,13.210571337246153
2367,12.176337267902332
2368,13.57977906430265
2369,13.210571337246153
2370,13.511772574662503
2371,12.147529538693579
2372,13.57977906430265
2373,13.350147051540342
2374,12.948120024270136
2375,13.210571337246153
2376,13.25075295139521
2377,13.0452404708106
2378,13.25075295139521
2379,12.483110820701102
2380,13.665167107075252
2381,12.433817561004757
2382,13.210571337246153
2383,13.665167107075252
2384,13.210571337246153
2385,12.95283289430525
2386,12.186132056841515
2387,12.91770914043187
2388,13.210571337246153
2389,13.665167107075252
2390,13.299597179015326
2391,12.540410600829661
2392,13.57977906430265
2393,13.57977906430265
2394,13.300962082956083
2395,13.442554628045691
2396,13.182464907067558
2397,13.0452404708106
2398,12.903647925720993
2399,12.877776665404653
2400,12.540410600829661
2401,11.159744435600352
2402,13.350147051540342
2403,13.350147051540342
2404,12.903647925720993
2405,12.877776665404653
2406,13.841057948093393
2407,12.632712103730913
2408,12.988149538542338
2409,12.540410600829661
2410,13.458636120936506
2411,12.447622495090847
2412,12.540410600829661
2413,13.150549160918128
2414,12.16589724081324
2415,13.350147051540342
2416,12.642406145751726
2417,12.642406145751726
2418,12.791060976797883
2419,12.95283289430525
2420,13.665167107075252
2421,12.540410600829661
2422,13.57977906430265
2423,12.877776665404653
2424,13.005322534061243
2425,13.442554628045691
2426,13.210571337246153
2427,13.210571337246153
2428,13.841057948093393
2429,12.540410600829661
2430,13.511772574662503
2431,12.948120024270136
2432,12.333426123654037
2433,12.540410600829661
2434,12.540410600829661
2435,12.540410600829661
2436,11.159744435600352
2437,12.168337867688054
2438,13.57977906430265
2439,13.458636120936506
2440,13.040421527171384
2441,12.524333657010272
2442,12.95283289430525
2443,13.180160453407888
2444,12.988149538542338
2445,13.210571337246153
2446,12.772949864035116
2447,13.210571337246153
2448,13.19421944436491
2449,12.540410600829661
2450,12.540410600829661
2451,13.442554628045691
2452,12.642406145751726
2453,12.95283289430525
2454,12.631966118662636
2455,12.853438794160118
2456,13.552576188188334
2457,12.16589724081324
2458,12.863599478563124
2459,12.168337867688054
2460,12.593221177167468
2461,12.483110820701102
2462,12.631966118662636
2463,13.350147051540342
2464,12.835827028176745
2465,12.988149538542338
2466,13.022854785438756
2467,12.540410600829661
2468,12.66235026109853
2469,13.210571337246153
2470,13.25075295139521
2471,12.626329201932336
2472,13.494943010461368
2473,13.458636120936506
2474,12.988149538542338
2475,13.182464907067558
2476,16.87583631873206
2477,13.263010645710027
2478,13.0452404708106
2479,13.342486172325263
2480,12.95283289430525
2481,13.423088580146858
2482,13.423088580146858
2483,13.424881812708962
2484,13.452255747780853
2485,13.652720592909168
2486,11.958858034561809
2487,13.58471410326902
2488,13.565593323021034
2489,11.958858034561809
2490,13.452255747780853
2491,13.442554628045691
2492,12.994445319609062
2493,12.95283289430525
2494,12.634406745537449
2495,12.782382180189103
2496,11.958858034561809
2497,12.259893385521028
2498,13.654684884428846
2499,12.782382180189103
2500,13.350147051540342
2501,13.352861647635722
2502,13.350147051540342
2503,13.581388168114314
2504,12.796905287129817
2505,12.424926912411204
2506,13.3104009500964
2507,13.311213738201685
2508,13.442554628045691
2509,12.408849968591815
2510,13.423088580146858
2511,13.0452404708106
2512,13.350147051540342
2513,13.690261958756878
2514,12.95283289430525
2515,13.205255305089514
2516,13.350147051540342
2517,13.235666188927778
2518,12.444871027758007
2519,13.516615033639015
2520,13.19500415606988
2521,13.58471410326902
2522,13.235666188927778
2523,12.725962263370423
2524,13.25075295139521
2525,12.95283289430525
2526,13.26674799376655
2527,13.681887760543162
2528,12.933984532802587
2529,13.452255747780853
2530,12.725962263370423
2531,13.19421944436491
2532,13.350147051540342
2533,13.421182975559375
2534,13.58471410326902
2535,14.321031090009166
2536,13.423088580146858
2537,13.350147051540342
2538,13.423088580146858
2539,12.168337867688054
2540,13.151145643220767
2541,12.782382180189103
2542,13.235666188927778
2543,12.95283289430525
2544,12.634406745537449
2545,12.725962263370423
2546,13.25075295139521
2547,12.782382180189103
2548,12.57710696540889
2549,13.235666188927778
2550,12.834932712379452
2551,13.088765593030514
2552,12.95283289430525
2553,13.013244390223964
2554,12.634406745537449
2555,13.350147051540342
2556,13.235666188927778
2557,12.95283289430525
2558,13.26674799376655
2559,13.423088580146858
2560,12.147529538693579
2561,13.526990508949474
2562,13.3739036115626
2563,13.352861647635722
2564,13.652720592909168
2565,12.424926912411204
2566,12.634406745537449
2567,12.725962263370423
2568,12.5189777861948
2569,13.458636120936506
2570,13.033378632947718
2571,12.98419366436346
2572,13.267160972971427
2573,13.442554628045691
2574,13.350147051540342
2575,14.30223939768563
2576,12.424926912411204
2577,13.350147051540342
2578,11.958858034561809
2579,12.634406745537449
2580,14.30223939768563
2581,12.725962263370423
2582,13.3739036115626
2583,13.352861647635722
2584,12.725962263370423
2585,13.350147051540342
2586,11.958858034561809
2587,13.0452404708106
2588,13.235666188927778
2589,13.452255747780853
2590,12.634406745537449
2591,13.0452404708106
2592,13.26674799376655
2593,13.603505795592556
2594,12.725962263370423
2595,12.25147929288603
2596,13.458636120936506
2597,13.652720592909168
2598,13.423088580146858
2599,13.350147051540342
2600,13.350147051540342
2601,13.3739036115626
2602,12.95283289430525
2603,12.634406745537449
2604,12.95283289430525
2605,13.690261958756878
2606,13.311213738201685
2607,12.444871027758007
2608,13.235666188927778
2609,12.782382180189103
2610,13.458636120936506
2611,12.725962263370423
2612,13.625517716794851
2613,12.424926912411204
2614,14.30223939768563
2615,13.350147051540342
2616,13.235666188927778
2617,13.350147051540342
2618,13.511772574662503
2619,13.511772574662503
2620,13.350147051540342
2621,13.205255305089514
2622,12.709885319551033
2623,13.0452404708106
2624,13.205255305089514
2625,13.441880272470394
2626,12.424926912411204
2627,12.168337867688054
2628,13.438095325575771
2629,13.182464907067558
2630,12.709885319551033
2631,13.452255747780853
2632,13.088765593030514
2633,13.235666188927778
2634,13.423088580146858
2635,13.308129650086325
2636,12.796905287129817
2637,12.424926912411204
2638,14.321031090009166
2639,14.30223939768563
2640,13.155262030953242
2641,12.357515978974776
2642,13.423088580146858
2643,13.155262030953242
2644,13.326855165186306
2645,13.423088580146858
2646,13.26674799376655
2647,13.0452404708106
2648,12.25147929288603
2649,13.458636120936506
2650,14.321031090009166
2651,12.357515978974776
2652,14.30223939768563
2653,13.350147051540342
2654,14.321031090009166
2655,13.652720592909168
2656,13.681887760543162
2657,12.375741943826947
2658,13.296328140605421
2659,12.95283289430525
2660,13.3104009500964
2661,12.20246464216975
2662,12.537616302698513
2663,8.069548619138605
2664,7.563420921023896
2665,12.105943629214565
2666,12.537616302698513
2667,12.105943629214565
2668,11.931485981643212
2669,12.144523019622293
2670,12.20246464216975
2671,12.20246464216975
2672,13.567217137478053
2673,12.537616302698513
2674,12.537616302698513
2675,8.069548619138605
2676,11.931485981643212
2677,12.537616302698513
2678,9.03516017028798
2679,12.20246464216975
2680,7.718703923948005
2681,12.20246464216975
2682,12.156439840494748
2683,12.537616302698513
2684,12.20246464216975
2685,12.20246464216975
2686,13.567217137478053
2687,12.20246464216975
2688,12.156439840494748
2689,12.20246464216975
2690,13.567217137478053
2691,7.718703923948005
2692,12.495666665470605
2693,7.563420921023896
2694,13.831572084716196
2695,12.537616302698513
2696,12.20246464216975
2697,12.105943629214565
2698,12.20246464216975
2699,12.20246464216975
2700,7.718703923948005
2701,9.03516017028798
2702,12.20246464216975
2703,13.831572084716196
2704,9.03516017028798
2705,11.821288179965984
2706,13.567217137478053
2707,8.129899007042592
2708,7.718703923948005
2709,7.896692210205662
2710,12.20246464216975
2711,12.20246464216975
2712,13.567217137478053
2713,12.537616302698513
2714,12.20246464216975
2715,12.20246464216975
2716,8.129899007042592
2717,12.20246464216975
2718,12.537616302698513
2719,12.537616302698513
2720,12.537616302698513
2721,12.156439840494748
2722,12.160515004941841
2723,12.20246464216975
2724,12.105943629214565
2725,12.105943629214565
2726,7.718703923948005
2727,12.537616302698513
2728,12.537616302698513
2729,12.156439840494748
2730,12.537616302698513
2731,12.537616302698513
2732,11.776488297713277
2733,12.495666665470605
2734,12.537616302698513
2735,12.20246464216975
2736,12.20246464216975
2737,12.105943629214565
2738,12.20246464216975
2739,12.20246464216975
2740,12.105943629214565
2741,12.20246464216975
2742,12.537616302698513
2743,12.537616302698513
2744,13.831572084716196
2745,12.20246464216975
2746,12.537616302698513
2747,12.20246464216975
2748,12.20246464216975
2749,12.537616302698513
2750,12.160515004941841
2751,12.20246464216975
2752,7.718703923948005
2753,7.563420921023896
2754,11.821288179965984
2755,12.537616302698513
2756,11.736395764320354
2757,12.537616302698513
2758,12.537616302698513
2759,12.537616302698513
2760,12.537616302698513
2761,14.108853165328036
2762,12.537616302698513
2763,13.567217137478053
2764,12.105943629214565
2765,12.105943629214565
2766,12.105943629214565
2767,14.108853165328036
2768,12.160515004941841
2769,12.537616302698513
2770,12.156439840494748
2771,13.831572084716196
2772,12.20246464216975
2773,7.718703923948005
2774,12.102743518884516
2775,12.537616302698513
2776,13.567217137478053
2777,12.537616302698513
2778,12.20246464216975
2779,11.931485981643212
2780,11.767591858355752
2781,12.105943629214565
2782,12.20246464216975
2783,12.20246464216975
2784,11.767591858355752
2785,12.20246464216975
2786,12.20246464216975
2787,12.537616302698513
2788,12.144523019622293
2789,12.537616302698513
2790,13.567217137478053
2791,12.537616302698513
2792,12.537616302698513
2793,7.896692210205662
2794,7.896692210205662
2795,12.20246464216975
2796,12.20246464216975
2797,12.20246464216975
2798,12.20246464216975
2799,7.718703923948005
2800,8.129899007042592
2801,14.108853165328036
2802,7.896692210205662
2803,11.767591858355752
2804,12.105943629214565
2805,12.537616302698513
2806,12.105943629214565
2807,12.537616302698513
2808,12.20246464216975
2809,9.03516017028798
2810,7.718703923948005
2811,12.20246464216975
2812,12.20246464216975
2813,12.156439840494748
2814,12.20246464216975
2815,7.718703923948005
2816,12.20246464216975
2817,12.105943629214565
2818,12.20246464216975
2819,12.20246464216975
2820,12.537616302698513
2821,12.105943629214565
2822,12.537616302698513
2823,13.831572084716196
2824,7.718703923948005
2825,13.567217137478053
2826,12.20246464216975
2827,13.831572084716196
2828,12.514405125828283
2829,13.567217137478053
2830,12.20246464216975
2831,7.71642707666036
2832,12.20246464216975
2833,12.20246464216975
2834,12.537616302698513
2835,12.20246464216975
2836,12.20246464216975
2837,12.537616302698513
2838,12.20246464216975
2839,12.105943629214565
2840,12.537616302698513
2841,12.20246464216975
2842,12.105943629214565
2843,11.931485981643212
2844,13.567217137478053
2845,13.567217137478053
2846,12.20246464216975
2847,12.105943629214565
2848,12.20246464216975
2849,11.767591858355752
2850,12.105943629214565
2851,12.537616302698513
2852,13.34989830356404
2853,13.309436932781159
2854,12.366157040628071
2855,13.309436932781159
2856,14.278720281637383
2857,12.92925330080994
2858,14.278720281637383
2859,13.309436932781159
2860,14.278720281637383
2861,14.278720281637383
2862,14.06510687972005
2863,11.929834524639944
2864,13.309436932781159
2865,11.840774628725628
2866,13.758177626043205
2867,13.443638156618384
2868,14.278720281637383
2869,13.309436932781159
2870,13.123115764709647
2871,13.80677615117464
2872,14.278720281637383
2873,13.091891411823484
2874,13.443638156618384
2875,14.278720281637383
2876,12.921368336378256
2877,13.309436932781159
2878,13.110126234756615
2879,13.758177626043205
2880,14.576175627056578
2881,13.309436932781159
2882,13.608917210636477
2883,13.309436932781159
2884,13.148243994919772
2885,14.278720281637383
2886,12.366157040628071
2887,13.758177626043205
2888,13.123115764709647
2889,14.629153298258409
2890,13.758177626043205
2891,13.309436932781159
2892,13.066763181613359
2893,14.441059207984168
2894,13.758177626043205
2895,12.787167112541031
2896,14.278720281637383
2897,13.758177626043205
2898,13.291202109848028
2899,13.309436932781159
2900,13.443638156618384
2901,13.309436932781159
2902,13.758177626043205
2903,13.110126234756615
2904,14.278720281637383
2905,14.278720281637383
2906,11.232969934224492
2907,16.268634615464105
2908,14.24157806867233
2909,13.166478817852903
2910,13.309436932781159
2911,16.268634615464105
2912,13.291202109848028
2913,12.787167112541031
2914,13.443638156618384
2915,14.169406365707427
2916,14.278720281637383
2917,13.309436932781159
2918,13.34989830356404
2919,13.091891411823484
2920,13.309436932781159
2921,14.278720281637383
2922,11.69006245583252
2923,13.34989830356404
2924,13.369450811491523
2925,13.80677615117464
2926,14.278720281637383
2927,13.758177626043205
2928,13.110126234756615
2929,14.527954760117018
2930,13.758177626043205
2931,14.278720281637383
2932,15.27257056205593
2933,12.366157040628071
2934,13.066763181613359
2935,14.441059207984168
2936,12.366157040628071
2937,13.34989830356404
2938,13.443638156618384
2939,13.758177626043205
2940,14.278720281637383
2941,14.06510687972005
2942,13.758177626043205
2943,13.758177626043205
2944,13.80677615117464
2945,13.066763181613359
2946,13.110126234756615
2947,14.278720281637383
2948,13.608917210636477
2949,12.988239519364772
2950,14.670912875045273
2951,13.309436932781159
2952,14.278720281637383
2953,13.309436932781159
2954,13.309436932781159
2955,13.309436932781159
2956,13.166478817852903
2957,11.38617292211681
2958,14.228836549799922
2959,11.69006245583252
2960,13.369450811491523
2961,13.353504213207751
2962,12.366157040628071
2963,15.486073979786552
2964,13.110126234756615
2965,13.309436932781159
2966,13.309436932781159
2967,13.34989830356404
2968,14.441059207984168
2969,13.34989830356404
2970,13.443638156618384
2971,10.228256089499155
2972,13.758177626043205
2973,14.169406365707427
2974,13.758177626043205
2975,13.670494201166582
2976,14.278720281637383
2977,14.618665539514378
2978,13.309436932781159
2979,13.560318685505042
2980,14.278720281637383
2981,14.278720281637383
2982,13.291202109848028
2983,13.34989830356404
2984,13.80677615117464
2985,13.309436932781159
2986,16.505669173779687
2987,13.758177626043205
2988,11.840774628725628
2989,14.278720281637383
2990,13.309436932781159
2991,13.670494201166582
2992,13.091891411823484
2993,11.840774628725628
2994,14.278720281637383
2995,13.110126234756615
2996,13.309436932781159
2997,13.066763181613359
2998,13.309436932781159
2999,14.278720281637383
3000,13.166478817852903
3001,13.306535250420783
3002,14.278720281637383
3003,13.309436932781159
3004,13.309436932781159
3005,13.758177626043205
3006,13.80677615117464
3007,14.278720281637383
3008,13.309436932781159
3009,13.309436932781159
3010,13.80677615117464
3011,12.988239519364772
3012,13.608917210636477
3013,13.309436932781159
3014,14.278720281637383
3015,14.278720281637383
3016,13.443638156618384
3017,14.278720281637383
3018,14.278720281637383
3019,11.840774628725628
3020,14.278720281637383
3021,14.278720281637383
3022,13.166478817852903
3023,14.670912875045273
3024,12.205569833909488
3025,14.278720281637383
3026,13.443638156618384
3027,13.443638156618384
3028,13.309436932781159
3029,14.278720281637383
3030,13.80677615117464
3031,14.278720281637383
3032,14.618665539514378
3033,13.80677615117464
3034,11.840774628725628
3035,15.687258432347281
3036,13.166478817852903
3037,13.560318685505042
3038,13.80677615117464
3039,11.840774628725628
3040,14.278720281637383
3041,13.80677615117464
3042,13.80677615117464
3043,16.268634615464105
3044,14.483143079186876
3045,14.278720281637383
3046,13.788379456587784
3047,14.278720281637383
3048,14.278720281637383
3049,14.278720281637383
3050,14.278720281637383
3051,14.483143079186876
3052,14.278720281637383
3053,14.278720281637383
3054,14.278720281637383
3055,14.278720281637383
3056,10.270774402891988
3057,14.278720281637383
3058,14.278720281637383
3059,15.486073979786552
3060,14.483143079186876
3061,14.278720281637383
3062,13.758177626043205
3063,13.788379456587784
3064,14.618665539514378
3065,14.278720281637383
3066,14.278720281637383
3067,14.278720281637383
3068,14.278720281637383
3069,16.268634615464105
3070,14.278720281637383
3071,14.278720281637383
3072,14.278720281637383
3073,14.278720281637383
3074,13.788379456587784
3075,14.278720281637383
3076,14.618665539514378
3077,14.39238696443047
3078,14.278720281637383
3079,14.278720281637383
3080,14.278720281637383
3081,14.278720281637383
3082,15.486073979786552
3083,13.788379456587784
3084,14.278720281637383
3085,15.486073979786552
3086,13.223294526767795
3087,14.278720281637383
3088,14.278720281637383
3089,14.278720281637383
3090,14.278720281637383
3091,14.278720281637383
3092,14.278720281637383
3093,14.278720281637383
3094,14.483143079186876
3095,14.278720281637383
3096,13.788379456587784
3097,14.278720281637383
3098,14.278720281637383
3099,14.278720281637383
3100,13.788379456587784
3101,14.278720281637383
3102,13.788379456587784
3103,14.278720281637383
3104,14.278720281637383
3105,16.268634615464105
3106,14.278720281637383
3107,14.483143079186876
3108,14.278720281637383
3109,14.618665539514378
3110,14.278720281637383
3111,17.03844683176508
3112,14.278720281637383
3113,16.268634615464105
3114,13.788305908571223
3115,14.278720281637383
3116,16.268634615464105
3117,14.483143079186876
3118,14.278720281637383
3119,14.278720281637383
3120,14.278720281637383
3121,11.135814371743493
3122,16.31701322690127
3123,14.278720281637383
3124,14.483143079186876
3125,14.278720281637383
3126,14.278720281637383
3127,14.278720281637383
3128,14.278720281637383
3129,14.278720281637383
3130,14.278720281637383
3131,14.278720281637383
3132,14.483143079186876
3133,14.618665539514378
3134,14.278720281637383
3135,14.278720281637383
3136,13.788379456587784
3137,14.483143079186876
3138,14.278720281637383
3139,14.278720281637383
3140,14.483143079186876
3141,13.788379456587784
3142,13.788305908571223
3143,14.278720281637383
3144,14.278720281637383
3145,14.278720281637383
3146,14.483143079186876
3147,14.278720281637383
3148,13.788379456587784
3149,14.278720281637383
3150,14.483143079186876
3151,14.278720281637383
3152,14.278720281637383
3153,14.278720281637383
3154,14.278720281637383
3155,16.268634615464105
3156,14.278720281637383
3157,14.278720281637383
3158,14.278720281637383
3159,11.059970499871543
3160,14.278720281637383
3161,14.278720281637383
3162,14.278720281637383
3163,10.270774402891988
3164,14.278720281637383
3165,14.618665539514378
3166,14.278720281637383
3167,14.278720281637383
3168,16.268634615464105
3169,14.278720281637383
3170,16.268634615464105
3171,13.788305908571223
3172,14.278720281637383
3173,14.278720281637383
3174,14.278720281637383
3175,14.278720281637383
3176,14.278720281637383
3177,16.268634615464105
3178,16.268634615464105
3179,14.278720281637383
3180,11.178332685136326
3181,14.278720281637383
3182,16.268634615464105
3183,14.278720281637383
3184,14.278720281637383
3185,14.278720281637383
3186,14.278720281637383
3187,14.483143079186876
3188,14.278720281637383
3189,14.618665539514378
3190,14.278720281637383
3191,14.278720281637383
3192,13.758177626043205
3193,14.278720281637383
3194,14.278720281637383
3195,14.278720281637383
3196,13.488370032344324
3197,14.278720281637383
3198,11.178332685136326
3199,14.278720281637383
3200,13.788379456587784
3201,14.278720281637383
3202,14.278720281637383
3203,14.278720281637383
3204,14.278720281637383
3205,14.278720281637383
3206,14.278720281637383
3207,14.278720281637383
3208,13.608275204935664
3209,14.278720281637383
3210,14.278720281637383
3211,13.758177626043205
3212,14.483143079186876
3213,14.278720281637383
3214,14.278720281637383
3215,14.278720281637383
3216,14.278720281637383
3217,13.788379456587784
3218,15.486073979786552
3219,14.278720281637383
3220,13.788379456587784
3221,14.278720281637383
3222,14.278720281637383
3223,14.278720281637383
3224,14.483143079186876
3225,14.278720281637383
3226,16.268634615464105
3227,14.278720281637383
3228,13.460719143035638
3229,11.987871619027128
3230,14.07816696178796
3231,13.422949349881875
3232,13.495559869756853
3233,13.495559869756853
3234,13.12702059799779
3235,12.910695243730203
3236,13.356652610760099
3237,13.271558709491046
3238,11.688391894658459
3239,11.441797579067527
3240,13.501190722253355
3241,13.06208588412103
3242,13.323555249736744
3243,13.297113949188585
3244,12.766157132236946
3245,13.422949349881875
3246,13.422949349881875
3247,11.987871619027128
3248,13.422949349881875
3249,11.987871619027128
3250,13.012044927060412
3251,13.422949349881875
3252,13.271558709491046
3253,13.460719143035638
3254,13.725191882519162
3255,13.422949349881875
3256,13.271558709491046
3257,14.07816696178796
3258,13.495559869756853
3259,13.22237374090679
3260,13.495559869756853
3261,11.987871619027128
3262,13.422949349881875
3263,13.12702059799779
3264,13.077835629413533
3265,13.652581362644185
3266,13.422949349881875
3267,14.07816696178796
3268,13.12702059799779
3269,13.725191882519162
3270,13.652581362644185
3271,13.422949349881875
3272,13.495559869756853
3273,13.422949349881875
3274,13.422949349881875
3275,13.134696403996008
3276,13.134696403996008
3277,11.987871619027128
3278,13.271558709491046
3279,13.090860769597061
3280,13.495559869756853
3281,13.422949349881875
3282,13.12702059799779
3283,11.987871619027128
3284,11.987871619027128
3285,13.422949349881875
3286,13.06208588412103
3287,11.987871619027128
3288,13.422949349881875
3289,13.012044927060412
3290,12.766157132236946
3291,13.271558709491046
3292,13.134696403996008
3293,13.495559869756853
3294,13.422949349881875
3295,13.271558709491046
3296,13.134696403996008
3297,13.06208588412103
3298,13.373764381297615
3299,13.12702059799779
3300,13.422949349881875
3301,13.271558709491046
3302,13.172164609345915
3303,11.987871619027128
3304,13.309328502644808
3305,12.766157132236946
3306,13.652581362644185
3307,13.356652610760099
3308,12.766157132236946
3309,13.164790391151552
3310,12.766157132236946
3311,12.766157132236946
3312,13.271558709491046
3313,12.766157132236946
3314,11.441797579067527
3315,13.422949349881875
3316,13.271558709491046
3317,13.422949349881875
3318,13.652581362644185
3319,11.71716678013449
3320,13.422949349881875
3321,13.12702059799779
3322,11.688391894658459
3323,11.688391894658459
3324,11.441797579067527
3325,13.495559869756853
3326,13.12702059799779
3327,13.158102402836564
3328,13.12702059799779
3329,13.172164609345915
3330,13.495559869756853
3331,13.12702059799779
3332,13.867710392684002
3333,13.12702059799779
3334,13.12702059799779
3335,11.441797579067527
3336,13.451724235357906
3337,13.396165769611722
3338,12.766157132236946
3339,13.12702059799779
3340,13.271558709491046
3341,11.441797579067527
3342,12.766157132236946
3343,13.158102402836564
3344,13.271558709491046
3345,13.164790391151552
3346,11.987871619027128
3347,11.688391894658459
3348,13.526641674595623
3349,13.867710392684002
3350,12.910695243730203
3351,11.987871619027128
3352,13.12702059799779
3353,13.06208588412103
3354,11.987871619027128
3355,13.725191882519162
3356,13.12702059799779
3357,13.12702059799779
3358,12.910695243730203
3359,13.422949349881875
3360,11.987871619027128
3361,13.422949349881875
3362,11.688391894658459
3363,13.271558709491046
3364,13.22237374090679
3365,11.987871619027128
3366,13.422949349881875
3367,13.422949349881875
3368,12.766157132236946
3369,13.342453062100889
3370,12.910695243730203
3371,13.422949349881875
3372,13.422949349881875
3373,13.12702059799779
3374,11.987871619027128
3375,14.07816696178796
3376,13.323555249736744
3377,13.309328502644808
3378,13.495559869756853
3379,13.495559869756853
3380,11.987871619027128
3381,13.495559869756853
3382,13.422949349881875
3383,13.06208588412103
3384,13.460719143035638
3385,13.271558709491046
3386,13.271558709491046
3387,12.910695243730203
3388,13.495559869756853
3389,13.06208588412103
3390,13.422949349881875
3391,13.12702059799779
3392,13.356652610760099
3393,13.06208588412103
3394,13.422949349881875
3395,13.501190722253355
3396,13.027626497852658
3397,13.725191882519162
3398,11.987871619027128
3399,11.71716678013449
3400,13.134696403996008
3401,13.652581362644185
3402,13.460719143035638
3403,13.501190722253355
3404,13.422949349881875
3405,13.12702059799779
3406,13.495559869756853
3407,11.688391894658459
3408,13.451724235357906
3409,13.422949349881875
3410,13.652581362644185
3411,13.501190722253355
3412,13.495559869756853
3413,12.766157132236946
3414,13.077835629413533
3415,13.788379456587784
3416,14.278720281637383
3417,14.278720281637383
3418,13.608917210636477
3419,13.608917210636477
3420,14.278720281637383
3421,14.278720281637383
3422,11.332250489906233
3423,14.278720281637383
3424,12.366157040628071
3425,16.268634615464105
3426,13.80677615117464
3427,12.366157040628071
3428,15.486073979786552
3429,12.366157040628071
3430,11.332250489906233
3431,14.278720281637383
3432,13.80677615117464
3433,13.80677615117464
3434,14.278720281637383
3435,14.278720281637383
3436,15.735856957478717
3437,14.278720281637383
3438,13.80677615117464
3439,13.80677615117464
3440,14.278720281637383
3441,13.80677615117464
3442,14.629153298258409
3443,13.80677615117464
3444,14.278720281637383
3445,13.795052131389182
3446,13.80677615117464
3447,14.278720281637383
3448,14.278720281637383
3449,16.268634615464105
3450,14.278720281637383
3451,14.618665539514378
3452,13.305150865977996
3453,13.80677615117464
3454,16.268634615464105
3455,14.278720281637383
3456,14.278720281637383
3457,12.366157040628071
3458,14.278720281637383
3459,14.278720281637383
3460,14.278720281637383
3461,14.278720281637383
3462,14.278720281637383
3463,14.278720281637383
3464,16.505669173779687
3465,14.278720281637383
3466,14.278720281637383
3467,13.80677615117464
3468,14.360973307094385
3469,13.608917210636477
3470,14.618665539514378
3471,14.278720281637383
3472,13.635558587221679
3473,14.278720281637383
3474,14.278720281637383
3475,14.618665539514378
3476,11.332250489906233
3477,14.278720281637383
3478,15.735856957478717
3479,16.268634615464105
3480,13.80677615117464
3481,14.278720281637383
3482,13.80677615117464
3483,14.278720281637383
3484,13.80677615117464
3485,13.80677615117464
3486,14.278720281637383
3487,13.80677615117464
3488,14.629153298258409
3489,13.80677615117464
3490,13.80677615117464
3491,14.278720281637383
3492,14.278720281637383
3493,14.360973307094385
3494,13.80677615117464
3495,14.278720281637383
3496,13.80677615117464
3497,11.332250489906233
3498,14.278720281637383
3499,14.278720281637383
3500,11.332250489906233
3501,14.278720281637383
3502,13.788379456587784
3503,14.278720281637383
3504,14.278720281637383
3505,12.366157040628071
3506,14.278720281637383
3507,14.278720281637383
3508,13.80677615117464
3509,13.80677615117464
3510,14.278720281637383
3511,14.618665539514378
3512,14.278720281637383
3513,14.278720281637383
3514,13.80677615117464
3515,13.602072556620916
3516,14.278720281637383
3517,14.278720281637383
3518,14.278720281637383
3519,14.278720281637383
3520,13.80677615117464
3521,14.278720281637383
3522,11.332250489906233
3523,14.618665539514378
3524,14.278720281637383
3525,14.278720281637383
3526,14.278720281637383
3527,11.332250489906233
3528,14.278720281637383
3529,14.278720281637383
3530,14.278720281637383
3531,13.80677615117464
3532,14.618665539514378
3533,14.278720281637383
3534,14.278720281637383
3535,14.278720281637383
3536,14.618665539514378
3537,14.278720281637383
3538,14.278720281637383
3539,13.80677615117464
3540,14.278720281637383
3541,14.278720281637383
3542,14.278720281637383
3543,13.80677615117464
3544,13.788379456587784
3545,13.80677615117464
3546,13.788379456587784
3547,14.278720281637383
3548,13.80677615117464
3549,14.278720281637383
3550,13.80677615117464
3551,16.505669173779687
3552,14.278720281637383
3553,14.278720281637383
3554,13.80677615117464
3555,13.80677615117464
3556,12.366157040628071
3557,14.278720281637383
3558,12.366157040628071
3559,14.278720281637383
3560,14.278720281637383
3561,14.278720281637383
3562,15.486073979786552
3563,14.278720281637383
3564,14.278720281637383
3565,14.278720281637383
3566,14.278720281637383
3567,13.80677615117464
3568,13.608917210636477
3569,14.278720281637383
3570,13.80677615117464
3571,11.332250489906233
3572,14.278720281637383
3573,13.80677615117464
3574,13.788379456587784
3575,14.278720281637383
3576,14.278720281637383
3577,13.80677615117464
3578,14.278720281637383
3579,13.788379456587784
3580,14.278720281637383
3581,14.629153298258409
3582,14.278720281637383
3583,14.278720281637383
3584,12.366157040628071
3585,14.278720281637383
3586,11.332250489906233
3587,13.80677615117464
3588,14.278720281637383
3589,12.366157040628071
3590,14.278720281637383
3591,13.80677615117464
3592,14.278720281637383
3593,14.278720281637383
3594,13.80677615117464
3595,14.278720281637383
3596,13.80677615117464
3597,15.735856957478717
3598,14.278720281637383
3599,14.278720281637383
3600,14.278720281637383
3601,11.332250489906233
3602,16.268634615464105
3603,13.788379456587784
3604,11.230566200853984
3605,14.359083565787266
3606,13.01575106522569
3607,13.01575106522569
3608,11.606082210798293
3609,11.032716489433701
3610,13.01575106522569
3611,13.01575106522569
3612,13.01575106522569
3613,13.01575106522569
3614,11.230566200853984
3615,12.996987126199103
3616,11.606082210798293
3617,13.01575106522569
3618,11.360580519842209
3619,11.032716489433701
3620,13.01575106522569
3621,11.587318271771707
3622,13.01575106522569
3623,13.01575106522569
3624,11.032716489433701
3625,13.01575106522569
3626,13.01575106522569
3627,13.021985225415563
3628,13.01575106522569
3629,13.01575106522569
3630,13.01575106522569
3631,13.01575106522569
3632,13.01575106522569
3633,12.451531607757653
3634,13.021985225415563
3635,13.01575106522569
3636,13.01575106522569
3637,11.587318271771707
3638,13.01575106522569
3639,13.01575106522569
3640,13.01575106522569
3641,13.01575106522569
3642,11.407301448276598
3643,13.01575106522569
3644,13.01575106522569
3645,13.10246675383246
3646,13.01575106522569
3647,13.01575106522569
3648,13.36261867471818
3649,12.451531607757653
3650,13.01575106522569
3651,13.01575106522569
3652,12.457765767947526
3653,12.538247296364423
3654,13.925766286702194
3655,13.01575106522569
3656,13.01575106522569
3657,13.839050598095424
3658,13.01575106522569
3659,13.01575106522569
3660,13.01575106522569
3661,13.10246675383246
3662,13.01575106522569
3663,13.01575106522569
3664,11.032716489433701
3665,11.230566200853984
3666,13.10246675383246
3667,13.01575106522569
3668,13.01575106522569
3669,13.01575106522569
3670,13.01575106522569
3671,13.01575106522569
3672,13.01575106522569
3673,12.451531607757653
3674,13.01575106522569
3675,13.01575106522569
3676,13.01575106522569
3677,13.01575106522569
3678,13.01575106522569
3679,12.996987126199103
3680,13.01575106522569
3681,13.01575106522569
3682,13.10246675383246
3683,12.996987126199103
3684,13.01575106522569
3685,13.01575106522569
3686,12.996987126199103
3687,13.01575106522569
3688,13.01575106522569
3689,12.996987126199103
3690,13.021985225415563
3691,12.451531607757653
3692,13.01575106522569
3693,14.038924337525597
3694,12.432767668731067
3695,14.038924337525597
3696,13.01575106522569
3697,13.01575106522569
3698,13.01575106522569
3699,13.01575106522569
3700,12.094895907372472
3701,13.01575106522569
3702,12.451531607757653
3703,13.01575106522569
3704,11.552457271817067
3705,13.01575106522569
3706,13.01575106522569
3707,13.021985225415563
3708,13.01575106522569
3709,13.01575106522569
3710,13.01575106522569
3711,12.094895907372472
3712,13.36261867471818
3713,12.538247296364423
3714,13.01575106522569
3715,13.01575106522569
3716,11.606082210798293
3717,13.01575106522569
3718,13.021985225415563
3719,13.01575106522569
3720,13.01575106522569
3721,14.359083565787266
3722,11.360580519842209
3723,11.230566200853984
3724,13.01575106522569
3725,13.10246675383246
3726,13.10246675383246
3727,13.01575106522569
3728,13.01575106522569
3729,13.01575106522569
3730,11.407301448276598
3731,13.01575106522569
3732,13.01575106522569
3733,14.359083565787266
3734,13.01575106522569
3735,13.01575106522569
3736,12.451531607757653
3737,13.021985225415563
3738,13.01575106522569
3739,13.01575106522569
3740,13.01575106522569
3741,13.01575106522569
3742,13.10246675383246
3743,13.01575106522569
3744,13.01575106522569
3745,12.451531607757653
3746,13.01575106522569
3747,13.880789433749664
3748,11.552457271817067
3749,13.01575106522569
3750,12.996987126199103
3751,13.343854735691593
3752,13.01575106522569
3753,13.880789433749664
3754,13.01575106522569
3755,11.606082210798293
3756,13.01575106522569
3757,13.01575106522569
3758,14.038924337525597
3759,11.552457271817067
3760,13.01575106522569
3761,13.01575106522569
3762,13.01575106522569
3763,11.032716489433701
3764,12.996987126199103
3765,12.996987126199103
3766,11.407301448276598
3767,11.080730150361351
3768,12.094895907372472
3769,11.407301448276598
3770,11.606082210798293
3771,11.230566200853984
3772,12.996987126199103
3773,13.01575106522569
3774,13.01575106522569
3775,13.021985225415563
3776,13.01575106522569
3777,13.01575106522569
3778,12.451531607757653
3779,13.10246675383246
3780,13.01575106522569
3781,13.01575106522569
3782,13.01575106522569
3783,12.996987126199103
3784,13.01575106522569
3785,13.01575106522569
3786,13.01575106522569
3787,13.01575106522569
3788,13.10246675383246
3789,12.996987126199103
3790,11.032716489433701
3791,12.996987126199103
3792,12.451531607757653
3793,12.996987126199103
3794,13.01575106522569
3795,13.021985225415563
3796,13.968127624234977
3797,11.552457271817067
3798,13.01575106522569
3799,13.01575106522569
3800,13.01575106522569
3801,12.76845534937571
3802,12.829429897154178
3803,13.01575106522569
3804,14.194151038998502
3805,11.463005544946153
3806,13.559987807919759
3807,11.055732051144892
3808,13.839050598095424
3809,13.045564084267303
3810,13.01575106522569
3811,13.01575106522569
3812,13.839050598095424
3813,13.886692757866147
3814,12.811818402518966
3815,11.230566200853984
3816,13.01575106522569
3817,13.25308434968487
3818,12.76845534937571
3819,11.388537509250012
3820,13.01575106522569
3821,13.01575106522569
3822,13.356055145213036
3823,13.01575106522569
3824,12.872792950297434
3825,12.40820998109179
3826,13.01575106522569
3827,13.01575106522569
3828,11.463005544946153
3829,13.045564084267303
3830,12.811818402518966
3831,13.01575106522569
3832,13.01575106522569
3833,12.76845534937571
3834,12.76845534937571
3835,11.230566200853984
3836,11.074495990171478
3837,13.01575106522569
3838,13.01575106522569
3839,13.01575106522569
3840,12.872792950297434
3841,11.552457271817067
3842,12.451531607757653
3843,13.045564084267303
3844,13.6351179353887
3845,12.811818402518966
3846,11.407301448276598
3847,12.469184528870258
3848,12.351857397995502
3849,13.01575106522569
3850,13.01575106522569
3851,13.01575106522569
3852,13.045564084267303
3853,12.811818402518966
3854,13.01575106522569
3855,12.811818402518966
3856,13.01575106522569
3857,13.01575106522569
3858,12.872792950297434
3859,11.552457271817067
3860,13.01575106522569
3861,12.40820998109179
3862,11.480533558427142
3863,11.407301448276598
3864,13.01575106522569
3865,12.872792950297434
3866,10.414295878449982
3867,12.811818402518966
3868,13.01575106522569
3869,13.01575106522569
3870,13.25308434968487
3871,11.463005544946153
3872,13.25308434968487
3873,13.01575106522569
3874,11.552457271817067
3875,13.01575106522569
3876,13.968127624234977
3877,11.595361406037842
3878,12.451531607757653
3879,13.01575106522569
3880,13.01575106522569
3881,13.25308434968487
3882,12.451531607757653
3883,13.01575106522569
3884,12.811818402518966
3885,13.01575106522569
3886,11.032716489433701
3887,13.01575106522569
3888,12.811818402518966
3889,13.01575106522569
3890,13.01575106522569
3891,11.20872014589525
3892,13.01575106522569
3893,13.01575106522569
3894,11.074495990171478
3895,13.01575106522569
3896,12.872792950297434
3897,13.01575106522569
3898,13.01575106522569
3899,13.01575106522569
3900,13.01575106522569
3901,13.01575106522569
3902,13.01575106522569
3903,12.811818402518966
3904,12.811818402518966
3905,13.968127624234977
3906,13.01575106522569
3907,11.407301448276598
3908,13.839050598095424
3909,12.712102766279422
3910,13.559987807919759
3911,13.01575106522569
3912,11.230566200853984
3913,13.44413317642159
3914,13.25308434968487
3915,11.37639372641394
3916,11.463005544946153
3917,13.559987807919759
3918,12.872792950297434
3919,13.01575106522569
3920,13.01575106522569
3921,11.074495990171478
3922,10.998483293051585
3923,11.552457271817067
3924,12.811818402518966
3925,13.01575106522569
3926,13.01575106522569
3927,13.25308434968487
3928,13.839050598095424
3929,13.01575106522569
3930,13.356055145213036
3931,13.01575106522569
3932,10.998483293051585
3933,13.01575106522569
3934,13.01575106522569
3935,13.01575106522569
3936,13.696092483167169
3937,11.092959446251102
3938,13.01575106522569
3939,12.451531607757653
3940,12.76845534937571
3941,13.01575106522569
3942,13.01575106522569
3943,11.230566200853984
3944,13.01575106522569
3945,11.387191815213267
3946,14.11305378261114
3947,13.01575106522569
3948,13.01575106522569
3949,13.01575106522569
3950,13.045564084267303
3951,13.01575106522569
3952,12.811818402518966
3953,11.37639372641394
3954,11.388537509250012
3955,13.01575106522569
3956,11.463005544946153
3957,11.388537509250012
3958,13.01575106522569
3959,13.25308434968487
3960,13.839050598095424
3961,12.811818402518966
3962,13.968127624234977
3963,13.01575106522569
3964,13.045564084267303
3965,13.045564084267303
3966,13.01575106522569
3967,13.968127624234977
3968,13.01575106522569
3969,13.01575106522569
3970,12.451531607757653
3971,11.230566200853984
3972,13.01575106522569
3973,12.755465819422678
3974,13.01575106522569
3975,12.811818402518966
3976,13.01575106522569
3977,13.045564084267303
3978,13.839050598095424
3979,13.01575106522569
3980,11.055732051144892
3981,13.01575106522569
3982,12.755465819422678
3983,12.755465819422678
3984,11.152367562798961
3985,13.005788633834891
3986,12.755465819422678
3987,12.712102766279422
3988,12.79305446349238
3989,12.755465819422678
3990,11.152367562798961
3991,12.857044571160019
3992,12.351857397995502
3993,12.755465819422678
3994,12.996987126199103
3995,11.412086722585656
3996,12.351857397995502
3997,12.79305446349238
3998,12.79305446349238
3999,12.79305446349238
4000,13.326806045546833
4001,12.755465819422678
4002,12.755465819422678
4003,11.20872014589525
4004,13.758177626043205
4005,12.712102766279422
4006,14.677706882342891
4007,12.749691410349124
4008,13.299702562116748
4009,12.79305446349238
4010,12.755465819422678
4011,13.758177626043205
4012,12.712102766279422
4013,12.755465819422678
4014,10.988704097348716
4015,12.712102766279422
4016,13.578765352292413
4017,12.755465819422678
4018,13.6351179353887
4019,15.545115322615064
4020,12.755465819422678
4021,11.055732051144892
4022,13.326806045546833
4023,13.758177626043205
4024,13.758177626043205
4025,13.326806045546833
4026,11.013220959446048
4027,12.79305446349238
4028,13.560318685505042
4029,12.755465819422678
4030,11.20872014589525
4031,12.712102766279422
4032,14.134373416369005
4033,10.979719354024999
4034,14.337761624465896
4035,12.79305446349238
4036,14.337761624465896
4037,12.68749290277888
4038,13.578765352292413
4039,12.755465819422678
4040,12.712102766279422
4041,13.694599930050192
4042,12.755465819422678
4043,12.755465819422678
4044,12.79305446349238
4045,12.811818402518966
4046,12.389446042065204
4047,11.292415179066788
4048,14.134373416369005
4049,12.755465819422678
4050,12.755465819422678
4051,11.629087908054052
4052,12.749691410349124
4053,12.749691410349124
4054,14.337761624465896
4055,12.712102766279422
4056,12.40820998109179
4057,12.712102766279422
4058,12.996987126199103
4059,12.712102766279422
4060,12.755465819422678
4061,12.755465819422678
4062,12.755465819422678
4063,11.388537509250012
4064,12.712102766279422
4065,12.712102766279422
4066,12.712102766279422
4067,12.712102766279422
4068,11.013220959446048
4069,13.396518841843937
4070,12.755465819422678
4071,14.337761624465896
4072,12.996987126199103
4073,12.749691410349124
4074,12.79305446349238
4075,12.755465819422678
4076,13.616353996362115
4077,13.049151686978147
4078,12.40820998109179
4079,12.755465819422678
4080,14.337761624465896
4081,13.33729120618645
4082,11.152367562798961
4083,12.755465819422678
4084,10.17003418860584
4085,13.364394689616535
4086,12.811818402518966
4087,12.79305446349238
4088,10.988704097348716
4089,10.871292175561024
4090,10.27392532921857
4091,12.996987126199103
4092,12.351857397995502
4093,10.988704097348716
4094,13.578765352292413
4095,10.988704097348716
4096,12.40820998109179
4097,12.755465819422678
4098,13.049151686978147
4099,14.337761624465896
4100,12.79305446349238
4101,12.755465819422678
4102,13.609519653388114
4103,14.337761624465896
4104,12.755465819422678
4105,10.228256089499155
4106,13.578765352292413
4107,12.755465819422678
4108,11.20872014589525
4109,10.289027440114264
4110,13.698894469997624
4111,12.755465819422678
4112,12.755465819422678
4113,12.79305446349238
4114,12.76845534937571
4115,14.24157806867233
4116,14.337761624465896
4117,12.712102766279422
4118,10.979719354024999
4119,12.755465819422678
4120,11.152367562798961
4121,11.013220959446048
4122,12.755465819422678
4123,10.988704097348716
4124,11.378016164629909
4125,13.326806045546833
4126,12.712102766279422
4127,10.871292175561024
4128,13.049151686978147
4129,12.857044571160019
4130,13.005788633834891
4131,10.975632315376346
4132,10.988704097348716
4133,12.755465819422678
4134,14.877209638667658
4135,12.996987126199103
4136,10.975632315376346
4137,12.811818402518966
4138,12.712102766279422
4139,12.755465819422678
4140,12.755465819422678
4141,12.996987126199103
4142,12.755465819422678
4143,14.337761624465896
4144,13.578765352292413
4145,12.755465819422678
4146,13.758177626043205
4147,10.975632315376346
4148,14.337761624465896
4149,11.208071659468516
4150,10.27392532921857
4151,15.687258432347281
4152,14.337761624465896
4153,11.300381029294048
4154,12.755465819422678
4155,10.988704097348716
4156,12.811818402518966
4157,11.208071659468516
4158,13.616353996362115
4159,12.996987126199103
4160,14.337761624465896
4161,12.749691410349124
4162,14.337761624465896
4163,13.326806045546833
4164,12.755465819422678
4165,13.364394689616535
4166,13.364617913358293
4167,14.043929857181364
4168,13.758177626043205
4169,14.441059207984168
4170,14.278720281637383
4171,13.574443861507904
4172,14.665359009883561
4173,13.788379456587784
4174,13.364617913358293
4175,14.278720281637383
4176,14.665359009883561
4177,14.278720281637383
4178,13.841797515809215
4179,11.944554134434197
4180,14.278720281637383
4181,14.278720281637383
4182,14.278720281637383
4183,14.278720281637383
4184,16.268634615464105
4185,14.278720281637383
4186,14.278720281637383
4187,14.24157806867233
4188,14.278720281637383
4189,14.278720281637383
4190,14.278720281637383
4191,14.278720281637383
4192,15.005304267760556
4193,13.761906135277691
4194,14.278720281637383
4195,11.059970499871543
4196,14.278720281637383
4197,14.278720281637383
4198,14.278720281637383
4199,14.278720281637383
4200,14.278720281637383
4201,14.278720281637383
4202,14.278720281637383
4203,14.278720281637383
4204,14.278720281637383
4205,13.758177626043205
4206,14.618665539514378
4207,13.758177626043205
4208,14.278720281637383
4209,14.441059207984168
4210,13.364617913358293
4211,13.321254860215037
4212,14.278720281637383
4213,10.270774402891988
4214,14.278720281637383
4215,14.278720281637383
4216,14.665359009883561
4217,14.665359009883561
4218,14.278720281637383
4219,16.471982358322887
4220,14.278720281637383
4221,15.486073979786552
4222,13.758177626043205
4223,15.687258432347281
4224,13.885160568952472
4225,14.278720281637383
4226,14.278720281637383
4227,12.366157040628071
4228,14.278720281637383
4229,14.278720281637383
4230,11.059970499871543
4231,14.278720281637383
4232,14.278720281637383
4233,14.665359009883561
4234,16.268634615464105
4235,14.278720281637383
4236,14.665359009883561
4237,14.278720281637383
4238,14.618665539514378
4239,14.278720281637383
4240,14.278720281637383
4241,14.278720281637383
4242,14.278720281637383
4243,14.278720281637383
4244,13.758177626043205
4245,13.364617913358293
4246,13.788379456587784
4247,13.364617913358293
4248,15.287290171850184
4249,14.645790678386083
4250,14.278720281637383
4251,14.278720281637383
4252,14.441059207984168
4253,14.278720281637383
4254,14.665359009883561
4255,14.278720281637383
4256,14.278720281637383
4257,14.278720281637383
4258,14.278720281637383
4259,14.278720281637383
4260,13.364617913358293
4261,16.268634615464105
4262,13.758177626043205
4263,14.278720281637383
4264,13.885160568952472
4265,13.788379456587784
4266,14.278720281637383
4267,13.364617913358293
4268,14.278720281637383
4269,13.758177626043205
4270,16.268634615464105
4271,14.278720281637383
4272,14.278720281637383
4273,14.278720281637383
4274,16.471982358322887
4275,14.278720281637383
4276,14.278720281637383
4277,14.278720281637383
4278,14.278720281637383
4279,14.665359009883561
4280,14.278720281637383
4281,14.278720281637383
4282,14.278720281637383
4283,14.350303093227762
4284,14.278720281637383
4285,13.396518841843937
4286,14.278720281637383
4287,14.278720281637383
4288,11.494289318766668
4289,14.278720281637383
4290,11.944554134434197
4291,13.602072556620916
4292,14.278720281637383
4293,14.278720281637383
4294,14.278720281637383
4295,14.278720281637383
4296,14.278720281637383
4297,14.278720281637383
4298,14.618665539514378
4299,13.758177626043205
4300,14.278720281637383
4301,14.278720281637383
4302,13.758177626043205
4303,13.841797515809215
4304,13.758177626043205
4305,13.85711737544351
4306,14.629153298258409
4307,14.278720281637383
4308,14.278720281637383
4309,14.278720281637383
4310,13.758177626043205
4311,14.278720281637383
4312,13.788379456587784
4313,14.278720281637383
4314,13.396518841843937
4315,13.841797515809215
4316,14.645790678386083
4317,13.758177626043205
4318,14.278720281637383
4319,14.278720281637383
4320,14.278720281637383
4321,11.360580519842209
4322,13.01575106522569
4323,13.01575106522569
4324,13.01575106522569
4325,13.01575106522569
4326,13.01575106522569
4327,13.01575106522569
4328,13.01575106522569
4329,11.032716489433701
4330,13.01575106522569
4331,13.559987807919759
4332,11.407301448276598
4333,13.01575106522569
4334,13.01575106522569
4335,13.01575106522569
4336,13.989833283389105
4337,13.559987807919759
4338,13.01575106522569
4339,13.01575106522569
4340,13.01575106522569
4341,13.01575106522569
4342,13.01575106522569
4343,13.880789433749664
4344,14.060629996679726
4345,13.01575106522569
4346,13.880789433749664
4347,13.01575106522569
4348,13.01575106522569
4349,13.01575106522569
4350,13.01575106522569
4351,11.230566200853984
4352,11.032716489433701
4353,11.606082210798293
4354,13.01575106522569
4355,13.01575106522569
4356,13.01575106522569
4357,13.01575106522569
4358,13.01575106522569
4359,11.230566200853984
4360,13.01575106522569
4361,13.01575106522569
4362,13.01575106522569
4363,11.230566200853984
4364,13.01575106522569
4365,13.01575106522569
4366,11.606082210798293
4367,13.01575106522569
4368,13.01575106522569
4369,13.01575106522569
4370,12.451531607757653
4371,12.451531607757653
4372,13.01575106522569
4373,13.01575106522569
4374,13.01575106522569
4375,13.01575106522569
4376,13.01575106522569
4377,13.01575106522569
4378,14.060629996679726
4379,13.01575106522569
4380,13.01575106522569
4381,14.060629996679726
4382,13.01575106522569
4383,13.01575106522569
4384,13.01575106522569
4385,11.032716489433701
4386,13.01575106522569
4387,12.451531607757653
4388,13.01575106522569
4389,13.559987807919759
4390,11.606082210798293
4391,13.01575106522569
4392,11.032716489433701
4393,11.230566200853984
4394,11.032716489433701
4395,12.451531607757653
4396,13.01575106522569
4397,13.01575106522569
4398,13.01575106522569
4399,13.01575106522569
4400,13.01575106522569
4401,13.01575106522569
4402,11.360580519842209
4403,13.01575106522569
4404,13.01575106522569
4405,13.01575106522569
4406,13.01575106522569
4407,13.989833283389105
4408,13.01575106522569
4409,13.01575106522569
4410,13.01575106522569
4411,13.839050598095424
4412,13.01575106522569
4413,13.559987807919759
4414,13.880789433749664
4415,13.01575106522569
4416,13.01575106522569
4417,13.01575106522569
4418,13.01575106522569
4419,13.01575106522569
4420,11.552457271817067
4421,13.01575106522569
4422,13.01575106522569
4423,11.032716489433701
4424,13.01575106522569
4425,13.01575106522569
4426,13.01575106522569
4427,12.451531607757653
4428,13.01575106522569
4429,13.01575106522569
4430,14.060629996679726
4431,13.01575106522569
4432,13.01575106522569
4433,11.552457271817067
4434,13.01575106522569
4435,11.230566200853984
4436,13.880789433749664
4437,11.360580519842209
4438,12.451531607757653
4439,13.01575106522569
4440,11.80124418261455
4441,13.01575106522569
4442,12.451531607757653
4443,13.01575106522569
4444,12.451531607757653
4445,13.01575106522569
4446,12.451531607757653
4447,13.01575106522569
4448,13.01575106522569
4449,13.01575106522569
4450,11.032716489433701
4451,11.032716489433701
4452,13.01575106522569
4453,14.060629996679726
4454,13.01575106522569
4455,13.01575106522569
4456,13.01575106522569
4457,13.01575106522569
4458,13.01575106522569
4459,13.01575106522569
4460,13.01575106522569
4461,13.01575106522569
4462,11.606082210798293
4463,11.032716489433701
4464,12.451531607757653
4465,14.060629996679726
4466,13.01575106522569
4467,13.01575106522569
4468,13.01575106522569
4469,11.230566200853984
4470,13.839050598095424
4471,11.606082210798293
4472,13.01575106522569
4473,13.01575106522569
4474,11.230566200853984
4475,13.01575106522569
4476,11.230566200853984
4477,13.01575106522569
4478,14.060629996679726
4479,13.01575106522569
4480,13.01575106522569
4481,13.01575106522569
4482,13.01575106522569
4483,13.01575106522569
4484,13.01575106522569
4485,13.01575106522569
4486,13.01575106522569
4487,11.552457271817067
4488,13.01575106522569
4489,13.01575106522569
4490,12.451531607757653
4491,13.01575106522569
4492,13.01575106522569
4493,13.01575106522569
4494,13.01575106522569
4495,13.839050598095424
4496,13.01575106522569
4497,13.01575106522569
4498,13.01575106522569
4499,11.606082210798293
4500,13.01575106522569
4501,11.606082210798293
4502,11.463005544946153
4503,13.01575106522569
4504,13.01575106522569
4505,13.01575106522569
4506,13.01575106522569
4507,13.01575106522569
4508,13.01575106522569
4509,11.387191815213267
4510,12.451531607757653
4511,13.880789433749664
4512,13.01575106522569
4513,13.01575106522569
4514,14.278720281637383
4515,14.360973307094385
4516,14.278720281637383
4517,15.881755596962208
4518,13.80677615117464
4519,11.212184815742118
4520,14.278720281637383
4521,13.80677615117464
4522,14.278720281637383
4523,13.80677615117464
4524,14.278720281637383
4525,13.80677615117464
4526,14.278720281637383
4527,14.925808163799093
4528,14.278720281637383
4529,13.309436932781159
4530,13.80677615117464
4531,14.278720281637383
4532,14.618665539514378
4533,14.278720281637383
4534,11.332250489906233
4535,14.618665539514378
4536,13.443638156618384
4537,13.788379456587784
4538,16.268634615464105
4539,14.278720281637383
4540,13.443638156618384
4541,13.608917210636477
4542,14.278720281637383
4543,13.443638156618384
4544,15.735856957478717
4545,13.271664835377234
4546,14.228836549799922
4547,12.366157040628071
4548,13.291202109848028
4549,14.278720281637383
4550,13.80677615117464
4551,16.268634615464105
4552,14.278720281637383
4553,17.35536836412364
4554,14.278720281637383
4555,13.80677615117464
4556,14.278720281637383
4557,16.268634615464105
4558,14.629153298258409
4559,14.278720281637383
4560,13.80677615117464
4561,14.290176593803766
4562,14.629153298258409
4563,12.366157040628071
4564,12.921368336378256
4565,14.629153298258409
4566,14.290176593803766
4567,14.278720281637383
4568,12.366157040628071
4569,13.80677615117464
4570,13.443638156618384
4571,17.35536836412364
4572,13.80677615117464
4573,14.278720281637383
4574,14.290176593803766
4575,14.278720281637383
4576,14.278720281637383
4577,16.268634615464105
4578,14.618665539514378
4579,13.788379456587784
4580,14.422551566957758
4581,13.443638156618384
4582,14.278720281637383
4583,14.278720281637383
4584,14.278720281637383
4585,13.80677615117464
4586,14.278720281637383
4587,14.278720281637383
4588,14.278720281637383
4589,13.80677615117464
4590,14.278720281637383
4591,12.366157040628071
4592,14.278720281637383
4593,14.278720281637383
4594,13.608917210636477
4595,14.278720281637383
4596,14.278720281637383
4597,14.278720281637383
4598,14.278720281637383
4599,16.764544274094487
4600,14.278720281637383
4601,13.788379456587784
4602,11.42519023883504
4603,13.80677615117464
4604,12.366157040628071
4605,14.629153298258409
4606,14.278720281637383
4607,13.443638156618384
4608,13.608917210636477
4609,13.788379456587784
4610,11.184123776965148
4611,13.80677615117464
4612,14.278720281637383
4613,14.278720281637383
4614,13.369450811491523
4615,14.278720281637383
4616,13.80677615117464
4617,13.309436932781159
4618,13.602072556620916
4619,14.278720281637383
4620,13.443638156618384
4621,11.275488247617329
4622,14.278720281637383
4623,14.278720281637383
4624,14.278720281637383
4625,14.618665539514378
4626,13.80677615117464
4627,13.309436932781159
4628,13.788379456587784
4629,13.309436932781159
4630,13.80677615117464
4631,13.788379456587784
4632,14.562670169242837
4633,14.278720281637383
4634,13.788379456587784
4635,13.80677615117464
4636,15.735856957478717
4637,13.80677615117464
4638,14.629153298258409
4639,13.608917210636477
4640,14.290176593803766
4641,11.275488247617329
4642,14.278720281637383
4643,14.278720281637383
4644,13.80677615117464
4645,14.278720281637383
4646,14.278720281637383
4647,13.80677615117464
4648,14.278720281637383
4649,14.278720281637383
4650,13.80677615117464
4651,14.278720281637383
4652,13.608917210636477
4653,14.278720281637383
4654,14.278720281637383
4655,13.443638156618384
4656,13.309436932781159
4657,13.80677615117464
4658,13.80677615117464
4659,14.278720281637383
4660,14.278720281637383
4661,16.268634615464105
4662,11.332250489906233
4663,12.921368336378256
4664,13.80677615117464
4665,13.80677615117464
4666,15.486073979786552
4667,14.278720281637383
4668,14.278720281637383
4669,12.366157040628071
4670,13.635558587221679
4671,14.278720281637383
4672,13.80677615117464
4673,16.268634615464105
4674,14.360973307094385
4675,12.366157040628071
4676,14.278720281637383
4677,14.278720281637383
4678,14.278720281637383
4679,13.80677615117464
4680,13.608917210636477
4681,14.278720281637383
4682,14.278720281637383
4683,16.268634615464105
4684,12.921368336378256
4685,13.80677615117464
4686,13.80677615117464
4687,14.278720281637383
4688,13.443638156618384
4689,14.278720281637383
4690,13.602072556620916
4691,14.925808163799093
4692,13.788379456587784
4693,14.278720281637383
4694,14.278720281637383
4695,16.268634615464105
4696,14.278720281637383
4697,16.268634615464105
4698,14.278720281637383
4699,14.278720281637383
4700,14.278720281637383
4701,14.278720281637383
4702,14.278720281637383
4703,13.443638156618384
4704,13.443638156618384
4705,14.278720281637383
4706,14.278720281637383
4707,14.278720281637383
4708,13.80677615117464
4709,13.80677615117464
4710,14.278720281637383
4711,16.268634615464105
4712,14.618665539514378
4713,14.278720281637383
4714,16.268634615464105
4715,10.636365687291956
4716,14.278720281637383
4717,14.278720281637383
4718,14.278720281637383
4719,13.608917210636477
4720,14.629153298258409
4721,14.278720281637383
4722,13.271664835377234
4723,14.278720281637383
4724,14.278720281637383
4725,14.618665539514378
4726,14.278720281637383
4727,14.278720281637383
4728,14.278720281637383
4729,11.232969934224492
4730,13.80677615117464
4731,14.278720281637383
4732,14.278720281637383
4733,14.278720281637383
4734,14.278720281637383
4735,14.278720281637383
4736,15.486073979786552
4737,14.278720281637383
4738,14.278720281637383
4739,14.278720281637383
4740,14.278720281637383
4741,13.80677615117464
4742,13.788379456587784
4743,14.278720281637383
4744,14.278720281637383
4745,14.278720281637383
4746,14.278720281637383
4747,13.80677615117464
4748,14.278720281637383
4749,14.278720281637383
4750,14.278720281637383
4751,14.278720281637383
4752,14.06510687972005
4753,14.278720281637383
4754,15.486073979786552
4755,14.278720281637383
4756,14.629153298258409
4757,14.278720281637383
4758,13.608917210636477
4759,14.278720281637383
4760,14.278720281637383
4761,13.788379456587784
4762,14.278720281637383
4763,10.814310525645679
4764,14.278720281637383
4765,14.278720281637383
4766,13.443638156618384
4767,14.278720281637383
4768,15.41853584755155
4769,11.275488247617329
4770,13.309436932781159
4771,14.278720281637383
4772,14.618665539514378
4773,14.278720281637383
4774,14.278720281637383
4775,14.278720281637383
4776,13.309436932781159
4777,14.278720281637383
4778,14.278720281637383
4779,14.278720281637383
4780,11.332250489906233
4781,14.278720281637383
4782,14.278720281637383
4783,14.278720281637383
4784,14.278720281637383
4785,13.80677615117464
4786,14.278720281637383
4787,14.278720281637383
4788,14.278720281637383
4789,14.278720281637383
4790,14.278720281637383
4791,14.278720281637383
4792,14.278720281637383
4793,14.278720281637383
4794,14.278720281637383
4795,16.268634615464105
4796,13.443638156618384
4797,14.278720281637383
4798,13.443638156618384
4799,14.278720281637383
4800,14.278720281637383
4801,14.278720281637383
4802,14.278720281637383
4803,13.788379456587784
4804,13.608917210636477
4805,14.278720281637383
4806,13.80677615117464
4807,14.278720281637383
4808,13.788379456587784
4809,14.278720281637383
4810,15.486073979786552
4811,14.278720281637383
4812,13.80677615117464
4813,13.309436932781159
4814,13.80677615117464
4815,16.268634615464105
4816,14.278720281637383
4817,14.278720281637383
4818,14.278720281637383
4819,14.278720281637383
4820,14.278720281637383
4821,14.278720281637383
4822,13.443638156618384
4823,13.369450811491523
4824,14.278720281637383
4825,13.80677615117464
4826,14.278720281637383
4827,14.278720281637383
4828,14.278720281637383
4829,13.727536578708342
4830,14.278720281637383
4831,14.278720281637383
4832,10.814310525645679
4833,14.278720281637383
4834,14.278720281637383
4835,11.974975852562853
4836,13.76156610078842
4837,13.309436932781159
4838,14.278720281637383
4839,14.278720281637383
4840,15.41853584755155
4841,13.80677615117464
4842,14.278720281637383
4843,14.278720281637383
4844,13.80677615117464
4845,14.278720281637383
4846,14.278720281637383
4847,14.278720281637383
4848,14.278720281637383
4849,14.278720281637383
4850,14.278720281637383
4851,14.278720281637383
4852,14.278720281637383
4853,13.80677615117464
4854,13.80677615117464
4855,14.278720281637383
4856,14.422551566957758
4857,14.278720281637383
4858,14.278720281637383
4859,14.278720281637383
4860,13.80677615117464
4861,16.268634615464105
4862,14.278720281637383
4863,14.278720281637383
4864,15.486073979786552
4865,14.278720281637383
4866,14.278720281637383
4867,14.278720281637383
4868,14.278720281637383
4869,14.618665539514378
4870,14.618665539514378
4871,14.278720281637383
4872,14.278720281637383
4873,13.80677615117464
4874,14.278720281637383
4875,14.618665539514378
4876,13.76156610078842
4877,14.278720281637383
4878,14.278720281637383
4879,14.278720281637383
4880,12.351857397995502
4881,14.438961163802647
4882,13.540616156268575
4883,13.599899312314156
4884,13.568904563326173
4885,13.599899312314156
4886,11.844035761724372
4887,14.179483310736847
4888,11.844035761724372
4889,14.179483310736847
4890,12.947562049137739
4891,11.597748110151192
4892,15.04949823246608
4893,12.712102766279422
4894,13.599899312314156
4895,10.392918580726995
4896,13.990218376291779
4897,11.844035761724372
4898,12.972560148354198
4899,13.507930015547705
4900,14.179483310736847
4901,12.755465819422678
4902,12.804042777490878
4903,14.179483310736847
4904,14.179483310736847
4905,12.929327226204608
4906,12.755465819422678
4907,12.16734083954421
4908,13.599899312314156
4909,13.148256936691734
4910,12.804042777490878
4911,13.540616156268575
4912,12.804042777490878
4913,11.026359234216994
4914,14.179483310736847
4915,15.27257056205593
4916,12.929197095210942
4917,12.755465819422678
4918,15.488426646726424
4919,13.402040371775993
4920,13.238240528114888
4921,12.929327226204608
4922,13.19161998983499
4923,14.179483310736847
4924,13.599899312314156
4925,12.61090136415493
4926,12.929327226204608
4927,13.578765352292413
4928,13.540616156268575
4929,12.712102766279422
4930,12.947562049137739
4931,11.259765939232107
4932,13.568904563326173
4933,10.441495538795195
4934,14.179483310736847
4935,14.179483310736847
4936,12.071052354376416
4937,13.19161998983499
4938,12.904198995994483
4939,13.599899312314156
4940,13.599899312314156
4941,12.904198995994483
4942,13.402040371775993
4943,12.972560148354198
4944,12.947562049137739
4945,12.990301773983076
4946,15.687258432347281
4947,14.519428568613842
4948,12.712102766279422
4949,13.990218376291779
4950,13.19161998983499
4951,13.599899312314156
4952,13.599899312314156
4953,14.179483310736847
4954,12.947562049137739
4955,12.755465819422678
4956,14.179483310736847
4957,13.630101142858734
4958,12.929197095210942
4959,13.19161998983499
4960,11.223789490670098
4961,12.400434356063702
4962,12.972560148354198
4963,10.392918580726995
4964,13.578765352292413
4965,12.972560148354198
4966,12.585903264938471
4967,13.238240528114888
4968,12.947562049137739
4969,14.179483310736847
4970,13.507930015547705
4971,14.47279275486278
4972,12.985483563880917
4973,12.755465819422678
4974,12.947562049137739
4975,13.326806045546833
4976,14.47279275486278
4977,12.947562049137739
4978,12.755465819422678
4979,12.857044571160019
4980,12.755465819422678
4981,13.599899312314156
4982,12.947562049137739
4983,12.947562049137739
4984,13.599899312314156
4985,12.712102766279422
4986,12.96517354377295
4987,12.755465819422678
4988,11.771556210910894
4989,13.599899312314156
4990,13.098274027117512
4991,13.599899312314156
4992,13.540616156268575
4993,11.527498270213643
4994,12.61090136415493
4995,14.820520962779018
4996,13.578765352292413
4997,13.599899312314156
4998,14.179483310736847
4999,14.179483310736847
5000,12.755465819422678
5001,13.599899312314156
5002,12.712102766279422
5003,13.008536596916207
5004,14.179483310736847
5005,13.19161998983499
5006,13.568904563326173
5007,11.19879139145364
5008,11.844035761724372
5009,11.844035761724372
5010,13.008536596916207
5011,12.972560148354198
5012,12.585903264938471
5013,12.712102766279422
5014,13.540616156268575
5015,11.844035761724372
5016,13.599899312314156
5017,10.118800951972656
5018,11.844035761724372
5019,12.755465819422678
5020,12.035075905814407
5021,13.599899312314156
5022,14.179483310736847
5023,13.599899312314156
5024,14.179483310736847
5025,13.990218376291779
5026,12.804042777490878
5027,13.008536596916207
5028,12.585903264938471
5029,12.929327226204608
5030,12.96517354377295
5031,13.064787996516749
5032,13.19161998983499
5033,14.179483310736847
5034,14.179483310736847
5035,13.599899312314156
5036,10.988704097348716
5037,13.540616156268575
5038,13.599899312314156
5039,15.488426646726424
5040,13.540616156268575
5041,12.351857397995502
5042,12.904198995994483
5043,12.972560148354198
5044,12.972560148354198
5045,10.988704097348716
5046,13.599899312314156
5047,13.540616156268575
5048,13.402040371775993
5049,13.578765352292413
5050,13.540616156268575
5051,13.578765352292413
5052,13.326806045546833
5053,14.179483310736847
5054,12.419699835405206
5055,16.327675958292616
5056,12.035075905814407
5057,11.634947099183266
5058,12.857044571160019
5059,13.599899312314156
5060,13.599899312314156
5061,15.27257056205593
5062,12.804042777490878
5063,12.207878726899022
5064,12.351857397995502
5065,12.929327226204608
5066,12.947562049137739
5067,13.540616156268575
5068,12.947562049137739
5069,12.947562049137739
5070,12.972560148354198
5071,16.327675958292616
5072,14.928823150261566
5073,14.010089918731548
5074,16.579402312588567
5075,14.928823150261566
5076,13.874797272056579
5077,14.052693054305932
5078,14.451125987592095
5079,13.717124731128788
5080,11.276256139908511
5081,14.519165500356868
5082,12.037646904406023
5083,13.788305908571223
5084,12.769613276314963
5085,14.0344582313728
5086,14.542184422015389
5087,14.492965401206742
5088,14.052693054305932
5089,13.874797272056579
5090,15.26876840813856
5091,15.21652956565688
5092,13.874797272056579
5093,13.964527589805678
5094,14.834857491377809
5095,14.892180991882222
5096,13.717124731128788
5097,12.956696739510761
5098,13.768725029006916
5099,14.521008594715704
5100,14.804015527381969
5101,12.769613276314963
5102,14.330289530698671
5103,14.542184422015389
5104,14.928823150261566
5105,13.964527589805678
5106,14.239586906028336
5107,11.822199122962381
5108,14.033233461972447
5109,14.776627620659433
5110,13.845420347065724
5111,14.052693054305932
5112,13.964527589805678
5113,11.11577940850647
5114,13.726526600787647
5115,14.010089918731548
5116,14.542184422015389
5117,14.928823150261566
5118,13.788305908571223
5119,14.928823150261566
5120,14.033233461972447
5121,14.521008594715704
5122,14.521008594715704
5123,19.560321898126883
5124,14.776627620659433
5125,10.934519842573966
5126,14.70597207690927
5127,14.500457374013148
5128,13.964527589805678
5129,16.148582063646128
5130,16.148582063646128
5131,13.758393613488646
5132,13.044862204011014
5133,14.521008594715704
5134,11.94948143990577
5135,14.776627620659433
5136,15.128364101156627
5137,14.776627620659433
5138,14.0344582313728
5139,12.769613276314963
5140,13.717124731128788
5141,14.928823150261566
5142,11.822199122962381
5143,14.052693054305932
5144,14.451125987592095
5145,13.245451759953912
5146,14.239586906028336
5147,14.776627620659433
5148,13.964527589805678
5149,15.26876840813856
5150,11.94948143990577
5151,14.928823150261566
5152,15.121158261569285
5153,14.776627620659433
5154,16.17220202550662
5155,13.873182520925596
5156,14.052693054305932
5157,16.362894175895065
5158,14.834857491377809
5159,14.834857491377809
5160,14.010089918731548
5161,16.37605456972978
5162,14.052693054305932
5163,16.097241010934493
5164,14.010089918731548
5165,14.239586906028336
5166,14.928823150261566
5167,13.874797272056579
5168,15.80653353442721
5169,14.239586906028336
5170,14.451428307258983
5171,14.70597207690927
5172,14.477645541572448
5173,14.928823150261566
5174,13.874797272056579
5175,14.928823150261566
5176,13.758393613488646
5177,14.521008594715704
5178,13.758393613488646
5179,14.052693054305932
5180,14.70597207690927
5181,12.037646904406023
5182,16.524549111256537
5183,13.964527589805678
5184,15.21652956565688
5185,13.964527589805678
5186,14.70597207690927
5187,14.389020257888104
5188,14.635750020688118
5189,14.776627620659433
5190,13.717124731128788
5191,14.542184422015389
5192,14.928823150261566
5193,14.330289530698671
5194,14.239586906028336
5195,14.112073127674975
5196,14.742380675600781
5197,14.010089918731548
5198,12.956696739510761
5199,13.717124731128788
5200,19.560321898126883
5201,13.291014088879782
5202,14.052693054305932
5203,12.769613276314963
5204,12.037646904406023
5205,15.21652956565688
5206,13.606481497304372
5207,14.685871505903027
5208,13.758393613488646
5209,11.822199122962381
5210,14.928823150261566
5211,15.116572878536427
5212,14.776627620659433
5213,12.956696739510761
5214,15.749538120164557
5215,14.052693054305932
5216,11.276256139908511
5217,11.276256139908511
5218,16.17220202550662
5219,15.121158261569285
5220,13.691034270106664
5221,12.575058102581554
5222,13.874797272056579
5223,14.70597207690927
5224,14.010089918731548
5225,14.010089918731548
5226,11.94948143990577
5227,14.928823150261566
5228,13.080492981932835
5229,14.542184422015389
5230,14.892180991882222
5231,15.111918210182132
5232,14.542184422015389
5233,13.758393613488646
5234,14.234639399748705
5235,13.726526600787647
5236,14.010089918731548
5237,15.023752745681879
5238,14.804015527381969
5239,14.776627620659433
5240,14.0344582313728
5241,16.574562940990237
5242,14.928823150261566
5243,14.542184422015389
5244,14.239586906028336
5245,13.691034270106664
5246,11.178332685136326
5247,14.521008594715704
5248,13.964527589805678
5249,14.776627620659433
5250,14.70597207690927
5251,14.0344582313728
5252,14.928823150261566
5253,14.70597207690927
5254,13.245451759953912
5255,14.052693054305932
5256,16.33354554583969
5257,15.749538120164557
5258,14.928823150261566
5259,14.451125987592095
5260,13.758393613488646
5261,14.928823150261566
5262,12.801135786807263
5263,13.440105728965522
5264,12.073549154610985
5265,11.052671044868381
5266,12.255305988925873
5267,13.079242263204677
5268,12.88619594693352
5269,12.855241102938873
5270,12.863226459300934
5271,13.440105728965522
5272,12.817212730626652
5273,13.216104568699716
5274,12.817212730626652
5275,13.016832989837718
5276,12.040728101551368
5277,13.216104568699716
5278,11.052671044868381
5279,11.932417478235799
5280,10.088100524558758
5281,12.850610093082127
5282,13.413050393727465
5283,12.850610093082127
5284,11.052671044868381
5285,13.440105728965522
5286,11.062778964724021
5287,13.413050393727465
5288,11.932417478235799
5289,12.17855557996708
5290,13.440105728965522
5291,10.44888856267268
5292,13.05218692796662
5293,13.216104568699716
5294,13.18400489815849
5295,10.686803207533575
5296,13.769196136800542
5297,12.17375296156326
5298,11.932417478235799
5299,13.440105728965522
5300,10.686803207533575
5301,12.817212730626652
5302,12.38830289824848
5303,12.850610093082127
5304,12.863226459300934
5305,11.932417478235799
5306,10.686803207533575
5307,13.079242263204677
5308,11.932417478235799
5309,13.709243283559104
5310,12.17855557996708
5311,13.440105728965522
5312,12.255305988925873
5313,12.040728101551368
5314,13.537234798915943
5315,12.817212730626652
5316,12.572741923197976
5317,13.313656293582333
5318,13.016832989837718
5319,13.413050393727465
5320,12.863226459300934
5321,12.073549154610985
5322,12.98363495309402
5323,11.932417478235799
5324,13.390920760381263
5325,12.749166364009323
5326,13.360153520218692
5327,11.932417478235799
5328,9.949961571660973
5329,13.216104568699716
5330,12.98363495309402
5331,12.206950998306956
5332,13.812256251892672
5333,11.932417478235799
5334,13.079242263204677
5335,12.82162982516787
5336,11.932417478235799
5337,11.932417478235799
5338,12.98363495309402
5339,12.850610093082127
5340,12.817212730626652
5341,13.216104568699716
5342,13.532513305470872
5343,13.05218692796662
5344,12.863226459300934
5345,13.313656293582333
5346,11.052671044868381
5347,12.040728101551368
5348,12.255305988925873
5349,12.17855557996708
5350,13.440105728965522
5351,12.784115901553745
5352,12.919593309388995
5353,10.686803207533575
5354,13.216104568699716
5355,12.073549154610985
5356,11.932417478235799
5357,13.016832989837718
5358,12.850610093082127
5359,13.390920760381263
5360,12.817212730626652
5361,12.850610093082127
5362,13.016832989837718
5363,13.642682406489774
5364,10.686803207533575
5365,12.817212730626652
5366,13.440105728965522
5367,13.16691960011546
5368,12.073549154610985
5369,13.016832989837718
5370,12.967648021253458
5371,11.932417478235799
5372,10.686803207533575
5373,13.66973774172783
5374,13.440105728965522
5375,13.216104568699716
5376,12.98363495309402
5377,10.088100524558758
5378,13.812256251892672
5379,13.440105728965522
5380,12.255305988925873
5381,13.621595632397435
5382,12.850610093082127
5383,12.17855557996708
5384,10.088100524558758
5385,12.749166364009323
5386,12.17375296156326
5387,13.440105728965522
5388,13.390920760381263
5389,13.34071162882039
5390,12.255305988925873
5391,13.079242263204677
5392,13.32513005802814
5393,12.863226459300934
5394,12.850610093082127
5395,13.440105728965522
5396,13.016832989837718
5397,13.099876452279021
5398,13.16691960011546
5399,13.390920760381263
5400,10.241146395926076
5401,13.227128660206798
5402,11.052671044868381
5403,12.88619594693352
5404,11.052671044868381
5405,13.216104568699716
5406,10.241146395926076
5407,12.817212730626652
5408,12.863226459300934
5409,13.079242263204677
5410,9.949961571660973
5411,12.17855557996708
5412,13.16691960011546
5413,12.850610093082127
5414,13.440105728965522
5415,12.817212730626652
5416,13.440105728965522
5417,13.16691960011546
5418,13.16691960011546
5419,13.532513305470872
5420,11.932417478235799
5421,13.66973774172783
5422,13.016832989837718
5423,13.621595632397435
5424,13.079242263204677
5425,12.850610093082127
5426,11.932417478235799
5427,12.749166364009323
5428,11.932417478235799
5429,12.98363495309402
5430,13.440105728965522
5431,13.079242263204677
5432,13.216104568699716
5433,10.088100524558758
5434,14.337761624465896
5435,14.337761624465896
5436,14.337761624465896
5437,14.337761624465896
5438,14.337761624465896
5439,14.652040243082695
5440,14.337761624465896
5441,14.337761624465896
5442,14.337761624465896
5443,14.337761624465896
5444,14.337761624465896
5445,14.652040243082695
5446,11.332250489906233
5447,14.337761624465896
5448,14.677706882342891
5449,14.337761624465896
5450,14.337761624465896
5451,14.337761624465896
5452,14.337761624465896
5453,14.337761624465896
5454,14.652040243082695
5455,14.337761624465896
5456,14.677706882342891
5457,14.652040243082695
5458,14.337761624465896
5459,14.652040243082695
5460,14.337761624465896
5461,14.652040243082695
5462,15.545115322615064
5463,14.337761624465896
5464,14.337761624465896
5465,14.337761624465896
5466,13.788379456587784
5467,14.337761624465896
5468,14.102658075204582
5469,14.337761624465896
5470,14.337761624465896
5471,14.677706882342891
5472,14.337761624465896
5473,15.859393941231863
5474,14.652040243082695
5475,14.337761624465896
5476,14.337761624465896
5477,13.854093474217695
5478,14.652040243082695
5479,14.337761624465896
5480,14.652040243082695
5481,14.337761624465896
5482,14.304252013701218
5483,14.337761624465896
5484,14.337761624465896
5485,14.652040243082695
5486,16.327675958292616
5487,14.337761624465896
5488,14.337761624465896
5489,11.332250489906233
5490,14.337761624465896
5491,16.327675958292616
5492,14.337761624465896
5493,14.337761624465896
5494,14.652040243082695
5495,14.337761624465896
5496,14.337761624465896
5497,14.652040243082695
5498,11.332250489906233
5499,14.337761624465896
5500,10.327536645180892
5501,15.00247325970372
5502,14.337761624465896
5503,14.337761624465896
5504,14.688194641086922
5505,14.337761624465896
5506,14.337761624465896
5507,14.337761624465896
5508,15.545115322615064
5509,15.545115322615064
5510,14.652040243082695
5511,14.337761624465896
5512,11.332250489906233
5513,16.327675958292616
5514,14.337761624465896
5515,17.09748817459359
5516,14.652040243082695
5517,14.337761624465896
5518,14.337761624465896
5519,14.337761624465896
5520,11.332250489906233
5521,14.652040243082695
5522,14.337761624465896
5523,14.652040243082695
5524,14.337761624465896
5525,14.677706882342891
5526,14.337761624465896
5527,14.337761624465896
5528,14.337761624465896
5529,14.337761624465896
5530,15.545115322615064
5531,14.337761624465896
5532,14.652040243082695
5533,14.337761624465896
5534,14.337761624465896
5535,14.102658075204582
5536,14.337761624465896
5537,16.327675958292616
5538,14.337761624465896
5539,14.337761624465896
5540,14.688194641086922
5541,14.337761624465896
5542,14.337761624465896
5543,14.337761624465896
5544,13.854093474217695
5545,14.337761624465896
5546,14.337761624465896
5547,14.337761624465896
5548,14.337761624465896
5549,14.337761624465896
5550,14.337761624465896
5551,14.652040243082695
5552,17.09748817459359
5553,14.337761624465896
5554,14.337761624465896
5555,14.337761624465896
5556,15.00247325970372
5557,14.337761624465896
5558,14.337761624465896
5559,12.81324771173741
5560,14.337761624465896
5561,14.991985500959691
5562,14.337761624465896
5563,14.337761624465896
5564,14.337761624465896
5565,14.337761624465896
5566,14.337761624465896
5567,14.337761624465896
5568,16.327675958292616
5569,14.688194641086922
5570,14.677706882342891
5571,16.327675958292616
5572,14.652040243082695
5573,14.337761624465896
5574,14.677706882342891
5575,14.337761624465896
5576,14.337761624465896
5577,14.102658075204582
5578,14.337761624465896
5579,14.337761624465896
5580,14.337761624465896
5581,14.337761624465896
5582,14.337761624465896
5583,12.81324771173741
5584,14.652040243082695
5585,14.677706882342891
5586,14.304252013701218
5587,14.337761624465896
5588,14.337761624465896
5589,14.337761624465896
5590,14.337761624465896
5591,14.337761624465896
5592,16.641954576909402
5593,14.337761624465896
5594,16.641954576909402
5595,14.677706882342891
5596,14.652040243082695
5597,14.337761624465896
5598,14.337761624465896
5599,14.677706882342891
5600,14.337761624465896
5601,14.337761624465896
5602,14.337761624465896
5603,14.337761624465896
5604,14.677706882342891
5605,15.00247325970372
5606,14.337761624465896
5607,14.652040243082695
5608,14.337761624465896
5609,16.327675958292616
5610,14.337761624465896
5611,13.661113899449429
5612,14.337761624465896
5613,14.337761624465896
5614,14.337761624465896
5615,11.232969934224492
5616,14.652040243082695
5617,15.545115322615064
5618,14.337761624465896
5619,14.337761624465896
5620,15.545115322615064
5621,14.337761624465896
5622,14.337761624465896
5623,11.332250489906233
5624,14.337761624465896
5625,13.889301190883433
5626,16.334976615602407
5627,15.091597740357352
5628,16.334976615602407
5629,15.091597740357352
5630,15.091597740357352
5631,15.091597740357352
5632,15.091597740357352
5633,15.091597740357352
5634,15.091597740357352
5635,15.091597740357352
5636,15.431542998234347
5637,15.091597740357352
5638,15.091597740357352
5639,14.434341261938265
5640,15.091597740357352
5641,15.091597740357352
5642,16.566093792496204
5643,15.091597740357352
5644,16.334976615602407
5645,13.889301190883433
5646,14.1660286140157
5647,15.091597740357352
5648,15.091597740357352
5649,14.1660286140157
5650,16.334976615602407
5651,15.431542998234347
5652,15.091597740357352
5653,15.091597740357352
5654,15.091597740357352
5655,15.091597740357352
5656,16.334976615602407
5657,11.178332685136326
5658,13.889301190883433
5659,11.178332685136326
5660,15.091597740357352
5661,15.431542998234347
5662,15.091597740357352
5663,16.334976615602407
5664,15.091597740357352
5665,15.091597740357352
5666,15.091597740357352
5667,15.091597740357352
5668,15.091597740357352
5669,14.69105778193465
5670,15.091597740357352
5671,15.091597740357352
5672,15.091597740357352
5673,15.091597740357352
5674,15.431542998234347
5675,15.091597740357352
5676,15.091597740357352
5677,15.091597740357352
5678,13.889301190883433
5679,15.091597740357352
5680,15.091597740357352
5681,15.091597740357352
5682,15.091597740357352
5683,15.091597740357352
5684,15.091597740357352
5685,15.091597740357352
5686,15.431542998234347
5687,15.091597740357352
5688,16.566093792496204
5689,15.091597740357352
5690,15.091597740357352
5691,15.091597740357352
5692,15.091597740357352
5693,15.091597740357352
5694,15.091597740357352
5695,15.091597740357352
5696,13.889301190883433
5697,15.091597740357352
5698,16.566093792496204
5699,15.091597740357352
5700,15.091597740357352
5701,15.091597740357352
5702,11.178332685136326
5703,15.091597740357352
5704,15.091597740357352
5705,16.566093792496204
5706,15.091597740357352
5707,15.091597740357352
5708,16.566093792496204
5709,13.889301190883433
5710,14.69105778193465
5711,15.091597740357352
5712,11.178332685136326
5713,16.566093792496204
5714,15.431542998234347
5715,11.178332685136326
5716,15.091597740357352
5717,15.091597740357352
5718,15.091597740357352
5719,15.091597740357352
5720,16.566093792496204
5721,15.091597740357352
5722,15.091597740357352
5723,15.431542998234347
5724,10.877332531078476
5725,15.091597740357352
5726,15.091597740357352
5727,16.334976615602407
5728,11.178332685136326
5729,15.091597740357352
5730,15.091597740357352
5731,15.091597740357352
5732,15.091597740357352
5733,11.178332685136326
5734,16.566093792496204
5735,15.091597740357352
5736,15.091597740357352
5737,15.091597740357352
5738,15.091597740357352
5739,14.69105778193465
5740,15.091597740357352
5741,16.566093792496204
5742,15.091597740357352
5743,11.178332685136326
5744,15.091597740357352
5745,15.091597740357352
5746,15.091597740357352
5747,15.091597740357352
5748,16.334976615602407
5749,15.431542998234347
5750,15.091597740357352
5751,16.566093792496204
5752,15.091597740357352
5753,15.091597740357352
5754,11.178332685136326
5755,15.091597740357352
5756,15.091597740357352
5757,15.091597740357352
5758,15.091597740357352
5759,15.091597740357352
5760,15.091597740357352
5761,15.091597740357352
5762,15.091597740357352
5763,11.178332685136326
5764,15.091597740357352
5765,15.091597740357352
5766,15.091597740357352
5767,15.091597740357352
5768,14.434341261938265
5769,13.889301190883433
5770,15.091597740357352
5771,15.091597740357352
5772,15.091597740357352
5773,15.091597740357352
5774,15.091597740357352
5775,15.091597740357352
5776,15.091597740357352
5777,16.566093792496204
5778,15.091597740357352
5779,15.091597740357352
5780,15.091597740357352
5781,15.091597740357352
5782,15.091597740357352
5783,14.434341261938265
5784,13.889301190883433
5785,15.091597740357352
5786,15.091597740357352
5787,15.091597740357352
5788,15.091597740357352
5789,15.091597740357352
5790,13.889301190883433
5791,15.091597740357352
5792,15.091597740357352
5793,15.091597740357352
5794,15.431542998234347
5795,16.566093792496204
5796,15.091597740357352
5797,14.69105778193465
5798,15.091597740357352
5799,15.091597740357352
5800,15.091597740357352
5801,15.091597740357352
5802,15.091597740357352
5803,15.091597740357352
5804,16.566093792496204
5805,14.278720281637383
5806,14.70744288108627
5807,14.349709845236848
5808,14.513163480281428
5809,14.483143079186876
5810,14.349709845236848
5811,16.29503438875763
5812,14.278720281637383
5813,14.519748053541909
5814,14.70744288108627
5815,13.758177626043205
5816,14.483143079186876
5817,14.513163480281428
5818,14.305120054930915
5819,15.914796579235437
5820,14.584153043880892
5821,10.270774402891988
5822,14.305120054930915
5823,14.278720281637383
5824,13.788379456587784
5825,14.483143079186876
5826,14.305120054930915
5827,13.71704389153721
5828,15.047388138963264
5829,14.278720281637383
5830,11.328034676354036
5831,14.513163480281428
5832,14.278720281637383
5833,15.720517178430596
5834,16.268634615464105
5835,14.305120054930915
5836,14.70744288108627
5837,16.268634615464105
5838,14.278720281637383
5839,13.788379456587784
5840,14.278720281637383
5841,14.70744288108627
5842,14.305120054930915
5843,16.467142986724557
5844,12.848736577012376
5845,14.305120054930915
5846,13.484507692289606
5847,14.305120054930915
5848,13.396518841843937
5849,14.305120054930915
5850,13.69880906860408
5851,15.687258432347281
5852,14.70744288108627
5853,14.305120054930915
5854,14.483143079186876
5855,13.71704389153721
5856,14.584153043880892
5857,14.278720281637383
5858,10.270774402891988
5859,13.758177626043205
5860,14.483143079186876
5861,13.768798577023476
5862,14.64506531280791
5863,14.278720281637383
5864,14.483143079186876
5865,14.278720281637383
5866,11.328034676354036
5867,14.278720281637383
5868,13.698894469997624
5869,14.483143079186876
5870,14.483143079186876
5871,14.513163480281428
5872,14.82308833706387
5873,14.584153043880892
5874,13.698894469997624
5875,14.349709845236848
5876,15.047388138963264
5877,14.278720281637383
5878,14.278720281637383
5879,14.618665539514378
5880,14.618665539514378
5881,13.396518841843937
5882,14.689655103113843
5883,14.278720281637383
5884,14.513163480281428
5885,14.278720281637383
5886,16.268634615464105
5887,14.513163480281428
5888,14.305120054930915
5889,10.270774402891988
5890,14.278720281637383
5891,11.059970499871543
5892,13.71704389153721
5893,14.278720281637383
5894,16.514066229525593
5895,14.278720281637383
5896,14.278720281637383
5897,14.513163480281428
5898,14.278720281637383
5899,14.483143079186876
5900,13.768798577023476
5901,14.584153043880892
5902,16.268634615464105
5903,16.467142986724557
5904,10.270774402891988
5905,14.87210108125755
5906,14.278720281637383
5907,14.349709845236848
5908,13.758177626043205
5909,15.047388138963264
5910,14.305120054930915
5911,14.483143079186876
5912,14.278720281637383
5913,14.349709845236848
5914,15.557063543386016
5915,14.70744288108627
5916,14.349709845236848
5917,10.410114453589374
5918,13.71704389153721
5919,14.349709845236848
5920,14.278720281637383
5921,14.278720281637383
5922,16.268634615464105
5923,14.513163480281428
5924,14.70744288108627
5925,14.483143079186876
5926,14.584153043880892
5927,14.278720281637383
5928,14.618665539514378
5929,14.305120054930915
5930,14.70744288108627
5931,14.278720281637383
5932,14.305120054930915
5933,14.39238696443047
5934,14.513163480281428
5935,13.71704389153721
5936,14.305120054930915
5937,14.483143079186876
5938,14.618665539514378
5939,14.70744288108627
5940,14.278720281637383
5941,16.339624179063563
5942,14.689655103113843
5943,14.584153043880892
5944,13.788379456587784
5945,14.513163480281428
5946,14.519748053541909
5947,11.820315523652054
5948,14.278720281637383
5949,14.305120054930915
5950,15.486073979786552
5951,12.848736577012376
5952,13.75299992209774
5953,14.278720281637383
5954,14.64506531280791
5955,14.278720281637383
5956,14.513163480281428
5957,14.513163480281428
5958,14.305120054930915
5959,14.513163480281428
5960,14.483143079186876
5961,14.513163480281428
5962,13.488370032344324
5963,10.270774402891988
5964,14.305120054930915
5965,14.278720281637383
5966,14.513163480281428
5967,12.730961123865985
5968,13.71704389153721
5969,14.278720281637383
5970,14.483143079186876
5971,10.270774402891988
5972,14.483143079186876
5973,14.305120054930915
5974,14.513163480281428
5975,14.853108738158422
5976,10.270774402891988
5977,14.305120054930915
5978,14.24157806867233
5979,13.75299992209774
5980,14.305120054930915
5981,16.514066229525593
5982,14.305120054930915
5983,14.513163480281428
5984,16.29503438875763
5985,14.70744288108627
5986,14.70744288108627
5987,14.513163480281428
5988,14.483143079186876
5989,14.629153298258409
5990,14.278720281637383
5991,14.278720281637383
5992,14.360973307094385
5993,14.278720281637383
5994,14.629153298258409
5995,14.278720281637383
5996,15.735856957478717
5997,11.332250489906233
5998,14.278720281637383
5999,14.278720281637383
6000,15.017940526742457
6001,14.278720281637383
6002,13.898908514118004
6003,14.278720281637383
6004,13.788379456587784
6005,14.278720281637383
6006,14.278720281637383
6007,14.278720281637383
6008,13.898908514118004
6009,11.276256139908511
6010,14.278720281637383
6011,14.278720281637383
6012,16.268634615464105
6013,13.80677615117464
6014,14.629153298258409
6015,14.278720281637383
6016,14.278720281637383
6017,14.278720281637383
6018,14.278720281637383
6019,14.278720281637383
6020,14.278720281637383
6021,14.278720281637383
6022,14.278720281637383
6023,13.788379456587784
6024,13.608917210636477
6025,14.278720281637383
6026,14.278720281637383
6027,14.278720281637383
6028,14.629153298258409
6029,14.618665539514378
6030,14.278720281637383
6031,14.278720281637383
6032,12.458289403571435
6033,14.278720281637383
6034,13.788379456587784
6035,16.268634615464105
6036,14.278720281637383
6037,14.278720281637383
6038,14.278720281637383
6039,14.278720281637383
6040,11.276256139908511
6041,14.278720281637383
6042,12.458289403571435
6043,14.278720281637383
6044,14.278720281637383
6045,14.06510687972005
6046,14.278720281637383
6047,13.80677615117464
6048,14.278720281637383
6049,14.278720281637383
6050,11.332250489906233
6051,14.278720281637383
6052,14.278720281637383
6053,14.278720281637383
6054,14.278720281637383
6055,16.268634615464105
6056,14.278720281637383
6057,14.278720281637383
6058,13.898908514118004
6059,14.278720281637383
6060,14.278720281637383
6061,16.268634615464105
6062,11.332250489906233
6063,14.278720281637383
6064,14.629153298258409
6065,13.898908514118004
6066,14.278720281637383
6067,14.278720281637383
6068,14.278720281637383
6069,16.268634615464105
6070,14.278720281637383
6071,14.278720281637383
6072,13.76156610078842
6073,16.268634615464105
6074,14.278720281637383
6075,14.278720281637383
6076,14.278720281637383
6077,14.278720281637383
6078,16.268634615464105
6079,14.618665539514378
6080,13.898908514118004
6081,14.278720281637383
6082,14.278720281637383
6083,15.715051249473614
6084,13.898908514118004
6085,14.278720281637383
6086,13.80677615117464
6087,14.278720281637383
6088,14.06510687972005
6089,14.408560574011057
6090,14.278720281637383
6091,11.332250489906233
6092,14.278720281637383
6093,14.278720281637383
6094,14.278720281637383
6095,14.278720281637383
6096,16.268634615464105
6097,14.278720281637383
6098,16.268634615464105
6099,13.898908514118004
6100,14.278720281637383
6101,14.278720281637383
6102,14.278720281637383
6103,13.898908514118004
6104,14.278720281637383
6105,14.278720281637383
6106,14.278720281637383
6107,14.278720281637383
6108,14.278720281637383
6109,14.278720281637383
6110,14.278720281637383
6111,14.629153298258409
6112,14.278720281637383
6113,14.278720281637383
6114,14.278720281637383
6115,13.369450811491523
6116,14.278720281637383
6117,14.278720281637383
6118,16.268634615464105
6119,13.80677615117464
6120,14.278720281637383
6121,14.278720281637383
6122,14.278720281637383
6123,14.629153298258409
6124,14.278720281637383
6125,13.80677615117464
6126,14.278720281637383
6127,13.80677615117464
6128,14.278720281637383
6129,14.278720281637383
6130,12.458289403571435
6131,14.278720281637383
6132,11.232969934224492
6133,14.629153298258409
6134,14.278720281637383
6135,14.278720281637383
6136,14.278720281637383
6137,14.278720281637383
6138,14.278720281637383
6139,14.278720281637383
6140,16.268634615464105
6141,12.458289403571435
6142,14.278720281637383
6143,14.278720281637383
6144,14.278720281637383
6145,13.608917210636477
6146,12.366157040628071
6147,14.278720281637383
6148,13.80677615117464
6149,14.278720281637383
6150,14.278720281637383
6151,13.898908514118004
6152,12.366157040628071
6153,14.278720281637383
6154,13.795052131389182
6155,13.788379456587784
6156,14.278720281637383
6157,14.629153298258409
6158,14.278720281637383
6159,14.278720281637383
6160,14.278720281637383
6161,14.278720281637383
6162,14.278720281637383
6163,13.788379456587784
6164,14.278720281637383
6165,14.618665539514378
6166,13.80677615117464
6167,14.278720281637383
6168,14.278720281637383
6169,14.278720281637383
6170,14.278720281637383
6171,14.278720281637383
6172,14.278720281637383
6173,14.278720281637383
6174,11.332250489906233
6175,13.898908514118004
6176,13.80677615117464
6177,13.898908514118004
6178,13.289623340316595
6179,13.01575106522569
6180,13.01575106522569
6181,13.946580436400678
6182,15.477965350804212
6183,11.074495990171478
6184,15.367305325895016
6185,10.694538310923505
6186,12.811818402518966
6187,14.288286852496647
6188,13.97462362990964
6189,13.97462362990964
6190,11.69619054978958
6191,13.97462362990964
6192,11.974975852562853
6193,13.97462362990964
6194,13.946580436400678
6195,13.559987807919759
6196,10.67577437189692
6197,13.97462362990964
6198,11.20872014589525
6199,11.407301448276598
6200,11.38617292211681
6201,13.10246675383246
6202,13.97462362990964
6203,13.97462362990964
6204,13.06432802329389
6205,11.074495990171478
6206,13.425403333685253
6207,13.840422406072415
6208,13.01575106522569
6209,11.407301448276598
6210,10.694538310923505
6211,13.01575106522569
6212,11.407301448276598
6213,13.97462362990964
6214,13.01575106522569
6215,14.325056646530665
6216,13.01575106522569
6217,14.325056646530665
6218,11.074495990171478
6219,13.06432802329389
6220,13.01575106522569
6221,13.97462362990964
6222,15.181977328058808
6223,13.97462362990964
6224,14.054843312841747
6225,13.755477925515404
6226,13.97462362990964
6227,10.998483293051585
6228,13.97462362990964
6229,13.97462362990964
6230,11.20872014589525
6231,13.01575106522569
6232,12.69935471097976
6233,13.06432802329389
6234,13.840422406072415
6235,11.552457271817067
6236,13.01575106522569
6237,12.76845534937571
6238,11.074495990171478
6239,14.106330222860043
6240,12.451531607757653
6241,13.97462362990964
6242,13.309436932781159
6243,13.01575106522569
6244,13.839050598095424
6245,13.01575106522569
6246,13.10246675383246
6247,13.01575106522569
6248,14.134373416369005
6249,13.812379212563453
6250,13.946580436400678
6251,11.407301448276598
6252,15.958129415924171
6253,14.016704582303177
6254,14.19085542269344
6255,13.01575106522569
6256,13.06432802329389
6257,13.97462362990964
6258,13.946580436400678
6259,10.694538310923505
6260,13.01575106522569
6261,13.309436932781159
6262,13.97462362990964
6263,13.01575106522569
6264,11.407301448276598
6265,13.01575106522569
6266,13.01575106522569
6267,13.840422406072415
6268,11.20872014589525
6269,13.97462362990964
6270,13.01575106522569
6271,13.97462362990964
6272,13.01575106522569
6273,13.309436932781159
6274,13.309436932781159
6275,13.97462362990964
6276,13.346173650691265
6277,15.958129415924171
6278,11.407301448276598
6279,13.10246675383246
6280,13.01575106522569
6281,14.299633263090543
6282,12.451531607757653
6283,10.881674950833455
6284,13.925766286702194
6285,13.10246675383246
6286,13.01575106522569
6287,11.074495990171478
6288,10.67577437189692
6289,14.134373416369005
6290,13.309436932781159
6291,14.325056646530665
6292,13.309436932781159
6293,11.074495990171478
6294,13.839050598095424
6295,13.01575106522569
6296,13.443638156618384
6297,10.67577437189692
6298,11.407301448276598
6299,11.407301448276598
6300,11.552457271817067
6301,13.01575106522569
6302,13.01575106522569
6303,13.01575106522569
6304,12.811818402518966
6305,13.01575106522569
6306,12.500108565825853
6307,13.06432802329389
6308,13.97462362990964
6309,13.60486557963656
6310,13.97462362990964
6311,14.106330222860043
6312,13.01575106522569
6313,13.309436932781159
6314,13.01575106522569
6315,12.811818402518966
6316,11.407301448276598
6317,13.309436932781159
6318,13.946580436400678
6319,12.500108565825853
6320,13.289623340316595
6321,13.01575106522569
6322,13.925766286702194
6323,11.407301448276598
6324,13.01575106522569
6325,12.811818402518966
6326,14.054843312841747
6327,14.699246409605658
6328,10.881674950833455
6329,13.946580436400678
6330,11.407301448276598
6331,13.10246675383246
6332,13.97462362990964
6333,13.06432802329389
6334,13.01575106522569
6335,14.299633263090543
6336,13.06432802329389
6337,13.01575106522569
6338,13.309436932781159
6339,13.97462362990964
6340,12.811818402518966
6341,13.01575106522569
6342,12.40820998109179
6343,13.840422406072415
6344,11.407301448276598
6345,13.10246675383246
6346,13.01575106522569
6347,11.074495990171478
6348,13.946580436400678
6349,13.812379212563453
6350,13.889679149352629
6351,13.01575106522569
6352,13.425403333685253
6353,13.01575106522569
6354,13.97462362990964
6355,13.289623340316595
6356,13.06432802329389
6357,13.97462362990964
6358,13.01575106522569
6359,13.01575106522569
6360,12.76845534937571
6361,13.01575106522569
6362,14.134373416369005
6363,13.839050598095424
6364,13.443638156618384
6365,13.946580436400678
6366,11.552457271817067
6367,11.074495990171478
6368,13.01575106522569
6369,13.01575106522569
6370,12.811818402518966
6371,13.839050598095424
6372,10.881674950833455
6373,13.309436932781159
6374,14.278720281637383
6375,14.278720281637383
6376,14.278720281637383
6377,11.591734658461373
6378,14.278720281637383
6379,14.775486325081122
6380,11.923639652375682
6381,14.278720281637383
6382,14.278720281637383
6383,14.278720281637383
6384,14.278720281637383
6385,12.366157040628071
6386,14.278720281637383
6387,13.80677615117464
6388,14.278720281637383
6389,15.142823766093537
6390,14.278720281637383
6391,14.278720281637383
6392,14.278720281637383
6393,14.278720281637383
6394,11.38617292211681
6395,11.840774628725628
6396,11.840774628725628
6397,14.278720281637383
6398,14.278720281637383
6399,13.443638156618384
6400,13.425403333685253
6401,14.278720281637383
6402,13.443638156618384
6403,12.366157040628071
6404,13.309436932781159
6405,13.443638156618384
6406,14.278720281637383
6407,14.278720281637383
6408,14.618665539514378
6409,14.278720281637383
6410,13.443638156618384
6411,13.788379456587784
6412,13.309436932781159
6413,11.974975852562853
6414,13.425403333685253
6415,14.278720281637383
6416,11.57330956202676
6417,13.392301956431213
6418,16.268634615464105
6419,14.278720281637383
6420,13.887539093572165
6421,14.278720281637383
6422,14.278720281637383
6423,14.278720281637383
6424,13.309436932781159
6425,14.278720281637383
6426,13.443638156618384
6427,11.38617292211681
6428,14.75104051266837
6429,13.915582287081127
6430,11.332250489906233
6431,13.443638156618384
6432,14.278720281637383
6433,13.80677615117464
6434,13.392301956431213
6435,14.278720281637383
6436,13.392301956431213
6437,13.237501730664311
6438,14.629153298258409
6439,12.366157040628071
6440,13.309436932781159
6441,14.775486325081122
6442,11.923639652375682
6443,13.392301956431213
6444,14.278720281637383
6445,13.18616553047714
6446,13.443638156618384
6447,14.278720281637383
6448,14.278720281637383
6449,14.278720281637383
6450,13.309436932781159
6451,13.915582287081127
6452,14.278720281637383
6453,13.309436932781159
6454,14.75104051266837
6455,13.392301956431213
6456,13.369450811491523
6457,14.278720281637383
6458,14.278720281637383
6459,10.92419326422629
6460,14.278720281637383
6461,14.278720281637383
6462,13.915582287081127
6463,11.57330956202676
6464,14.278720281637383
6465,14.278720281637383
6466,14.278720281637383
6467,14.278720281637383
6468,13.443638156618384
6469,14.278720281637383
6470,14.278720281637383
6471,11.974975852562853
6472,11.332250489906233
6473,11.974975852562853
6474,13.392301956431213
6475,14.629153298258409
6476,14.629153298258409
6477,14.278720281637383
6478,13.76156610078842
6479,13.608917210636477
6480,12.787167112541031
6481,14.278720281637383
6482,13.392301956431213
6483,11.923639652375682
6484,14.278720281637383
6485,13.369450811491523
6486,14.278720281637383
6487,13.309436932781159
6488,14.278720281637383
6489,16.268634615464105
6490,14.278720281637383
6491,13.392301956431213
6492,16.268634615464105
6493,13.788379456587784
6494,14.278720281637383
6495,14.278720281637383
6496,13.788379456587784
6497,14.266015303702153
6498,14.278720281637383
6499,11.923639652375682
6500,14.278720281637383
6501,13.80677615117464
6502,11.974975852562853
6503,14.278720281637383
6504,14.278720281637383
6505,13.309436932781159
6506,13.392301956431213
6507,13.443638156618384
6508,14.278720281637383
6509,12.921368336378256
6510,13.309436932781159
6511,14.278720281637383
6512,11.974975852562853
6513,14.278720281637383
6514,14.278720281637383
6515,13.443638156618384
6516,13.915582287081127
6517,14.278720281637383
6518,13.443638156618384
6519,14.278720281637383
6520,11.57330956202676
6521,14.278720281637383
6522,16.268634615464105
6523,14.278720281637383
6524,14.278720281637383
6525,14.278720281637383
6526,13.443638156618384
6527,14.629153298258409
6528,13.915582287081127
6529,14.278720281637383
6530,14.618665539514378
6531,14.278720281637383
6532,14.278720281637383
6533,13.443638156618384
6534,14.278720281637383
6535,14.278720281637383
6536,15.366310415110275
6537,14.278720281637383
6538,13.309436932781159
6539,12.508183744476943
6540,13.915582287081127
6541,11.840774628725628
6542,14.278720281637383
6543,14.278720281637383
6544,13.443638156618384
6545,13.788379456587784
6546,14.278720281637383
6547,15.03255639752884
6548,15.03255639752884
6549,15.03255639752884
6550,15.03255639752884
6551,15.03255639752884
6552,15.03255639752884
6553,14.632016439106136
6554,15.03255639752884
6555,15.03255639752884
6556,15.03255639752884
6557,15.03255639752884
6558,11.059970499871543
6559,15.03255639752884
6560,15.03255639752884
6561,15.03255639752884
6562,15.03255639752884
6563,15.03255639752884
6564,15.03255639752884
6565,15.03255639752884
6566,15.03255639752884
6567,15.03255639752884
6568,15.03255639752884
6569,12.953943430641944
6570,16.275935272773893
6571,14.375299919109752
6572,15.03255639752884
6573,15.03255639752884
6574,15.03255639752884
6575,15.03255639752884
6576,15.03255639752884
6577,16.275935272773893
6578,15.03255639752884
6579,15.03255639752884
6580,15.03255639752884
6581,15.03255639752884
6582,15.03255639752884
6583,15.03255639752884
6584,15.03255639752884
6585,15.03255639752884
6586,16.334976615602407
6587,15.03255639752884
6588,14.632016439106136
6589,10.270774402891988
6590,15.03255639752884
6591,15.03255639752884
6592,14.632016439106136
6593,15.03255639752884
6594,15.03255639752884
6595,15.03255639752884
6596,15.091597740357352
6597,13.889301190883433
6598,13.889301190883433
6599,15.372501655405834
6600,11.059970499871543
6601,15.372501655405834
6602,15.372501655405834
6603,14.1660286140157
6604,15.03255639752884
6605,11.059970499871543
6606,15.03255639752884
6607,15.03255639752884
6608,15.03255639752884
6609,14.1660286140157
6610,15.03255639752884
6611,15.03255639752884
6612,15.03255639752884
6613,15.372501655405834
6614,14.1660286140157
6615,13.889301190883433
6616,15.03255639752884
6617,13.889301190883433
6618,15.03255639752884
6619,15.03255639752884
6620,16.507052449667693
6621,15.03255639752884
6622,15.03255639752884
6623,15.372501655405834
6624,15.03255639752884
6625,13.889301190883433
6626,15.03255639752884
6627,14.632016439106136
6628,15.372501655405834
6629,15.372501655405834
6630,15.03255639752884
6631,15.03255639752884
6632,15.03255639752884
6633,15.03255639752884
6634,15.03255639752884
6635,16.507052449667693
6636,15.372501655405834
6637,15.03255639752884
6638,15.03255639752884
6639,13.889301190883433
6640,14.1660286140157
6641,15.03255639752884
6642,15.03255639752884
6643,13.889301190883433
6644,16.504912542460957
6645,11.059970499871543
6646,15.03255639752884
6647,15.03255639752884
6648,15.03255639752884
6649,15.372501655405834
6650,15.03255639752884
6651,15.03255639752884
6652,15.03255639752884
6653,15.03255639752884
6654,15.03255639752884
6655,15.03255639752884
6656,15.03255639752884
6657,15.03255639752884
6658,15.03255639752884
6659,16.507052449667693
6660,15.03255639752884
6661,16.507052449667693
6662,14.632016439106136
6663,15.03255639752884
6664,15.03255639752884
6665,15.03255639752884
6666,15.03255639752884
6667,11.178332685136326
6668,15.03255639752884
6669,15.03255639752884
6670,15.03255639752884
6671,15.03255639752884
6672,13.889301190883433
6673,14.632016439106136
6674,14.1660286140157
6675,16.507052449667693
6676,15.03255639752884
6677,15.03255639752884
6678,15.03255639752884
6679,15.091597740357352
6680,15.03255639752884
6681,15.03255639752884
6682,16.507052449667693
6683,11.178332685136326
6684,16.507052449667693
6685,15.03255639752884
6686,15.03255639752884
6687,15.03255639752884
6688,15.372501655405834
6689,11.178332685136326
6690,15.372501655405834
6691,16.507052449667693
6692,15.372501655405834
6693,15.03255639752884
6694,15.372501655405834
6695,15.03255639752884
6696,15.03255639752884
6697,15.03255639752884
6698,16.507052449667693
6699,16.507052449667693
6700,16.275935272773893
6701,15.03255639752884
6702,15.03255639752884
6703,16.507052449667693
6704,15.03255639752884
6705,13.889301190883433
6706,14.632016439106136
6707,15.03255639752884
6708,15.03255639752884
6709,15.03255639752884
6710,12.953943430641944
6711,15.03255639752884
6712,14.632016439106136
6713,12.953943430641944
6714,14.632016439106136
6715,15.03255639752884
6716,14.1660286140157
6717,14.1660286140157
6718,15.03255639752884
6719,15.03255639752884
6720,15.03255639752884
6721,15.03255639752884
6722,15.03255639752884
6723,14.632016439106136
6724,15.03255639752884
6725,15.03255639752884
6726,14.215806374942249
6727,15.03255639752884
6728,16.507052449667693
6729,15.372501655405834
6730,14.632016439106136
6731,15.372501655405834
6732,15.372501655405834
6733,14.632016439106136
6734,16.507052449667693
6735,13.21990230685421
6736,13.86293795196527
6737,14.109699528236813
6738,12.947562049137739
6739,12.223754992390944
6740,12.947562049137739
6741,10.161319265365492
6742,13.86293795196527
6743,13.86293795196527
6744,13.931350599629813
6745,14.519428568613842
6746,13.86293795196527
6747,13.86293795196527
6748,15.077047737954505
6749,14.179483310736847
6750,15.777456918181219
6751,12.904198995994483
6752,14.413926509380891
6753,14.179483310736847
6754,11.976289593623314
6755,13.931350599629813
6756,15.128364101156627
6757,13.195969684840106
6758,14.238626011994146
6759,12.834310900640839
6760,13.389862099165974
6761,12.678360157479617
6762,14.413926509380891
6763,13.926105317249064
6764,13.655665244725062
6765,13.118864022897045
6766,14.413926509380891
6767,13.626299085607688
6768,11.84789180206536
6769,13.626299085607688
6770,14.82678693557232
6771,13.926105317249064
6772,14.748057657239805
6773,13.86293795196527
6774,14.220735520201117
6775,14.748057657239805
6776,13.26303251925813
6777,11.84789180206536
6778,13.26303251925813
6779,13.15260663169685
6780,14.748057657239805
6781,13.507930015547705
6782,13.397435987331383
6783,12.947562049137739
6784,14.604713657890708
6785,13.501279167766002
6786,14.82678693557232
6787,13.931350599629813
6788,15.913656993880283
6789,14.748057657239805
6790,14.179483310736847
6791,13.86293795196527
6792,13.397435987331383
6793,14.748057657239805
6794,14.748057657239805
6795,13.758393613488646
6796,13.923374230124779
6797,14.604713657890708
6798,12.760679724347622
6799,14.9446589157677
6800,13.397435987331383
6801,14.413926509380891
6802,12.760679724347622
6803,11.46035749373261
6804,14.179483310736847
6805,12.223754992390944
6806,11.46035749373261
6807,11.46035749373261
6808,15.777456918181219
6809,13.195969684840106
6810,13.118864022897045
6811,14.748057657239805
6812,14.92216310784147
6813,13.86293795196527
6814,13.147925609141813
6815,14.413926509380891
6816,13.195969684840106
6817,14.604713657890708
6818,12.51419406152969
6819,12.800175145791826
6820,13.844703129032139
6821,13.907870494315933
6822,12.947562049137739
6823,12.947562049137739
6824,11.84789180206536
6825,14.604713657890708
6826,14.519428568613842
6827,13.26303251925813
6828,14.179483310736847
6829,13.195969684840106
6830,13.397435987331383
6831,14.804015527381969
6832,13.626299085607688
6833,13.626299085607688
6834,13.86293795196527
6835,14.519428568613842
6836,13.923374230124779
6837,13.564446533049797
6838,13.397435987331383
6839,13.923374230124779
6840,14.720014463730843
6841,14.179483310736847
6842,14.413926509380891
6843,14.413926509380891
6844,13.195969684840106
6845,14.029161105178135
6846,14.604713657890708
6847,12.585903264938471
6848,14.220735520201117
6849,13.907870494315933
6850,15.232980981131568
6851,14.413926509380891
6852,13.397435987331383
6853,11.822199122962381
6854,14.604713657890708
6855,14.413926509380891
6856,13.86293795196527
6857,14.220735520201117
6858,16.10537129487759
6859,14.413926509380891
6860,10.161319265365492
6861,13.204298400273013
6862,12.637971235964082
6863,15.156697635717013
6864,14.179483310736847
6865,10.950515362345046
6866,14.748057657239805
6867,14.413926509380891
6868,14.413926509380891
6869,13.844703129032139
6870,16.526184329553068
6871,15.077047737954505
6872,13.86293795196527
6873,15.58160710354421
6874,13.711570824478741
6875,15.713658205640813
6876,13.567015929562107
6877,13.534329788841237
6878,13.98094321007238
6879,14.413926509380891
6880,14.029161105178135
6881,14.376165742443712
6882,13.86293795196527
6883,13.397435987331383
6884,15.128364101156627
6885,16.159316004682204
6886,13.926105317249064
6887,13.86293795196527
6888,13.86293795196527
6889,12.223754992390944
6890,10.161319265365492
6891,13.501279167766002
6892,14.25692542850923
6893,13.501279167766002
6894,14.748057657239805
6895,13.626299085607688
6896,13.718832610008857
6897,12.947562049137739
6898,13.143862122113504
6899,13.931350599629813
6900,14.179483310736847
6901,13.711570824478741
6902,12.834310900640839
6903,13.844703129032139
6904,14.029161105178135
6905,13.626299085607688
6906,13.15260663169685
6907,13.86293795196527
6908,13.26303251925813
6909,11.822199122962381
6910,13.26303251925813
6911,13.195969684840106
6912,12.51419406152969
6913,14.604713657890708
6914,13.907870494315933
6915,11.691018351742528
6916,12.804042777490878
6917,14.519428568613842
6918,14.413926509380891
6919,14.179483310736847
6920,13.147925609141813
6921,12.855107101670352
6922,13.844703129032139
6923,13.926105317249064
6924,13.889301190883433
6925,14.1660286140157
6926,15.431542998234347
6927,15.091597740357352
6928,16.566093792496204
6929,15.091597740357352
6930,14.939402210755219
6931,15.091597740357352
6932,15.091597740357352
6933,15.091597740357352
6934,15.091597740357352
6935,16.566093792496204
6936,15.091597740357352
6937,15.091597740357352
6938,15.091597740357352
6939,15.091597740357352
6940,15.091597740357352
6941,14.1660286140157
6942,13.889301190883433
6943,11.178332685136326
6944,15.091597740357352
6945,15.091597740357352
6946,16.566093792496204
6947,15.091597740357352
6948,15.091597740357352
6949,15.091597740357352
6950,15.091597740357352
6951,15.091597740357352
6952,14.939402210755219
6953,15.091597740357352
6954,15.091597740357352
6955,16.566093792496204
6956,15.26876840813856
6957,14.939402210755219
6958,13.889301190883433
6959,15.091597740357352
6960,15.091597740357352
6961,14.939402210755219
6962,15.091597740357352
6963,15.091597740357352
6964,14.928823150261566
6965,15.091597740357352
6966,15.091597740357352
6967,15.091597740357352
6968,15.091597740357352
6969,14.939402210755219
6970,15.091597740357352
6971,15.091597740357352
6972,15.091597740357352
6973,13.889301190883433
6974,15.091597740357352
6975,15.091597740357352
6976,10.717154963164678
6977,14.939402210755219
6978,15.091597740357352
6979,14.939402210755219
6980,15.091597740357352
6981,15.091597740357352
6982,15.091597740357352
6983,14.434341261938265
6984,14.939402210755219
6985,14.939402210755219
6986,14.939402210755219
6987,16.334976615602407
6988,15.091597740357352
6989,15.091597740357352
6990,16.561254420897875
6991,15.091597740357352
6992,15.091597740357352
6993,14.939402210755219
6994,15.091597740357352
6995,15.091597740357352
6996,14.434341261938265
6997,15.431542998234347
6998,15.091597740357352
6999,15.091597740357352
7000,15.091597740357352
7001,14.939402210755219
7002,15.091597740357352
7003,11.059970499871543
7004,15.091597740357352
7005,16.182781086000272
7006,15.431542998234347
7007,14.939402210755219
7008,15.091597740357352
7009,15.091597740357352
7010,16.182781086000272
7011,15.091597740357352
7012,15.091597740357352
7013,15.091597740357352
7014,15.091597740357352
7015,14.1660286140157
7016,14.928823150261566
7017,14.939402210755219
7018,15.091597740357352
7019,15.091597740357352
7020,15.091597740357352
7021,16.334976615602407
7022,14.1660286140157
7023,14.434341261938265
7024,16.334976615602407
7025,16.334976615602407
7026,15.091597740357352
7027,16.561254420897875
7028,15.091597740357352
7029,15.091597740357352
7030,15.431542998234347
7031,14.928823150261566
7032,14.1660286140157
7033,10.717154963164678
7034,14.208227042234968
7035,15.091597740357352
7036,14.274847717770761
7037,15.091597740357352
7038,15.091597740357352
7039,14.538862252332516
7040,15.091597740357352
7041,15.091597740357352
7042,11.178332685136326
7043,14.939402210755219
7044,15.091597740357352
7045,14.928823150261566
7046,15.431542998234347
7047,15.091597740357352
7048,11.178332685136326
7049,11.178332685136326
7050,16.566093792496204
7051,15.431542998234347
7052,15.431542998234347
7053,15.091597740357352
7054,11.178332685136326
7055,14.69105778193465
7056,15.431542998234347
7057,14.274847717770761
7058,15.091597740357352
7059,16.334976615602407
7060,15.091597740357352
7061,16.334976615602407
7062,15.091597740357352
7063,15.091597740357352
7064,15.091597740357352
7065,13.889301190883433
7066,15.431542998234347
7067,14.939402210755219
7068,14.282145732336131
7069,15.091597740357352
7070,15.091597740357352
7071,14.1660286140157
7072,15.091597740357352
7073,13.889301190883433
7074,14.1660286140157
7075,15.091597740357352
7076,16.334976615602407
7077,15.091597740357352
7078,11.178332685136326
7079,15.091597740357352
7080,15.091597740357352
7081,10.270774402891988
7082,16.566093792496204
7083,15.431542998234347
7084,15.091597740357352
7085,15.091597740357352
7086,16.566093792496204
7087,15.091597740357352
7088,15.091597740357352
7089,14.69105778193465
7090,13.889301190883433
7091,15.091597740357352
7092,16.566093792496204
7093,15.091597740357352
7094,15.091597740357352
7095,15.091597740357352
7096,13.931499619102702
7097,15.091597740357352
7098,16.182781086000272
7099,14.538862252332516
7100,15.091597740357352
7101,15.091597740357352
7102,15.091597740357352
7103,15.091597740357352
7104,14.939402210755219
7105,15.091597740357352
7106,15.091597740357352
7107,13.840422406072415
7108,11.032716489433701
7109,12.451531607757653
7110,13.10246675383246
7111,13.01575106522569
7112,13.163736225218637
7113,13.01575106522569
7114,13.01575106522569
7115,13.01575106522569
7116,14.337761624465896
7117,14.337761624465896
7118,14.19085542269344
7119,12.366157040628071
7120,11.032716489433701
7121,13.309436932781159
7122,13.812379212563453
7123,13.443638156618384
7124,11.83287657561805
7125,13.01575106522569
7126,13.01575106522569
7127,11.607907626402861
7128,13.925766286702194
7129,13.683729430108322
7130,14.12105476979144
7131,12.451531607757653
7132,13.01575106522569
7133,13.309436932781159
7134,13.291202109848028
7135,13.840422406072415
7136,12.451531607757653
7137,13.80677615117464
7138,13.80677615117464
7139,14.12105476979144
7140,14.12105476979144
7141,13.01575106522569
7142,12.538247296364423
7143,14.060629996679726
7144,13.01575106522569
7145,13.840422406072415
7146,11.974975852562853
7147,14.337761624465896
7148,14.337761624465896
7149,13.812379212563453
7150,13.01575106522569
7151,14.616366838339047
7152,11.407301448276598
7153,13.01575106522569
7154,11.407301448276598
7155,14.616366838339047
7156,10.694538310923505
7157,11.032716489433701
7158,13.812379212563453
7159,12.366157040628071
7160,14.337761624465896
7161,13.01575106522569
7162,14.12105476979144
7163,13.10246675383246
7164,11.173189504475642
7165,13.01575106522569
7166,13.80677615117464
7167,13.10246675383246
7168,10.228256089499155
7169,12.332647429863394
7170,13.80677615117464
7171,12.366157040628071
7172,13.163736225218637
7173,13.309436932781159
7174,11.005382432389071
7175,11.005382432389071
7176,14.12105476979144
7177,11.607907626402861
7178,13.309436932781159
7179,13.443638156618384
7180,13.839050598095424
7181,11.840774628725628
7182,16.050135576095514
7183,13.369450811491523
7184,13.01575106522569
7185,13.80677615117464
7186,13.01575106522569
7187,13.01575106522569
7188,13.01575106522569
7189,13.163736225218637
7190,13.840422406072415
7191,13.01575106522569
7192,12.451531607757653
7193,14.380789224941395
7194,13.309436932781159
7195,13.01575106522569
7196,13.755477925515404
7197,13.01575106522569
7198,13.443638156618384
7199,13.309436932781159
7200,13.01575106522569
7201,13.01575106522569
7202,13.01575106522569
7203,14.12105476979144
7204,13.425403333685253
7205,14.12105476979144
7206,15.545115322615064
7207,13.01575106522569
7208,12.451531607757653
7209,13.01575106522569
7210,13.443638156618384
7211,11.407301448276598
7212,13.01575106522569
7213,14.060629996679726
7214,13.10246675383246
7215,14.12105476979144
7216,14.12105476979144
7217,13.309436932781159
7218,13.01575106522569
7219,10.694538310923505
7220,13.443638156618384
7221,13.163736225218637
7222,11.032716489433701
7223,13.10246675383246
7224,12.5995167677506
7225,13.443638156618384
7226,12.921368336378256
7227,13.01575106522569
7228,11.407301448276598
7229,13.163736225218637
7230,11.005382432389071
7231,13.80677615117464
7232,12.787167112541031
7233,13.01575106522569
7234,13.01575106522569
7235,12.018121147481809
7236,11.407301448276598
7237,11.407301448276598
7238,13.01575106522569
7239,13.01575106522569
7240,13.01575106522569
7241,13.01575106522569
7242,15.545115322615064
7243,11.173189504475642
7244,12.451531607757653
7245,13.01575106522569
7246,13.80677615117464
7247,14.12105476979144
7248,14.02182864350226
7249,11.407301448276598
7250,14.380789224941395
7251,12.451531607757653
7252,13.01575106522569
7253,13.163736225218637
7254,13.80677615117464
7255,11.407301448276598
7256,11.607907626402861
7257,13.01575106522569
7258,11.184123776965148
7259,13.01575106522569
7260,13.01575106522569
7261,13.80677615117464
7262,13.01575106522569
7263,13.80677615117464
7264,14.12105476979144
7265,13.01575106522569
7266,12.332647429863394
7267,13.591688230788645
7268,13.80677615117464
7269,13.01575106522569
7270,11.607907626402861
7271,11.230566200853984
7272,13.01575106522569
7273,13.80677615117464
7274,13.01575106522569
7275,13.694599930050192
7276,12.332647429863394
7277,14.688194641086922
7278,13.309436932781159
7279,12.451531607757653
7280,13.01575106522569
7281,13.01575106522569
7282,13.01575106522569
7283,13.01575106522569
7284,11.173189504475642
7285,13.01575106522569
7286,12.451531607757653
7287,13.839050598095424
7288,13.80677615117464
7289,11.607907626402861
7290,13.10246675383246
7291,13.01575106522569
7292,14.060629996679726
7293,11.032716489433701
7294,13.163736225218637
7295,14.14892487035745
7296,13.309436932781159
7297,14.584153043880892
7298,16.520360969760056
7299,14.71758627783092
7300,14.869781807433053
7301,16.515521598161726
7302,14.869781807433053
7303,14.689655103113843
7304,14.869781807433053
7305,16.323940081154387
7306,15.03255639752884
7307,14.584153043880892
7308,14.869781807433053
7309,14.334025747327672
7310,14.215806374942249
7311,14.584153043880892
7312,16.11316068267811
7313,14.555247351484136
7314,14.869781807433053
7315,14.349709845236848
7316,11.059970499871543
7317,14.334025747327672
7318,14.70744288108627
7319,14.70744288108627
7320,14.736348573483026
7321,16.275935272773893
7322,14.70744288108627
7323,14.349709845236848
7324,14.869781807433053
7325,14.334025747327672
7326,14.70744288108627
7327,13.919598550896435
7328,13.889301190883433
7329,15.03255639752884
7330,13.795198350317008
7331,14.584153043880892
7332,15.03255639752884
7333,15.03255639752884
7334,14.71758627783092
7335,14.71758627783092
7336,14.584153043880892
7337,14.349709845236848
7338,14.736348573483026
7339,14.869781807433053
7340,15.372501655405834
7341,15.03255639752884
7342,14.349709845236848
7343,13.726526600787647
7344,16.515521598161726
7345,14.736348573483026
7346,14.689655103113843
7347,14.334025747327672
7348,15.54137944547684
7349,14.584153043880892
7350,14.349709845236848
7351,13.517275724741081
7352,14.869781807433053
7353,13.814779229881315
7354,11.178332685136326
7355,14.349709845236848
7356,15.03255639752884
7357,14.869781807433053
7358,14.736348573483026
7359,14.869781807433053
7360,15.03255639752884
7361,15.03255639752884
7362,14.736348573483026
7363,14.334025747327672
7364,14.349709845236848
7365,14.334025747327672
7366,14.70744288108627
7367,15.03255639752884
7368,14.555247351484136
7369,14.349709845236848
7370,14.869781807433053
7371,13.814779229881315
7372,14.924098301757887
7373,14.555247351484136
7374,15.03255639752884
7375,16.275935272773893
7376,14.869781807433053
7377,14.584153043880892
7378,14.869781807433053
7379,14.869781807433053
7380,14.869781807433053
7381,14.869781807433053
7382,14.70744288108627
7383,13.889301190883433
7384,16.323940081154387
7385,14.689655103113843
7386,15.03255639752884
7387,14.869781807433053
7388,15.03255639752884
7389,13.726526600787647
7390,14.736348573483026
7391,14.555247351484136
7392,10.270774402891988
7393,14.673971005204667
7394,14.71758627783092
7395,14.334025747327672
7396,14.334025747327672
7397,14.71758627783092
7398,15.372501655405834
7399,14.736348573483026
7400,15.557063543386016
7401,16.507052449667693
7402,11.178332685136326
7403,14.924098301757887
7404,15.03255639752884
7405,14.869781807433053
7406,14.869781807433053
7407,16.339624179063563
7408,16.520360969760056
7409,14.349709845236848
7410,14.349709845236848
7411,14.736348573483026
7412,14.869781807433053
7413,11.059970499871543
7414,14.71758627783092
7415,15.03255639752884
7416,13.726526600787647
7417,16.520360969760056
7418,14.349709845236848
7419,14.334025747327672
7420,14.349709845236848
7421,11.178332685136326
7422,15.03255639752884
7423,17.312784138223325
7424,15.03255639752884
7425,14.555247351484136
7426,14.349709845236848
7427,14.584153043880892
7428,10.270774402891988
7429,14.70744288108627
7430,14.334025747327672
7431,14.584153043880892
7432,14.869781807433053
7433,16.507052449667693
7434,14.555247351484136
7435,14.584153043880892
7436,15.209727065310048
7437,14.584153043880892
7438,13.889301190883433
7439,14.584153043880892
7440,14.89519260936113
7441,15.03255639752884
7442,14.869781807433053
7443,14.71758627783092
7444,13.814779229881315
7445,14.869781807433053
7446,14.70744288108627
7447,14.869781807433053
7448,14.349709845236848
7449,14.334025747327672
7450,14.70744288108627
7451,14.869781807433053
7452,15.209727065310048
7453,13.532959822650257
7454,13.814779229881315
7455,14.555247351484136
7456,14.584153043880892
7457,14.736348573483026
7458,11.059970499871543
7459,15.03255639752884
7460,14.869781807433053
7461,14.869781807433053
7462,16.520360969760056
7463,14.334025747327672
7464,15.03255639752884
7465,14.584153043880892
7466,14.349709845236848
7467,13.889301190883433
7468,14.555247351484136
7469,14.71758627783092
7470,14.349709845236848
7471,16.509226857927263
7472,14.334025747327672
7473,16.275935272773893
7474,15.03255639752884
7475,16.339624179063563
7476,15.03255639752884
7477,15.950821756331324
7478,15.03255639752884
7479,12.039228612836723
7480,15.209727065310048
7481,12.850610093082127
7482,13.079242263204677
7483,12.817212730626652
7484,11.932417478235799
7485,11.114024045165003
7486,13.308512145205066
7487,12.967648021253458
7488,12.967648021253458
7489,12.850610093082127
7490,13.016832989837718
7491,13.514840490134143
7492,13.216104568699716
7493,13.016832989837718
7494,13.445736581462025
7495,12.206950998306956
7496,13.477875522119284
7497,10.596113187062285
7498,12.850610093082127
7499,13.66973774172783
7500,13.000756046018326
7501,13.216104568699716
7502,11.310049243177053
7503,12.799885656924706
7504,13.386769452335857
7505,13.016832989837718
7506,12.817212730626652
7507,12.040728101551368
7508,13.216104568699716
7509,13.035193438634085
7510,13.016832989837718
7511,12.817212730626652
7512,13.240244939224493
7513,12.855241102938873
7514,13.016832989837718
7515,13.367495209090544
7516,11.604692369549777
7517,13.66973774172783
7518,12.853438794160118
7519,13.079242263204677
7520,13.386769452335857
7521,13.367495209090544
7522,13.016832989837718
7523,13.079242263204677
7524,12.799885656924706
7525,12.850610093082127
7526,13.440105728965522
7527,13.006631743329699
7528,12.206950998306956
7529,13.66973774172783
7530,13.216104568699716
7531,12.206950998306956
7532,13.34071162882039
7533,12.817212730626652
7534,12.817212730626652
7535,12.040728101551368
7536,12.967648021253458
7537,13.386769452335857
7538,13.016832989837718
7539,12.206950998306956
7540,12.817212730626652
7541,12.799885656924706
7542,12.206950998306956
7543,12.855241102938873
7544,11.657048277168837
7545,11.657048277168837
7546,13.016832989837718
7547,10.596113187062285
7548,13.390920760381263
7549,13.016832989837718
7550,12.850610093082127
7551,12.206950998306956
7552,12.95283289430525
7553,12.95283289430525
7554,13.440105728965522
7555,13.386769452335857
7556,13.016832989837718
7557,13.440105728965522
7558,13.514840490134143
7559,13.337584483751598
7560,12.17855557996708
7561,13.079242263204677
7562,12.040728101551368
7563,13.000756046018326
7564,12.799885656924706
7565,13.016832989837718
7566,12.967648021253458
7567,13.440105728965522
7568,12.799885656924706
7569,13.318310240506285
7570,13.016832989837718
7571,13.386769452335857
7572,13.254801611449109
7573,13.440105728965522
7574,13.079242263204677
7575,12.255305988925873
7576,13.440105728965522
7577,11.657048277168837
7578,12.850610093082127
7579,13.390920760381263
7580,12.850610093082127
7581,13.216104568699716
7582,12.799885656924706
7583,13.0452404708106
7584,13.079242263204677
7585,11.310049243177053
7586,13.440105728965522
7587,13.035193438634085
7588,11.657048277168837
7589,12.206950998306956
7590,13.016832989837718
7591,12.853438794160118
7592,12.206950998306956
7593,13.016832989837718
7594,13.016832989837718
7595,12.206950998306956
7596,13.016832989837718
7597,13.035193438634085
7598,10.686803207533575
7599,12.206950998306956
7600,13.514840490134143
7601,13.268101108945412
7602,11.604692369549777
7603,12.817212730626652
7604,12.967648021253458
7605,12.850610093082127
7606,13.440105728965522
7607,12.255305988925873
7608,13.216104568699716
7609,13.440105728965522
7610,13.16691960011546
7611,13.290839329868337
7612,13.386769452335857
7613,13.390920760381263
7614,11.310049243177053
7615,13.016832989837718
7616,13.440105728965522
7617,13.079242263204677
7618,12.967648021253458
7619,12.255305988925873
7620,13.514840490134143
7621,13.000756046018326
7622,11.114024045165003
7623,13.016832989837718
7624,13.386769452335857
7625,12.967648021253458
7626,13.318310240506285
7627,13.016832989837718
7628,12.850610093082127
7629,13.016832989837718
7630,12.855241102938873
7631,12.799885656924706
7632,13.308512145205066
7633,11.932417478235799
7634,13.216104568699716
7635,13.000756046018326
7636,13.367495209090544
7637,13.025905986575012
7638,13.440105728965522
7639,13.016832989837718
7640,13.440105728965522
7641,10.791135534474929
7642,12.919593309388995
7643,13.079242263204677
7644,12.799885656924706
7645,10.596113187062285
7646,13.857338123944404
7647,13.857338123944404
7648,14.018963647066565
7649,13.932072885113024
7650,14.391315700022286
7651,14.018963647066565
7652,14.445719827610056
7653,13.857338123944404
7654,14.391315700022286
7655,14.426915394583707
7656,14.391315700022286
7657,13.669357856671104
7658,13.30304767352566
7659,14.000654518471956
7660,13.957950625881484
7661,13.24481200291543
7662,13.085061572289439
7663,13.857338123944404
7664,13.307699072471836
7665,13.857338123944404
7666,13.857338123944404
7667,13.757944023799272
7668,13.857338123944404
7669,13.857338123944404
7670,13.857338123944404
7671,14.018963647066565
7672,13.857338123944404
7673,13.857338123944404
7674,13.236259607454793
7675,13.857338123944404
7676,13.131505430343678
7677,13.131505430343678
7678,13.610074700625523
7679,13.321254860215037
7680,14.018963647066565
7681,13.932072885113024
7682,13.857338123944404
7683,14.954608302431124
7684,13.857338123944404
7685,13.857338123944404
7686,13.705993050670864
7687,13.857338123944404
7688,13.002959129159025
7689,13.857338123944404
7690,13.131505430343678
7691,14.018963647066565
7692,13.857338123944404
7693,14.086575756709475
7694,13.321254860215037
7695,13.857338123944404
7696,13.857338123944404
7697,13.857338123944404
7698,13.857338123944404
7699,14.391315700022286
7700,13.364617913358293
7701,13.857338123944404
7702,13.364617913358293
7703,13.552598180631593
7704,13.669357856671104
7705,13.857338123944404
7706,13.236259607454793
7707,14.018963647066565
7708,13.857338123944404
7709,12.988996184135912
7710,13.236259607454793
7711,13.307699072471836
7712,13.857338123944404
7713,14.018963647066565
7714,13.857338123944404
7715,13.236259607454793
7716,13.131505430343678
7717,13.669357856671104
7718,13.857338123944404
7719,14.018963647066565
7720,14.13253030904108
7721,13.857338123944404
7722,12.988996184135912
7723,14.000654518471956
7724,14.391315700022286
7725,13.857338123944404
7726,13.712817780724729
7727,13.857338123944404
7728,14.01755772403754
7729,13.857338123944404
7730,14.309921095773113
7731,13.757944023799272
7732,13.002959129159025
7733,13.857338123944404
7734,13.757944023799272
7735,13.857338123944404
7736,13.857338123944404
7737,13.24481200291543
7738,13.610074700625523
7739,13.857338123944404
7740,13.712817780724729
7741,13.364617913358293
7742,13.857338123944404
7743,13.712817780724729
7744,13.364617913358293
7745,13.552598180631593
7746,13.857338123944404
7747,13.857338123944404
7748,13.857338123944404
7749,13.857338123944404
7750,13.957950625881484
7751,14.018963647066565
7752,13.712817780724729
7753,14.426915394583707
7754,13.085061572289439
7755,12.857936065672602
7756,13.705993050670864
7757,14.445719827610056
7758,15.07276671460018
7759,13.857338123944404
7760,15.07276671460018
7761,13.524554987122631
7762,14.426915394583707
7763,13.24481200291543
7764,14.391315700022286
7765,13.712817780724729
7766,13.24481200291543
7767,13.857338123944404
7768,13.857338123944404
7769,13.857338123944404
7770,13.857338123944404
7771,12.988996184135912
7772,14.445719827610056
7773,13.757944023799272
7774,13.857338123944404
7775,13.857338123944404
7776,13.131505430343678
7777,14.018963647066565
7778,13.857338123944404
7779,13.957950625881484
7780,13.610074700625523
7781,13.857338123944404
7782,13.857338123944404
7783,13.857338123944404
7784,14.391315700022286
7785,13.757944023799272
7786,13.364617913358293
7787,13.356016848972104
7788,14.954608302431124
7789,13.705993050670864
7790,13.307699072471836
7791,12.970264536703887
7792,14.426915394583707
7793,13.857338123944404
7794,13.857338123944404
7795,13.857338123944404
7796,13.857338123944404
7797,13.857338123944404
7798,13.002959129159025
7799,13.24481200291543
7800,13.857338123944404
7801,13.932072885113024
7802,14.000654518471956
7803,13.857338123944404
7804,14.086575756709475
7805,12.970264536703887
7806,13.857338123944404
7807,14.391315700022286
7808,13.321254860215037
7809,14.018963647066565
7810,14.391315700022286
7811,13.364617913358293
7812,13.857338123944404
7813,12.988996184135912
7814,13.857338123944404
7815,13.857338123944404
7816,13.857338123944404
7817,13.24481200291543
7818,14.018963647066565
7819,14.000654518471956
7820,13.017802906067086
7821,13.857338123944404
7822,13.857338123944404
7823,15.153992711971457
7824,13.307734353196544
7825,14.000654518471956
7826,14.01755772403754
7827,13.857338123944404
7828,13.857338123944404
7829,14.000654518471956
7830,14.000654518471956
7831,14.439628451956247
7832,13.857338123944404
7833,13.857338123944404
7834,13.757944023799272
7835,14.391315700022286
7836,14.954608302431124
7837,15.153992711971457
7838,13.857338123944404
7839,13.290998974511181
7840,13.932072885113024
7841,14.018963647066565
7842,14.000654518471956
7843,13.017802906067086
7844,13.857338123944404
7845,13.017802906067086
7846,13.757944023799272
7847,13.857338123944404
7848,14.391315700022286
7849,13.857338123944404
7850,13.757944023799272
7851,13.857338123944404
7852,13.017802906067086
7853,13.857338123944404
7854,13.857338123944404
7855,15.153992711971457
7856,14.45331516787724
7857,13.857338123944404
7858,14.391315700022286
7859,13.857338123944404
7860,13.857338123944404
7861,13.857338123944404
7862,13.857338123944404
7863,14.018963647066565
7864,13.857338123944404
7865,13.857338123944404
7866,13.857338123944404
7867,14.954608302431124
7868,14.000654518471956
7869,13.290998974511181
7870,15.153992711971457
7871,13.857338123944404
7872,14.018963647066565
7873,13.857338123944404
7874,14.018963647066565
7875,13.784343797092804
7876,13.857338123944404
7877,13.857338123944404
7878,13.017802906067086
7879,14.018963647066565
7880,13.857338123944404
7881,14.018963647066565
7882,13.757944023799272
7883,13.857338123944404
7884,13.017802906067086
7885,13.857338123944404
7886,13.857338123944404
7887,13.857338123944404
7888,13.017802906067086
7889,13.307734353196544
7890,13.857338123944404
7891,15.153992711971457
7892,13.857338123944404
7893,14.426915394583707
7894,14.954608302431124
7895,15.153992711971457
7896,14.439628451956247
7897,13.857338123944404
7898,15.153992711971457
7899,13.857338123944404
7900,13.017802906067086
7901,13.857338123944404
7902,13.857338123944404
7903,13.017802906067086
7904,13.857338123944404
7905,13.857338123944404
7906,13.857338123944404
7907,13.857338123944404
7908,14.391315700022286
7909,15.153992711971457
7910,13.857338123944404
7911,13.017802906067086
7912,13.017802906067086
7913,13.857338123944404
7914,13.857338123944404
7915,15.153992711971457
7916,14.018963647066565
7917,13.932072885113024
7918,13.857338123944404
7919,14.954608302431124
7920,13.857338123944404
7921,15.153992711971457
7922,14.018963647066565
7923,13.857338123944404
7924,13.857338123944404
7925,13.857338123944404
7926,13.932072885113024
7927,14.018963647066565
7928,14.426915394583707
7929,14.018963647066565
7930,14.018963647066565
7931,13.290998974511181
7932,13.857338123944404
7933,13.857338123944404
7934,15.153992711971457
7935,13.857338123944404
7936,14.954608302431124
7937,15.153992711971457
7938,13.857338123944404
7939,14.000654518471956
7940,13.857338123944404
7941,13.757944023799272
7942,14.426915394583707
7943,13.857338123944404
7944,13.857338123944404
7945,13.669357856671104
7946,15.153992711971457
7947,15.153992711971457
7948,13.857338123944404
7949,13.857338123944404
7950,13.857338123944404
7951,14.018963647066565
7952,15.153992711971457
7953,13.757944023799272
7954,13.757944023799272
7955,13.857338123944404
7956,14.391315700022286
7957,15.38950571586159
7958,13.757944023799272
7959,13.883737897237935
7960,15.153992711971457
7961,13.857338123944404
7962,13.857338123944404
7963,14.018963647066565
7964,13.395918556859224
7965,14.391315700022286
7966,13.857338123944404
7967,13.137708078658425
7968,13.669357856671104
7969,13.857338123944404
7970,13.705993050670864
7971,14.391315700022286
7972,13.757944023799272
7973,15.153992711971457
7974,13.307734353196544
7975,14.000654518471956
7976,14.334687335405773
7977,14.954608302431124
7978,14.018963647066565
7979,14.045363420360097
7980,14.018963647066565
7981,13.757944023799272
7982,13.757944023799272
7983,13.017802906067086
7984,13.932072885113024
7985,14.439628451956247
7986,14.000654518471956
7987,13.857338123944404
7988,13.857338123944404
7989,14.018963647066565
7990,13.857338123944404
7991,13.017802906067086
7992,13.757944023799272
7993,14.391315700022286
7994,15.38950571586159
7995,14.954608302431124
7996,13.857338123944404
7997,13.017802906067086
7998,15.153992711971457
7999,13.932072885113024
8000,13.017802906067086
8001,13.857338123944404
8002,14.391315700022286
8003,14.426915394583707
8004,13.757944023799272
8005,13.857338123944404
8006,14.954608302431124
8007,14.679682875348197
8008,13.588458222772521
8009,13.765285729507221
8010,12.951056842813735
8011,13.52386585597977
8012,13.68993654414456
8013,13.903410794203015
8014,12.892110199905233
8015,13.52386585597977
8016,13.52386585597977
8017,13.058363891345882
8018,13.195969684840106
8019,14.174998173107525
8020,13.49886775676331
8021,12.892110199905233
8022,13.52386585597977
8023,14.868465726890838
8024,12.804042777490878
8025,13.217184302554458
8026,13.301321158697549
8027,13.843189244329228
8028,13.073188412777652
8029,14.021853861531374
8030,14.021853861531374
8031,13.073188412777652
8032,14.073838212365844
8033,12.78147312478321
8034,13.49886775676331
8035,13.615201782975939
8036,13.52386585597977
8037,13.72064189397919
8038,13.681563721207066
8039,13.681563721207066
8040,12.428271385047672
8041,13.517107316136352
8042,12.87709900898295
8043,13.52386585597977
8044,13.681563721207066
8045,13.217184302554458
8046,13.49886775676331
8047,13.90553799973821
8048,13.195969684840106
8049,13.068125627877311
8050,13.615201782975939
8051,14.713755590397021
8052,13.195969684840106
8053,12.78147312478321
8054,12.520855761144688
8055,13.615201782975939
8056,13.03970238217689
8057,13.200049243638071
8058,12.410629429236728
8059,13.681563721207066
8060,13.872049718975022
8061,13.517107316136352
8062,13.195969684840106
8063,15.766299198892094
8064,13.52386585597977
8065,13.20260539209331
8066,12.428271385047672
8067,13.872049718975022
8068,13.515807682830808
8069,12.96688385196362
8070,12.410629429236728
8071,13.615201782975939
8072,13.52386585597977
8073,13.43437074360359
8074,13.52386585597977
8075,13.872049718975022
8076,13.592278503644312
8077,13.022183008200662
8078,13.584302134139278
8079,13.592278503644312
8080,13.681563721207066
8081,13.453621288996171
8082,12.951204351570516
8083,13.087311105850727
8084,13.872049718975022
8085,13.633191201626262
8086,13.022183008200662
8087,13.52386585597977
8088,13.58571581687713
8089,12.947562049137739
8090,14.679682875348197
8091,12.87709900898295
8092,13.52386585597977
8093,13.52386585597977
8094,13.592278503644312
8095,13.058363891345882
8096,13.058363891345882
8097,13.584302134139278
8098,13.20260539209331
8099,13.58571581687713
8100,13.059165871570237
8101,13.453621288996171
8102,13.195969684840106
8103,13.584302134139278
8104,13.059165871570237
8105,14.239681186752462
8106,13.058363891345882
8107,13.31538773708164
8108,13.681563721207066
8109,13.453621288996171
8110,12.96688385196362
8111,12.488066803321255
8112,13.52386585597977
8113,13.6457322995727
8114,13.61616735888102
8115,12.78147312478321
8116,12.947562049137739
8117,13.195969684840106
8118,12.951204351570516
8119,13.584302134139278
8120,13.219405633731686
8121,13.872049718975022
8122,13.52386585597977
8123,13.058363891345882
8124,13.872049718975022
8125,13.453621288996171
8126,13.211397948987631
8127,13.615201782975939
8128,13.52386585597977
8129,13.217184302554458
8130,13.584302134139278
8131,13.615201782975939
8132,13.453621288996171
8133,14.021853861531374
8134,13.52386585597977
8135,13.58571581687713
8136,14.934827665121965
8137,13.022183008200662
8138,13.217184302554458
8139,12.488066803321255
8140,13.7768273060981
8141,13.681563721207066
8142,13.52386585597977
8143,13.681563721207066
8144,13.397324663870332
8145,13.588458222772521
8146,13.058363891345882
8147,13.15260663169685
8148,13.505631033046638
8149,12.905621529228219
8150,13.584302134139278
8151,13.68993654414456
8152,13.49886775676331
8153,13.59116925966456
8154,13.20260539209331
8155,13.684580006545563
8156,13.676603637040529
8157,13.681563721207066
8158,13.52386585597977
8159,13.584302134139278
8160,12.904198995994483
8161,13.872049718975022
8162,13.058363891345882
8163,14.200124140855921
8164,12.947562049137739
8165,13.03970238217689
8166,13.395446033494578
8167,12.951204351570516
8168,13.615201782975939
8169,14.266486079087048
8170,13.515807682830808
8171,13.615201782975939
8172,13.800559163139924
8173,13.592278503644312
8174,12.414992835604727
8175,13.195969684840106
8176,13.800559163139924
8177,12.520855761144688
8178,13.58571581687713
8179,14.200124140855921
8180,12.99188195118008
8181,13.681563721207066
8182,13.195969684840106
8183,13.616501416281483
8184,13.49886775676331
8185,13.301321158697549
8186,13.49886775676331
8187,13.52386585597977
8188,13.034167772353777
8189,13.52386585597977
8190,13.681563721207066
8191,12.842030005863966
8192,14.200124140855921
8193,13.592278503644312
8194,13.03970238217689
8195,13.195969684840106
8196,13.616501416281483
8197,13.058363891345882
8198,13.731401165543415
8199,12.787167112541031
8200,14.391315700022286
8201,13.857338123944404
8202,13.731401165543415
8203,13.280631042119422
8204,13.717956381802539
8205,13.731401165543415
8206,13.857338123944404
8207,13.813668267193215
8208,13.443638156618384
8209,13.443638156618384
8210,14.426915394583707
8211,13.731401165543415
8212,13.757944023799272
8213,13.757944023799272
8214,13.501627030348233
8215,14.391315700022286
8216,13.857338123944404
8217,14.391315700022286
8218,13.857338123944404
8219,13.131505430343678
8220,13.857338123944404
8221,14.066156249168975
8222,13.857338123944404
8223,14.35840245458497
8224,14.391315700022286
8225,13.280631042119422
8226,13.857338123944404
8227,13.857338123944404
8228,12.921368336378256
8229,14.018963647066565
8230,13.857338123944404
8231,13.316564461578196
8232,13.133660097420874
8233,13.280631042119422
8234,14.066156249168975
8235,13.813668267193215
8236,13.443638156618384
8237,13.731401165543415
8238,14.018963647066565
8239,13.932072885113024
8240,13.309436932781159
8241,13.353400243466389
8242,13.717956381802539
8243,13.79183802398482
8244,13.717956381802539
8245,13.857338123944404
8246,13.309436932781159
8247,13.131505430343678
8248,13.857338123944404
8249,13.131505430343678
8250,13.443638156618384
8251,13.717956381802539
8252,14.066156249168975
8253,14.391315700022286
8254,13.717956381802539
8255,13.731401165543415
8256,13.857338123944404
8257,13.717956381802539
8258,13.717956381802539
8259,13.857338123944404
8260,14.066156249168975
8261,14.000654518471956
8262,13.717956381802539
8263,13.316564461578196
8264,14.17818730878877
8265,13.857338123944404
8266,13.857338123944404
8267,13.857338123944404
8268,13.5066244419134
8269,13.443638156618384
8270,13.857338123944404
8271,14.391315700022286
8272,13.857338123944404
8273,14.391315700022286
8274,13.857338123944404
8275,13.857338123944404
8276,13.857338123944404
8277,13.731401165543415
8278,13.857338123944404
8279,13.857338123944404
8280,13.731401165543415
8281,13.813668267193215
8282,13.857338123944404
8283,13.324485005111944
8284,14.42277087244499
8285,13.857338123944404
8286,13.857338123944404
8287,13.857338123944404
8288,13.857338123944404
8289,13.857338123944404
8290,14.000654518471956
8291,13.443638156618384
8292,13.857338123944404
8293,14.227061564740964
8294,13.757944023799272
8295,14.391315700022286
8296,14.018963647066565
8297,14.000654518471956
8298,14.35840245458497
8299,14.391315700022286
8300,14.391315700022286
8301,13.857338123944404
8302,14.391315700022286
8303,13.309436932781159
8304,13.280631042119422
8305,13.857338123944404
8306,13.717956381802539
8307,13.857338123944404
8308,13.731401165543415
8309,14.391315700022286
8310,14.391315700022286
8311,14.000654518471956
8312,13.857338123944404
8313,13.857338123944404
8314,13.857338123944404
8315,13.857338123944404
8316,13.131505430343678
8317,13.717956381802539
8318,13.731401165543415
8319,13.857338123944404
8320,13.857338123944404
8321,13.731401165543415
8322,14.066156249168975
8323,13.857338123944404
8324,13.857338123944404
8325,13.731401165543415
8326,13.731401165543415
8327,13.857338123944404
8328,13.443638156618384
8329,13.731401165543415
8330,13.5066244419134
8331,14.000654518471956
8332,13.857338123944404
8333,13.717956381802539
8334,12.787167112541031
8335,13.443638156618384
8336,13.79183802398482
8337,13.857338123944404
8338,14.35840245458497
8339,13.309436932781159
8340,13.857338123944404
8341,13.857338123944404
8342,14.227061564740964
8343,13.857338123944404
8344,13.501627030348233
8345,13.717956381802539
8346,14.066156249168975
8347,13.857338123944404
8348,13.857338123944404
8349,13.717956381802539
8350,13.857338123944404
8351,13.857338123944404
8352,14.391315700022286
8353,13.717956381802539
8354,13.857338123944404
8355,13.757944023799272
8356,13.280631042119422
8357,13.857338123944404
8358,13.3503960024753
8359,13.717956381802539
8360,14.426915394583707
8361,14.201356824431665
8362,13.717956381802539
8363,13.857338123944404
8364,14.000654518471956
8365,14.391315700022286
8366,13.731401165543415
8367,13.857338123944404
8368,13.857338123944404
8369,13.228976161596231
8370,13.237501730664311
8371,13.3503960024753
8372,13.857338123944404
8373,13.786958645005642
8374,13.717956381802539
8375,13.717956381802539
8376,13.813668267193215
8377,13.430054735896437
8378,13.01575106522569
8379,13.01575106522569
8380,13.345424021184126
8381,13.06432802329389
8382,13.443638156618384
8383,13.06432802329389
8384,12.776450910217244
8385,14.376200996832884
8386,13.10246675383246
8387,13.854171120172914
8388,12.62785544246004
8389,13.583019898760249
8390,13.01575106522569
8391,13.443638156618384
8392,12.62785544246004
8393,13.01575106522569
8394,12.451531607757653
8395,13.693263323374795
8396,12.811818402518966
8397,12.451531607757653
8398,12.62785544246004
8399,13.01575106522569
8400,13.258708332577356
8401,13.443638156618384
8402,13.583019898760249
8403,13.328031631554769
8404,13.06432802329389
8405,12.811818402518966
8406,12.332386747976933
8407,12.57927848439184
8408,12.57927848439184
8409,14.1714016024259
8410,13.583019898760249
8411,13.06432802329389
8412,13.06432802329389
8413,13.307285290645556
8414,13.583019898760249
8415,13.564785075827118
8416,13.309436932781159
8417,13.501627030348233
8418,13.65775465992887
8419,13.309436932781159
8420,13.443638156618384
8421,13.045564084267303
8422,13.443638156618384
8423,13.328031631554769
8424,13.309436932781159
8425,14.1714016024259
8426,12.332386747976933
8427,12.25637405085704
8428,13.01575106522569
8429,13.06432802329389
8430,13.479900479761795
8431,13.448818674923023
8432,13.064155140641494
8433,12.565118719267382
8434,13.06432802329389
8435,13.06432802329389
8436,13.01575106522569
8437,13.10246675383246
8438,12.921368336378256
8439,13.050383351237599
8440,12.57927848439184
8441,13.79183802398482
8442,13.443638156618384
8443,13.129366733367323
8444,13.309436932781159
8445,13.01575106522569
8446,13.430054735896437
8447,12.57927848439184
8448,13.01575106522569
8449,12.57927848439184
8450,13.448818674923023
8451,12.811818402518966
8452,13.064155140641494
8453,13.583019898760249
8454,13.050383351237599
8455,13.448818674923023
8456,13.01575106522569
8457,12.332386747976933
8458,14.116997474838131
8459,12.977177583205522
8460,13.129366733367323
8461,13.050383351237599
8462,13.583019898760249
8463,13.06432802329389
8464,13.01575106522569
8465,14.454395119951965
8466,12.62785544246004
8467,13.06432802329389
8468,13.28771801933959
8469,13.328031631554769
8470,13.01575106522569
8471,14.116997474838131
8472,12.433011850546288
8473,12.776450910217244
8474,13.050383351237599
8475,13.402011542387475
8476,12.62785544246004
8477,12.811818402518966
8478,13.583019898760249
8479,14.116997474838131
8480,13.309436932781159
8481,13.06432802329389
8482,13.01575106522569
8483,12.234430548164939
8484,13.06432802329389
8485,13.420775481414061
8486,13.443638156618384
8487,12.919454206441761
8488,13.693263323374795
8489,13.693263323374795
8490,12.811818402518966
8491,13.430054735896437
8492,13.053655430278987
8493,12.57927848439184
8494,13.328031631554769
8495,13.61410170359902
8496,12.433011850546288
8497,13.064155140641494
8498,13.583019898760249
8499,13.01575106522569
8500,13.06432802329389
8501,13.045564084267303
8502,13.583019898760249
8503,13.01575106522569
8504,13.045564084267303
8505,12.79521484924383
8506,13.01575106522569
8507,14.082243076396601
8508,12.851718453050154
8509,12.79521484924383
8510,13.06432802329389
8511,13.01575106522569
8512,13.443638156618384
8513,12.25637405085704
8514,13.01575106522569
8515,13.935269715934346
8516,13.28771801933959
8517,13.309436932781159
8518,12.811818402518966
8519,12.57927848439184
8520,12.851718453050154
8521,13.045564084267303
8522,12.57927848439184
8523,12.787167112541031
8524,13.01575106522569
8525,13.554976705251287
8526,12.57927848439184
8527,13.06432802329389
8528,13.01575106522569
8529,13.835407181146328
8530,13.01575106522569
8531,13.448818674923023
8532,13.01575106522569
8533,13.01575106522569
8534,13.826786481201545
8535,13.328031631554769
8536,14.116997474838131
8537,12.57927848439184
8538,11.686504212762406
8539,12.62785544246004
8540,12.433011850546288
8541,13.583019898760249
8542,12.57927848439184
8543,13.554976705251287
8544,13.61410170359902
8545,12.57927848439184
8546,13.01575106522569
8547,13.583019898760249
8548,12.433011850546288
8549,12.76845534937571
8550,13.01575106522569
8551,12.451531607757653
8552,13.309436932781159
8553,13.741840281442995
8554,13.06432802329389
8555,13.854171120172914
8556,13.291202109848028
8557,13.10246675383246
8558,13.064155140641494
8559,13.01575106522569
8560,13.01575106522569
8561,12.25637405085704
8562,13.01575106522569
8563,12.507354771001916
8564,13.01575106522569
8565,13.25308434968487
8566,13.01575106522569
8567,13.01575106522569
8568,12.57927848439184
8569,13.01575106522569
8570,13.01575106522569
8571,13.01575106522569
8572,13.01575106522569
8573,12.001342717646036
8574,12.43890793516043
8575,12.733085740701048
8576,13.01575106522569
8577,12.811818402518966
8578,12.872792950297434
8579,13.723076342416409
8580,12.332386747976933
8581,13.614988222091476
8582,12.25637405085704
8583,12.541685122662287
8584,12.332386747976933
8585,13.757946337019732
8586,12.40820998109179
8587,12.57927848439184
8588,12.811818402518966
8589,12.57927848439184
8590,12.451531607757653
8591,12.755465819422678
8592,13.01575106522569
8593,13.968127624234977
8594,13.757946337019732
8595,12.872792950297434
8596,12.57927848439184
8597,13.01575106522569
8598,13.01575106522569
8599,12.69845809610499
8600,12.57927848439184
8601,11.347588592280568
8602,13.01575106522569
8603,12.755465819422678
8604,11.26305462744313
8605,12.811818402518966
8606,13.546853198989286
8607,12.256276603123673
8608,13.23484952675174
8609,13.01575106522569
8610,12.256276603123673
8611,12.43890793516043
8612,12.755465819422678
8613,12.57927848439184
8614,12.57927848439184
8615,12.43890793516043
8616,12.811818402518966
8617,12.811818402518966
8618,12.811818402518966
8619,12.863101623345473
8620,13.25308434968487
8621,13.01575106522569
8622,13.01575106522569
8623,12.57927848439184
8624,12.755465819422678
8625,13.546853198989286
8626,13.01575106522569
8627,13.01575106522569
8628,13.01575106522569
8629,13.01575106522569
8630,12.829429897154178
8631,13.968127624234977
8632,13.01575106522569
8633,13.01575106522569
8634,12.828065395189324
8635,12.755465819422678
8636,13.01575106522569
8637,12.43890793516043
8638,13.01575106522569
8639,13.01575106522569
8640,12.006131526805694
8641,11.26305462744313
8642,11.26305462744313
8643,12.43890793516043
8644,12.76845534937571
8645,13.723076342416409
8646,12.811818402518966
8647,13.693263323374795
8648,13.01575106522569
8649,13.01575106522569
8650,13.01575106522569
8651,13.01575106522569
8652,13.01575106522569
8653,11.26305462744313
8654,13.01575106522569
8655,12.811818402518966
8656,13.968127624234977
8657,13.045564084267303
8658,14.11305378261114
8659,12.485981025992732
8660,12.332386747976933
8661,13.01575106522569
8662,13.01575106522569
8663,13.01575106522569
8664,12.872792950297434
8665,13.01575106522569
8666,12.171639023967236
8667,12.332386747976933
8668,13.01575106522569
8669,12.872792950297434
8670,13.01575106522569
8671,13.01575106522569
8672,12.313622808950347
8673,12.001342717646036
8674,13.489330660668072
8675,13.01575106522569
8676,12.43890793516043
8677,12.451531607757653
8678,12.811818402518966
8679,12.57927848439184
8680,13.01575106522569
8681,13.01575106522569
8682,13.01575106522569
8683,11.391572665709786
8684,13.693263323374795
8685,12.287399723611383
8686,13.01575106522569
8687,12.332386747976933
8688,12.414247911519702
8689,12.57927848439184
8690,13.25308434968487
8691,12.507354771001916
8692,12.851718453050154
8693,13.045564084267303
8694,13.01575106522569
8695,13.01575106522569
8696,12.256276603123673
8697,11.347588592280568
8698,12.76845534937571
8699,12.755465819422678
8700,13.01575106522569
8701,12.057695300742324
8702,13.01575106522569
8703,13.01575106522569
8704,12.433011850546288
8705,13.25308434968487
8706,13.01575106522569
8707,12.811818402518966
8708,12.433011850546288
8709,13.693263323374795
8710,11.26305462744313
8711,13.25308434968487
8712,12.872792950297434
8713,13.01575106522569
8714,13.01575106522569
8715,12.811818402518966
8716,12.256276603123673
8717,12.57927848439184
8718,13.757946337019732
8719,13.25308434968487
8720,12.507354771001916
8721,13.01575106522569
8722,11.347588592280568
8723,13.01575106522569
8724,13.28852135161897
8725,13.01575106522569
8726,12.332386747976933
8727,12.256276603123673
8728,13.01575106522569
8729,13.25308434968487
8730,12.733085740701048
8731,12.541685122662287
8732,12.57927848439184
8733,13.25308434968487
8734,12.76845534937571
8735,13.01575106522569
8736,13.01575106522569
8737,12.43890793516043
8738,12.290607247239157
8739,12.43890793516043
8740,13.01575106522569
8741,13.44413317642159
8742,13.01575106522569
8743,13.997940643276591
8744,13.01575106522569
8745,12.755465819422678
8746,13.01575106522569
8747,13.01575106522569
8748,12.811818402518966
8749,13.49766109121672
8750,13.01575106522569
8751,12.811818402518966
8752,13.693263323374795
8753,12.857044571160019
8754,12.57927848439184
8755,12.387401732416983
8756,13.01575106522569
8757,13.757946337019732
8758,13.01575106522569
8759,13.01575106522569
8760,13.757946337019732
8761,13.693263323374795
8762,13.01575106522569
8763,13.01575106522569
8764,13.01575106522569
8765,13.01575106522569
8766,12.309245778570117
8767,13.01575106522569
8768,13.01575106522569
8769,13.01575106522569
8770,13.01575106522569
8771,13.01575106522569
8772,12.309245778570117
8773,14.060629996679726
8774,12.828065395189324
8775,13.01575106522569
8776,13.01575106522569
8777,13.01575106522569
8778,13.01575106522569
8779,13.01575106522569
8780,13.01575106522569
8781,13.01575106522569
8782,12.387401732416983
8783,13.01575106522569
8784,12.733085740701048
8785,13.01575106522569
8786,13.01575106522569
8787,13.01575106522569
8788,13.01575106522569
8789,13.01575106522569
8790,13.01575106522569
8791,13.01575106522569
8792,12.57927848439184
8793,13.01575106522569
8794,12.290607247239157
8795,13.01575106522569
8796,13.01575106522569
8797,13.01575106522569
8798,12.57927848439184
8799,13.757946337019732
8800,13.01575106522569
8801,14.060629996679726
8802,14.060629996679726
8803,13.01575106522569
8804,13.693263323374795
8805,13.01575106522569
8806,13.01575106522569
8807,13.01575106522569
8808,12.387401732416983
8809,13.258708332577356
8810,13.01575106522569
8811,13.01575106522569
8812,12.828065395189324
8813,13.01575106522569
8814,13.01575106522569
8815,13.757946337019732
8816,13.01575106522569
8817,13.01575106522569
8818,13.01575106522569
8819,13.01575106522569
8820,13.01575106522569
8821,13.01575106522569
8822,12.290607247239157
8823,12.57927848439184
8824,13.01575106522569
8825,12.57927848439184
8826,12.57927848439184
8827,13.01575106522569
8828,13.01575106522569
8829,13.986920067960348
8830,13.01575106522569
8831,12.57927848439184
8832,13.01575106522569
8833,13.01575106522569
8834,12.387401732416983
8835,13.757946337019732
8836,13.01575106522569
8837,12.387401732416983
8838,12.57927848439184
8839,13.01575106522569
8840,13.01575106522569
8841,13.01575106522569
8842,12.57927848439184
8843,13.693263323374795
8844,13.01575106522569
8845,12.290607247239157
8846,13.258708332577356
8847,12.57927848439184
8848,12.57927848439184
8849,13.01575106522569
8850,13.01575106522569
8851,13.01575106522569
8852,13.01575106522569
8853,13.01575106522569
8854,13.01575106522569
8855,13.01575106522569
8856,13.01575106522569
8857,13.01575106522569
8858,13.01575106522569
8859,12.309245778570117
8860,13.01575106522569
8861,12.828065395189324
8862,13.01575106522569
8863,12.485981025992732
8864,13.01575106522569
8865,13.01575106522569
8866,12.387401732416983
8867,13.01575106522569
8868,13.01575106522569
8869,13.01575106522569
8870,12.57927848439184
8871,12.733085740701048
8872,12.57927848439184
8873,12.290607247239157
8874,13.01575106522569
8875,13.01575106522569
8876,13.01575106522569
8877,12.387401732416983
8878,12.57927848439184
8879,13.01575106522569
8880,13.01575106522569
8881,13.01575106522569
8882,13.01575106522569
8883,12.387401732416983
8884,12.332386747976933
8885,13.258708332577356
8886,13.01575106522569
8887,13.01575106522569
8888,12.290607247239157
8889,12.57927848439184
8890,13.01575106522569
8891,13.01575106522569
8892,13.01575106522569
8893,13.01575106522569
8894,12.387401732416983
8895,13.01575106522569
8896,13.989833283389105
8897,13.01575106522569
8898,13.01575106522569
8899,12.57927848439184
8900,13.01575106522569
8901,14.060629996679726
8902,12.387401732416983
8903,12.733085740701048
8904,13.01575106522569
8905,13.01575106522569
8906,13.01575106522569
8907,12.309245778570117
8908,13.01575106522569
8909,13.01575106522569
8910,13.01575106522569
8911,13.01575106522569
8912,13.693263323374795
8913,12.57927848439184
8914,13.01575106522569
8915,12.57927848439184
8916,13.01575106522569
8917,13.01575106522569
8918,12.57927848439184
8919,13.01575106522569
8920,13.01575106522569
8921,13.01575106522569
8922,13.01575106522569
8923,12.57927848439184
8924,12.387401732416983
8925,13.01575106522569
8926,13.01575106522569
8927,13.01575106522569
8928,13.693263323374795
8929,13.01575106522569
8930,12.387401732416983
8931,14.060629996679726
8932,13.01575106522569
8933,13.01575106522569
8934,13.693263323374795
8935,13.01575106522569
8936,13.01575106522569
8937,13.01575106522569
8938,13.01575106522569
8939,13.01575106522569
8940,12.387401732416983
8941,13.01575106522569
8942,13.01575106522569
8943,13.10246675383246
8944,13.01575106522569
8945,13.01575106522569
8946,12.290607247239157
8947,13.01575106522569
8948,13.01575106522569
8949,13.01575106522569
8950,13.01575106522569
8951,12.996987126199103
8952,13.01575106522569
8953,13.01575106522569
8954,13.01575106522569
8955,14.038924337525597
8956,13.01575106522569
8957,13.01575106522569
8958,13.01575106522569
8959,13.01575106522569
8960,12.57927848439184
8961,12.256276603123673
8962,13.968127624234977
8963,12.387401732416983
8964,13.01575106522569
8965,13.10246675383246
8966,12.451531607757653
8967,13.01575106522569
8968,13.01575106522569
8969,13.021985225415563
8970,13.01575106522569
8971,13.01575106522569
8972,13.01575106522569
8973,13.01575106522569
8974,12.451531607757653
8975,11.26305462744313
8976,13.021985225415563
8977,13.757946337019732
8978,13.01575106522569
8979,12.996987126199103
8980,12.996987126199103
8981,13.01575106522569
8982,12.387401732416983
8983,13.01575106522569
8984,12.57927848439184
8985,12.57927848439184
8986,13.01575106522569
8987,13.10246675383246
8988,13.258708332577356
8989,12.256276603123673
8990,13.01575106522569
8991,12.290607247239157
8992,13.01575106522569
8993,12.451531607757653
8994,13.10246675383246
8995,13.10246675383246
8996,13.01575106522569
8997,12.57927848439184
8998,13.779979011981565
8999,11.26305462744313
9000,12.309245778570117
9001,12.27184330821257
9002,13.021985225415563
9003,13.01575106522569
9004,12.57927848439184
9005,13.862226820792122
9006,13.01575106522569
9007,13.01575106522569
9008,13.021985225415563
9009,13.01575106522569
9010,13.01575106522569
9011,14.038924337525597
9012,13.01575106522569
9013,12.309245778570117
9014,12.309245778570117
9015,11.26305462744313
9016,13.01575106522569
9017,13.01575106522569
9018,12.387401732416983
9019,13.757946337019732
9020,13.01575106522569
9021,12.290607247239157
9022,12.57927848439184
9023,13.01575106522569
9024,13.01575106522569
9025,13.01575106522569
9026,13.01575106522569
9027,13.2053231037354
9028,13.01575106522569
9029,13.021985225415563
9030,13.757946337019732
9031,13.01575106522569
9032,13.01575106522569
9033,13.01575106522569
9034,13.01575106522569
9035,13.01575106522569
9036,12.387401732416983
9037,13.01575106522569
9038,12.387401732416983
9039,12.733085740701048
9040,13.258708332577356
9041,12.387401732416983
9042,13.01575106522569
9043,13.01575106522569
9044,13.01575106522569
9045,12.309245778570117
9046,13.01575106522569
9047,13.01575106522569
9048,13.01575106522569
9049,13.01575106522569
9050,11.26305462744313
9051,12.387401732416983
9052,12.387401732416983
9053,12.338620908166806
9054,12.387401732416983
9055,12.733085740701048
9056,13.01575106522569
9057,13.10246675383246
9058,13.01575106522569
9059,13.01575106522569
9060,13.01575106522569
9061,13.01575106522569
9062,12.290607247239157
9063,13.01575106522569
9064,12.290607247239157
9065,12.84161125171029
9066,13.01575106522569
9067,12.57927848439184
9068,13.01575106522569
9069,11.26305462744313
9070,13.01575106522569
9071,13.757946337019732
9072,12.290607247239157
9073,12.309245778570117
9074,13.01575106522569
9075,12.57927848439184
9076,13.693263323374795
9077,13.01575106522569
9078,12.387401732416983
9079,12.387401732416983
9080,12.290607247239157
9081,13.01575106522569
9082,13.01575106522569
9083,12.57927848439184
9084,13.01575106522569
9085,12.387401732416983
9086,12.57927848439184
9087,11.26305462744313
9088,14.038924337525597
9089,12.309245778570117
9090,13.01575106522569
9091,13.01575106522569
9092,12.733085740701048
9093,13.01575106522569
9094,12.387401732416983
9095,14.038924337525597
9096,13.345424021184126
9097,13.01575106522569
9098,13.01575106522569
9099,13.01575106522569
9100,12.290607247239157
9101,13.01575106522569
9102,13.2053231037354
9103,13.01575106522569
9104,13.01575106522569
9105,11.26305462744313
9106,13.01575106522569
9107,12.290607247239157
9108,12.57927848439184
9109,13.01575106522569
9110,13.01575106522569
9111,11.26305462744313
9112,12.57927848439184
9113,13.01575106522569
9114,12.387401732416983
9115,13.01575106522569
9116,13.01575106522569
9117,13.01575106522569
9118,13.01575106522569
9119,14.038924337525597
9120,14.038924337525597
9121,12.733085740701048
9122,12.57927848439184
9123,13.01575106522569
9124,12.27184330821257
9125,12.57927848439184
9126,13.01575106522569
9127,11.73947338820885
9128,13.883737897237935
9129,13.732392823964396
9130,15.071437380408312
9131,13.883737897237935
9132,14.045363420360097
9133,13.883737897237935
9134,15.071437380408312
9135,13.883737897237935
9136,15.071437380408312
9137,13.784343797092804
9138,15.071437380408312
9139,13.017802906067086
9140,13.017802906067086
9141,13.395918556859224
9142,13.883737897237935
9143,13.883737897237935
9144,15.071437380408312
9145,13.883737897237935
9146,13.017802906067086
9147,13.017802906067086
9148,13.784343797092804
9149,13.883737897237935
9150,13.883737897237935
9151,15.099166487893712
9152,15.071437380408312
9153,14.45331516787724
9154,13.883737897237935
9155,15.071437380408312
9156,13.17729645023459
9157,13.883737897237935
9158,15.099166487893712
9159,13.883737897237935
9160,15.071437380408312
9161,14.045363420360097
9162,15.071437380408312
9163,13.883737897237935
9164,14.384802227878502
9165,13.883737897237935
9166,13.958472658406556
9167,14.384802227878502
9168,13.883737897237935
9169,13.883737897237935
9170,15.099166487893712
9171,13.017802906067086
9172,13.883737897237935
9173,13.017802906067086
9174,15.071437380408312
9175,14.045363420360097
9176,13.958472658406556
9177,13.395918556859224
9178,15.099166487893712
9179,13.883737897237935
9180,14.45331516787724
9181,15.071437380408312
9182,15.099166487893712
9183,15.071437380408312
9184,13.883737897237935
9185,13.883737897237935
9186,14.045363420360097
9187,12.840511719872964
9188,13.784343797092804
9189,13.958472658406556
9190,13.883737897237935
9191,15.071437380408312
9192,13.784343797092804
9193,15.071437380408312
9194,13.732392823964396
9195,13.017802906067086
9196,15.071437380408312
9197,13.883737897237935
9198,14.045363420360097
9199,13.883737897237935
9200,13.17729645023459
9201,15.099166487893712
9202,15.071437380408312
9203,14.45331516787724
9204,13.17729645023459
9205,13.784343797092804
9206,13.883737897237935
9207,13.883737897237935
9208,14.45331516787724
9209,13.883737897237935
9210,15.099166487893712
9211,13.017802906067086
9212,13.883737897237935
9213,13.883737897237935
9214,13.883737897237935
9215,13.17729645023459
9216,15.035412203312426
9217,14.045363420360097
9218,13.883737897237935
9219,12.840511719872964
9220,13.883737897237935
9221,13.883737897237935
9222,13.883737897237935
9223,13.883737897237935
9224,14.535805896178225
9225,13.395918556859224
9226,13.883737897237935
9227,13.883737897237935
9228,13.883737897237935
9229,14.045363420360097
9230,13.883737897237935
9231,13.017802906067086
9232,13.958472658406556
9233,14.027054291765488
9234,14.45331516787724
9235,13.395918556859224
9236,13.395918556859224
9237,13.883737897237935
9238,13.017802906067086
9239,13.883737897237935
9240,13.883737897237935
9241,13.883737897237935
9242,14.384802227878502
9243,13.784343797092804
9244,14.045363420360097
9245,13.958472658406556
9246,13.017802906067086
9247,13.883737897237935
9248,15.099166487893712
9249,14.045363420360097
9250,12.840511719872964
9251,13.883737897237935
9252,14.027054291765488
9253,14.045363420360097
9254,13.958472658406556
9255,14.045363420360097
9256,14.045363420360097
9257,13.883737897237935
9258,13.883737897237935
9259,15.099166487893712
9260,13.732392823964396
9261,15.071437380408312
9262,13.883737897237935
9263,13.883737897237935
9264,13.883737897237935
9265,15.071437380408312
9266,13.017802906067086
9267,13.883737897237935
9268,15.071437380408312
9269,13.883737897237935
9270,13.883737897237935
9271,13.883737897237935
9272,14.045363420360097
9273,13.395918556859224
9274,13.883737897237935
9275,13.883737897237935
9276,13.017802906067086
9277,15.071437380408312
9278,15.099166487893712
9279,13.883737897237935
9280,13.883737897237935
9281,13.883737897237935
9282,14.045363420360097
9283,13.883737897237935
9284,15.099166487893712
9285,13.883737897237935
9286,13.883737897237935
9287,14.045363420360097
9288,13.883737897237935
9289,13.732392823964396
9290,13.17729645023459
9291,13.883737897237935
9292,15.035412203312426
9293,15.071437380408312
9294,13.883737897237935
9295,15.099166487893712
9296,13.883737897237935
9297,13.784343797092804
9298,13.17729645023459
9299,13.883737897237935
9300,13.883737897237935
9301,14.535805896178225
9302,13.883737897237935
9303,13.883737897237935
9304,15.099166487893712
9305,13.883737897237935
9306,14.45331516787724
9307,15.099166487893712
9308,13.017802906067086
9309,14.045363420360097
9310,13.883737897237935
9311,13.883737897237935
9312,13.017802906067086
9313,15.071437380408312
9314,12.755465819422678
9315,12.43890793516043
9316,12.755465819422678
9317,13.326806045546833
9318,11.12268407821172
9319,13.036011730844047
9320,12.755465819422678
9321,13.610074700625523
9322,12.43890793516043
9323,14.01755772403754
9324,13.857338123944404
9325,12.43890793516043
9326,12.755465819422678
9327,12.654798310323741
9328,12.79305446349238
9329,13.862426669762728
9330,13.857338123944404
9331,12.313622808950347
9332,13.326806045546833
9333,12.749691410349124
9334,12.234430548164939
9335,12.996987126199103
9336,12.79305446349238
9337,12.996987126199103
9338,12.038931361715738
9339,13.726634822157337
9340,12.79305446349238
9341,12.79305446349238
9342,12.79305446349238
9343,12.246594855154171
9344,12.811818402518966
9345,13.342920536282563
9346,12.755465819422678
9347,13.669357856671104
9348,13.049151686978147
9349,12.811818402518966
9350,11.12268407821172
9351,13.383158628643121
9352,13.610074700625523
9353,12.755465819422678
9354,12.25637405085704
9355,11.12268407821172
9356,13.610074700625523
9357,13.342920536282563
9358,12.755465819422678
9359,12.79305446349238
9360,13.669357856671104
9361,12.755465819422678
9362,11.018792937598988
9363,12.811818402518966
9364,12.246594855154171
9365,12.43890793516043
9366,12.755465819422678
9367,12.996987126199103
9368,12.712102766279422
9369,12.857044571160019
9370,12.038931361715738
9371,12.79305446349238
9372,12.43890793516043
9373,12.038931361715738
9374,12.755465819422678
9375,12.17807796506865
9376,13.49766109121672
9377,13.364394689616535
9378,11.12268407821172
9379,12.857044571160019
9380,14.01755772403754
9381,12.996987126199103
9382,14.000654518471956
9383,12.755465819422678
9384,12.351857397995502
9385,11.018792937598988
9386,13.005788633834891
9387,11.054749944368226
9388,12.79305446349238
9389,12.755465819422678
9390,12.755465819422678
9391,12.79305446349238
9392,12.755465819422678
9393,12.237610111830454
9394,12.755465819422678
9395,12.79305446349238
9396,12.43890793516043
9397,12.43890793516043
9398,12.755465819422678
9399,11.12268407821172
9400,12.001342717646036
9401,12.755465819422678
9402,12.755465819422678
9403,12.79305446349238
9404,13.726634822157337
9405,12.001342717646036
9406,12.79305446349238
9407,13.432978077571784
9408,12.246594855154171
9409,12.79305446349238
9410,12.755465819422678
9411,14.064905770012398
9412,13.030916864045016
9413,13.036011730844047
9414,13.326806045546833
9415,12.79305446349238
9416,11.054749944368226
9417,12.79305446349238
9418,13.857338123944404
9419,11.12268407821172
9420,11.12268407821172
9421,12.712102766279422
9422,12.857044571160019
9423,14.01755772403754
9424,11.402991694445884
9425,12.246594855154171
9426,12.17807796506865
9427,12.79305446349238
9428,12.234430548164939
9429,12.79305446349238
9430,12.246594855154171
9431,12.237610111830454
9432,12.233782061738205
9433,12.712102766279422
9434,13.669357856671104
9435,11.12268407821172
9436,12.389446042065204
9437,12.996987126199103
9438,11.018792937598988
9439,12.755465819422678
9440,13.857338123944404
9441,13.504789497065058
9442,13.036011730844047
9443,13.30304767352566
9444,14.01755772403754
9445,14.391315700022286
9446,14.000654518471956
9447,11.920339633982932
9448,12.79305446349238
9449,12.001342717646036
9450,12.43890793516043
9451,12.79305446349238
9452,13.470566721641486
9453,12.79305446349238
9454,12.755465819422678
9455,11.12268407821172
9456,11.402991694445884
9457,11.402991694445884
9458,12.79305446349238
9459,12.79305446349238
9460,12.755465819422678
9461,12.234430548164939
9462,12.43890793516043
9463,11.12268407821172
9464,13.005788633834891
9465,13.862426669762728
9466,12.996987126199103
9467,13.049151686978147
9468,12.79305446349238
9469,12.607456763206011
9470,12.414247911519702
9471,13.862426669762728
9472,13.049151686978147
9473,12.712102766279422
9474,12.755465819422678
9475,13.470566721641486
9476,12.79305446349238
9477,12.038931361715738
9478,12.755465819422678
9479,11.018792937598988
9480,12.755465819422678
9481,12.755465819422678
9482,12.749691410349124
9483,12.755465819422678
9484,12.996987126199103
9485,13.857338123944404
9486,12.755465819422678
9487,13.342920536282563
9488,12.857044571160019
9489,13.49766109121672
9490,14.018963647066565
9491,13.857338123944404
9492,11.054749944368226
9493,12.755465819422678
9494,12.755465819422678
9495,12.79305446349238
9496,12.79305446349238
9497,12.749691410349124
9498,12.622445398985096
9499,11.299011634212368
9500,12.17807796506865
9501,12.43890793516043
9502,13.036011730844047
9503,12.755465819422678
9504,12.79305446349238
9505,12.857044571160019
9506,12.925596230505995
9507,12.17807796506865
9508,12.947562049137739
9509,12.419699835405206
9510,12.755465819422678
9511,13.557765233986029
9512,12.857044571160019
9513,12.892110199905233
9514,13.008536596916207
9515,12.755465819422678
9516,12.925596230505995
9517,12.755465819422678
9518,13.11388050800364
9519,12.755465819422678
9520,12.755465819422678
9521,13.615201782975939
9522,12.892110199905233
9523,12.17807796506865
9524,13.427221515702639
9525,12.947562049137739
9526,13.427221515702639
9527,12.400434356063702
9528,13.008536596916207
9529,12.545853860361147
9530,12.553208672483333
9531,12.947562049137739
9532,12.755465819422678
9533,13.008536596916207
9534,12.766689115191063
9535,13.19161998983499
9536,13.19161998983499
9537,12.929327226204608
9538,13.427221515702639
9539,13.342920536282563
9540,12.947562049137739
9541,12.755465819422678
9542,13.422322763086791
9543,12.96517354377295
9544,13.60679142833273
9545,14.814061599303068
9546,13.910621958331765
9547,12.755465819422678
9548,12.679499899332857
9549,12.804042777490878
9550,12.947562049137739
9551,13.427221515702639
9552,13.008536596916207
9553,12.998423086774345
9554,12.755465819422678
9555,12.804042777490878
9556,12.947562049137739
9557,13.615201782975939
9558,13.4582992116488
9559,14.29031432007414
9560,13.615201782975939
9561,13.160087078700476
9562,13.19161998983499
9563,14.200124140855921
9564,12.947562049137739
9565,13.60679142833273
9566,12.755465819422678
9567,12.755465819422678
9568,12.947562049137739
9569,13.148256936691734
9570,13.427221515702639
9571,12.947562049137739
9572,13.615201782975939
9573,13.615201782975939
9574,12.929327226204608
9575,13.615201782975939
9576,13.008536596916207
9577,13.093376594282804
9578,12.947562049137739
9579,12.947562049137739
9580,12.857044571160019
9581,13.422322763086791
9582,13.074652771680848
9583,13.19161998983499
9584,11.158641084980957
9585,12.17807796506865
9586,12.520855761144688
9587,12.947562049137739
9588,12.947562049137739
9589,12.553208672483333
9590,13.557765233986029
9591,12.755465819422678
9592,13.641409495041835
9593,13.615201782975939
9594,13.615201782975939
9595,13.422322763086791
9596,12.954325325421067
9597,12.553208672483333
9598,13.19161998983499
9599,13.397324663870332
9600,12.755465819422678
9601,12.972560148354198
9602,13.641409495041835
9603,11.158641084980957
9604,13.342920536282563
9605,12.520855761144688
9606,12.755465819422678
9607,13.981047742772983
9608,12.947562049137739
9609,12.947562049137739
9610,13.60679142833273
9611,12.679499899332857
9612,13.367938359657058
9613,13.615201782975939
9614,12.755465819422678
9615,12.755465819422678
9616,13.427221515702639
9617,14.814061599303068
9618,12.947562049137739
9619,12.609758265978334
9620,13.160087078700476
9621,12.925596230505995
9622,12.804042777490878
9623,12.804042777490878
9624,12.857044571160019
9625,12.904198995994483
9626,12.755465819422678
9627,13.008536596916207
9628,12.947562049137739
9629,13.557765233986029
9630,12.419699835405206
9631,12.857044571160019
9632,13.367938359657058
9633,12.755465819422678
9634,12.520855761144688
9635,13.397324663870332
9636,13.422322763086791
9637,13.074652771680848
9638,12.947562049137739
9639,14.200124140855921
9640,13.367938359657058
9641,12.929327226204608
9642,12.947562049137739
9643,12.972560148354198
9644,13.427221515702639
9645,11.158641084980957
9646,12.17807796506865
9647,12.755465819422678
9648,12.985483563880917
9649,13.397324663870332
9650,12.872091033296783
9651,13.11388050800364
9652,12.050758975396702
9653,12.947562049137739
9654,13.19161998983499
9655,12.755465819422678
9656,13.074652771680848
9657,12.947562049137739
9658,13.342920536282563
9659,13.615201782975939
9660,12.947562049137739
9661,13.615201782975939
9662,12.985483563880917
9663,13.427221515702639
9664,13.065562731503372
9665,13.19161998983499
9666,13.427221515702639
9667,12.925596230505995
9668,13.11388050800364
9669,12.520855761144688
9670,12.857044571160019
9671,12.755465819422678
9672,13.047000044842544
9673,12.892110199905233
9674,13.60679142833273
9675,12.872091033296783
9676,13.641409495041835
9677,12.755465819422678
9678,12.755465819422678
9679,12.553208672483333
9680,13.877011020909483
9681,12.947562049137739
9682,13.615201782975939
9683,12.947562049137739
9684,12.050758975396702
9685,12.972560148354198
9686,12.520855761144688
9687,12.755465819422678
9688,13.17338516690186
9689,14.814061599303068
9690,12.432726702077634
9691,13.352861647635722
9692,9.213318013895817
9693,11.325346576166359
9694,13.193423725024136
9695,12.464567117578888
9696,12.620439213704122
9697,13.246501300597084
9698,13.452255747780853
9699,9.213318013895817
9700,13.295686269181342
9701,11.932417478235799
9702,12.575645708064384
9703,13.352861647635722
9704,13.091392282020008
9705,13.403070779196595
9706,13.246501300597084
9707,10.608190543359976
9708,11.230558778418722
9709,13.461154515715707
9710,11.932417478235799
9711,13.452255747780853
9712,13.452255747780853
9713,9.994791435259039
9714,13.461154515715707
9715,13.05203150294909
9716,13.452255747780853
9717,13.05203150294909
9718,13.05203150294909
9719,13.461154515715707
9720,13.05203150294909
9721,13.423088580146858
9722,13.242608693608394
9723,12.934822803420497
9724,11.310049243177053
9725,13.242608693608394
9726,13.452255747780853
9727,13.452255747780853
9728,10.608190543359976
9729,13.13975866200591
9730,9.877962202437736
9731,12.663802266847378
9732,12.575645708064384
9733,13.452255747780853
9734,13.350147051540342
9735,11.325346576166359
9736,12.464567117578888
9737,13.295686269181342
9738,13.411969547131449
9739,13.246501300597084
9740,13.457311792303503
9741,13.525318281943651
9742,12.591722651883773
9743,13.452255747780853
9744,12.597308075318995
9745,13.350147051540342
9746,11.932417478235799
9747,12.825430583339735
9748,12.591722651883773
9749,13.296328140605421
9750,13.350147051540342
9751,12.722266370167162
9752,11.230558778418722
9753,13.3256521560497
9754,11.310049243177053
9755,13.526990508949474
9756,13.452255747780853
9757,13.300962082956083
9758,13.246501300597084
9759,13.452255747780853
9760,13.295686269181342
9761,13.05203150294909
9762,12.663802266847378
9763,9.213318013895817
9764,9.994791435259039
9765,9.213318013895817
9766,13.423088580146858
9767,11.932417478235799
9768,12.663802266847378
9769,13.535889276884328
9770,13.452255747780853
9771,13.242608693608394
9772,13.452255747780853
9773,12.934822803420497
9774,13.242608693608394
9775,13.246501300597084
9776,12.591722651883773
9777,12.934822803420497
9778,10.608190543359976
9779,12.197733388997984
9780,13.654684884428846
9781,13.552576188188334
9782,12.663802266847378
9783,13.423088580146858
9784,13.19629216903621
9785,13.423088580146858
9786,13.3739036115626
9787,13.423088580146858
9788,13.19629216903621
9789,11.310049243177053
9790,9.994791435259039
9791,14.331406565319625
9792,13.300962082956083
9793,13.295686269181342
9794,12.591722651883773
9795,11.310049243177053
9796,12.591722651883773
9797,12.591722651883773
9798,13.552576188188334
9799,13.246501300597084
9800,13.295686269181342
9801,13.452255747780853
9802,10.608190543359976
9803,12.464567117578888
9804,13.452255747780853
9805,13.295686269181342
9806,12.542537683299516
9807,13.452255747780853
9808,13.552576188188334
9809,12.663802266847378
9810,12.663802266847378
9811,9.994791435259039
9812,13.452255747780853
9813,12.679315559839852
9814,13.226531749789004
9815,12.542537683299516
9816,12.591722651883773
9817,11.325346576166359
9818,13.452255747780853
9819,9.994791435259039
9820,11.230558778418722
9821,12.663802266847378
9822,12.285592948800566
9823,13.411969547131449
9824,12.825430583339735
9825,13.652720592909168
9826,12.825430583339735
9827,11.310049243177053
9828,13.525318281943651
9829,12.285592948800566
9830,11.310049243177053
9831,13.613881270903015
9832,13.526990508949474
9833,11.325346576166359
9834,12.663802266847378
9835,12.663802266847378
9836,13.100291049954862
9837,12.663802266847378
9838,13.242608693608394
9839,11.310049243177053
9840,13.100291049954862
9841,12.180192947021776
9842,12.732785483154245
9843,13.105003847616986
9844,13.526990508949474
9845,13.452255747780853
9846,13.461154515715707
9847,13.681887760543162
9848,12.825430583339735
9849,13.100291049954862
9850,12.663802266847378
9851,14.535805896178225
9852,15.071437380408312
9853,13.883737897237935
9854,14.045363420360097
9855,13.883737897237935
9856,13.395918556859224
9857,13.883737897237935
9858,13.883737897237935
9859,14.384802227878502
9860,13.958472658406556
9861,13.395918556859224
9862,13.883737897237935
9863,13.395918556859224
9864,13.784343797092804
9865,13.883737897237935
9866,15.071437380408312
9867,13.883737897237935
9868,15.071437380408312
9869,13.017802906067086
9870,13.883737897237935
9871,13.883737897237935
9872,13.17729645023459
9873,13.883737897237935
9874,14.045363420360097
9875,13.017802906067086
9876,13.395918556859224
9877,14.535805896178225
9878,13.883737897237935
9879,15.099166487893712
9880,14.045363420360097
9881,14.535805896178225
9882,15.071437380408312
9883,13.17729645023459
9884,13.883737897237935
9885,13.883737897237935
9886,13.883737897237935
9887,13.883737897237935
9888,14.253461338034496
9889,13.784343797092804
9890,13.883737897237935
9891,14.384802227878502
9892,13.17729645023459
9893,15.071437380408312
9894,14.045363420360097
9895,13.784343797092804
9896,14.045363420360097
9897,13.883737897237935
9898,14.045363420360097
9899,13.883737897237935
9900,13.784343797092804
9901,14.045363420360097
9902,13.883737897237935
9903,13.017802906067086
9904,13.883737897237935
9905,15.071437380408312
9906,13.784343797092804
9907,14.045363420360097
9908,13.017802906067086
9909,13.883737897237935
9910,15.099166487893712
9911,13.017802906067086
9912,15.071437380408312
9913,13.883737897237935
9914,13.883737897237935
9915,14.045363420360097
9916,13.883737897237935
9917,15.099166487893712
9918,13.883737897237935
9919,15.071437380408312
9920,13.784343797092804
9921,13.883737897237935
9922,14.045363420360097
9923,13.883737897237935
9924,13.784343797092804
9925,13.883737897237935
9926,13.883737897237935
9927,13.784343797092804
9928,13.732392823964396
9929,13.395918556859224
9930,13.017802906067086
9931,14.45331516787724
9932,13.17729645023459
9933,15.071437380408312
9934,15.071437380408312
9935,14.630236432961619
9936,14.535805896178225
9937,13.883737897237935
9938,13.883737897237935
9939,14.045363420360097
9940,13.17729645023459
9941,14.045363420360097
9942,15.071437380408312
9943,14.384802227878502
9944,13.883737897237935
9945,15.071437380408312
9946,13.784343797092804
9947,13.958472658406556
9948,13.883737897237935
9949,13.784343797092804
9950,13.883737897237935
9951,13.395918556859224
9952,14.045363420360097
9953,14.027054291765488
9954,13.883737897237935
9955,13.883737897237935
9956,15.071437380408312
9957,14.45331516787724
9958,13.883737897237935
9959,15.071437380408312
9960,15.099166487893712
9961,13.395918556859224
9962,15.071437380408312
9963,13.395918556859224
9964,13.883737897237935
9965,13.883737897237935
9966,13.883737897237935
9967,13.883737897237935
9968,13.017802906067086
9969,13.732392823964396
9970,15.071437380408312
9971,14.045363420360097
9972,14.045363420360097
9973,14.045363420360097
9974,13.883737897237935
9975,15.099166487893712
9976,14.384802227878502
9977,15.071437380408312
9978,13.883737897237935
9979,13.883737897237935
9980,13.017802906067086
9981,13.395918556859224
9982,14.027054291765488
9983,13.883737897237935
9984,13.883737897237935
9985,15.099166487893712
9986,13.784343797092804
9987,13.883737897237935
9988,13.883737897237935
9989,14.535805896178225
9990,13.17729645023459
9991,13.883737897237935
9992,13.883737897237935
9993,15.071437380408312
9994,13.17729645023459
9995,13.17729645023459
9996,13.883737897237935
9997,13.17729645023459
9998,14.45331516787724
9999,12.790594092411608
10000,13.784343797092804
10001,13.883737897237935
10002,13.784343797092804
10003,13.883737897237935
10004,13.395918556859224
10005,13.732392823964396
10006,13.883737897237935
10007,14.045363420360097
10008,13.784343797092804
10009,15.071437380408312
10010,13.883737897237935
10011,13.883737897237935
10012,13.883737897237935
10013,14.535805896178225
10014,14.45331516787724
10015,13.17729645023459
10016,13.883737897237935
10017,14.045363420360097
10018,15.071437380408312
10019,13.883737897237935
10020,13.958472658406556
10021,13.883737897237935
10022,13.958472658406556
10023,14.45331516787724
10024,13.784343797092804
10025,13.883737897237935
10026,14.045363420360097
10027,13.17729645023459
10028,13.883737897237935
10029,14.045363420360097
10030,13.732392823964396
10031,13.883737897237935
10032,13.883737897237935
10033,13.958472658406556
10034,13.883737897237935
10035,14.027054291765488
10036,13.883737897237935
10037,14.045363420360097
10038,13.784343797092804
10039,13.883737897237935
10040,13.883737897237935
10041,13.784343797092804
10042,14.535805896178225
10043,14.45331516787724
10044,15.071437380408312
10045,15.071437380408312
10046,13.17729645023459
10047,13.883737897237935
10048,13.883737897237935
10049,13.883737897237935
10050,13.883737897237935
10051,15.035412203312426
10052,14.045363420360097
10053,13.784343797092804
10054,13.883737897237935
10055,13.784343797092804
10056,15.071437380408312
10057,13.784343797092804
10058,14.384802227878502
10059,13.883737897237935
10060,13.883737897237935
10061,14.535805896178225
10062,13.784343797092804
10063,15.071437380408312
10064,13.17729645023459
10065,13.17729645023459
10066,13.883737897237935
10067,15.099166487893712
10068,13.883737897237935
10069,15.099166487893712
10070,13.395918556859224
10071,13.395918556859224
10072,13.883737897237935
10073,13.883737897237935
10074,13.17729645023459
10075,15.071437380408312
10076,13.883737897237935
10077,13.958472658406556
10078,14.045363420360097
10079,13.883737897237935
10080,13.784343797092804
10081,13.958472658406556
10082,13.883737897237935
10083,15.071437380408312
10084,13.883737897237935
10085,13.784343797092804
10086,13.883737897237935
10087,13.17729645023459
10088,13.784343797092804
10089,14.045363420360097
10090,15.071437380408312
10091,14.045363420360097
10092,13.883737897237935
10093,13.017802906067086
10094,13.883737897237935
10095,13.883737897237935
10096,13.883737897237935
10097,13.732392823964396
10098,13.883737897237935
10099,13.883737897237935
10100,14.336320869066645
10101,13.17729645023459
10102,13.883737897237935
10103,14.045363420360097
10104,13.17729645023459
10105,13.732392823964396
10106,13.883737897237935
10107,13.883737897237935
10108,14.045363420360097
10109,13.883737897237935
10110,13.395918556859224
10111,13.883737897237935
10112,15.099166487893712
10113,13.784343797092804
10114,15.071437380408312
10115,13.883737897237935
10116,15.099166487893712
10117,15.071437380408312
10118,13.883737897237935
10119,13.883737897237935
10120,13.883737897237935
10121,13.883737897237935
10122,13.883737897237935
10123,13.883737897237935
10124,13.883737897237935
10125,13.883737897237935
10126,13.883737897237935
10127,13.883737897237935
10128,13.883737897237935
10129,13.17729645023459
10130,14.045363420360097
10131,13.883737897237935
10132,13.883737897237935
10133,13.883737897237935
10134,13.883737897237935
10135,15.071437380408312
10136,13.883737897237935
10137,14.535805896178225
10138,13.883737897237935
10139,13.883737897237935
10140,13.395918556859224
10141,14.253461338034496
10142,15.071437380408312
10143,13.784343797092804
10144,15.099166487893712
10145,13.784343797092804
10146,15.071437380408312
10147,13.958472658406556
10148,15.071437380408312
10149,14.535805896178225
10150,13.883737897237935
10151,13.784343797092804
10152,13.883737897237935
10153,15.099166487893712
10154,13.883737897237935
10155,13.732392823964396
10156,13.883737897237935
10157,13.883737897237935
10158,15.071437380408312
10159,14.535805896178225
10160,13.883737897237935
10161,14.045363420360097
10162,13.883737897237935
10163,13.883737897237935
10164,13.017802906067086
10165,13.395918556859224
10166,15.071437380408312
10167,13.883737897237935
10168,15.071437380408312
10169,13.883737897237935
10170,14.045363420360097
10171,13.732392823964396
10172,13.784343797092804
10173,13.883737897237935
10174,13.883737897237935
10175,13.395918556859224
10176,15.035412203312426
10177,15.099166487893712
10178,13.883737897237935
10179,13.883737897237935
10180,13.784343797092804
10181,13.883737897237935
10182,15.071437380408312
10183,15.099166487893712
10184,13.883737897237935
10185,15.099166487893712
10186,13.17729645023459
10187,12.790594092411608
10188,13.395918556859224
10189,14.384802227878502
10190,13.883737897237935
10191,13.883737897237935
10192,14.045363420360097
10193,13.883737897237935
10194,14.045363420360097
10195,15.071437380408312
10196,13.883737897237935
10197,13.883737897237935
10198,13.17729645023459
10199,13.784343797092804
10200,15.071437380408312
10201,14.45331516787724
10202,13.17729645023459
10203,13.17729645023459
10204,13.883737897237935
10205,15.099166487893712
10206,14.384802227878502
10207,13.883737897237935
10208,13.883737897237935
10209,13.883737897237935
10210,13.883737897237935
10211,13.883737897237935
10212,13.784343797092804
10213,15.071437380408312
10214,15.071437380408312
10215,15.071437380408312
10216,13.883737897237935
10217,15.071437380408312
10218,12.790594092411608
10219,15.099166487893712
10220,13.958472658406556
10221,13.784343797092804
10222,14.535805896178225
10223,15.071437380408312
10224,13.883737897237935
10225,13.883737897237935
10226,13.883737897237935
10227,15.071437380408312
10228,13.732392823964396
10229,13.883737897237935
10230,13.883737897237935
10231,15.071437380408312
10232,13.883737897237935
10233,13.883737897237935
10234,15.071437380408312
10235,13.883737897237935
10236,15.071437380408312
10237,14.045363420360097
10238,13.17729645023459
10239,13.883737897237935
10240,13.883737897237935
10241,15.071437380408312
10242,13.883737897237935
10243,15.071437380408312
10244,13.883737897237935
10245,14.535805896178225
10246,13.784343797092804
10247,13.883737897237935
10248,13.883737897237935
10249,14.630236432961619
10250,14.045363420360097
10251,15.071437380408312
10252,13.883737897237935
10253,15.071437380408312
10254,13.958472658406556
10255,15.071437380408312
10256,13.883737897237935
10257,13.883737897237935
10258,13.784343797092804
10259,15.071437380408312
10260,13.883737897237935
10261,13.883737897237935
10262,13.883737897237935
10263,13.883737897237935
10264,13.883737897237935
10265,14.045363420360097
10266,13.17729645023459
10267,14.045363420360097
10268,13.732392823964396
10269,13.883737897237935
10270,14.535805896178225
10271,13.883737897237935
10272,15.071437380408312
10273,13.17729645023459
10274,13.883737897237935
10275,13.395918556859224
10276,13.883737897237935
10277,14.535805896178225
10278,15.071437380408312
10279,13.883737897237935
10280,13.784343797092804
10281,13.883737897237935
10282,13.17729645023459
10283,17.48076603272062
10284,13.17729645023459
10285,15.071437380408312
10286,13.883737897237935
10287,14.045363420360097
10288,13.883737897237935
10289,13.395918556859224
10290,13.883737897237935
10291,13.883737897237935
10292,15.071437380408312
10293,13.883737897237935
10294,13.883737897237935
10295,13.883737897237935
10296,13.395918556859224
10297,13.883737897237935
10298,15.071437380408312
10299,15.071437380408312
10300,14.045363420360097
10301,13.883737897237935
10302,14.045363420360097
10303,13.883737897237935
10304,13.883737897237935
10305,17.48076603272062
10306,13.883737897237935
10307,15.071437380408312
10308,13.883737897237935
10309,14.535805896178225
10310,14.027054291765488
10311,13.883737897237935
10312,13.732392823964396
10313,13.883737897237935
10314,14.045363420360097
10315,13.297201622825929
10316,13.732392823964396
10317,13.883737897237935
10318,13.17729645023459
10319,14.45331516787724
10320,14.630236432961619
10321,13.883737897237935
10322,13.17729645023459
10323,15.071437380408312
10324,14.045363420360097
10325,14.630236432961619
10326,13.883737897237935
10327,14.045363420360097
10328,14.535805896178225
10329,13.883737897237935
10330,15.071437380408312
10331,14.630236432961619
10332,17.48076603272062
10333,13.784343797092804
10334,14.535805896178225
10335,15.071437380408312
10336,13.883737897237935
10337,13.883737897237935
10338,13.17729645023459
10339,14.045363420360097
10340,13.732392823964396
10341,13.297201622825929
10342,13.883737897237935
10343,13.883737897237935
10344,13.883737897237935
10345,14.535805896178225
10346,13.883737897237935
10347,14.535805896178225
10348,13.883737897237935
10349,13.883737897237935
10350,15.071437380408312
10351,13.958472658406556
10352,13.883737897237935
10353,13.883737897237935
10354,13.17729645023459
10355,13.395918556859224
10356,13.784343797092804
10357,13.883737897237935
10358,15.071437380408312
10359,13.883737897237935
10360,13.883737897237935
10361,13.883737897237935
10362,14.535805896178225
10363,15.099166487893712
10364,14.336378785592405
10365,15.071437380408312
10366,13.17729645023459
10367,13.17729645023459
10368,15.071437380408312
10369,15.071437380408312
10370,13.883737897237935
10371,13.883737897237935
10372,13.883737897237935
10373,13.958472658406556
10374,13.883737897237935
10375,13.883737897237935
10376,13.17729645023459
10377,13.883737897237935
10378,13.883737897237935
10379,13.883737897237935
10380,13.883737897237935
10381,13.784343797092804
10382,13.784343797092804
10383,13.17729645023459
10384,13.17729645023459
10385,13.784343797092804
10386,13.883737897237935
10387,13.883737897237935
10388,14.535805896178225
10389,13.883737897237935
10390,17.48076603272062
10391,13.784343797092804
10392,13.883737897237935
10393,14.535805896178225
10394,13.784343797092804
10395,13.883737897237935
10396,13.883737897237935
10397,13.17729645023459
10398,15.071437380408312
10399,13.784343797092804
10400,13.395918556859224
10401,13.883737897237935
10402,14.45331516787724
10403,15.071437380408312
10404,13.958472658406556
10405,13.883737897237935
10406,13.17729645023459
10407,13.297201622825929
10408,15.071437380408312
10409,13.17729645023459
10410,13.883737897237935
10411,13.883737897237935
10412,15.009012430018894
10413,13.883737897237935
10414,13.757944023799272
10415,14.027054291765488
10416,13.017802906067086
10417,13.857338123944404
10418,13.395918556859224
10419,13.017802906067086
10420,13.883737897237935
10421,13.17729645023459
10422,15.009012430018894
10423,13.017802906067086
10424,13.883737897237935
10425,13.857338123944404
10426,13.732392823964396
10427,13.405321650923291
10428,15.153992711971457
10429,13.932072885113024
10430,13.857338123944404
10431,15.180392485264989
10432,13.784343797092804
10433,13.857338123944404
10434,14.981008075724656
10435,15.071437380408312
10436,14.981008075724656
10437,13.784343797092804
10438,14.426915394583707
10439,13.857338123944404
10440,13.71704389153721
10441,13.71704389153721
10442,14.027054291765488
10443,13.017802906067086
10444,13.883737897237935
10445,15.009012430018894
10446,13.224183544830817
10447,15.180392485264989
10448,14.045363420360097
10449,13.017802906067086
10450,13.958472658406556
10451,13.883737897237935
10452,14.981008075724656
10453,13.799901574954493
10454,15.009012430018894
10455,13.883737897237935
10456,14.018963647066565
10457,13.883737897237935
10458,13.883737897237935
10459,13.017802906067086
10460,13.857338123944404
10461,13.883737897237935
10462,13.883737897237935
10463,13.883737897237935
10464,13.017802906067086
10465,14.981008075724656
10466,13.857338123944404
10467,13.883737897237935
10468,13.883737897237935
10469,13.71704389153721
10470,13.857338123944404
10471,13.017802906067086
10472,13.883737897237935
10473,13.017802906067086
10474,13.610074700625523
10475,13.857338123944404
10476,15.071437380408312
10477,13.017802906067086
10478,14.045363420360097
10479,15.009012430018894
10480,13.71704389153721
10481,14.15275829930023
10482,13.857338123944404
10483,13.857338123944404
10484,13.857338123944404
10485,13.71704389153721
10486,13.017802906067086
10487,13.857338123944404
10488,13.017802906067086
10489,13.784343797092804
10490,13.705993050670864
10491,13.857338123944404
10492,13.857338123944404
10493,13.217824160898981
10494,13.932072885113024
10495,14.000654518471956
10496,13.757944023799272
10497,13.883737897237935
10498,14.46602822524978
10499,13.757944023799272
10500,15.035412203312426
10501,13.857338123944404
10502,13.757944023799272
10503,13.883737897237935
10504,13.883737897237935
10505,15.153992711971457
10506,14.981008075724656
10507,13.857338123944404
10508,13.857338123944404
10509,13.958472658406556
10510,15.180392485264989
10511,13.883737897237935
10512,13.857338123944404
10513,13.518012783397564
10514,13.883737897237935
10515,13.883737897237935
10516,13.883737897237935
10517,14.018963647066565
10518,13.375385117384434
10519,13.857338123944404
10520,15.153992711971457
10521,14.439628451956247
10522,14.045363420360097
10523,13.857338123944404
10524,14.981008075724656
10525,13.883737897237935
10526,15.153992711971457
10527,13.883737897237935
10528,14.954608302431124
10529,13.669357856671104
10530,13.883737897237935
10531,13.883737897237935
10532,13.857338123944404
10533,15.180392485264989
10534,13.883737897237935
10535,13.375385117384434
10536,13.669357856671104
10537,14.981008075724656
10538,13.17729645023459
10539,13.17729645023459
10540,15.035412203312426
10541,13.883737897237935
10542,13.883737897237935
10543,13.857338123944404
10544,13.017802906067086
10545,13.883737897237935
10546,13.757944023799272
10547,14.981008075724656
10548,13.883737897237935
10549,13.857338123944404
10550,13.017802906067086
10551,15.009012430018894
10552,14.045363420360097
10553,13.883737897237935
10554,13.395918556859224
10555,13.883737897237935
10556,13.857338123944404
10557,13.784343797092804
10558,13.732392823964396
10559,13.883737897237935
10560,13.883737897237935
10561,15.153992711971457
10562,13.883737897237935
10563,13.883737897237935
10564,13.17729645023459
10565,14.45331516787724
10566,15.009012430018894
10567,15.071437380408312
10568,13.71704389153721
10569,15.035412203312426
10570,13.883737897237935
10571,15.153992711971457
10572,13.958472658406556
10573,15.035412203312426
10574,14.954608302431124
10575,13.857338123944404
10576,13.958472658406556
10577,13.395918556859224
10578,13.017802906067086
10579,13.857338123944404
10580,13.71704389153721
10581,13.669357856671104
10582,13.857338123944404
10583,14.155673063587303
10584,14.045363420360097
10585,13.883737897237935
10586,13.017802906067086
10587,15.035412203312426
10588,13.857338123944404
10589,13.857338123944404
10590,13.883737897237935
10591,14.46602822524978
10592,13.857338123944404
10593,13.857338123944404
10594,13.857338123944404
10595,13.993112101543776
10596,13.964337216067745
10597,13.993112101543776
10598,13.993112101543776
10599,13.993112101543776
10600,14.391315700022286
10601,13.964337216067745
10602,13.993112101543776
10603,14.498314792145628
10604,13.945862722345275
10605,13.964337216067745
10606,14.136428496071328
10607,14.249278272743206
10608,14.527089677621658
10609,13.993112101543776
10610,13.993112101543776
10611,13.964337216067745
10612,13.813668267193215
10613,13.917087836869245
10614,13.82495547392588
10615,14.024193906382548
10616,13.812992142794206
10617,13.964337216067745
10618,13.82495547392588
10619,14.498314792145628
10620,13.993112101543776
10621,13.993112101543776
10622,14.527089677621658
10623,14.527089677621658
10624,14.039071977236366
10625,13.964337216067745
10626,13.964337216067745
10627,14.527089677621658
10628,14.527089677621658
10629,14.379152629845626
10630,13.993112101543776
10631,13.993112101543776
10632,13.395052468564373
10633,13.431484097235286
10634,13.82495547392588
10635,13.812992142794206
10636,13.917087836869245
10637,13.82495547392588
10638,13.964337216067745
10639,14.527089677621658
10640,13.964337216067745
10641,13.993112101543776
10642,14.527089677621658
10643,13.993112101543776
10644,14.173155341292317
10645,13.508537382662158
10646,13.993112101543776
10647,13.945862722345275
10648,13.964337216067745
10649,14.527089677621658
10650,14.527089677621658
10651,14.35840245458497
10652,13.397998066634523
10653,13.964337216067745
10654,13.993112101543776
10655,13.993112101543776
10656,13.964337216067745
10657,13.993112101543776
10658,13.993112101543776
10659,13.964337216067745
10660,13.964337216067745
10661,13.964337216067745
10662,13.993112101543776
10663,13.993112101543776
10664,13.945862722345275
10665,13.993112101543776
10666,13.508537382662158
10667,13.993112101543776
10668,13.986090100072348
10669,13.531692534458596
10670,13.82495547392588
10671,14.107653610595298
10672,13.993112101543776
10673,13.838400257666757
10674,13.945862722345275
10675,14.014864985548378
10676,13.838400257666757
10677,13.964337216067745
10678,13.964337216067745
10679,13.964337216067745
10680,13.893957737128984
10681,13.993112101543776
10682,13.82495547392588
10683,14.35840245458497
10684,13.1876885790547
10685,14.498314792145628
10686,13.964337216067745
10687,13.964337216067745
10688,13.964337216067745
10689,14.173155341292317
10690,13.993112101543776
10691,14.29406258971171
10692,13.964337216067745
10693,13.993112101543776
10694,13.964337216067745
10695,13.993112101543776
10696,14.498314792145628
10697,14.173155341292317
10698,13.993112101543776
10699,13.993112101543776
10700,14.527089677621658
10701,13.993112101543776
10702,14.35840245458497
10703,13.598407437703855
10704,14.498314792145628
10705,14.024193906382548
10706,13.945862722345275
10707,13.841767028270237
10708,13.964337216067745
10709,13.993112101543776
10710,13.838400257666757
10711,14.527089677621658
10712,14.527089677621658
10713,13.993112101543776
10714,13.964337216067745
10715,13.964337216067745
10716,13.993112101543776
10717,14.455514782238328
10718,13.964337216067745
10719,13.964337216067745
10720,13.993112101543776
10721,13.964337216067745
10722,14.527089677621658
10723,13.945862722345275
10724,13.964337216067745
10725,13.964337216067745
10726,13.964337216067745
10727,13.964337216067745
10728,13.993112101543776
10729,13.964337216067745
10730,14.498314792145628
10731,13.993112101543776
10732,13.993112101543776
10733,13.993112101543776
10734,13.841767028270237
10735,14.527089677621658
10736,13.993112101543776
10737,13.993112101543776
10738,13.993112101543776
10739,13.964337216067745
10740,13.964337216067745
10741,13.82495547392588
10742,14.534028831723392
10743,13.964337216067745
10744,13.964337216067745
10745,13.813668267193215
10746,14.455514782238328
10747,14.067846862712397
10748,13.838400257666757
10749,14.107653610595298
10750,14.527089677621658
10751,13.964337216067745
10752,13.964337216067745
10753,13.964337216067745
10754,13.993112101543776
10755,14.527089677621658
10756,13.995419020906517
10757,13.993112101543776
10758,14.498314792145628
10759,13.993112101543776
10760,14.136428496071328
10761,13.274145220144979
10762,14.024193906382548
10763,14.527089677621658
10764,13.964337216067745
10765,13.964337216067745
10766,13.993112101543776
10767,14.29406258971171
10768,13.479762497186128
10769,13.82495547392588
10770,13.864943115922614
10771,13.993112101543776
10772,13.993112101543776
10773,13.932788167477243
10774,13.993112101543776
10775,13.964337216067745
10776,13.993112101543776
10777,13.864943115922614
10778,14.35840245458497
10779,14.527089677621658
10780,13.82495547392588
10781,13.917087836869245
10782,13.964337216067745
10783,13.993112101543776
10784,13.964337216067745
10785,13.403070779196595
10786,13.242608693608394
10787,13.601731252087683
10788,13.226531749789004
10789,11.932417478235799
10790,11.932417478235799
10791,13.442362823392171
10792,13.440105728965522
10793,13.340439873852487
10794,13.091392282020008
10795,13.440105728965522
10796,13.681887760543162
10797,13.079242263204677
10798,13.440105728965522
10799,12.989283585779496
10800,12.989283585779496
10801,13.242608693608394
10802,12.850610093082127
10803,13.681887760543162
10804,12.116992320881776
10805,10.140521915098834
10806,11.230558778418722
10807,13.511772574662503
10808,12.979576408091642
10809,13.440105728965522
10810,13.440105728965522
10811,13.193423725024136
10812,13.642534865613515
10813,11.932417478235799
10814,13.544663324286203
10815,13.28417812179009
10816,13.440105728965522
10817,13.340439873852487
10818,13.091392282020008
10819,13.242608693608394
10820,11.932417478235799
10821,10.608190543359976
10822,13.442362823392171
10823,13.390920760381263
10824,13.440105728965522
10825,13.66973774172783
10826,12.926874312412538
10827,13.440105728965522
10828,13.081499357631326
10829,12.926874312412538
10830,13.350147051540342
10831,13.006631743329699
10832,11.932417478235799
10833,13.440105728965522
10834,13.242608693608394
10835,11.230558778418722
10836,13.242608693608394
10837,13.601731252087683
10838,12.116992320881776
10839,13.010078790261392
10840,13.350147051540342
10841,13.340439873852487
10842,13.442229970259165
10843,13.242608693608394
10844,12.850610093082127
10845,13.403070779196595
10846,12.850610093082127
10847,13.440105728965522
10848,11.932417478235799
10849,11.932417478235799
10850,13.403070779196595
10851,13.529120732212705
10852,13.079242263204677
10853,11.932417478235799
10854,13.440105728965522
10855,13.440105728965522
10856,13.079242263204677
10857,13.34296872324704
10858,11.932417478235799
10859,10.567011413848949
10860,13.350147051540342
10861,13.390920760381263
10862,10.140521915098834
10863,11.932417478235799
10864,13.440105728965522
10865,13.514840490134143
10866,13.079242263204677
10867,13.079242263204677
10868,13.350147051540342
10869,13.350147051540342
10870,13.440105728965522
10871,13.352861647635722
10872,13.241045773707356
10873,12.040728101551368
10874,11.932417478235799
10875,12.877689343828278
10876,13.440105728965522
10877,13.079242263204677
10878,13.613881270903015
10879,13.291254905268229
10880,13.350147051540342
10881,13.532513305470872
10882,11.932417478235799
10883,13.514840490134143
10884,13.091392282020008
10885,11.932417478235799
10886,13.373152411891784
10887,13.242608693608394
10888,13.440105728965522
10889,13.081499357631326
10890,13.440105728965522
10891,11.932417478235799
10892,13.390920760381263
10893,13.390920760381263
10894,13.390920760381263
10895,13.681887760543162
10896,13.318310240506285
10897,13.340439873852487
10898,13.393177854807913
10899,13.242608693608394
10900,13.452255747780853
10901,13.079242263204677
10902,13.19421944436491
10903,12.040728101551368
10904,11.932417478235799
10905,13.613881270903015
10906,12.979576408091642
10907,11.932417478235799
10908,13.415174635021108
10909,13.006631743329699
10910,13.079242263204677
10911,13.340439873852487
10912,13.390920760381263
10913,11.281803858859703
10914,12.926874312412538
10915,13.440105728965522
10916,10.140521915098834
10917,13.440105728965522
10918,13.350147051540342
10919,13.452255747780853
10920,13.57977906430265
10921,13.681887760543162
10922,13.440105728965522
10923,11.932417478235799
10924,10.567011413848949
10925,13.440105728965522
10926,13.34071162882039
10927,13.340439873852487
10928,13.440105728965522
10929,13.010078790261392
10930,10.567011413848949
10931,13.350147051540342
10932,12.926874312412538
10933,13.452255747780853
10934,13.440105728965522
10935,13.66973774172783
10936,13.401172415626865
10937,13.081499357631326
10938,13.601731252087683
10939,11.281803858859703
10940,13.367495209090544
10941,13.642534865613515
10942,13.053655430278987
10943,13.356016848972104
10944,14.259775866713415
10945,13.358668915419978
10946,13.110126234756615
10947,13.309436932781159
10948,12.804820033653636
10949,13.669357856671104
10950,14.954608302431124
10951,13.309436932781159
10952,13.501627030348233
10953,13.443638156618384
10954,13.280631042119422
10955,13.237501730664311
10956,13.501627030348233
10957,13.110126234756615
10958,14.426915394583707
10959,13.857338123944404
10960,13.669357856671104
10961,12.683419946763564
10962,12.804820033653636
10963,13.309436932781159
10964,13.110126234756615
10965,13.443638156618384
10966,13.669357856671104
10967,13.857338123944404
10968,12.711347903818742
10969,13.857338123944404
10970,13.309436932781159
10971,13.857338123944404
10972,13.309436932781159
10973,13.053655430278987
10974,13.129366733367323
10975,12.851718453050154
10976,14.066156249168975
10977,13.309436932781159
10978,13.309436932781159
10979,12.787167112541031
10980,13.857338123944404
10981,12.988239519364772
10982,13.443638156618384
10983,14.056619042981671
10984,13.309436932781159
10985,13.34989830356404
10986,13.307699072471836
10987,13.166478817852903
10988,13.857338123944404
10989,12.804820033653636
10990,13.857338123944404
10991,13.443638156618384
10992,13.307699072471836
10993,13.356016848972104
10994,13.610074700625523
10995,13.166478817852903
10996,12.851718453050154
10997,12.919454206441761
10998,14.01755772403754
10999,13.731401165543415
11000,13.280631042119422
11001,13.34989830356404
11002,14.121302056626607
11003,12.851718453050154
11004,13.857338123944404
11005,13.857338123944404
11006,13.669357856671104
11007,13.857338123944404
11008,13.857338123944404
11009,13.610074700625523
11010,13.731401165543415
11011,13.857338123944404
11012,12.919454206441761
11013,13.123115764709647
11014,12.825094616644941
11015,13.669357856671104
11016,12.851718453050154
11017,13.857338123944404
11018,13.40389508406103
11019,12.977177583205522
11020,13.731401165543415
11021,13.610074700625523
11022,14.17818730878877
11023,14.954608302431124
11024,12.711347903818742
11025,13.669357856671104
11026,13.669357856671104
11027,12.919454206441761
11028,12.787167112541031
11029,12.851718453050154
11030,14.000654518471956
11031,13.309436932781159
11032,12.988996184135912
11033,14.954608302431124
11034,14.228836549799922
11035,14.000654518471956
11036,13.857338123944404
11037,13.669357856671104
11038,13.848500100085928
11039,13.610074700625523
11040,12.988239519364772
11041,14.121302056626607
11042,13.280631042119422
11043,13.669357856671104
11044,13.501627030348233
11045,13.857338123944404
11046,14.954608302431124
11047,13.309436932781159
11048,13.309436932781159
11049,12.988239519364772
11050,14.066156249168975
11051,13.857338123944404
11052,13.443638156618384
11053,13.857338123944404
11054,13.309436932781159
11055,12.988996184135912
11056,13.110126234756615
11057,13.857338123944404
11058,12.787167112541031
11059,13.309436932781159
11060,13.309436932781159
11061,13.610074700625523
11062,12.851718453050154
11063,13.309436932781159
11064,13.857338123944404
11065,12.919454206441761
11066,12.851718453050154
11067,13.857338123944404
11068,13.857338123944404
11069,13.166478817852903
11070,13.356016848972104
11071,13.857338123944404
11072,12.804820033653636
11073,13.731401165543415
11074,13.857338123944404
11075,13.717956381802539
11076,13.309436932781159
11077,13.857338123944404
11078,13.34989830356404
11079,14.01755772403754
11080,14.066156249168975
11081,13.717956381802539
11082,13.34989830356404
11083,13.717956381802539
11084,12.988239519364772
11085,13.501627030348233
11086,12.711347903818742
11087,13.857338123944404
11088,13.717956381802539
11089,14.16603601365907
11090,13.34989830356404
11091,13.669357856671104
11092,13.566611308529
11093,13.309436932781159
11094,13.110126234756615
11095,13.40389508406103
11096,13.291202109848028
11097,13.857338123944404
11098,14.000654518471956
11099,13.166478817852903
11100,13.717956381802539
11101,14.018963647066565
11102,13.857338123944404
11103,13.717956381802539
11104,13.610074700625523
11105,13.717956381802539
11106,14.35840245458497
11107,12.988996184135912
11108,13.501627030348233
11109,13.309436932781159
11110,13.857338123944404
11111,13.358668915419978
11112,13.501627030348233
11113,13.40389508406103
11114,13.857338123944404
11115,13.857338123944404
11116,13.669357856671104
11117,13.166478817852903
11118,14.954608302431124
11119,12.711347903818742
11120,12.804820033653636
11121,12.748467450557348
11122,14.228836549799922
11123,13.932072885113024
11124,14.422551566957758
11125,14.066156249168975
11126,13.443638156618384
11127,13.848500100085928
11128,12.957138329125403
11129,12.116992320881776
11130,10.739890454033947
11131,12.860149351073584
11132,11.932417478235799
11133,13.367495209090544
11134,13.010078790261392
11135,12.957138329125403
11136,13.242608693608394
11137,12.957138329125403
11138,9.098128575640933
11139,12.926874312412538
11140,12.926874312412538
11141,12.116992320881776
11142,12.860149351073584
11143,13.552576188188334
11144,13.006631743329699
11145,13.296328140605421
11146,12.803796767977296
11147,12.98363495309402
11148,13.006323297709661
11149,12.432726702077634
11150,12.17855557996708
11151,13.367495209090544
11152,12.817212730626652
11153,12.266718369055065
11154,12.041327466039235
11155,12.803796767977296
11156,10.791135534474929
11157,12.37142163960182
11158,13.242608693608394
11159,13.010078790261392
11160,12.926874312412538
11161,12.945234761208905
11162,12.116992320881776
11163,13.242608693608394
11164,12.926874312412538
11165,13.552576188188334
11166,12.920192673876862
11167,9.994791435259039
11168,10.739890454033947
11169,12.221492200414012
11170,12.17855557996708
11171,13.23595531047197
11172,12.835132513750604
11173,12.910797368593146
11174,12.221492200414012
11175,13.010078790261392
11176,9.620160440555985
11177,11.281803858859703
11178,13.010078790261392
11179,13.242608693608394
11180,13.367495209090544
11181,12.432726702077634
11182,12.926874312412538
11183,12.926874312412538
11184,13.318310240506285
11185,13.010078790261392
11186,10.089276834657852
11187,12.645459831948816
11188,13.552576188188334
11189,13.452255747780853
11190,10.739890454033947
11191,9.994791435259039
11192,13.681887760543162
11193,10.791135534474929
11194,12.98363495309402
11195,9.098128575640933
11196,12.860149351073584
11197,11.932417478235799
11198,13.452255747780853
11199,13.242608693608394
11200,8.95078670214997
11201,13.009917774853841
11202,12.221492200414012
11203,9.098128575640933
11204,12.860149351073584
11205,12.784715266041612
11206,12.37142163960182
11207,13.262552808955197
11208,9.098128575640933
11209,12.816786297930328
11210,12.98363495309402
11211,12.817212730626652
11212,12.926874312412538
11213,13.226531749789004
11214,12.98363495309402
11215,12.98363495309402
11216,13.006631743329699
11217,13.010078790261392
11218,12.851209457569997
11219,12.877689343828278
11220,11.932417478235799
11221,12.801135786807263
11222,12.803796767977296
11223,12.851209457569997
11224,12.860149351073584
11225,13.010078790261392
11226,13.242608693608394
11227,13.373152411891784
11228,13.529120732212705
11229,12.860149351073584
11230,13.452255747780853
11231,12.877689343828278
11232,13.452255747780853
11233,12.88619594693352
11234,10.791135534474929
11235,12.926874312412538
11236,13.451280371031
11237,12.807846404426739
11238,12.37142163960182
11239,13.010078790261392
11240,13.452255747780853
11241,10.089276834657852
11242,12.807846404426739
11243,12.817212730626652
11244,10.739890454033947
11245,12.817212730626652
11246,13.350147051540342
11247,13.006323297709661
11248,13.242608693608394
11249,12.817212730626652
11250,13.010078790261392
11251,12.116992320881776
11252,13.350147051540342
11253,13.07906200656826
11254,12.432726702077634
11255,12.432726702077634
11256,12.872779984284163
11257,12.860149351073584
11258,12.817212730626652
11259,10.036324807027233
11260,12.851209457569997
11261,9.42157348662404
11262,12.877689343828278
11263,10.036324807027233
11264,12.37142163960182
11265,12.98363495309402
11266,12.90692919756453
11267,12.877689343828278
11268,12.96755800927463
11269,13.452255747780853
11270,12.994001846442002
11271,12.98363495309402
11272,9.722684494837127
11273,13.3256521560497
11274,12.926874312412538
11275,11.932417478235799
11276,12.266718369055065
11277,13.010078790261392
11278,12.860149351073584
11279,12.266718369055065
11280,11.932417478235799
11281,9.636699327108932
11282,13.452255747780853
11283,12.851209457569997
11284,8.95078670214997
11285,13.242608693608394
11286,12.221492200414012
11287,12.851209457569997
11288,13.883737897237935
11289,13.958472658406556
11290,13.395918556859224
11291,14.384802227878502
11292,13.883737897237935
11293,13.017802906067086
11294,15.099166487893712
11295,13.784343797092804
11296,13.883737897237935
11297,14.384802227878502
11298,13.717756996721429
11299,14.239681186752462
11300,13.791102336936222
11301,15.071437380408312
11302,13.732392823964396
11303,13.17729645023459
11304,13.958472658406556
11305,13.625455493820178
11306,13.883737897237935
11307,13.625455493820178
11308,13.160755509410645
11309,13.883737897237935
11310,13.883737897237935
11311,15.035412203312426
11312,14.045363420360097
11313,15.013800151185963
11314,13.883737897237935
11315,14.229731508986314
11316,15.071437380408312
11317,15.099166487893712
11318,13.883737897237935
11319,14.45331516787724
11320,13.883737897237935
11321,17.48076603272062
11322,13.625455493820178
11323,13.784343797092804
11324,15.071437380408312
11325,14.027054291765488
11326,13.17729645023459
11327,13.625455493820178
11328,13.883737897237935
11329,13.900835429184207
11330,13.784343797092804
11331,13.826100668015586
11332,13.17729645023459
11333,14.045363420360097
11334,13.883737897237935
11335,13.883737897237935
11336,13.883737897237935
11337,15.071437380408312
11338,13.625455493820178
11339,12.76721636784925
11340,13.883737897237935
11341,13.798057474506624
11342,15.013800151185963
11343,13.732392823964396
11344,13.625455493820178
11345,13.826100668015586
11346,13.784343797092804
11347,17.48076603272062
11348,12.68101817570546
11349,13.784343797092804
11350,13.757642763190704
11351,13.429443552736954
11352,13.883737897237935
11353,13.883737897237935
11354,13.883737897237935
11355,13.883737897237935
11356,13.872049718975022
11357,13.784343797092804
11358,14.839565279809413
11359,14.045363420360097
11360,13.791102336936222
11361,13.883737897237935
11362,13.883737897237935
11363,13.883737897237935
11364,13.883737897237935
11365,15.071437380408312
11366,15.071437380408312
11367,13.817568366863297
11368,13.826100668015586
11369,13.634561085015228
11370,13.883737897237935
11371,13.732392823964396
11372,13.625455493820178
11373,15.013800151185963
11374,15.071437380408312
11375,15.071437380408312
11376,13.784343797092804
11377,13.726706567870455
11378,13.373710162156657
11379,13.883737897237935
11380,15.013800151185963
11381,13.958472658406556
11382,13.883737897237935
11383,15.013800151185963
11384,15.071437380408312
11385,13.717756996721429
11386,13.784343797092804
11387,13.373710162156657
11388,13.883737897237935
11389,14.384802227878502
11390,13.883737897237935
11391,13.826100668015586
11392,13.883737897237935
11393,14.045363420360097
11394,14.253461338034496
11395,13.883737897237935
11396,13.323354449996135
11397,14.045363420360097
11398,13.726706567870455
11399,14.027054291765488
11400,13.141292020017298
11401,13.883737897237935
11402,15.035412203312426
11403,13.883737897237935
11404,13.883737897237935
11405,14.384802227878502
11406,13.353400243466389
11407,13.883737897237935
11408,14.45331516787724
11409,13.17729645023459
11410,13.17729645023459
11411,13.798057474506624
11412,13.883737897237935
11413,14.027054291765488
11414,13.883737897237935
11415,13.826100668015586
11416,13.625455493820178
11417,15.071437380408312
11418,13.857182472854358
11419,13.883737897237935
11420,13.732392823964396
11421,13.883737897237935
11422,13.784343797092804
11423,14.045363420360097
11424,14.027054291765488
11425,13.210782480835352
11426,14.045363420360097
11427,13.958472658406556
11428,15.013800151185963
11429,14.45331516787724
11430,15.099166487893712
11431,13.869344594570883
11432,13.625455493820178
11433,14.231453113265477
11434,13.791102336936222
11435,13.883737897237935
11436,12.68101817570546
11437,13.883737897237935
11438,13.784343797092804
11439,14.988705299504337
11440,15.071437380408312
11441,13.717756996721429
11442,13.872049718975022
11443,13.26379670962091
11444,13.857182472854358
11445,13.883737897237935
11446,13.395918556859224
11447,14.384802227878502
11448,13.883737897237935
11449,13.958472658406556
11450,13.883737897237935
11451,13.900835429184207
11452,13.373710162156657
11453,13.625455493820178
11454,13.160755509410645
11455,14.027054291765488
11456,14.988705299504337
11457,12.76721636784925
11458,13.625455493820178
11459,13.883737897237935
11460,13.883737897237935
11461,13.625455493820178
11462,15.071437380408312
11463,15.071437380408312
11464,14.045363420360097
11465,13.883737897237935
11466,13.732392823964396
11467,13.160755509410645
11468,14.045363420360097
11469,15.013800151185963
11470,15.071437380408312
11471,13.883737897237935
11472,13.784343797092804
11473,14.391315700022286
11474,14.391315700022286
11475,13.705993050670864
11476,13.443638156618384
11477,13.309436932781159
11478,14.391315700022286
11479,13.79183802398482
11480,13.717956381802539
11481,14.391315700022286
11482,13.443638156618384
11483,13.316564461578196
11484,15.149178235489643
11485,12.787167112541031
11486,13.309436932781159
11487,13.731401165543415
11488,12.921368336378256
11489,14.35840245458497
11490,13.857338123944404
11491,13.309436932781159
11492,14.86819730709593
11493,14.391315700022286
11494,13.857338123944404
11495,13.857338123944404
11496,13.857338123944404
11497,14.000654518471956
11498,13.443638156618384
11499,13.823983115210277
11500,14.018963647066565
11501,13.857338123944404
11502,13.857338123944404
11503,13.857338123944404
11504,13.857338123944404
11505,14.116997474838131
11506,14.018963647066565
11507,13.228976161596231
11508,13.443638156618384
11509,13.632561400314389
11510,13.857338123944404
11511,13.443638156618384
11512,14.391315700022286
11513,13.443638156618384
11514,12.787167112541031
11515,13.309436932781159
11516,14.35840245458497
11517,14.066156249168975
11518,13.857338123944404
11519,13.443638156618384
11520,12.708237291807858
11521,14.391315700022286
11522,13.392301956431213
11523,13.484597226312525
11524,14.018963647066565
11525,14.391315700022286
11526,14.228836549799922
11527,13.932072885113024
11528,13.280631042119422
11529,13.309436932781159
11530,13.857338123944404
11531,13.392301956431213
11532,14.116997474838131
11533,13.757944023799272
11534,13.857338123944404
11535,12.89264127590163
11536,13.79183802398482
11537,13.857338123944404
11538,13.857338123944404
11539,13.857338123944404
11540,13.443638156618384
11541,13.433261026125354
11542,13.857338123944404
11543,13.857338123944404
11544,14.426915394583707
11545,13.5066244419134
11546,13.410735139134749
11547,13.857338123944404
11548,13.848500100085928
11549,13.5066244419134
11550,13.443638156618384
11551,13.857338123944404
11552,12.787167112541031
11553,13.857338123944404
11554,13.280631042119422
11555,12.870032136191085
11556,14.066156249168975
11557,13.237501730664311
11558,13.583019898760249
11559,13.392301956431213
11560,13.857338123944404
11561,12.921368336378256
11562,13.228976161596231
11563,13.857338123944404
11564,13.79183802398482
11565,13.857338123944404
11566,13.857338123944404
11567,13.392301956431213
11568,13.717956381802539
11569,13.857338123944404
11570,13.5066244419134
11571,13.857338123944404
11572,13.857338123944404
11573,14.391315700022286
11574,13.857338123944404
11575,13.554976705251287
11576,13.309436932781159
11577,13.484597226312525
11578,13.757944023799272
11579,14.000654518471956
11580,14.426915394583707
11581,13.717956381802539
11582,13.79183802398482
11583,13.392301956431213
11584,14.391315700022286
11585,13.857338123944404
11586,13.5066244419134
11587,13.5066244419134
11588,13.857338123944404
11589,14.154180154273222
11590,13.717956381802539
11591,13.717956381802539
11592,13.5066244419134
11593,13.857338123944404
11594,14.17818730878877
11595,13.857338123944404
11596,13.857338123944404
11597,13.443638156618384
11598,12.921368336378256
11599,13.443638156618384
11600,14.195092853068479
11601,12.787167112541031
11602,13.290998974511181
11603,13.757944023799272
11604,12.787167112541031
11605,14.391315700022286
11606,13.309436932781159
11607,13.392301956431213
11608,13.309436932781159
11609,13.309436932781159
11610,13.484597226312525
11611,13.857338123944404
11612,13.857338123944404
11613,12.921368336378256
11614,13.79183802398482
11615,13.857338123944404
11616,13.857338123944404
11617,13.857338123944404
11618,14.35840245458497
11619,13.128563998834483
11620,13.857338123944404
11621,13.731401165543415
11622,13.932072885113024
11623,13.857338123944404
11624,13.79183802398482
11625,14.018963647066565
11626,13.757944023799272
11627,14.018963647066565
11628,14.391315700022286
11629,13.309436932781159
11630,13.857338123944404
11631,14.426915394583707
11632,13.309436932781159
11633,13.731401165543415
11634,13.309436932781159
11635,13.237501730664311
11636,14.000654518471956
11637,13.857338123944404
11638,13.857338123944404
11639,13.228976161596231
11640,13.443638156618384
11641,13.632561400314389
11642,13.309436932781159
11643,13.857338123944404
11644,13.731401165543415
11645,13.757944023799272
11646,14.426915394583707
11647,13.717956381802539
11648,13.857338123944404
11649,13.857338123944404
11650,13.392301956431213
11651,13.857338123944404
11652,13.228976161596231
11653,13.5066244419134
11654,13.632561400314389
11655,12.921368336378256
11656,13.857338123944404
11657,13.857338123944404
11658,14.426915394583707
11659,13.857338123944404
11660,13.731401165543415
11661,13.857338123944404
11662,13.857338123944404
11663,13.857338123944404
11664,13.786958645005642
11665,13.857338123944404
11666,13.731401165543415
11667,13.857338123944404
11668,13.857338123944404
11669,14.391315700022286
11670,14.000654518471956
11671,13.717956381802539
11672,13.857338123944404
11673,13.857338123944404
11674,13.857338123944404
11675,13.717956381802539
11676,14.000654518471956
11677,13.857338123944404
11678,14.391315700022286
11679,14.066156249168975
11680,13.757944023799272
11681,13.857338123944404
11682,13.857338123944404
11683,14.066156249168975
11684,13.757944023799272
11685,14.35840245458497
11686,14.272153537722284
11687,14.113504295143834
11688,14.000654518471956
11689,13.731401165543415
11690,13.857338123944404
11691,13.786958645005642
11692,13.731401165543415
11693,14.000654518471956
11694,13.857338123944404
11695,13.717956381802539
11696,13.857338123944404
11697,14.066156249168975
11698,13.857338123944404
11699,13.857338123944404
11700,13.857338123944404
11701,13.717956381802539
11702,13.857338123944404
11703,13.857338123944404
11704,13.280631042119422
11705,13.786958645005642
11706,13.167146128021637
11707,13.757944023799272
11708,13.857338123944404
11709,13.857338123944404
11710,13.757944023799272
11711,14.391315700022286
11712,13.717956381802539
11713,13.717956381802539
11714,14.066156249168975
11715,14.391315700022286
11716,13.857338123944404
11717,13.857338123944404
11718,13.857338123944404
11719,13.857338123944404
11720,13.857338123944404
11721,13.731401165543415
11722,13.717956381802539
11723,13.731401165543415
11724,13.131505430343678
11725,14.391315700022286
11726,14.272153537722284
11727,14.391315700022286
11728,14.391315700022286
11729,13.786958645005642
11730,14.113504295143834
11731,13.857338123944404
11732,14.391315700022286
11733,14.113504295143834
11734,13.857338123944404
11735,13.857338123944404
11736,13.717956381802539
11737,13.731401165543415
11738,13.731401165543415
11739,13.857338123944404
11740,13.813668267193215
11741,13.857338123944404
11742,13.857338123944404
11743,13.857338123944404
11744,13.857338123944404
11745,13.857338123944404
11746,13.813668267193215
11747,13.932072885113024
11748,13.932072885113024
11749,13.857338123944404
11750,13.717956381802539
11751,13.717956381802539
11752,14.426915394583707
11753,14.35840245458497
11754,13.857338123944404
11755,13.857338123944404
11756,13.857338123944404
11757,14.066156249168975
11758,13.857338123944404
11759,13.717956381802539
11760,13.857338123944404
11761,14.391315700022286
11762,13.857338123944404
11763,13.731401165543415
11764,13.857338123944404
11765,13.757944023799272
11766,13.717956381802539
11767,13.717956381802539
11768,13.717956381802539
11769,13.857338123944404
11770,13.731401165543415
11771,14.35840245458497
11772,13.813668267193215
11773,13.857338123944404
11774,13.857338123944404
11775,13.857338123944404
11776,14.391315700022286
11777,13.717956381802539
11778,13.280631042119422
11779,13.857338123944404
11780,13.857338123944404
11781,13.731401165543415
11782,14.391315700022286
11783,13.857338123944404
11784,14.000654518471956
11785,13.731401165543415
11786,13.717956381802539
11787,13.757944023799272
11788,13.857338123944404
11789,13.280631042119422
11790,13.857338123944404
11791,13.857338123944404
11792,14.066156249168975
11793,13.857338123944404
11794,13.857338123944404
11795,13.857338123944404
11796,13.717956381802539
11797,13.133660097420874
11798,13.857338123944404
11799,13.857338123944404
11800,14.391315700022286
11801,13.731401165543415
11802,13.857338123944404
11803,13.857338123944404
11804,14.391315700022286
11805,13.857338123944404
11806,13.857338123944404
11807,13.786958645005642
11808,14.018963647066565
11809,13.857338123944404
11810,14.391315700022286
11811,13.857338123944404
11812,14.227061564740964
11813,13.857338123944404
11814,13.857338123944404
11815,13.857338123944404
11816,13.857338123944404
11817,13.857338123944404
11818,14.426915394583707
11819,14.391315700022286
11820,13.857338123944404
11821,13.280631042119422
11822,13.857338123944404
11823,13.717956381802539
11824,14.391315700022286
11825,13.857338123944404
11826,13.857338123944404
11827,13.757944023799272
11828,13.857338123944404
11829,13.857338123944404
11830,13.717956381802539
11831,13.857338123944404
11832,13.857338123944404
11833,13.857338123944404
11834,14.391315700022286
11835,14.391315700022286
11836,13.857338123944404
11837,13.786958645005642
11838,13.857338123944404
11839,13.717956381802539
11840,13.857338123944404
11841,13.731401165543415
11842,13.857338123944404
11843,14.391315700022286
11844,13.857338123944404
11845,13.883737897237935
11846,13.625455493820178
11847,13.535725176071079
11848,15.071437380408312
11849,13.535725176071079
11850,13.141292020017298
11851,13.927191142709772
11852,13.80100581633396
11853,13.732392823964396
11854,14.786628725336975
11855,13.671017822746048
11856,13.625455493820178
11857,13.78277099340083
11858,13.017802906067086
11859,13.58571581687713
11860,13.535725176071079
11861,13.729580475095771
11862,13.625455493820178
11863,13.872049718975022
11864,13.883737897237935
11865,13.883737897237935
11866,14.174998173107525
11867,13.535725176071079
11868,13.772962622824998
11869,13.625455493820178
11870,13.313230683590703
11871,13.671017822746048
11872,13.671017822746048
11873,13.625455493820178
11874,14.988705299504337
11875,13.826100668015586
11876,13.717756996721429
11877,13.625455493820178
11878,14.045363420360097
11879,13.883737897237935
11880,13.395918556859224
11881,13.883737897237935
11882,15.071437380408312
11883,13.62802667897233
11884,14.045363420360097
11885,13.732392823964396
11886,13.671017822746048
11887,14.045363420360097
11888,14.208436071661414
11889,14.55326195461976
11890,14.55326195461976
11891,13.826100668015586
11892,13.160755509410645
11893,15.071437380408312
11894,15.035412203312426
11895,13.625455493820178
11896,13.625455493820178
11897,15.013800151185963
11898,13.017802906067086
11899,13.883737897237935
11900,13.141292020017298
11901,14.045363420360097
11902,13.872049718975022
11903,13.625455493820178
11904,13.717756996721429
11905,12.90202679055141
11906,13.80100581633396
11907,13.872049718975022
11908,13.883737897237935
11909,13.872049718975022
11910,13.35855504897378
11911,14.384802227878502
11912,13.395918556859224
11913,12.095522368080085
11914,13.872049718975022
11915,14.23909251299364
11916,13.625455493820178
11917,13.927191142709772
11918,13.80100581633396
11919,13.625455493820178
11920,13.258834409508406
11921,13.763319325647299
11922,13.160755509410645
11923,13.671017822746048
11924,13.80100581633396
11925,13.883737897237935
11926,13.625455493820178
11927,13.625455493820178
11928,13.732392823964396
11929,13.80100581633396
11930,15.071437380408312
11931,13.872049718975022
11932,13.73112320921035
11933,13.671017822746048
11934,14.988705299504337
11935,13.772962622824998
11936,13.927191142709772
11937,13.017802906067086
11938,12.842030005863966
11939,13.141292020017298
11940,13.26379670962091
11941,13.313230683590703
11942,13.017802906067086
11943,13.872049718975022
11944,13.535725176071079
11945,13.625455493820178
11946,13.093471589020488
11947,13.836488518039435
11948,12.842030005863966
11949,13.784343797092804
11950,13.836488518039435
11951,12.90202679055141
11952,13.717756996721429
11953,13.883737897237935
11954,13.625455493820178
11955,15.071437380408312
11956,13.80100581633396
11957,13.535725176071079
11958,13.732392823964396
11959,12.79430274023144
11960,13.836488518039435
11961,14.23909251299364
11962,12.902015660191507
11963,13.883737897237935
11964,13.836488518039435
11965,13.93220040343011
11966,13.826100668015586
11967,13.883737897237935
11968,13.625455493820178
11969,13.671017822746048
11970,13.160755509410645
11971,13.634561085015228
11972,13.784343797092804
11973,13.883737897237935
11974,13.80100581633396
11975,13.625455493820178
11976,13.836488518039435
11977,13.883737897237935
11978,13.883737897237935
11979,13.535725176071079
11980,13.671017822746048
11981,13.535725176071079
11982,13.62802667897233
11983,13.883737897237935
11984,12.726695906927624
11985,13.017802906067086
11986,13.625455493820178
11987,14.344486725758374
11988,13.313230683590703
11989,14.384802227878502
11990,13.625455493820178
11991,15.071437380408312
11992,15.071437380408312
11993,13.872049718975022
11994,13.763319325647299
11995,13.883737897237935
11996,13.625455493820178
11997,13.883737897237935
11998,13.80100581633396
11999,13.625455493820178
12000,13.535725176071079
12001,13.883737897237935
12002,13.78277099340083
12003,13.625455493820178
12004,13.625455493820178
12005,14.786628725336975
12006,14.089909449671744
12007,13.017802906067086
12008,13.535725176071079
12009,13.732392823964396
12010,13.141292020017298
12011,13.93220040343011
12012,13.671017822746048
12013,13.732392823964396
12014,14.384802227878502
12015,13.80100581633396
12016,13.468074946530157
12017,15.013800151185963
12018,13.701611716188829
12019,13.717756996721429
12020,13.594287828420802
12021,14.01559800330702
12022,13.93220040343011
12023,13.625455493820178
12024,13.784343797092804
12025,13.259278490965
12026,13.313230683590703
12027,13.872049718975022
12028,13.872049718975022
12029,13.832087621172732
12030,14.384802227878502
12031,13.883737897237935
12032,14.786628725336975
12033,13.798057474506624
12034,13.958472658406556
12035,13.65851838157281
12036,13.26379670962091
12037,14.384802227878502
12038,14.35840245458497
12039,13.857338123944404
12040,14.113228218035172
12041,14.391315700022286
12042,14.35840245458497
12043,13.857338123944404
12044,13.857338123944404
12045,13.501627030348233
12046,13.857338123944404
12047,13.857338123944404
12048,13.857338123944404
12049,13.857338123944404
12050,13.857338123944404
12051,13.717956381802539
12052,14.391315700022286
12053,13.857338123944404
12054,14.391315700022286
12055,13.857338123944404
12056,14.309921095773113
12057,14.018963647066565
12058,13.857338123944404
12059,14.000654518471956
12060,13.857338123944404
12061,13.280631042119422
12062,13.857338123944404
12063,13.857338123944404
12064,14.426915394583707
12065,13.501627030348233
12066,13.857338123944404
12067,13.857338123944404
12068,13.443638156618384
12069,13.356016848972104
12070,13.857338123944404
12071,13.857338123944404
12072,13.857338123944404
12073,13.857338123944404
12074,13.857338123944404
12075,13.857338123944404
12076,13.857338123944404
12077,13.290998974511181
12078,14.259775866713415
12079,13.857338123944404
12080,13.857338123944404
12081,13.443638156618384
12082,14.391315700022286
12083,13.857338123944404
12084,14.018963647066565
12085,13.857338123944404
12086,14.391315700022286
12087,13.757944023799272
12088,13.857338123944404
12089,13.857338123944404
12090,13.857338123944404
12091,13.443638156618384
12092,13.857338123944404
12093,13.757944023799272
12094,14.066156249168975
12095,13.757944023799272
12096,13.857338123944404
12097,14.227061564740964
12098,13.857338123944404
12099,13.857338123944404
12100,13.857338123944404
12101,14.018963647066565
12102,13.857338123944404
12103,13.857338123944404
12104,13.857338123944404
12105,13.857338123944404
12106,13.280631042119422
12107,13.857338123944404
12108,13.717956381802539
12109,13.857338123944404
12110,13.857338123944404
12111,13.356016848972104
12112,13.757944023799272
12113,14.113504295143834
12114,14.066156249168975
12115,14.35840245458497
12116,13.501627030348233
12117,13.932072885113024
12118,13.717956381802539
12119,13.857338123944404
12120,14.391315700022286
12121,14.018963647066565
12122,14.000654518471956
12123,13.932072885113024
12124,14.000654518471956
12125,13.129366733367323
12126,13.129366733367323
12127,13.857338123944404
12128,13.857338123944404
12129,13.705993050670864
12130,14.426915394583707
12131,13.857338123944404
12132,13.857338123944404
12133,13.786958645005642
12134,13.717956381802539
12135,14.35840245458497
12136,13.857338123944404
12137,13.443638156618384
12138,13.857338123944404
12139,13.79183802398482
12140,13.857338123944404
12141,13.857338123944404
12142,13.857338123944404
12143,13.857338123944404
12144,14.227061564740964
12145,14.35840245458497
12146,13.857338123944404
12147,13.79183802398482
12148,13.857338123944404
12149,13.443638156618384
12150,14.227061564740964
12151,13.133660097420874
12152,13.857338123944404
12153,13.857338123944404
12154,13.857338123944404
12155,14.422551566957758
12156,13.857338123944404
12157,13.857338123944404
12158,13.857338123944404
12159,14.338520605281495
12160,13.857338123944404
12161,14.35840245458497
12162,13.857338123944404
12163,14.391315700022286
12164,13.717956381802539
12165,13.857338123944404
12166,13.857338123944404
12167,13.857338123944404
12168,13.757944023799272
12169,13.857338123944404
12170,13.129366733367323
12171,13.443638156618384
12172,13.857338123944404
12173,13.857338123944404
12174,14.391315700022286
12175,13.717956381802539
12176,13.857338123944404
12177,13.857338123944404
12178,13.932072885113024
12179,13.129366733367323
12180,13.717956381802539
12181,13.280631042119422
12182,13.857338123944404
12183,14.391315700022286
12184,13.857338123944404
12185,14.088988276822862
12186,13.857338123944404
12187,13.053655430278987
12188,14.35840245458497
12189,14.018963647066565
12190,13.324485005111944
12191,14.391315700022286
12192,13.857338123944404
12193,13.280631042119422
12194,13.857338123944404
12195,13.79183802398482
12196,13.280631042119422
12197,14.391315700022286
12198,13.857338123944404
12199,13.501627030348233
12200,14.391315700022286
12201,13.857338123944404
12202,14.066156249168975
12203,13.717956381802539
12204,13.857338123944404
12205,13.705993050670864
12206,13.857338123944404
12207,13.857338123944404
12208,13.857338123944404
12209,14.35840245458497
12210,13.857338123944404
12211,13.131505430343678
12212,13.857338123944404
12213,13.932072885113024
12214,14.000654518471956
12215,13.857338123944404
12216,13.857338123944404
12217,14.391315700022286
12218,13.857338123944404
12219,13.857338123944404
12220,13.857338123944404
12221,13.425200412542797
12222,13.441880272470394
12223,12.441388155230236
12224,13.452255747780853
12225,13.296328140605421
12226,13.350147051540342
12227,13.452255747780853
12228,13.452255747780853
12229,13.613881270903015
12230,14.331406565319625
12231,13.355777904036845
12232,13.452255747780853
12233,13.452255747780853
12234,14.331406565319625
12235,13.452255747780853
12236,13.441880272470394
12237,13.441880272470394
12238,14.331406565319625
12239,13.526990508949474
12240,11.270923297233546
12241,13.441880272470394
12242,13.603505795592556
12243,13.441880272470394
12244,13.126145891274536
12245,13.452255747780853
12246,13.425200412542797
12247,13.452255747780853
12248,13.126145891274536
12249,13.425200412542797
12250,13.452255747780853
12251,13.403070779196595
12252,13.452255747780853
12253,13.441880272470394
12254,13.452255747780853
12255,13.2877714143967
12256,13.296328140605421
12257,13.423088580146858
12258,13.403070779196595
12259,13.3739036115626
12260,13.452255747780853
12261,13.452255747780853
12262,13.441880272470394
12263,13.352861647635722
12264,13.613881270903015
12265,13.644309409118387
12266,13.452255747780853
12267,13.452255747780853
12268,11.270923297233546
12269,13.267160972971427
12270,13.342486172325263
12271,13.425200412542797
12272,13.403070779196595
12273,13.452255747780853
12274,13.452255747780853
12275,13.296328140605421
12276,13.452255747780853
12277,13.613881270903015
12278,13.352861647635722
12279,14.595144731887352
12280,13.441880272470394
12281,13.452255747780853
12282,13.441880272470394
12283,14.331406565319625
12284,14.258864000077766
12285,13.452255747780853
12286,13.441880272470394
12287,13.452255747780853
12288,14.05909745513424
12289,13.403070779196595
12290,12.970218284099104
12291,13.350147051540342
12292,13.285952665294962
12293,13.452255747780853
12294,13.352861647635722
12295,13.613881270903015
12296,13.441880272470394
12297,13.403070779196595
12298,13.452255747780853
12299,13.441880272470394
12300,13.342486172325263
12301,13.126145891274536
12302,13.452255747780853
12303,13.603505795592556
12304,12.421838831101734
12305,13.671512285232703
12306,13.681887760543162
12307,13.452255747780853
12308,13.452255747780853
12309,13.613881270903015
12310,13.452255747780853
12311,13.671512285232703
12312,13.452255747780853
12313,13.403070779196595
12314,13.452255747780853
12315,13.352861647635722
12316,13.350147051540342
12317,13.603505795592556
12318,13.603505795592556
12319,13.613881270903015
12320,12.529247715032819
12321,13.452255747780853
12322,13.403070779196595
12323,13.441880272470394
12324,13.352861647635722
12325,13.452255747780853
12326,13.203436379394068
12327,13.425200412542797
12328,13.452255747780853
12329,13.452255747780853
12330,13.57977906430265
12331,13.126145891274536
12332,13.452255747780853
12333,13.613881270903015
12334,13.654684884428846
12335,12.597293248574184
12336,13.452255747780853
12337,13.452255747780853
12338,13.511772574662503
12339,13.452255747780853
12340,13.452255747780853
12341,13.441880272470394
12342,12.90745703307963
12343,13.452255747780853
12344,13.452255747780853
12345,14.331406565319625
12346,13.203436379394068
12347,13.403070779196595
12348,13.392695303886136
12349,13.452255747780853
12350,13.350147051540342
12351,13.355777904036845
12352,12.421838831101734
12353,14.331406565319625
12354,13.452255747780853
12355,13.516615033639015
12356,13.441880272470394
12357,13.613881270903015
12358,13.151701130972075
12359,13.350147051540342
12360,13.452255747780853
12361,13.613881270903015
12362,13.452255747780853
12363,13.352861647635722
12364,13.285952665294962
12365,13.441880272470394
12366,13.423088580146858
12367,13.452255747780853
12368,13.671512285232703
12369,13.452255747780853
12370,13.452255747780853
12371,13.350147051540342
12372,13.452255747780853
12373,14.719374302484818
12374,13.425200412542797
12375,13.300962082956083
12376,12.441388155230236
12377,13.452255747780853
12378,13.425200412542797
12379,13.126145891274536
12380,13.392695303886136
12381,13.644309409118387
12382,13.452255747780853
12383,13.3739036115626
12384,13.441880272470394
12385,13.425200412542797
12386,13.441880272470394
12387,13.964337216067745
12388,13.964337216067745
12389,13.864943115922614
12390,14.498314792145628
12391,13.964337216067745
12392,13.964337216067745
12393,13.993112101543776
12394,14.527089677621658
12395,13.631531997159936
12396,13.964337216067745
12397,13.964337216067745
12398,14.498314792145628
12399,14.107653610595298
12400,14.35840245458497
12401,13.964337216067745
12402,13.627182323179886
12403,13.964337216067745
12404,13.993112101543776
12405,13.995419020906517
12406,13.964337216067745
12407,14.498314792145628
12408,13.964337216067745
12409,14.498314792145628
12410,13.993112101543776
12411,13.631531997159936
12412,13.964337216067745
12413,13.993112101543776
12414,13.993112101543776
12415,14.498314792145628
12416,13.964337216067745
12417,14.067846862712397
12418,13.964337216067745
12419,13.964337216067745
12420,13.993112101543776
12421,13.964337216067745
12422,13.964337216067745
12423,13.598407437703855
12424,13.932788167477243
12425,13.964337216067745
12426,13.964337216067745
12427,13.964337216067745
12428,13.964337216067745
12429,13.964337216067745
12430,14.533914486707049
12431,13.964337216067745
12432,14.107653610595298
12433,13.964337216067745
12434,13.964337216067745
12435,13.964337216067745
12436,13.964337216067745
12437,14.527089677621658
12438,13.964337216067745
12439,13.993112101543776
12440,13.964337216067745
12441,14.136428496071328
12442,13.964337216067745
12443,13.993112101543776
12444,13.993112101543776
12445,13.964337216067745
12446,13.993112101543776
12447,14.498314792145628
12448,13.993112101543776
12449,14.533914486707049
12450,13.964337216067745
12451,13.964337216067745
12452,13.993112101543776
12453,13.964337216067745
12454,13.964337216067745
12455,14.107653610595298
12456,13.964337216067745
12457,13.993112101543776
12458,13.964337216067745
12459,13.932788167477243
12460,13.964337216067745
12461,13.964337216067745
12462,14.527089677621658
12463,13.598407437703855
12464,13.964337216067745
12465,13.964337216067745
12466,14.498314792145628
12467,14.527089677621658
12468,13.964337216067745
12469,13.993112101543776
12470,13.993112101543776
12471,13.964337216067745
12472,13.964337216067745
12473,13.964337216067745
12474,14.107653610595298
12475,13.964337216067745
12476,13.598407437703855
12477,13.964337216067745
12478,14.533914486707049
12479,14.136428496071328
12480,14.498314792145628
12481,14.498314792145628
12482,13.993112101543776
12483,13.572644470696646
12484,13.964337216067745
12485,13.964337216067745
12486,13.964337216067745
12487,14.107653610595298
12488,13.964337216067745
12489,13.964337216067745
12490,13.460399335589731
12491,14.107653610595298
12492,13.964337216067745
12493,13.964337216067745
12494,14.498314792145628
12495,14.498314792145628
12496,14.227061564740964
12497,13.993112101543776
12498,13.964337216067745
12499,13.964337216067745
12500,13.812992142794206
12501,13.964337216067745
12502,13.271990553067782
12503,13.964337216067745
12504,13.964337216067745
12505,14.227061564740964
12506,14.498314792145628
12507,13.864943115922614
12508,13.964337216067745
12509,13.964337216067745
12510,14.498314792145628
12511,13.964337216067745
12512,13.993112101543776
12513,13.995419020906517
12514,14.107653610595298
12515,13.993112101543776
12516,13.993112101543776
12517,14.136428496071328
12518,13.993112101543776
12519,13.964337216067745
12520,13.964337216067745
12521,13.993112101543776
12522,14.527089677621658
12523,13.964337216067745
12524,13.964337216067745
12525,14.533914486707049
12526,13.964337216067745
12527,14.527089677621658
12528,14.56268937218308
12529,14.56268937218308
12530,14.498314792145628
12531,14.107653610595298
12532,13.964337216067745
12533,13.964337216067745
12534,14.533914486707049
12535,13.964337216067745
12536,13.964337216067745
12537,14.527089677621658
12538,13.964337216067745
12539,13.598407437703855
12540,14.527089677621658
12541,14.527089677621658
12542,14.107653610595298
12543,13.964337216067745
12544,14.498314792145628
12545,13.812992142794206
12546,13.993112101543776
12547,13.964337216067745
12548,13.964337216067745
12549,13.995419020906517
12550,13.964337216067745
12551,13.964337216067745
12552,13.995419020906517
12553,14.527089677621658
12554,13.993112101543776
12555,13.993112101543776
12556,13.993112101543776
12557,13.598407437703855
12558,14.527089677621658
12559,13.431484097235286
12560,13.864943115922614
12561,14.498314792145628
12562,13.964337216067745
12563,13.964337216067745
12564,13.964337216067745
12565,13.964337216067745
12566,13.964337216067745
12567,13.598407437703855
12568,13.964337216067745
12569,13.993112101543776
12570,13.964337216067745
12571,13.701162003788475
12572,13.423088580146858
12573,13.441880272470394
12574,13.423088580146858
12575,13.452255747780853
12576,13.452255747780853
12577,14.331406565319625
12578,14.331406565319625
12579,13.701162003788475
12580,13.323694480001727
12581,13.181562149121703
12582,13.323091716302285
12583,13.423088580146858
12584,13.452255747780853
12585,13.423088580146858
12586,13.352861647635722
12587,13.423088580146858
12588,13.041429409987975
12589,12.974935218459592
12590,13.452255747780853
12591,13.423088580146858
12592,13.552723729064594
12593,13.452255747780853
12594,13.654684884428846
12595,13.452255747780853
12596,13.423088580146858
12597,12.90745703307963
12598,14.331406565319625
12599,13.441880272470394
12600,13.323091716302285
12601,13.471529991026166
12602,13.425200412542797
12603,13.181562149121703
12604,13.654684884428846
12605,13.644309409118387
12606,12.90745703307963
12607,13.654684884428846
12608,13.041429409987975
12609,13.325005477914802
12610,13.323091716302285
12611,13.452255747780853
12612,13.452255747780853
12613,13.452255747780853
12614,13.452255747780853
12615,13.181562149121703
12616,13.425200412542797
12617,13.323091716302285
12618,13.452255747780853
12619,13.471529991026166
12620,13.285952665294962
12621,13.441880272470394
12622,13.403070779196595
12623,13.452255747780853
12624,13.452255747780853
12625,13.323091716302285
12626,13.441880272470394
12627,13.452255747780853
12628,13.452255747780853
12629,13.296328140605421
12630,13.441880272470394
12631,12.90745703307963
12632,13.452255747780853
12633,13.484717239424446
12634,13.392695303886136
12635,13.425200412542797
12636,13.423088580146858
12637,13.484717239424446
12638,13.681887760543162
12639,12.90745703307963
12640,13.452255747780853
12641,13.452255747780853
12642,13.552723729064594
12643,13.09408636851547
12644,13.296328140605421
12645,13.269272805367365
12646,13.625517716794851
12647,13.423088580146858
12648,13.452255747780853
12649,13.181562149121703
12650,13.471529991026166
12651,14.331406565319625
12652,13.342486172325263
12653,13.425200412542797
12654,13.441880272470394
12655,13.181562149121703
12656,13.586825935664958
12657,13.452255747780853
12658,13.452255747780853
12659,13.452255747780853
12660,13.49782334131548
12661,13.452255747780853
12662,13.285952665294962
12663,13.652720592909168
12664,12.663220091941163
12665,13.526990508949474
12666,13.181562149121703
12667,13.452255747780853
12668,12.554678254912199
12669,13.681887760543162
12670,13.423088580146858
12671,13.041429409987975
12672,14.350680808564938
12673,13.452255747780853
12674,13.425200412542797
12675,13.403070779196595
12676,13.423088580146858
12677,14.331406565319625
12678,13.613881270903015
12679,13.471529991026166
12680,13.452255747780853
12681,13.452255747780853
12682,14.181831050680497
12683,13.681887760543162
12684,12.974935218459592
12685,13.484717239424446
12686,13.452255747780853
12687,13.267160972971427
12688,13.074628941400404
12689,13.323091716302285
12690,13.452255747780853
12691,13.441880272470394
12692,13.652720592909168
12693,14.05909745513424
12694,13.452255747780853
12695,13.051472720902364
12696,13.452255747780853
12697,13.515496156652208
12698,13.441880272470394
12699,13.203436379394068
12700,13.652720592909168
12701,13.332012080789303
12702,13.03800075136302
12703,13.267160972971427
12704,13.423088580146858
12705,14.181831050680497
12706,13.67395912767416
12707,13.441880272470394
12708,13.423088580146858
12709,12.90745703307963
12710,13.041429409987975
12711,13.625517716794851
12712,13.285952665294962
12713,13.441880272470394
12714,13.452255747780853
12715,13.423088580146858
12716,13.423088580146858
12717,13.452255747780853
12718,13.425200412542797
12719,13.423088580146858
12720,13.613881270903015
12721,13.423088580146858
12722,13.654832425305106
12723,13.452255747780853
12724,13.452255747780853
12725,13.526990508949474
12726,13.309436932781159
12727,12.310899387700756
12728,13.448818674923023
12729,13.857338123944404
12730,13.275236478309623
12731,13.01575106522569
12732,13.124521203962871
12733,13.01575106522569
12734,13.01575106522569
12735,13.01575106522569
12736,13.91700157553333
12737,12.851718453050154
12738,13.731401165543415
12739,13.01575106522569
12740,13.79183802398482
12741,13.01575106522569
12742,13.01575106522569
12743,13.01575106522569
12744,13.01575106522569
12745,13.857338123944404
12746,12.977177583205522
12747,13.443638156618384
12748,13.448818674923023
12749,13.448818674923023
12750,12.310899387700756
12751,13.01575106522569
12752,13.01575106522569
12753,13.717956381802539
12754,14.121302056626607
12755,12.91692282202627
12756,13.717956381802539
12757,13.10246675383246
12758,13.316564461578196
12759,13.10246675383246
12760,14.35840245458497
12761,13.01575106522569
12762,13.01575106522569
12763,13.01575106522569
12764,13.857338123944404
12765,12.91692282202627
12766,13.10246675383246
12767,13.5066244419134
12768,14.195092853068479
12769,15.37213095048103
12770,13.523553436091644
12771,13.291202109848028
12772,12.484772352011559
12773,13.309436932781159
12774,14.147345685286494
12775,13.309436932781159
12776,13.10246675383246
12777,13.848500100085928
12778,13.275236478309623
12779,13.717956381802539
12780,12.91692282202627
12781,13.01575106522569
12782,14.066156249168975
12783,14.121302056626607
12784,13.01575106522569
12785,13.848500100085928
12786,13.01575106522569
12787,13.124521203962871
12788,13.01575106522569
12789,13.01575106522569
12790,13.717956381802539
12791,13.01575106522569
12792,12.290607247239157
12793,13.01575106522569
12794,14.299633263090543
12795,12.485981025992732
12796,14.060629996679726
12797,13.01575106522569
12798,13.275236478309623
12799,13.717956381802539
12800,13.117529000152533
12801,13.443638156618384
12802,14.195092853068479
12803,13.01575106522569
12804,13.01575106522569
12805,13.01575106522569
12806,13.01575106522569
12807,12.484772352011559
12808,13.857338123944404
12809,12.205451183721111
12810,14.426915394583707
12811,13.01575106522569
12812,13.258708332577356
12813,14.066156249168975
12814,13.01575106522569
12815,13.16499146094444
12816,13.01575106522569
12817,13.01575106522569
12818,13.353400243466389
12819,13.01575106522569
12820,13.050383351237599
12821,13.01575106522569
12822,13.316564461578196
12823,14.113504295143834
12824,13.857338123944404
12825,12.431080262281098
12826,13.01575106522569
12827,13.309436932781159
12828,13.275236478309623
12829,14.498314792145628
12830,14.454395119951965
12831,13.717956381802539
12832,12.484772352011559
12833,12.688157096246833
12834,13.731401165543415
12835,13.01575106522569
12836,14.498314792145628
12837,13.01575106522569
12838,13.050383351237599
12839,12.451531607757653
12840,13.000012272921909
12841,13.01575106522569
12842,12.91692282202627
12843,13.01575106522569
12844,13.01575106522569
12845,12.851718453050154
12846,13.977207164863682
12847,13.717956381802539
12848,13.01575106522569
12849,13.10246675383246
12850,13.01575106522569
12851,13.717956381802539
12852,12.485981025992732
12853,13.000012272921909
12854,13.79183802398482
12855,13.479900479761795
12856,13.79183802398482
12857,13.01575106522569
12858,13.717956381802539
12859,14.272153537722284
12860,13.01575106522569
12861,14.236378990293005
12862,14.060629996679726
12863,13.731401165543415
12864,12.688157096246833
12865,13.163736225218637
12866,13.01575106522569
12867,12.290607247239157
12868,13.443638156618384
12869,12.502776139675614
12870,13.01575106522569
12871,13.10246675383246
12872,13.717956381802539
12873,13.844662025626501
12874,13.01575106522569
12875,12.708237291807858
12876,13.000012272921909
12877,13.731401165543415
12878,13.01575106522569
12879,12.735407581160594
12880,13.000012272921909
12881,12.688157096246833
12882,13.01575106522569
12883,12.735407581160594
12884,13.443638156618384
12885,14.066156249168975
12886,14.391315700022286
12887,13.786958645005642
12888,12.310899387700756
12889,13.163736225218637
12890,13.717956381802539
12891,13.000012272921909
12892,13.10246675383246
12893,12.451531607757653
12894,13.163736225218637
12895,13.857338123944404
12896,13.448818674923023
12897,13.01575106522569
12898,13.717956381802539
12899,12.290607247239157
12900,13.443638156618384
12901,13.826786481201545
12902,12.977177583205522
12903,13.977207164863682
12904,13.10246675383246
12905,12.735407581160594
12906,13.731401165543415
12907,14.066156249168975
12908,13.000012272921909
12909,13.479900479761795
12910,12.502776139675614
12911,13.000012272921909
12912,13.296686917848286
12913,13.01575106522569
12914,13.01575106522569
