ID,Delay
1,13.609970681485184
2,10.878165138097945
3,12.590799333663366
4,10.43413312102114
5,10.384964565447257
6,11.936287401725988
7,12.367062090860106
8,8.467430931537814
9,7.572959255149716
10,11.354791643233678
11,8.677652361007116
12,14.675271989913366
13,9.036172228433303
14,12.367062090860106
15,10.583731544347945
16,9.630279014826371
17,11.613791774680966
18,13.607329796076371
19,11.022642197126041
20,11.344775250704542
21,8.700058572110184
22,10.119327626314288
23,11.340972374201371
24,12.590799333663366
25,13.436758888097945
26,10.583731544347945
27,8.972207384683303
28,11.447086415376788
29,8.467430931537814
30,10.859085659197257
31,11.292870384662814
32,10.781768272638871
33,9.006858180930966
34,10.756943337735184
35,8.926376931485184
36,10.047586443038366
37,10.687177096762515
38,10.548521103376041
39,8.276782086642042
40,13.38188702727114
41,11.651169411953934
42,8.809073341222945
43,12.79521710539614
44,11.150327744001041
45,8.677652361007116
46,10.23137433195864
47,11.486106227805966
48,8.519335797579542
49,9.621137057700015
50,12.116678239913366
51,10.870654156954542
52,10.489004981847945
53,11.292870384662814
54,9.467186790912814
55,10.134342274751788
56,10.481494000704542
57,12.590799333663366
58,8.942893337180966
59,9.299068926797606
60,12.842577985079542
61,12.850088966222945
62,11.011985134055966
63,10.111551286788366
64,10.687177096762515
65,8.197202744001041
66,8.47197491789614
67,8.985176561882238
68,7.861737643637515
69,9.887814043985106
70,7.656001961270949
71,10.859085659197257
72,8.621646962251788
73,8.982285134610184
74,7.533939442720538
75,8.700058572110184
76,11.872433184610106
77,8.865527203829542
78,9.196958603376041
79,8.903873524751788
80,12.983908962180966
81,10.384964565447257
82,10.82329327727114
83,10.278735211642042
84,12.109527061701371
85,9.699814431485184
86,8.47197491789614
87,11.810616015007238
88,8.447427111245803
89,7.619183932700015
90,8.809073341222945
91,8.47197491789614
92,11.29741437102114
93,9.284087608576371
94,8.457504861172684
95,8.813622337787814
96,7.861737643637515
97,10.82329327727114
98,10.381046376314288
99,8.276782086642042
100,10.583731544347945
101,11.938301561882238
102,10.226830345600314
103,11.054317950235106
104,12.221797859708449
105,8.689980822183303
106,12.79521710539614
107,9.196958603376041
108,7.602273302652053
109,7.861737643637515
110,13.377343040912814
111,9.036172228433303
112,11.525498025235184
113,8.861493503012515
114,12.590799333663366
115,9.94341046477114
116,12.235198448420121
117,8.689980822183303
118,11.78825909758364
119,9.689736681558303
120,10.972965321626788
121,12.367062090860106
122,8.972207384683303
123,10.524315697162814
124,8.453915118203856
125,8.967838368501788
126,9.765359880538366
127,11.150327744001041
128,9.566314171076371
129,7.109495224469791
130,9.510405967951371
131,8.621646962251788
132,11.340972374201371
133,10.812848483481265
134,13.308418749382238
135,8.677652361007116
136,11.635405967951371
137,11.301022051797606
138,12.771649753012515
139,13.531559071626788
140,9.526602638097945
141,7.439139259191695
142,10.249874031583449
143,12.850088966222945
144,12.718484880538366
145,8.861493503012515
146,14.193999717951371
147,7.861737643637515
148,13.023300759610184
149,8.224877220600314
150,10.032031110079542
151,10.723995125333449
152,12.716470720382116
153,9.709898056501041
154,9.451169406332827
155,10.250098537376278
156,10.870654156954542
157,11.043487022638871
158,9.267403124382238
159,8.284293067785445
160,9.411250984708449
161,8.865527203829542
162,8.379093251314288
163,10.489004981847945
164,10.857657325597945
165,10.032031110079542
166,10.849666512052199
167,8.276782086642042
168,11.011985134055966
169,11.051376931485184
170,8.903873524751788
171,7.656001961270949
172,8.244747078458449
173,11.246245811701371
174,10.171494118985184
175,12.520444931501041
176,8.526846778722945
177,10.226830345600314
178,11.301022051797606
179,9.541622637735106
180,10.878165138097945
181,9.955440437833449
182,8.22942120695864
183,13.308418749382238
184,14.675271989913366
185,8.967838368501788
186,11.477957618566695
187,8.69829327727114
188,9.566314171076371
189,9.47173077727114
190,11.548242755208951
191,15.024742886844866
192,16.918833263105842
193,11.479054663824098
194,13.067879521131985
195,13.752954669271451
196,13.067879521131985
197,14.652475841230842
198,12.062799810173654
199,14.483192912663727
200,13.809865210699098
201,11.332039677381985
202,17.014049451003917
203,13.479582511216893
204,12.877817638105842
205,14.15187788101316
206,13.72143220147894
207,16.114038653646453
208,12.94799470147894
209,13.436531864881985
210,12.577156864881985
211,15.135626218956006
212,14.072780532235655
213,15.548716075605842
214,10.536707336223245
215,14.68383454522894
216,14.114540568913727
217,15.135626218956006
218,12.062799810173654
219,16.505743406456006
220,14.188487927566417
221,16.007091443191417
222,13.436531864881985
223,11.868068618173155
224,13.162606083631985
225,13.74181412848404
226,13.380228228841764
227,13.761836122423283
228,17.014049451003917
229,11.909828654851227
230,14.935026847154393
231,12.94799470147894
232,16.918833263105842
233,14.652965466628917
234,14.072780532235655
235,13.752954669271451
236,13.809865210699098
237,13.06848642651941
238,10.703088946615201
239,11.064674846257477
240,13.436531864881985
241,12.836145812785745
242,12.136987872396451
243,12.603401982069485
244,12.368692809856057
245,15.021617810378917
246,14.68383454522894
247,14.636164067986154
248,12.981657706529393
249,14.513311765831006
250,13.176386903673283
251,10.391347144292848
252,12.152382365788727
253,13.667109559923283
254,14.652475841230842
255,14.121607013021451
256,10.703088946615201
257,11.708458707157366
258,12.595591075605842
259,10.620751187626116
260,11.63396882257269
261,13.110071594035745
262,14.432179663824098
263,15.021617810378917
264,14.185022838301155
265,10.894194327623143
266,14.039269254032366
267,10.863167607069485
268,14.039269254032366
269,14.636164067986154
270,13.771932981651318
271,10.617243837267033
272,10.617243837267033
273,15.41296402417315
274,13.56811539136065
275,14.572153575605842
276,11.704951356798283
277,16.700708575521453
278,13.623817912663727
279,13.695196531456006
280,17.04491852960394
281,13.595346934980842
282,14.039269254032366
283,13.771932981651318
284,11.387947880506985
285,13.752954669271451
286,14.035761903673283
287,14.795338843511598
288,12.378700725163727
289,11.022914809579405
290,11.63396882257269
291,14.05883804761065
292,12.105477177381985
293,11.462397645860783
294,12.062799810173654
295,15.05248688897894
296,13.206139371219866
297,13.74181412848404
298,16.03796052179144
299,11.909828654851227
300,13.803034185173654
301,14.114540568913727
302,14.05883804761065
303,12.276941711223245
304,13.067879521131985
305,13.59436050854815
306,14.28023902619923
307,14.42749039136065
308,14.121607013021451
309,16.47562455328873
310,13.695196531456006
311,12.47912263116644
312,12.950490210699098
313,11.909828654851227
314,11.981901847154393
315,14.304494116949098
316,14.067026622480842
317,14.15356461011065
318,13.571333609849706
319,14.557749278730842
320,12.368692809856057
321,11.85412613354815
322,13.665077678288727
323,14.652965466628917
324,14.92211929761065
325,14.144659422081006
326,13.765343472782366
327,12.276941711223245
328,13.441212866949098
329,14.108286388105842
330,16.699594981855842
331,14.68383454522894
332,13.847681231771451
333,14.039269254032366
334,13.803034185173654
335,13.303491778646451
336,11.064674846257477
337,17.215265630486154
338,14.05883804761065
339,13.608302993173155
340,10.536707336223245
341,13.202632020860783
342,12.595591075605842
343,13.74181412848404
344,10.536707336223245
345,15.021617810378917
346,16.433864516610655
347,16.82568024835394
348,11.868068618173155
349,14.203502576003917
350,11.909828654851227
351,12.836145812785745
352,12.105477177381985
353,13.479582511216893
354,17.600719372878917
355,13.670616910282366
356,14.513311765831006
357,14.093271739668342
358,14.312712394029393
359,11.164805636153403
360,8.536106319453816
361,9.762491492350415
362,11.432791227450867
363,10.718462298996194
364,13.905358138418455
365,12.440106296162917
366,11.813062049498802
367,11.043631071200867
368,9.2396977916863
369,10.929696032486437
370,11.396572460110853
371,10.690684542403403
372,11.781616764056995
373,12.613982422504751
374,10.447674655537917
375,8.762735632975415
376,9.706295871358229
377,10.301524386153403
378,12.613982422504751
379,10.508141341543455
380,7.675028113444165
381,10.480233141861437
382,8.5029573639466
383,11.326256575918455
384,8.536106319453816
385,9.475221942550881
386,12.6069612701966
387,11.427368717181995
388,11.326256575918455
389,10.957604232168455
390,11.954469989425881
391,9.8284429088738
392,12.389248534829683
393,10.51264320434004
394,11.585972042110066
395,11.091188739425881
396,12.77250261052724
397,11.781616764056995
398,9.313729235611437
399,11.620693847329683
400,13.672647742350415
401,11.954624385860066
402,11.298348376236437
403,13.085977820475415
404,9.307791227450867
405,8.2604036530091
406,9.796997623431995
407,10.963501529681995
408,8.680657730707228
409,13.290780016861437
410,11.525967284829683
411,10.718462298996194
412,8.923211441644728
413,11.588175086100415
414,11.894619628579683
415,12.034597868075867
416,10.885369644769728
417,9.129030536300881
418,13.905358138418455
419,10.724893836100415
420,12.8261995514466
421,8.685557589278403
422,9.355348895675881
423,12.389248534829683
424,10.529509766254751
425,12.29419200844862
426,10.4651155670716
427,12.034597868075867
428,10.51264320434004
429,11.093546179850415
430,8.995446029043455
431,11.833569861998802
432,9.623813838985066
433,9.2396977916863
434,11.802124576556995
435,9.391445506985853
436,10.4820073619988
437,11.998379100735853
438,7.251658663497153
439,10.079022311787917
440,13.246453629144728
441,11.412964420306995
442,11.091188739425881
443,11.091188739425881
444,11.47607677407362
445,10.690684542403403
446,10.9799321666863
447,10.5598421295716
448,10.4795198639466
449,10.447674655537917
450,10.055388672504751
451,10.450562076556995
452,11.954624385860066
453,11.396572460110853
454,11.4444097057488
455,13.368496288235853
456,8.995446029043455
457,10.055388672504751
458,10.96313732094862
459,11.326256575918455
460,11.480348895675881
461,10.529509766254751
462,12.403931217181995
463,11.007412303860853
464,10.963501529681995
465,12.516934081704683
466,12.032583707919617
467,13.290780016861437
468,9.129030536300881
469,13.877449938736437
470,11.915127441079683
471,11.298348376236437
472,11.525967284829683
473,9.450806217181995
474,9.321255370767183
475,13.887051269204683
476,11.007412303860853
477,10.929696032486437
478,13.991384977450867
479,11.164805636153403
480,8.20670671208974
481,9.563809081704683
482,10.352167395670728
483,11.412964420306995
484,12.77250261052724
485,12.29419200844862
486,11.915127441079683
487,10.20865983708974
488,10.885369644769728
489,10.447674655537917
490,13.368496288235853
491,10.78007096990224
492,9.762491492350415
493,11.998379100735853
494,10.9799321666863
495,10.435906754144728
496,10.885369644769728
497,9.837046847090903
498,11.813062049498802
499,9.706295871358229
500,8.520181922037915
501,8.680657730707228
502,12.401917057025745
503,11.715860632975415
504,13.452272723800881
505,11.292491183028403
506,11.998379100735853
507,8.20670671208974
508,9.411257098800881
509,13.246453629144728
510,10.67090463077118
511,7.361552903495991
512,9.307791227450867
513,9.810801729903403
514,10.301524386153403
515,13.774048404681995
516,11.432791227450867
517,11.781616764056995
518,7.8798303098301865
519,10.724893836100415
520,12.516934081704683
521,11.254021988519728
522,11.781616764056995
523,10.594168180575867
524,11.813062049498802
525,11.433148288350417
526,11.93994396157362
527,11.069989108662917
528,11.954624385860066
529,10.718462298996194
530,11.920662829361437
531,12.311730208730955
532,13.404715055575867
533,11.121494503047566
534,11.376064647610853
535,13.4128694733216
536,11.46106212563612
537,8.463055514912917
538,8.7292757233216
539,12.29419200844862
540,8.802700389798353
541,11.376064647610853
542,11.954624385860066
543,11.412964420306995
544,10.079022311787917
545,7.957546581204603
546,10.079022311787917
547,9.321255370767183
548,8.126976136073573
549,9.089360022155354
550,8.88956649673032
551,11.585393917222907
552,8.212808200638634
553,10.712364319667323
554,10.518474465695899
555,11.43277938735532
556,7.789872894851094
557,8.110774356622823
558,9.526834079544884
559,8.895802064990653
560,8.36478622329282
561,11.726306887951615
562,13.787492523757344
563,9.406791821620029
564,12.040123108729823
565,7.5748063479872165
566,10.043647680962698
567,10.286201391900198
568,10.779658633966573
569,6.7296525393934665
570,7.8173600589247165
571,10.372974916553153
572,6.740840274591574
573,10.196771696925632
574,13.537925843104823
575,8.613575502490653
576,11.144831973810323
577,8.868470714907438
578,14.210427829544884
579,9.159806976882344
580,9.810735714097907
581,12.045600805962698
582,9.089360022155354
583,11.783882055962698
584,11.252185794201615
585,12.040123108729823
586,13.851751339097907
587,9.496910218104823
588,12.936817689990653
589,9.206597814475026
590,11.725603475901362
591,11.43277938735532
592,8.440801632066657
593,9.528509151597907
594,12.727272168299717
595,8.522279308657438
596,8.60733993423032
597,11.725603475901362
598,10.502568029967854
599,9.214683655604823
600,10.034974621157438
601,10.56949813735532
602,10.568427954400198
603,10.992595559445899
604,8.500614904967854
605,13.224109622326615
606,8.900867434826615
607,7.525867982959403
608,11.228898773757344
609,13.223406210276362
610,11.357400485794884
611,8.964044103537526
612,11.55845077407407
613,9.159806976882344
614,8.804505871157438
615,9.206597814475026
616,8.877580414382344
617,8.657610311838862
618,9.057962009232384
619,10.642799512049717
620,10.974083069667323
621,11.725603475901362
622,10.484437511782438
623,11.263482580100026
624,11.208390961257344
625,9.646707126419884
626,10.019959972719938
627,11.439014955615653
628,11.251482382151362
629,8.895802064990653
630,8.95353134048032
631,11.251482382151362
632,9.756587869016212
633,11.87563315459551
634,8.868470714907438
635,13.810076132151362
636,11.041299181558303
637,8.60733993423032
638,8.449382668820899
639,11.515420275308303
640,13.224109622326615
641,11.564686342334403
642,10.019959972719938
643,10.111256166553153
644,12.93058212173032
645,10.034974621157438
646,13.653080725280352
647,7.07944858678965
648,11.798896704400198
649,8.877580414382344
650,10.873597668032438
651,9.582742282669884
652,12.93058212173032
653,11.347718761782438
654,9.198493872368948
655,8.900164022776362
656,8.613575502490653
657,10.705326819030354
658,8.500614904967854
659,7.828547794122824
660,8.174739200372823
661,10.781672794122823
662,13.223406210276362
663,11.726306887951615
664,11.853992434826615
665,9.214683655604823
666,10.286201391900198
667,11.585393917222907
668,7.5748063479872165
669,8.440801632066657
670,11.757636938775198
671,7.434571789126189
672,11.144831973810323
673,11.703019867507344
674,8.88956649673032
675,9.246355429026362
676,8.613575502490653
677,11.585393917222907
678,11.921363965174717
679,13.066410803405352
680,9.805110294122823
681,9.528509151597907
682,8.126976136073573
683,9.582742282669884
684,8.118890294943776
685,7.434571789126189
686,11.252185794201615
687,8.371021791553153
688,11.568608069030352
689,6.740840274591574
690,9.246355429026362
691,12.151789981622823
692,11.041299181558303
693,8.743168615905354
694,9.214683655604823
695,11.585393917222907
696,10.168678418299717
697,10.934465180007344
698,9.089360022155354
699,13.851751339097907
700,13.111640845025198
701,10.642799512049717
702,8.167156106320899
703,12.032037267600026
704,10.575733705615653
705,9.810735714097907
706,9.315040722987217
707,9.300515720169884
708,12.151789981622823
709,13.523487611865653
710,10.839738617507344
711,10.168678418299717
712,9.885432559747823
713,11.271568421229823
714,10.179866153497823
715,8.522279308657438
716,7.828547794122824
717,9.159806976882344
718,12.253640720169884
719,10.300271579544884
720,9.528509151597907
721,9.488824376975026
722,10.332600378600667
723,13.432191418032438
724,13.239326391900198
725,10.375261078444844
726,8.743168615905354
727,12.032037267600026
728,10.528265010972907
729,10.964893861865653
730,10.873597668032438
731,8.613575502490653
732,12.956421878376103
733,14.201244700976758
734,12.487664015665656
735,12.564400465860968
736,13.325455421778553
737,15.485390931849972
738,13.119927761927617
739,10.68086434698139
740,11.874810574427617
741,11.76857186651264
742,17.24219761687533
743,14.111533937321774
744,12.855326634348373
745,13.457432955751853
746,12.991844754944859
747,10.974968703165656
748,14.817484837473373
749,12.432639775070715
750,11.874810574427617
751,12.665798369724284
752,14.201244700976758
753,12.942017581501103
754,12.665798369724284
755,15.298210890665656
756,15.64856968718783
757,14.817484837473373
758,14.66309605437533
759,16.65552769500033
760,13.368114818164258
761,13.340470070216053
762,10.407567233095603
763,12.629844484196774
764,14.334632680313108
765,14.870510283786784
766,10.915855226384274
767,13.24000741338764
768,10.916114613906858
769,15.298210890665656
770,11.767619114817123
771,13.80372105437533
772,14.601617215052617
773,11.42632299530197
774,14.187888798508215
775,13.705376980677617
776,14.09938241338764
777,11.99489022588764
778,12.542381864319859
779,13.59325389613342
780,15.006004032883215
781,12.619118314515172
782,14.01171117889572
783,12.432639775070715
784,13.552159518251853
785,14.956947133438108
786,13.417206520411366
787,15.006004032883215
788,14.09938241338764
789,12.446404250040656
790,12.741419250285745
791,10.915855226384274
792,17.231594268161786
793,14.716836244349972
794,13.610650418177617
795,13.086571317444859
796,15.186137181223373
797,14.158585304591053
798,16.558404324427617
799,16.151016945216053
800,14.614726048410873
801,14.47618871795822
802,15.352928739319859
803,12.27147680389572
804,11.206177737751103
805,15.976235658412472
806,12.942017581501103
807,12.564400465860968
808,12.432639775070715
809,14.379787627536784
810,17.24219761687533
811,13.965980336563108
812,11.627880443164258
813,15.991477665695715
814,12.451294925251103
815,13.457432955751853
816,13.610650418177617
817,17.765238743723373
818,12.937126906290656
819,15.861477080661784
820,12.942017581501103
821,16.151016945216053
822,16.998435673508215
823,14.990762025599972
824,11.870434154101758
825,13.26625253057514
826,11.257195265665656
827,13.80372105437533
828,13.73073006963764
829,13.979302761927617
830,12.908352080661784
831,14.353007298410873
832,13.832592357226758
833,15.971734402552617
834,14.637351689133215
835,11.52601815557514
836,14.823559154101758
837,12.432639775070715
838,13.979302761927617
839,13.134971437321774
840,12.619118314515172
841,11.627880443164258
842,13.979302761927617
843,12.08973179656283
844,15.64856968718783
845,11.627880443164258
846,12.612772923410873
847,15.861477080661784
848,14.01171117889572
849,14.870510283786784
850,13.360497098694859
851,12.286048695938108
852,14.060706899063108
853,13.82996617156283
854,10.974968703165656
855,11.627880443164258
856,11.767619114817123
857,13.908107940036784
858,13.610650418177617
859,15.613076478724972
860,14.47618871795822
861,11.572243959193722
862,16.83727270233322
863,12.11476327276264
864,11.761268422500608
865,12.966710299501853
866,10.407567233095603
867,9.887261183634406
868,11.572243959193722
869,13.310669925251103
870,15.186718333789258
871,12.451294925251103
872,13.98546606170822
873,11.42632299530197
874,13.84498082000033
875,14.334632680313108
876,11.52601815557514
877,13.928093703165656
878,11.029686551819859
879,13.23792397774793
880,15.628318486008215
881,11.405938504115117
882,11.585221046778553
883,14.09938241338764
884,13.552159518251853
885,15.298210890665656
886,14.353007298410873
887,10.560784695521367
888,11.820644561130534
889,14.444758397043685
890,14.956947133438108
891,12.33228550750033
892,15.808451634348373
893,17.231594268161786
894,12.619118314515172
895,12.612772923410873
896,14.09938241338764
897,12.741419250285745
898,12.05079842901264
899,16.737686867091053
900,13.305779250040656
901,16.67848397588764
902,11.252721041689353
903,14.334632680313108
904,13.457432955751853
905,11.824943394112305
906,10.865555890967238
907,12.396809655247186
908,10.750134204886999
909,11.7533962520136
910,12.039291750707319
911,10.812035679168831
912,11.824943394112305
913,11.346279297182255
914,10.047440656592238
915,9.62615262558553
916,10.959716464328705
917,11.099999546356331
918,8.756950230049803
919,13.864248032197976
920,10.80057878240224
921,12.01080770564265
922,10.675598513402631
923,8.164746021293249
924,11.871816391572976
925,9.5486843379511
926,9.345695347237303
927,7.537594273216852
928,12.1220485957636
929,10.865555890967238
930,7.89031278183553
931,9.297695312807255
932,12.1220485957636
933,13.96759481501765
934,11.966579590151005
935,10.340355991668831
936,8.453298325166726
937,10.750134204886999
938,7.9098507416724555
939,11.416977297582319
940,7.927761230776005
941,11.01984090876765
942,13.663842319793831
943,13.980291239622012
944,10.01531278183553
945,7.66399442246053
946,10.032426008154738
947,11.98723660996053
948,10.340355991668831
949,11.583264087699499
950,7.537594273216852
951,10.587459995873102
952,10.61711942246053
953,12.331752929994755
954,11.952628940987305
955,11.892324204072976
956,11.416977297582319
957,10.002630950902056
958,10.765148853324499
959,9.015468750307255
960,9.002875091527056
961,10.829778544309512
962,8.625301792748102
963,10.587459995873102
964,10.961662144112303
965,12.948543980248102
966,12.1220485957636
967,7.9098507416724555
968,10.959716464328705
969,13.35917253240224
970,11.032537333372012
971,7.66399442246053
972,13.912787200902056
973,12.57390653183553
974,11.038686508760476
975,10.865555890967238
976,10.604900513002567
977,11.7533962520136
978,11.956000091527056
979,7.911796421456054
980,9.098046421356331
981,10.512199253487303
982,12.656884311981331
983,10.495238925266205
984,13.214924889622186
985,13.864248032197976
986,11.348876620578705
987,11.2889187129511
988,11.214611743949499
989,10.497184605049803
990,9.796406823215936
991,8.997558261203705
992,11.950614780831055
993,12.1220485957636
994,10.965033294652056
995,8.382748081810602
996,11.328368808078705
997,12.315788120674805
998,8.70353052935735
999,9.098046421356331
1000,10.976066440987303
1001,10.500555755589556
1002,11.895818583372012
1003,11.032537333372012
1004,11.302758335418831
1005,8.760321380589556
1006,11.583264087699499
1007,8.827825419309512
1008,10.965033294652056
1009,10.853295444793831
1010,9.62615262558553
1011,10.961662144112303
1012,10.977626953432255
1013,10.1374294551386
1014,11.346279297182255
1015,10.61711942246053
1016,9.340600132293831
1017,13.535213902123102
1018,12.01080770564265
1019,10.956112339623102
1020,10.723889087699499
1021,10.7909939082636
1022,11.88312215876765
1023,8.382748081810602
1024,10.961662144112303
1025,11.671410679168831
1026,10.587459995873102
1027,11.229016040824499
1028,10.956112339623102
1029,6.57628690292928
1030,11.214611743949499
1031,10.853295444793831
1032,11.450741245873102
1033,9.62615262558553
1034,11.330314487862303
1035,7.9098507416724555
1036,10.12417710678755
1037,12.331752929994755
1038,7.998459231176069
1039,7.927761230776005
1040,10.956112339623102
1041,11.450741245873102
1042,8.772915039369755
1043,9.62615262558553
1044,11.7533962520136
1045,10.682186558373102
1046,9.05768270564265
1047,10.513149414369755
1048,11.671410679168831
1049,7.447037824560988
1050,10.510253573703705
1051,13.1075222285761
1052,9.098046421356331
1053,10.512199253487303
1054,8.164746021293249
1055,10.758903355049803
1056,11.76554460271474
1057,11.330314487862303
1058,11.583264087699499
1059,11.354193450902056
1060,10.956112339623102
1061,10.468993808078705
1062,11.421697489622012
1063,11.503164047822976
1064,10.528164062807255
1065,7.982671610715763
1066,10.41141862615224
1067,7.915167571995805
1068,12.729305698998102
1069,11.333685638402056
1070,10.865555890967238
1071,8.851620152123102
1072,11.895818583372012
1073,10.015224609682255
1074,9.5486843379511
1075,11.7533962520136
1076,10.965033294652056
1077,11.822997714328705
1078,14.450917954072976
1079,11.346279297182255
1080,14.367053914063046
1081,13.60381545470904
1082,13.098558902575867
1083,13.561389640605787
1084,10.796300863014421
1085,11.10201215835691
1086,13.563036441638367
1087,12.118784932027417
1088,14.251982027985404
1089,15.622099215485404
1090,17.033989733121654
1091,11.273631123433667
1092,11.94716596695066
1093,13.60381545470904
1094,12.687122273438046
1095,11.522839149601571
1096,14.698108049341235
1097,14.420764640605787
1098,13.629667574860404
1099,11.036370104215406
1100,13.69854201720904
1101,15.077202623746656
1102,15.187655915156203
1103,14.108227333195321
1104,11.847400382793287
1105,14.572704872257821
1106,14.329455705591235
1107,14.698108049341235
1108,14.238800362919617
1109,14.052112296855787
1110,13.70241499038816
1111,16.728137898438046
1112,11.804261671912636
1113,13.874033955464917
1114,12.540778441233174
1115,15.14284467788816
1116,16.864020628733172
1117,14.052112296855787
1118,11.273631123433667
1119,12.708993316822792
1120,14.454888170621656
1121,15.187655915156203
1122,10.716554152381386
1123,16.55156936095904
1124,10.279663717244533
1125,14.238800362919617
1126,15.690613424275783
1127,11.10201215835691
1128,14.683655416463283
1129,14.683655416463283
1130,14.063119293385292
1131,12.770292574860404
1132,14.329455705591235
1133,13.563036441638367
1134,13.301942335975136
1135,14.323496846089917
1136,14.323496846089917
1137,15.041064933574537
1138,16.127503859412634
1139,13.705966462031203
1140,13.261015231110404
1141,13.629667574860404
1142,14.554003238513367
1143,11.453070921701924
1144,12.162342000000546
1145,15.314463642964917
1146,15.358020710938046
1147,14.420764640605787
1148,14.735706257813046
1149,12.367992958195321
1150,12.708993316822792
1151,14.130210203928486
1152,16.51296186538816
1153,15.622099215485404
1154,14.572704872257821
1155,13.861146437537636
1156,10.55394973205279
1157,12.880066549275783
1158,12.888288790680717
1159,13.329529439900783
1160,12.708993316822792
1161,12.770292574860404
1162,14.551989078357117
1163,12.367127096150783
1164,14.572704872257821
1165,12.367992958195321
1166,13.18947553726316
1167,13.316956984412636
1168,15.563671669132821
1169,13.316956984412636
1170,12.367297502466235
1171,16.127503859412634
1172,11.002246574199537
1173,16.557773102656203
1174,14.329455705591235
1175,11.146823395624953
1176,13.766419875037636
1177,14.323496846089917
1178,15.550815094843703
1179,15.622099215485404
1180,12.880066549275783
1181,10.279663717244533
1182,14.585849274531203
1183,13.595513170621656
1184,15.043079093730787
1185,13.420685128544617
1186,13.747226227656203
1187,14.95794143127154
1188,13.610302528507821
1189,14.367053914063046
1190,11.883104801013367
1191,11.298857027985404
1192,13.766419875037636
1193,12.593615861841235
1194,11.665436105107117
1195,14.735706257813046
1196,14.123241981632821
1197,15.362096761451921
1198,14.196689118281203
1199,15.406238273418287
1200,14.367053914063046
1201,11.881523912809156
1202,15.550815094843703
1203,14.420764640605787
1204,13.823962677851515
1205,13.97246779845904
1206,12.361338642964917
1207,10.513170718982117
1208,15.493903441233174
1209,16.51296186538816
1210,11.991977204218703
1211,13.19031000120868
1212,12.124743791528735
1213,16.933788856632823
1214,13.931688785388367
1215,17.144443024531203
1216,12.404895710938046
1217,11.39910354064654
1218,14.135072218787636
1219,13.595513170621656
1220,11.358324527575867
1221,12.406304186246656
1222,13.779151440583473
1223,14.692149189839917
1224,13.657763004138367
1225,12.118784932027417
1226,12.708993316822792
1227,12.823005003733174
1228,14.418223408589917
1229,13.97246779845904
1230,11.317188191406796
1231,13.698181783650783
1232,12.124743791528735
1233,14.038459105295674
1234,12.124077623746656
1235,16.81790192541962
1236,14.329455705591235
1237,13.657763004138367
1238,14.733429269169617
1239,14.949517076871656
1240,13.874033955464917
1241,12.150453078162636
1242,14.135072218787636
1243,12.367297502466235
1244,12.18971967788816
1245,14.871588988108174
1246,12.18971967788816
1247,11.991977204218703
1248,13.876331257813046
1249,14.565341462031203
1250,13.66115522476316
1251,13.301942335975136
1252,16.684580830464917
1253,13.832774189839917
1254,9.601394656187864
1255,14.772931999747204
1256,14.772931999747204
1257,14.247448072592654
1258,12.706377894005875
1259,12.575078128581778
1260,10.621322277560413
1261,9.920293447146758
1262,12.104300732574659
1263,14.058073850440756
1264,13.156417799631646
1265,14.285341792975661
1266,14.721569166342654
1267,13.959111806521758
1268,12.826034191622913
1269,14.797658755330007
1270,14.222457838694146
1271,10.612919925456778
1272,14.7028515343827
1273,13.494052124908418
1274,13.961125966678008
1275,17.109897533771353
1276,14.010997663819143
1277,14.138683210694143
1278,11.37063263995589
1279,14.434499575642507
1280,11.104544873199659
1281,13.517406525267537
1282,11.467784773194143
1283,14.32375763995589
1284,12.706377894005875
1285,15.067461878380875
1286,14.721569166342654
1287,11.142733765533418
1288,14.2287304406327
1289,13.514541628844114
1290,11.896129713217654
1291,10.246523433600661
1292,15.758405632559704
1293,12.201797488219114
1294,14.222457838694146
1295,13.33279084308089
1296,11.238820864705007
1297,13.858287916342654
1298,13.455863232574659
1299,12.840438488497913
1300,12.479436513553008
1301,12.199567741934704
1302,15.212413892905154
1303,13.683317991065756
1304,11.104544873199659
1305,14.32174347979964
1306,13.968173218658418
1307,13.42751740558089
1308,11.397018385569146
1309,14.117199005736287
1310,10.097850691162893
1311,10.689102175719114
1312,11.65285920245589
1313,11.896129713217654
1314,13.066703076324659
1315,16.24414306250691
1316,14.162143627521353
1317,10.744219690880875
1318,13.514541628844114
1319,12.241900354943375
1320,12.479436513553008
1321,12.084355472331778
1322,15.522832034831778
1323,14.459017945220918
1324,13.194686535372913
1325,14.378371074498244
1326,12.084355472331778
1327,11.464201780128256
1328,14.504042461216994
1329,13.695330530724625
1330,10.689102175719114
1331,13.161429638824659
1332,10.943004499756643
1333,13.494052124908418
1334,11.210067394747913
1335,11.988982053565756
1336,11.154464674631646
1337,14.797658755330007
1338,15.025424877521353
1339,12.1596386437577
1340,13.968173218658418
1341,12.575078128581778
1342,14.721569166342654
1343,13.438359378581778
1344,9.525212405925528
1345,14.482372345580037
1346,14.551303783771353
1347,13.640213015562864
1348,12.084355472331778
1349,10.863875988497913
1350,13.296389156256911
1351,14.247448072592654
1352,13.485561475912967
1353,13.494052124908418
1354,12.199567741934704
1355,10.765447255740508
1356,10.923534454955037
1357,14.793439812247204
1358,12.986450148264458
1359,11.8774120812577
1360,14.532194944190756
1361,10.765447255740508
1362,14.222457838694146
1363,11.12807892901839
1364,12.964238284831778
1365,12.602225537262159
1366,13.242442976319143
1367,10.971328738219114
1368,15.023039670753256
1369,14.378371074498244
1370,10.446548464781614
1371,14.010997663819143
1372,14.19607209308089
1373,13.683317991065756
1374,13.438359378581778
1375,13.242442976319143
1376,14.180160168185413
1377,13.296389156256911
1378,14.849254713217654
1379,11.146102550997913
1380,11.008000966678008
1381,12.199567741934704
1382,9.920293447146758
1383,12.979055239705007
1384,13.438359378581778
1385,10.971328738219114
1386,13.569659144005875
1387,13.642227175719114
1388,13.194686535372913
1389,10.808422193686404
1390,10.28292512042464
1391,14.159670406256911
1392,13.204436155128256
1393,11.397018385569146
1394,13.443532778767507
1395,11.531749616944143
1396,15.804616763142507
1397,12.278533938414427
1398,14.7028515343827
1399,15.810759397315756
1400,12.964238284831778
1401,13.040420535094114
1402,11.397018385569146
1403,13.161429638824659
1404,11.104544873199659
1405,14.010997663819143
1406,13.904249980748244
1407,13.814986828341663
1408,13.689315441622913
1409,10.621322277560413
1410,11.552931621373244
1411,10.370366214519278
1412,13.72195099933089
1413,15.331243154178008
1414,10.550503246311845
1415,13.942369568956673
1416,13.878094925924746
1417,13.256331225894822
1418,10.081550584890486
1419,10.550503246311845
1420,14.999896499250212
1421,10.895892593000212
1422,9.965492585402892
1423,9.886607706138854
1424,14.67053743185598
1425,15.039073526451354
1426,13.020329340065082
1427,12.790932038527894
1428,11.116930115831673
1429,13.384016772769822
1430,14.875404694777894
1431,13.501614086155595
1432,9.79871595524693
1433,12.480479776451354
1434,10.994255523388267
1435,13.66357942404348
1436,11.04102552555943
1437,10.04126966618443
1438,13.375942699436845
1439,9.25958772482473
1440,9.79871595524693
1441,11.436928132277892
1442,13.08916886042118
1443,10.824884487644347
1444,11.213507646870967
1445,10.34729524435598
1446,10.04126966618443
1447,12.954600870201354
1448,15.148126675144347
1449,13.281776765090394
1450,10.641635237725382
1451,12.918617585402894
1452,10.824884487644347
1453,12.116685975206673
1454,13.256331225894822
1455,12.316810944777894
1456,10.129161417076354
1457,11.928572436832322
1458,9.838996873952986
1459,13.747175952457322
1460,12.322014312450767
1461,13.17273469748098
1462,9.965492585402892
1463,11.553459624950767
1464,11.886752425225382
1465,13.752423539205996
1466,14.233165323326354
1467,13.778009487644347
1468,10.04126966618443
1469,10.129161417076354
1470,12.322014312450767
1471,13.544318193745967
1472,12.766635237725382
1473,13.256331225894822
1474,13.501614086155595
1475,10.895892593000212
1476,14.243268265768496
1477,11.116930115831673
1478,14.534895679019822
1479,13.366427718194132
1480,14.038947099995967
1481,10.824884487644347
1482,14.288734772902894
1483,13.17273469748098
1484,13.752423539205996
1485,10.188338061832322
1486,10.129161417076354
1487,10.415316878350382
1488,11.718593179771666
1489,15.220934022081673
1490,13.721332046125212
1491,11.53895033024693
1492,10.34729524435598
1493,13.721332046125212
1494,10.307949535374345
1495,9.496574859325767
1496,12.39258802555943
1497,12.377475081475382
1498,10.824884487644347
1499,12.983868851705996
1500,12.86670911930943
1501,12.546208246315082
1502,12.790932038527894
1503,12.527065746311845
1504,13.721332046125212
1505,10.04126966618443
1506,12.322014312450767
1507,12.954600870201354
1508,13.382002612613572
1509,11.600596963951354
1510,9.496574859325767
1511,13.079088318956673
1512,13.468248475206673
1513,14.288734772902894
1514,10.430891772769822
1515,10.10474153341848
1516,13.849017593000212
1517,11.116930115831673
1518,11.213507646870967
1519,13.878094925924746
1520,13.278302445455996
1521,12.393049975894822
1522,13.35755384587193
1523,11.626842081138854
1524,13.468248475206673
1525,10.895892593000212
1526,12.449699859325767
1527,10.04126966618443
1528,9.327609358819132
1529,12.322014312450767
1530,14.166632646870967
1531,10.550503246311845
1532,10.926984086080996
1533,13.752423539205996
1534,11.209210648580996
1535,10.550503246311845
1536,14.08013565729618
1537,13.721332046125212
1538,14.038947099995967
1539,13.778009487644347
1540,12.058113084890486
1541,12.86670911930943
1542,12.952777358625212
1543,9.496574859325767
1544,12.487776538394822
1545,11.458733062450767
1546,12.546208246315082
1547,14.164618486714717
1548,12.711188310933467
1549,12.157048090065082
1550,11.847893218700767
1551,9.838996873952986
1552,13.752423539205996
1553,14.67053743185598
1554,10.970953935933467
1555,10.34729524435598
1556,12.766635237725382
1557,12.091319620201354
1558,12.322565151706847
1559,12.412361131765486
1560,14.038947099995967
1561,13.375942699436845
1562,10.081550584890486
1563,10.307949535374345
1564,10.307949535374345
1565,11.626842081138854
1566,13.155695034519347
1567,12.157048090065082
1568,12.69861360373098
1569,10.713118335269822
1570,11.436928132277892
1571,10.188338061832322
1572,12.766635237725382
1573,14.166632646870967
1574,13.880109086080996
1575,11.213507646870967
1576,13.079088318956673
1577,13.468248475206673
1578,10.247719147902892
1579,9.63704004034657
1580,8.168429189566403
1581,11.646041314498866
1582,7.755714127036985
1583,12.241311063816791
1584,8.663477500928838
1585,10.161158164991338
1586,12.986719688428838
1587,8.398793014645161
1588,7.8623818372215695
1589,12.724642980773238
1590,9.288186063816791
1591,10.422876914991338
1592,10.117831061459261
1593,11.171920220748866
1594,8.398793014645161
1595,6.6163627935985
1596,12.027312500629751
1597,10.318282525436366
1598,10.008057619775764
1599,11.646041314498866
1600,11.614588340772588
1601,10.993868642691403
1602,7.5801552747215695
1603,11.488916954053838
1604,11.771712701217616
1605,11.226840246398238
1606,9.216765625629751
1607,11.244065310205452
1608,12.168892323459165
1609,7.765916156178001
1610,7.5801552747215695
1611,8.663477500928838
1612,12.113625516941791
1613,12.331712054615501
1614,10.475510622705452
1615,13.573389610303838
1616,10.958628830708257
1617,12.296577870334165
1618,12.495006296986734
1619,7.5801552747215695
1620,9.630870041645757
1621,10.176172813428838
1622,10.130587392691403
1623,9.166793267623866
1624,13.611428251316791
1625,10.53328027472157
1626,8.401400793273238
1627,9.102828423873866
1628,9.99083255596855
1629,7.70407031312975
1630,9.125648209068235
1631,11.646041314498866
1632,11.014795860303838
1633,9.343452870334165
1634,7.080721670035153
1635,9.189613052818235
1636,13.730513970748866
1637,11.668861099693235
1638,8.683627355773238
1639,10.117831061459261
1640,10.958628830708257
1641,10.625635704053838
1642,8.133189377583257
1643,10.752719152648238
1644,11.226840246398238
1645,10.458285558898238
1646,10.519747548941403
1647,12.353948604722907
1648,10.997203562611734
1649,9.343452870334165
1650,8.578048150436366
1651,8.398793014645161
1652,12.456431565083257
1653,7.0498378973967615
1654,10.782760064498866
1655,11.488916954053838
1656,8.479380783833257
1657,8.764817263330452
1658,9.914096105773238
1659,10.900306412193235
1660,8.398793014645161
1661,7.98629687562975
1662,8.747592199523238
1663,8.681019577145161
1664,9.663233360303838
1665,9.666109853628903
1666,9.91096582159657
1667,8.843421646568235
1668,12.353948604722907
1669,8.843421646568235
1670,11.224232467770161
1671,6.2046840888030115
1672,8.168429189566403
1673,8.843421646568235
1674,9.569771229709165
1675,10.160800207335738
1676,8.453990671986734
1677,8.820601861373866
1678,6.920762347584251
1679,7.8623818372215695
1680,11.715077194332661
1681,7.70407031312975
1682,11.668861099693235
1683,11.771712701217616
1684,7.080721670035153
1685,10.877486626998866
1686,10.958628830708257
1687,9.931163523549234
1688,8.663477500928838
1689,9.166793267623866
1690,9.931321169580452
1691,10.225313955191403
1692,11.668861099693235
1693,10.484507736958257
1694,6.920762347584251
1695,8.168429189566403
1696,11.668861099693235
1697,13.308705124020161
1698,9.343452870334165
1699,12.495006296986734
1700,13.573389610303838
1701,12.724642980773238
1702,7.8623818372215695
1703,7.3309183375492015
1704,10.422876914991338
1705,8.453990671986734
1706,10.523082468861734
1707,13.043101486958257
1708,8.415415940083257
1709,9.125648209068235
1710,12.331712054615501
1711,10.40559472784657
1712,10.117831061459261
1713,8.354661273365501
1714,7.9263466809715695
1715,9.988224777340474
1716,8.401400793273238
1717,12.239296903660541
1718,11.794532486411985
1719,12.722035202145161
1720,9.760955078754751
1721,12.986719688428838
1722,10.602821060630735
1723,12.491671377066403
1724,10.993868642691403
1725,10.769944216455452
1726,9.625679432834165
1727,11.639504423191791
1728,8.415415940083257
1729,12.296577870334165
1730,12.659737050021665
1731,10.458285558898238
1732,11.121554189566403
1733,10.958628830708257
1734,7.311085495113911
1735,9.169587037416882
1736,10.463999924458257
1737,8.133189377583257
1738,7.313693273741988
1739,10.993868642691403
1740,12.353948604722907
1741,10.750111374020161
1742,7.925875478628903
1743,10.225313955191403
1744,12.168892323459165
1745,10.997203562611734
1746,9.634377470066791
1747,11.488916954053838
1748,11.014795860303838
1749,7.70407031312975
1750,7.045481858052008
1751,8.820601861373866
1752,10.53126611456532
1753,10.877486626998866
1754,7.755714127036985
1755,11.226840246398238
1756,10.40559472784657
1757,12.918381976490501
1758,8.700852419580452
1759,8.744984420895161
1760,9.045632352879291
1761,9.643199656361734
1762,12.202303717709261
1763,8.514620595816403
1764,8.398793014645161
1765,7.46151660219225
1766,8.683627355773238
1767,10.997203562611734
1768,10.40559472784657
1769,8.517955515736734
1770,10.225313955191403
1771,7.526505129221687
1772,8.054188478176634
1773,9.601859391374852
1774,9.359305680437352
1775,8.977598393659544
1776,11.067765217070841
1777,6.438797609690437
1778,9.224336800768585
1779,11.582517827253294
1780,7.9367108538495845
1781,10.580976772331162
1782,7.702969629288372
1783,12.356888393572257
1784,11.229291397441571
1785,8.139025658478449
1786,7.945523340225872
1787,10.940079670195841
1788,11.953177750749852
1789,10.955732631706162
1790,9.884085953874852
1791,10.390806401472044
1792,9.631162846784544
1793,12.855435449600872
1794,13.201587525504394
1795,11.429853725456162
1796,11.004704017912085
1797,10.955732631706162
1798,12.295331436504071
1799,10.940079670195841
1800,7.872086506133341
1801,10.351944582346686
1802,11.703784791129394
1803,10.898648340225872
1804,8.139025658478449
1805,8.114640217070841
1806,10.770962793350872
1807,13.925101578874852
1808,10.475061402795943
1809,9.874039631133341
1810,9.874039631133341
1811,12.619984376614134
1812,9.601859391374852
1813,8.388853276472044
1814,8.604414272331162
1815,9.704071979766153
1816,13.514326381706162
1817,8.878345338004394
1818,10.296841699600872
1819,13.024552326445841
1820,12.502506752287085
1821,9.691959877287085
1822,8.291714746475872
1823,8.977380738733443
1824,8.578968751614134
1825,7.283951418284187
1826,11.703784791129394
1827,8.388853276472044
1828,8.179264564787085
1829,10.964465111603449
1830,13.089176674162085
1831,12.436417238596686
1832,9.898425072540949
1833,7.790637818473145
1834,10.696053565334601
1835,10.770962793350872
1836,9.62307796876757
1837,7.726656136706085
1838,10.102094936393662
1839,8.296742189114134
1840,8.344735149241039
1841,13.300622926233443
1842,7.945523340225872
1843,9.877823488596686
1844,9.783540902331085
1845,8.388853276472044
1846,8.361860561393662
1847,9.795433092184581
1848,9.783540902331085
1849,8.102181438303539
1850,11.821210342754071
1851,13.836448717184581
1852,8.642933595364134
1853,13.024552326445841
1854,7.209034669582884
1855,11.802820191858443
1856,12.466331529684581
1857,11.703784791129394
1858,7.9367108538495845
1859,9.259607301233443
1860,10.171524982695841
1861,10.490076051233443
1862,11.802820191858443
1863,9.458218652725872
1864,10.363813686393662
1865,10.940079670195841
1866,7.283951418284187
1867,13.089176674162085
1868,8.365344017853449
1869,8.635791627066894
1870,11.432050186504071
1871,12.427298844499852
1872,11.953177750749852
1873,11.849747316721686
1874,10.964465111603449
1875,8.525455971037085
1876,10.479630129221686
1877,8.631406987409544
1878,8.296742189114134
1879,10.648060548489134
1880,12.338645982809581
1881,13.254647315334601
1882,9.793045620134757
1883,13.201587525504394
1884,8.379837612322257
1885,10.296841699600872
1886,12.927656459831162
1887,7.791092495134757
1888,11.170174659084601
1889,7.726656136706085
1890,12.338645982809581
1891,8.179264564787085
1892,9.160571900504394
1893,13.925101578874852
1894,11.930505738733443
1895,10.530582924162085
1896,9.469891983379071
1897,10.940079670195841
1898,13.206654298489134
1899,11.170174659084601
1900,8.977598393659544
1901,7.9367108538495845
1902,7.945523340225872
1903,11.703784791129394
1904,10.002408105850872
1905,10.076798420195841
1906,10.390806401472044
1907,10.939538941858443
1908,9.227338272441571
1909,9.676945228849585
1910,12.049898324206085
1911,13.541319096784544
1912,10.351944582346686
1913,8.139025658478449
1914,11.004704017912085
1915,10.171524982695841
1916,8.604414272331162
1917,8.526260988596686
1918,8.344735149241039
1919,10.770962793350872
1920,10.390806401472044
1921,12.619984376614134
1922,11.034265504358443
1923,7.808731691721687
1924,8.114640217070841
1925,8.635791627066894
1926,8.296742189114134
1927,9.884085953874852
1928,7.0915570452558345
1929,8.139025658478449
1930,11.456846440534544
1931,7.8896732192021926
1932,10.964465111603449
1933,7.791092495134757
1934,12.667977336741039
1935,10.490344017853449
1936,9.546341518572257
1937,14.379804092754071
1938,9.224536744254394
1939,7.283951418284187
1940,9.631162846784544
1941,9.138781517853449
1942,12.448739055491039
1943,7.872696535471687
1944,10.552095589831085
1945,6.638948617174835
1946,10.077974496081085
1947,8.296742189114134
1948,10.552095589831085
1949,7.702969629288372
1950,12.427298844499852
1951,8.054188478176634
1952,9.752118545879071
1953,10.986771206072257
1954,10.296841699600872
1955,8.690926555491039
1956,13.541319096784544
1957,11.953177750749852
1958,13.245415896230442
1959,15.824954662470674
1960,13.704957336680902
1961,14.817996654658174
1962,16.284058899180902
1963,13.857955998738765
1964,11.483877429220444
1965,14.663015738423828
1966,13.197866687032944
1967,16.068321046696774
1968,14.663015738423828
1969,13.693521547392555
1970,13.570570434406463
1971,14.323976711471147
1972,13.34884735434289
1973,11.972658352096147
1974,12.828092698067053
1975,14.328101376667126
1976,13.34884735434289
1977,15.394909318372765
1978,15.61520477621789
1979,13.072645629718963
1980,13.091144237665986
1981,13.470339016158647
1982,12.866989201863765
1983,11.501712474970674
1984,16.411624584345674
1985,16.295900539596147
1986,13.402477677747765
1987,10.339773550923828
1988,13.463870678095674
1989,14.898329223468963
1990,13.132988753302998
1991,13.494971493854626
1992,13.245415896230442
1993,13.102018479317053
1994,10.771207932442053
1995,12.494262761434078
1996,14.057241687032944
1997,13.402477677747765
1998,14.454837474970674
1999,13.463870678095674
2000,11.600465149180902
2001,12.866989201863765
2002,14.236382693105442
2003,10.829113419935265
2004,13.224111804220444
2005,13.235641545613765
2006,11.837454214986328
2007,12.635063948615498
2008,11.362711000517555
2009,12.360639695137365
2010,13.402477677747765
2011,13.120567140446774
2012,12.242643479317053
2013,10.638723620626694
2014,14.328101376667126
2015,13.596647385567053
2016,13.704957336680902
2017,13.62277313559289
2018,12.780938357167942
2019,13.966118636115498
2020,11.51828094809289
2021,16.320175568364096
2022,11.635308089240498
2023,14.363388458989096
2024,14.199586242930902
2025,11.259158764033174
2026,9.252066031392578
2027,12.952142763212867
2028,16.396131957843963
2029,13.783315905782944
2030,13.372421662114096
2031,15.228073186238765
2032,11.656373352305902
2033,13.897106583997765
2034,14.588433089240498
2035,13.468726376667126
2036,15.958550276740498
2037,13.239126452657944
2038,12.543102677747765
2039,9.817123479207515
2040,16.982801879718963
2041,15.681120041817053
2042,14.403700317218963
2043,13.585585082843963
2044,11.830336059406463
2045,15.478150696055902
2046,12.866989201863765
2047,12.795953005605442
2048,12.733366135567053
2049,13.688589343282944
2050,13.62277313559289
2051,13.761581818364096
2052,13.832289184406463
2053,13.730270451863765
2054,14.950415829792126
2055,13.235641545613765
2056,13.122110414580055
2057,16.882570461471147
2058,13.235641545613765
2059,10.884950832564897
2060,13.256149358113765
2061,13.122526291817053
2062,12.283903244942053
2063,14.323976711471147
2064,14.057241687032944
2065,11.904586858113765
2066,13.704957336680902
2067,9.252066031392578
2068,14.129774535968963
2069,13.614068239980442
2070,13.614068239980442
2071,11.374146789805902
2072,13.014407787470674
2073,12.360639695137365
2074,11.509576052480442
2075,11.259158764033174
2076,12.80465790121789
2077,12.875406313017555
2078,12.834146547392555
2079,10.829113419935265
2080,14.898329223468963
2081,15.394909318372765
2082,15.39596649496789
2083,10.20425506918664
2084,13.033825333997765
2085,14.323976711471147
2086,15.958550276740498
2087,11.565484255605442
2088,16.068321046696774
2089,12.501468334345674
2090,11.730104641158647
2091,13.832523021845674
2092,14.035047973468963
2093,14.328101376667126
2094,16.636343249532942
2095,13.120567140446774
2096,11.635308089240498
2097,13.64328094809289
2098,12.881394351413203
2099,12.584362443372765
2100,12.360639695137365
2101,12.733366135567053
2102,14.054175595417126
2103,13.120567140446774
2104,13.741074005864096
2105,10.904830998738765
2106,12.501468334345674
2107,10.997526291817053
2108,11.259158764033174
2109,9.817123479207515
2110,12.733366135567053
2111,14.948401669635876
2112,12.834146547392555
2113,13.714029359892555
2114,13.966118636115498
2115,11.754737118854626
2116,13.120567140446774
2117,14.328101376667126
2118,14.315836000517555
2119,13.148003401740498
2120,11.339529410298828
2121,14.035047973468963
2122,11.830336059406463
2123,13.25412079184289
2124,12.360639695137365
2125,11.837454214986328
2126,13.402477677747765
2127,12.099172964986328
2128,11.726431140157944
2129,14.303468898971147
2130,11.374146789805902
2131,11.588801487454363
2132,12.581948016560759
2133,10.577174162270314
2134,12.257105802895314
2135,13.817955706990446
2136,12.654841526516863
2137,12.782527073391863
2138,9.808234901220882
2139,9.963313503030509
2140,9.4874411847226
2141,12.505211566365446
2142,12.3128806378476
2143,9.4874411847226
2144,9.829402073391863
2145,9.207742391367383
2146,9.44838014206318
2147,10.653388709814632
2148,11.222389907906669
2149,9.2448874737851
2150,8.323982735900586
2151,14.047951431344169
2152,9.7696677472226
2153,13.411655891255055
2154,10.22731744853159
2155,14.152644260891863
2156,11.2468405987851
2157,11.992272113240446
2158,11.468980377388778
2159,10.909370919494336
2160,13.530984578867383
2161,13.349872493298061
2162,13.05275690165659
2163,11.884379362465626
2164,15.370457160786305
2165,9.724709243844169
2166,9.169541900826278
2167,9.207742391367383
2168,14.783787238911305
2169,12.858100623877132
2170,10.111628635891863
2171,10.22731744853159
2172,14.873225612405509
2173,10.742771613911305
2174,9.372837531880055
2175,15.805854530127132
2176,10.742771613911305
2177,8.751082446435289
2178,11.5443259503476
2179,12.237129708556836
2180,15.219184608252132
2181,9.412095611763778
2182,10.992516253865446
2183,10.460545051411305
2184,14.321602364806836
2185,11.763413971138778
2186,10.294947599770314
2187,13.145686253079363
2188,14.618189787270314
2189,14.55055963603159
2190,13.817955706990446
2191,13.285984504536305
2192,13.18044244853159
2193,9.026630305798061
2194,12.59297242721943
2195,10.895942420752132
2196,11.72499811259409
2197,12.952827186377132
2198,9.207742391367383
2199,13.817955706990446
2200,14.047951431344169
2201,11.468575021056836
2202,11.0001364972226
2203,12.365220611763778
2204,14.117654500742383
2205,8.120034871836133
2206,14.618189787270314
2207,15.44599977096943
2208,9.963313503030509
2209,11.264627156992383
2210,15.163721533947001
2211,14.286555690530509
2212,14.689600440197001
2213,10.070900650094169
2214,11.242133827002132
2215,14.873225612405509
2216,13.049401019490446
2217,10.294947599770314
2218,10.967141805429883
2219,12.180720432766863
2220,14.85932984909443
2221,15.204859709145314
2222,10.705423055429883
2223,13.945641253865446
2224,12.811863410786305
2225,13.945641253865446
2226,10.052393888832814
2227,10.53608766159443
2228,12.654841526516863
2229,13.776829231098805
2230,13.721381873877132
2231,13.721381873877132
2232,11.763008614806836
2233,12.655341834814632
2234,10.641139006020314
2235,10.9588767315976
2236,12.517429817036305
2237,13.285984504536305
2238,14.85932984909443
2239,9.13960992900034
2240,11.327082737454363
2241,9.638008614806836
2242,13.074324633935289
2243,9.412095611763778
2244,8.751082446435289
2245,10.055720432766863
2246,9.412095611763778
2247,11.74001276103159
2248,10.705423055429883
2249,9.489968953867383
2250,15.163721533947001
2251,10.53608766159443
2252,9.693916817931836
2253,12.811863410786305
2254,10.294947599770314
2255,13.8106833722226
2256,9.308856868298061
2257,11.102400805810289
2258,11.53584352096943
2259,9.693916817931836
2260,11.74001276103159
2261,12.257105802895314
2262,11.686867446969169
2263,11.704207446435289
2264,11.22707330790659
2265,12.654841526516863
2266,11.373848458556836
2267,9.4874411847226
2268,11.178168983252132
2269,12.054347013832814
2270,11.576521899560289
2271,11.816749211226902
2272,13.120387052895314
2273,9.482155532906669
2274,12.811863410786305
2275,9.411690255431836
2276,12.314631862405509
2277,11.102400805810289
2278,9.411690255431836
2279,12.675820083687919
2280,8.323982735900586
2281,11.992272113240446
2282,11.338707660115446
2283,12.490196917927946
2284,14.783787238911305
2285,10.720437703867383
2286,9.026630305798061
2287,17.248194190197
2288,8.323982735900586
2289,9.724709243844169
2290,11.374253814888778
2291,14.117654500742383
2292,13.817955706990446
2293,9.8336325909726
2294,9.963313503030509
2295,13.721381873877132
2296,12.952827186377132
2297,9.724709243844169
2298,12.422703254536305
2299,9.372837531880055
2300,12.788752956155509
2301,13.120387052895314
2302,10.992516253865446
2303,15.315758441365446
2304,9.694322174263778
2305,10.052393888832814
2306,15.204859709145314
2307,9.44838014206318
2308,13.660994555810289
2309,12.29548707565693
2310,9.8336325909726
2311,11.083515071423061
2312,11.576521899560289
2313,9.026630305798061
2314,12.237535064888778
2315,13.248072599770314
2316,12.363206451607528
2317,15.163721533947001
2318,12.03376832565693
2319,13.349872493298061
2320,10.217138718315022
2321,9.93835496703656
2322,13.939974515189338
2323,12.655887137083345
2324,13.024539480833345
2325,14.432004586212319
2326,12.13587538732838
2327,13.763587970899904
2328,11.724416718686475
2329,12.453128348020845
2330,13.849416718686475
2331,12.823722089549719
2332,13.593381539337319
2333,10.730268868124812
2334,13.415849335155363
2335,12.362912789337319
2336,15.016971121458345
2337,15.3009955449743
2338,13.40723769201588
2339,13.460256562436475
2340,12.027748127149904
2341,13.024539480833345
2342,10.9777533574743
2343,10.619010175487219
2344,14.432004586212319
2345,12.7371527715368
2346,13.763587970899904
2347,12.374259198924719
2348,14.406816132030363
2349,14.132240314649904
2350,13.683393868124812
2351,14.754554767774904
2352,14.152748127149904
2353,13.267004440971272
2354,14.930941312064338
2355,14.26087538732838
2356,12.817541550346272
2357,13.460256562436475
2358,13.490511624564338
2359,12.692427071249812
2360,16.301058499564338
2361,14.279130585155363
2362,12.41749682547659
2363,12.894278000541584
2364,13.9308783574743
2365,13.646853933958345
2366,12.838126386424719
2367,13.939974515189338
2368,15.776933319530363
2369,12.450995649120031
2370,12.966386444530363
2371,10.730268868124812
2372,16.124671955274906
2373,13.390861530470216
2374,12.165164480833345
2375,12.823722089549719
2376,12.951371796092863
2377,13.635656784721272
2378,13.299110431837404
2379,10.410390839780225
2380,13.3085639043493
2381,11.02606248656781
2382,12.823722089549719
2383,13.192374433299719
2384,13.0346381230993
2385,14.257971237846272
2386,10.886063703467238
2387,12.191409598020845
2388,15.771475995799719
2389,13.3085639043493
2390,11.90955702795338
2391,12.43251147391409
2392,15.776933319530363
2393,16.124671955274906
2394,11.211137421092863
2395,13.784501678905363
2396,16.40392841433732
2397,13.635656784721272
2398,11.838132515899819
2399,13.35687303344281
2400,16.81946913732838
2401,10.496903547217238
2402,13.763587970899904
2403,13.805009491405363
2404,11.838132515899819
2405,13.35687303344281
2406,15.016971121458345
2407,14.26087538732838
2408,9.89004583794305
2409,13.42225234045338
2410,11.304846237846272
2411,10.207078745022967
2412,11.91957202078909
2413,13.519168387083345
2414,13.460256562436475
2415,14.406816132030363
2416,13.449251858939338
2417,14.329134671439338
2418,12.807481577054217
2419,13.552121773712319
2420,13.3085639043493
2421,14.23610034110159
2422,15.776933319530363
2423,12.53875779906781
2424,12.52374315063031
2425,13.784501678905363
2426,13.9308783574743
2427,11.207755292674719
2428,15.016971121458345
2429,13.25062670828909
2430,13.314125080274904
2431,15.603641043333345
2432,14.73499648107838
2433,16.81946913732838
2434,15.82972827078909
2435,13.25062670828909
2436,10.496903547217238
2437,12.692427071249812
2438,16.124671955274906
2439,11.304846237846272
2440,13.045047293333345
2441,12.19178359045338
2442,16.99059833621232
2443,12.359244550487219
2444,9.773856366893469
2445,12.9543158574743
2446,13.490511624564338
2447,10.7351996465368
2448,10.713722248243654
2449,13.66895644201588
2450,13.25062670828909
2451,13.784501678905363
2452,10.890108792533088
2453,12.894278000541584
2454,12.969533906186475
2455,13.578366890899819
2456,14.626869220899904
2457,13.460256562436475
2458,10.451175223020845
2459,12.692427071249812
2460,11.735262601126838
2461,10.410390839780225
2462,13.010793671811475
2463,13.272865314649904
2464,12.02581834594281
2465,9.773856366893469
2466,14.010013113645845
2467,13.498988790648692
2468,14.308626858939338
2469,13.814688886424719
2470,12.951371796092863
2471,12.260042874564338
2472,10.861563886424719
2473,11.304846237846272
2474,9.89004583794305
2475,15.53424805067402
2476,14.631632929340798
2477,15.070077301197792
2478,13.54181641004902
2479,12.33488470910664
2480,13.36939036403869
2481,12.954073968388274
2482,12.031800471671811
2483,15.805171349647505
2484,13.31256070364794
2485,15.315157952763274
2486,12.687611452452177
2487,12.504611077763274
2488,15.201803258931065
2489,12.687611452452177
2490,13.772257929340798
2491,13.82443490791731
2492,13.077645660572792
2493,14.36035716091369
2494,14.152970913487032
2495,12.31280484427294
2496,12.687611452452177
2497,13.733579372254242
2498,15.126261835590798
2499,10.746835113697792
2500,15.442012169960005
2501,13.81048550833544
2502,13.45578256416731
2503,10.878561071431065
2504,10.12329834364277
2505,12.223133913389677
2506,14.194845251118565
2507,14.819697716835005
2508,13.82443490791731
2509,11.007679811827177
2510,12.234559260734311
2511,13.54181641004902
2512,14.078318932655318
2513,13.209371618306065
2514,14.36035716091369
2515,12.98295824458529
2516,13.45578256416731
2517,12.840719274556065
2518,13.056263796202177
2519,14.15348822473164
2520,12.259530426197792
2521,12.504611077763274
2522,12.637960485493565
2523,14.724546169129242
2524,13.986567834022505
2525,14.16211670301777
2526,12.391256383931065
2527,16.63604703177294
2528,12.244515777760292
2529,14.27496304739794
2530,14.102231716004242
2531,11.401179650428755
2532,15.442012169960005
2533,15.58928148677279
2534,11.785096370109311
2535,13.16801459191914
2536,12.954073968388274
2537,12.835078576210005
2538,11.861832820304624
2539,13.162004116612032
2540,11.24272386958529
2541,11.49362436104231
2542,13.24467699458529
2543,14.16413086317402
2544,12.671281460362032
2545,14.102231716004242
2546,12.99130502510481
2547,12.488887169960005
2548,10.683713649597992
2549,14.43840258052279
2550,9.659127594166542
2551,15.048695436827177
2552,12.87866770778869
2553,10.39757006099154
2554,13.530656460362032
2555,13.960322716835005
2556,15.788473180806065
2557,13.17316406629902
2558,12.391256383931065
2559,12.954073968388274
2560,11.199845913487032
2561,15.62908902396044
2562,10.029847346671811
2563,13.798503046528298
2564,14.595643245109311
2565,15.635365358702177
2566,16.10975802286203
2567,14.724546169129242
2568,14.596860622254242
2569,11.40723216091369
2570,12.723397613697792
2571,10.504281402760292
2572,9.904208245732024
2573,13.82443490791731
2574,14.44674936104231
2575,12.603211604484311
2576,13.678578249327177
2577,13.45578256416731
2578,12.687611452452177
2579,13.176408413487032
2580,13.322726312138274
2581,16.681333278504244
2582,10.029847346671811
2583,13.81048550833544
2584,13.242856716004242
2585,15.442012169960005
2586,12.687611452452177
2587,13.73804270778869
2588,13.54216234614779
2589,14.357707148090798
2590,14.152970913487032
2591,13.73804270778869
2592,12.99797289302279
2593,12.34989935754414
2594,13.828305934754242
2595,10.725453249327177
2596,10.991915765263274
2597,14.595643245109311
2598,12.581347527958586
2599,12.96505990791731
2600,14.44674936104231
2601,10.029847346671811
2602,13.36939036403869
2603,14.516130093174532
2604,13.36939036403869
2605,13.209371618306065
2606,14.819697716835005
2607,13.056263796202177
2608,13.831686071431065
2609,12.300822382465798
2610,10.272401057609311
2611,13.530820583191742
2612,13.817355218388274
2613,12.31488501202249
2614,12.603211604484311
2615,12.96505990791731
2616,13.074709343218103
2617,14.451045373085005
2618,13.00631967354231
2619,13.00631967354231
2620,14.078318932655318
2621,12.98295824458529
2622,12.053647731629242
2623,13.54181641004902
2624,12.376241735493565
2625,12.79936224816914
2626,15.635365358702177
2627,13.162004116612032
2628,13.704000524556065
2629,15.53424805067402
2630,12.053647731629242
2631,15.26592984427294
2632,15.048695436827177
2633,12.637960485493565
2634,12.954073968388274
2635,13.81608812739779
2636,10.12329834364277
2637,13.678578249327177
2638,13.16801459191914
2639,12.603211604484311
2640,14.23267161403869
2641,10.957292202549532
2642,13.225526057609311
2643,14.03644531629902
2644,10.636007360493565
2645,12.581347527958586
2646,12.391256383931065
2647,13.73804270778869
2648,10.725453249327177
2649,10.991915765263274
2650,13.16801459191914
2651,10.957292202549532
2652,13.322726312138274
2653,14.44473520088606
2654,13.16801459191914
2655,14.595643245109311
2656,16.624064569965796
2657,10.482899538389677
2658,11.213114862934548
2659,13.17316406629902
2660,14.80156176021029
2661,11.71115150927968
2662,9.82496838153485
2663,9.95175209521718
2664,8.014187753615534
2665,12.791192853959036
2666,11.760540895952403
2667,12.507028353076734
2668,9.919555950732097
2669,8.615948610796153
2670,12.462768841357097
2671,12.90286293506093
2672,14.27499428271718
2673,12.054974489702403
2674,10.988788508923061
2675,9.95175209521718
2676,8.296414316115534
2677,11.463055544389903
2678,9.965753400834036
2679,8.98884974529352
2680,9.703656130327403
2681,11.719395209321924
2682,9.233140616075813
2683,11.463055544389903
2684,10.839627206740534
2685,10.69954310466852
2686,12.98332932690225
2687,8.41753342846475
2688,9.721162958735416
2689,10.839627206740534
2690,12.98332932690225
2691,9.47877697528485
2692,10.438692255610416
2693,9.637329388232097
2694,13.80201916278485
2695,11.790254755610416
2696,11.719395209321924
2697,12.507028353076734
2698,12.590454388232097
2699,9.773587167678034
2700,9.716470351667
2701,9.965753400834036
2702,8.690926612209601
2703,14.026898317827403
2704,9.965753400834036
2705,8.74829946347634
2706,14.27499428271718
2707,9.681588899951734
2708,9.703656130327403
2709,8.344735205959601
2710,12.30307045459218
2711,7.771634042678034
2712,12.78931508847634
2713,12.032907259326734
2714,12.462768841357097
2715,11.41718374082009
2716,9.681588899951734
2717,13.26803627490468
2718,12.012399446826734
2719,12.032907259326734
2720,12.342914485485561
2721,9.998696914167
2722,9.46582876035134
2723,11.46809779216852
2724,12.30421642840985
2725,12.529095583452403
2726,8.66008713940225
2727,10.049847536577403
2728,12.054974489702403
2729,9.721162958735416
2730,11.773355117292
2731,9.942788711042
2732,8.3910694557536
2733,10.703411989702403
2734,11.305902114362313
2735,10.29794350146718
2736,11.694214153857097
2737,11.776353506700813
2738,9.00627854565225
2739,10.365506112990534
2740,12.264375849360416
2741,10.41948655346475
2742,9.439035189014234
2743,10.913072256700813
2744,14.026898317827403
2745,12.30307045459218
2746,10.913072256700813
2747,11.694214153857097
2748,10.839627206740534
2749,10.540345816271126
2750,10.95150795459218
2751,11.29151235410134
2752,9.716470351667
2753,9.637329388232097
2754,10.23397865771718
2755,12.317071760209036
2756,10.60481654216852
2757,8.708360342638313
2758,14.626382461042
2759,9.297105459825813
2760,13.860826162950813
2761,13.960571575732097
2762,11.194284212451734
2763,13.217197943696924
2764,12.264375849360416
2765,12.541909804792
2766,12.529095583452403
2767,13.960571575732097
2768,9.893711615571924
2769,10.311944807084036
2770,9.998696914167
2771,14.004831087451734
2772,10.69954310466852
2773,9.703656130327403
2774,7.863206534044563
2775,9.23622326434735
2776,12.667977393459601
2777,11.302232412950813
2778,11.48552659252725
2779,9.919555950732097
2780,8.549621868700847
2781,11.852069758923061
2782,8.40010462810602
2783,11.226761150927409
2784,7.257027686428352
2785,12.462768841357097
2786,10.839627206740534
2787,10.049847536577403
2788,8.878045881302786
2789,13.019940310014903
2790,13.217197943696924
2791,14.875665510209036
2792,14.875665510209036
2793,8.893955756196924
2794,8.893955756196924
2795,10.249518902097563
2796,8.22351919003884
2797,10.950840521821924
2798,10.249518902097563
2799,9.47877697528485
2800,9.681588899951734
2801,12.337429941115534
2802,8.344735205959601
2803,7.572379619871
2804,12.507028353076734
2805,11.83009533465985
2806,12.791192853959036
2807,14.348848505610416
2808,14.86166420459218
2809,9.965753400834036
2810,8.46607290097634
2811,10.99397669841852
2812,11.988647747607097
2813,9.233140616075813
2814,10.69954310466852
2815,9.703656130327403
2816,10.483387518892236
2817,12.541909804792
2818,8.651402045259424
2819,9.773587167678034
2820,9.23622326434735
2821,11.776353506700813
2822,11.377948665173061
2823,14.026898317827403
2824,9.47877697528485
2825,14.27499428271718
2826,11.48552659252725
2827,13.80201916278485
2828,9.842415870022101
2829,12.667977393459601
2830,9.00627854565225
2831,8.950914053575813
2832,10.950840521821924
2833,11.29151235410134
2834,11.790254755610416
2835,13.55257044841852
2836,13.37598501035134
2837,11.415498896235416
2838,8.22351919003884
2839,12.507028353076734
2840,11.555185163529348
2841,11.48552659252725
2842,12.529095583452403
2843,9.176182318696924
2844,12.96590052654352
2845,14.27499428271718
2846,9.983520794482097
2847,12.30421642840985
2848,10.17278245190225
2849,7.378365381445089
2850,12.541909804792
2851,14.626382461042
2852,13.900967205623246
2853,14.556347120770841
2854,12.913330689683217
2855,13.98872684212235
2856,15.10175185387004
2857,11.397682388745356
2858,14.05801435124358
2859,14.258861769208341
2860,14.93789716374358
2861,15.94037490074504
2862,13.200574141585317
2863,12.423794354060746
2864,14.28316043587235
2865,12.21406863899735
2866,11.741116607419197
2867,14.748121366711409
2868,15.205701094710317
2869,13.970897902020841
2870,15.181991007226198
2871,14.982422486558217
2872,14.64346356999358
2873,11.986427505932856
2874,14.653394804211409
2875,15.94037490074504
2876,13.690992460461409
2877,12.15816043587235
2878,13.971046646557856
2879,12.986233794919197
2880,15.744240005932856
2881,15.03520891106044
2882,12.977295533433217
2883,13.521273839192663
2884,13.176864054101198
2885,13.136609297835317
2886,11.797024810544197
2887,13.397828610088299
2888,15.181991007226198
2889,15.807507735335317
2890,14.277711422588299
2891,12.725780714520841
2892,13.991554459057856
2893,14.800731886395841
2894,13.571683013669197
2895,12.604686964520841
2896,12.58657880436858
2897,13.845608794919197
2898,11.951122511395841
2899,13.661815870770841
2900,12.917554960461409
2901,13.661815870770841
2902,13.439088375713299
2903,13.399635513745356
2904,14.09927411686858
2905,14.54873700749358
2906,12.50134902183879
2907,16.69058271061858
2908,16.249635250713297
2909,14.590072061913698
2910,13.364330519208341
2911,16.69058271061858
2912,12.27803348274735
2913,12.604686964520841
2914,15.042554960461409
2915,16.25508426399735
2916,12.81289716374358
2917,15.42436906731044
2918,14.103725994685746
2919,11.986427505932856
2920,13.69124149055985
2921,15.06049208824504
2922,11.922462662182856
2923,14.103725994685746
2924,13.630859986558217
2925,14.982422486558217
2926,13.854138594710317
2927,13.902955563213299
2928,13.602394302807856
2929,16.9346765541012
2930,13.274197662106697
2931,13.87128310387004
2932,16.245571697810746
2933,12.208619625713299
2934,13.991554459057856
2935,15.189892042645841
2936,13.064255636628467
2937,13.639248455623246
2938,14.203931913586409
2939,12.152711422588299
2940,13.58633466374358
2941,13.93524794762004
2942,14.277711422588299
2943,14.879518063213299
2944,14.744187277253467
2945,13.991554459057856
2946,13.137916763745356
2947,13.080701094710317
2948,13.128220480378467
2949,13.141323650935746
2950,16.03584598274735
2951,13.40327762337235
2952,14.830945235335317
2953,15.42436906731044
2954,14.556347120770841
2955,13.98872684212235
2956,14.302108194726198
2957,11.98534318840419
2958,17.39629289543544
2959,11.922462662182856
2960,13.781784933503467
2961,11.272244537106697
2962,12.208619625713299
2963,15.679822188460317
2964,11.866554459057856
2965,15.815746534833341
2966,15.04961320793544
2967,12.367886150935746
2968,15.189892042645841
2969,13.613003338435746
2970,15.022047147961409
2971,11.766675215804067
2972,13.888551266338299
2973,16.25508426399735
2974,14.257203610088299
2975,15.963478287182856
2976,14.816540938460317
2977,17.177624922835317
2978,15.815746534833341
2979,12.272584469463299
2980,12.86880536686858
2981,15.205701094710317
2982,11.951122511395841
2983,14.103725994685746
2984,14.744187277253467
2985,14.57073137199794
2986,16.886032980378467
2987,14.277711422588299
2988,11.887157667645841
2989,15.64594130699504
2990,14.258861769208341
2991,15.963478287182856
2992,11.986427505932856
2993,12.21406863899735
2994,12.86880536686858
2995,13.137916763745356
2996,14.012157667645841
2997,13.991554459057856
2998,11.831249464520841
2999,13.87128310387004
3000,14.590072061913698
3001,14.492886150935746
3002,12.86880536686858
3003,14.850780714520841
3004,13.194362867841154
3005,13.274197662106697
3006,14.143799439683217
3007,14.93789716374358
3008,13.076366652020841
3009,15.03520891106044
3010,15.133347433503467
3011,13.141323650935746
3012,12.977295533433217
3013,13.40327762337235
3014,12.86880536686858
3015,15.34845595543254
3016,15.042554960461409
3017,14.911267500960317
3018,14.93789716374358
3019,12.781688917645841
3020,13.136609297835317
3021,14.911267500960317
3022,14.887557413476198
3023,17.17705461418544
3024,13.35527727043544
3025,15.205701094710317
3026,14.667799101086409
3027,14.280668363781722
3028,14.012157667645841
3029,12.86880536686858
3030,14.102539674058217
3031,13.87128310387004
3032,16.90982099186858
3033,14.279709738190967
3034,12.781688917645841
3035,15.618802154294197
3036,13.056991007226198
3037,12.272584469463299
3038,14.22053588987853
3039,12.781688917645841
3040,13.854138594710317
3041,14.143799439683217
3042,15.735154074128467
3043,17.830945235335317
3044,14.435818755856697
3045,16.54974990074504
3046,12.690868605145841
3047,15.70110246574794
3048,15.839356080308217
3049,16.84418349449504
3050,15.733593214520841
3051,15.027737701169197
3052,15.703503829085317
3053,13.541306417878467
3054,15.708082304211409
3055,13.61787723274735
3056,12.012356365779496
3057,14.20342180168544
3058,16.02802680827084
3059,17.02886125481044
3060,15.627530181637947
3061,12.684669693432856
3062,15.503856886395841
3063,14.073132735335317
3064,17.65889285774735
3065,13.100063885310746
3066,15.689099532210317
3067,15.39253543587235
3068,13.541306417878467
3069,17.043580563213297
3070,13.33565067024735
3071,15.49262099449504
3072,15.31221317024735
3073,12.939576656963299
3074,13.030861099682856
3075,14.48564836418544
3076,18.050183516585317
3077,12.902737701169197
3078,15.035988052807856
3079,15.892624777253467
3080,17.80914931480754
3081,14.33540652962235
3082,15.510109146557856
3083,14.303328897851198
3084,16.55474016106044
3085,16.366745871003467
3086,12.857510174373246
3087,16.00556044762004
3088,15.68696902962235
3089,16.439148560776967
3090,13.676708448895841
3091,12.910988052807856
3092,16.45502333824504
3093,15.687574491711409
3094,12.676419341794197
3095,15.04238935124358
3096,13.834229127183217
3097,13.953259688460317
3098,16.051174725154496
3099,16.53423234856044
3100,13.42642255436858
3101,14.183455850976198
3102,13.030861099682856
3103,14.49286513512004
3104,14.541062277253467
3105,17.46076785108641
3106,15.156948650935746
3107,15.027737701169197
3108,13.08023114811858
3109,17.65889285774735
3110,15.318922147961409
3111,17.645310324128467
3112,15.708082304211409
3113,18.30742570793544
3114,13.022610748044197
3115,16.02802680827084
3116,17.43965457649735
3117,14.174100005856697
3118,14.20342180168544
3119,15.29780887337235
3120,15.892624777253467
3121,11.588711822262947
3122,16.780423248044197
3123,14.646827896557856
3124,13.676175201169197
3125,15.43154950749358
3126,12.939576656963299
3127,15.41104169499358
3128,15.68696902962235
3129,12.626903761395841
3130,17.80914931480754
3131,13.56196902962235
3132,14.733304107419197
3133,17.423306072810746
3134,13.957137491601198
3135,14.676464308270841
3136,13.702955351086409
3137,12.676419341794197
3138,13.541306417878467
3139,15.29780887337235
3140,13.676175201169197
3141,12.690868605145841
3142,13.022610748044197
3143,14.698976071025799
3144,13.823532980378467
3145,14.901734860088299
3146,14.189114654294197
3147,15.31637309178063
3148,13.702955351086409
3149,15.035988052807856
3150,14.733304107419197
3151,12.570995558270841
3152,12.626903761395841
3153,14.741554459057856
3154,13.56196902962235
3155,17.78071235514584
3156,15.198376875960317
3157,15.290895016338299
3158,15.156948650935746
3159,11.99252362858733
3160,15.04238935124358
3161,15.544922486558217
3162,13.816112745770841
3163,12.269056425305159
3164,14.985718384995717
3165,17.65889285774735
3166,13.726941329085317
3167,15.09505008430985
3168,17.46076785108641
3169,13.100063885310746
3170,17.43965457649735
3171,13.022610748044197
3172,16.54974990074504
3173,17.043225508772817
3174,15.333326444836409
3175,14.48564836418544
3176,15.503464621003467
3177,18.0611413978512
3178,17.830945235335317
3179,15.450195924058217
3180,11.256969679364591
3181,16.857590597565967
3182,16.44868110514584
3183,14.411012203838299
3184,15.919295694726198
3185,16.46942763512004
3186,15.451382244685746
3187,14.147854888669197
3188,14.437257321025799
3189,17.811279908433217
3190,15.598191183503467
3191,15.544922486558217
3192,15.503856886395841
3193,16.84418349449504
3194,13.36245771061858
3195,15.035988052807856
3196,12.697022946025799
3197,16.99299262858334
3198,13.40515761558879
3199,15.708082304211409
3200,13.887497824128467
3201,12.344677198895841
3202,12.626903761395841
3203,15.71611711418544
3204,16.3084558509762
3205,13.541306417878467
3206,16.3084558509762
3207,15.839356080308217
3208,13.484387618147817
3209,14.411012203838299
3210,13.676708448895841
3211,15.114696730145841
3212,14.652981841794197
3213,13.842357862958341
3214,16.02802680827084
3215,15.68696902962235
3216,13.684425552807856
3217,14.073132735335317
3218,15.90567060124358
3219,15.148143995770841
3220,13.702955351086409
3221,13.33565067024735
3222,13.676708448895841
3223,15.892624777253467
3224,14.652981841794197
3225,14.675487745770841
3226,17.204067791560746
3227,16.3084558509762
3228,11.250574561290751
3229,13.498365507336409
3230,15.271976575465255
3231,15.113874292685399
3232,13.724368613988716
3233,14.749277496343849
3234,14.176963186337161
3235,16.083495823469217
3236,17.38571856764915
3237,16.211181370344217
3238,13.258056370344217
3239,13.06247638014915
3240,16.769779309840253
3241,15.806477476143364
3242,13.835962744884501
3243,12.410342735082466
3244,15.243003225399661
3245,14.524198389365086
3246,15.332356382393364
3247,13.524442529990086
3248,15.875760889365086
3249,13.524442529990086
3250,11.329856252743411
3251,12.620508643322001
3252,13.540282932844217
3253,11.893330503487114
3254,17.31312026978135
3255,12.684473487072001
3256,15.314941135969217
3257,15.271976575465255
3258,13.336069488531349
3259,13.015502659406717
3260,13.780276817113716
3261,13.524442529990086
3262,13.263264585518364
3263,13.40866778639915
3264,12.175010061337161
3265,17.847684717490086
3266,12.620508643322001
3267,15.271976575465255
3268,12.699790334774661
3269,17.821292442113716
3270,17.847684717490086
3271,15.283841944052586
3272,15.943003082281349
3273,13.870633936240086
3274,16.442285987072
3275,16.323489707738716
3276,15.815317535406349
3277,12.989878082281349
3278,14.503421887965255
3279,14.513908155390054
3280,13.216196441656349
3281,15.113874292685399
3282,14.379721975399661
3283,13.524442529990086
3284,12.981038023018364
3285,16.475553369833836
3286,16.349881983115086
3287,12.338282080822001
3288,14.995878076865086
3289,11.329856252743411
3290,15.88791583327415
3291,13.446292981715255
3292,16.323489707738716
3293,15.257449668676216
3294,17.890950132393364
3295,13.540282932844217
3296,15.815317535406349
3297,15.806477476143364
3298,12.738484312080864
3299,17.97238848952415
3300,14.570469785713676
3301,15.017455784406717
3302,14.755737034406717
3303,12.981038023018364
3304,11.358829602809005
3305,15.243003225399661
3306,17.304280210518364
3307,17.38571856764915
3308,15.88791583327415
3309,11.9747688606179
3310,15.243003225399661
3311,15.88791583327415
3312,15.609374729719217
3313,15.88791583327415
3314,13.06247638014915
3315,14.570469785713676
3316,14.797855481715255
3317,14.943196226143364
3318,17.847684717490086
3319,12.417563772274661
3320,12.684473487072001
3321,13.28879473952415
3322,12.446537122340255
3323,12.446537122340255
3324,13.06247638014915
3325,15.257449668676216
3326,13.417319631649661
3327,14.57517169264915
3328,15.41379473952415
3329,13.944217786402755
3330,17.89979019165635
3331,13.34470294264915
3332,11.902170562750099
3333,13.34470294264915
3334,14.474448537899661
3335,13.06247638014915
3336,14.039787061640055
3337,14.487558746343849
3338,15.88791583327415
3339,17.32747588164966
3340,13.540282932844217
3341,13.06247638014915
3342,15.88791583327415
3343,13.930259084774661
3344,14.408695325465255
3345,11.9747688606179
3346,12.989878082281349
3347,12.446537122340255
3348,15.010745567113716
3349,11.902170562750099
3350,16.083495823469217
3351,13.498050254613716
3352,15.02463458327415
3353,16.349881983115086
3354,13.524442529990086
3355,17.31312026978135
3356,14.768882131649661
3357,17.32747588164966
3358,16.083495823469217
3359,15.332356382393364
3360,12.981038023018364
3361,12.620508643322001
3362,13.258056370344217
3363,15.397647962184005
3364,12.203983411402755
3365,12.338282080822001
3366,14.957600523018364
3367,13.338037940197001
3368,15.243003225399661
3369,12.170348850812967
3370,16.083495823469217
3371,13.870633936240086
3372,17.890950132393364
3373,14.768882131649661
3374,12.338282080822001
3375,15.271976575465255
3376,15.022123194052586
3377,11.358829602809005
3378,14.579309844976661
3379,17.89979019165635
3380,12.989878082281349
3381,16.451175254613716
3382,15.581327295615086
3383,16.349881983115086
3384,11.250574561290751
3385,13.540282932844217
3386,16.209167210187967
3387,16.083495823469217
3388,15.554935020238716
3389,16.349881983115086
3390,15.283841944052586
3391,15.41379473952415
3392,17.38571856764915
3393,15.806477476143364
3394,13.806669092490086
3395,17.581298557844217
3396,13.915244436337161
3397,17.31312026978135
3398,13.498050254613716
3399,12.417563772274661
3400,16.323489707738716
3401,16.661524268322
3402,11.893330503487114
3403,17.581298557844217
3404,14.740437437080864
3405,13.34470294264915
3406,16.451175254613716
3407,12.446537122340255
3408,13.650626905390054
3409,13.806669092490086
3410,17.847684717490086
3411,16.769779309840253
3412,14.749277496343849
3413,15.243003225399661
3414,12.175010061337161
3415,12.86152957649735
3416,12.74165652962235
3417,13.933987701169197
3418,12.847486601086409
3419,12.399049313213299
3420,13.497997511395841
3421,14.86665652962235
3422,11.4276306507161
3423,15.05657121574794
3424,12.917282980378467
3425,17.116101485335317
3426,13.43012099449504
3427,12.917282980378467
3428,15.038784588435746
3429,13.192489054101198
3430,11.081188429364591
3431,13.601417740307856
3432,15.55512099449504
3433,13.43012099449504
3434,14.243602980145841
3435,15.120006788739591
3436,17.30780654137004
3437,13.972744549373246
3438,14.986374777253467
3439,15.454420194836409
3440,14.29692766106044
3441,12.279176266338299
3442,15.965222579085317
3443,12.279176266338299
3444,12.71792646061858
3445,12.769543868147817
3446,14.597214621003467
3447,14.78701825749358
3448,15.567089308270841
3449,17.40117570793544
3450,13.294324141585317
3451,16.49213813639584
3452,12.392502706940967
3453,14.691941183503467
3454,16.61934207649735
3455,12.79756473274735
3456,16.492581451169197
3457,13.48602919762004
3458,13.497997511395841
3459,12.412208755932856
3460,13.640331495770841
3461,14.564663494685746
3462,14.47749637337235
3463,13.442089308270841
3464,16.739060324128467
3465,14.499706495770841
3466,12.395214308270841
3467,14.394455831940967
3468,16.376100094463297
3469,13.256453897851198
3470,16.83858035774735
3471,12.79756473274735
3472,11.887428482495356
3473,17.039894302807856
3474,14.975170362958341
3475,17.62041398918544
3476,11.042274673901606
3477,14.728466261395841
3478,17.0142663978512
3479,17.31977485514584
3480,15.55512099449504
3481,13.262451783433217
3482,15.55512099449504
3483,15.331543580308217
3484,15.55512099449504
3485,14.106491964753467
3486,13.52349016106044
3487,15.261580850976198
3488,15.38882489811858
3489,15.18036513512004
3490,14.404176266338299
3491,14.460792740307856
3492,15.35405656731044
3493,16.376100094463297
3494,14.986374777253467
3495,15.567089308270841
3496,13.524293453838299
3497,11.924390059554067
3498,15.64849016106044
3499,12.395214308270841
3500,11.892517701401967
3501,14.481300552807856
3502,12.86152957649735
3503,14.886603564380753
3504,14.270229900935746
3505,13.48602919762004
3506,13.497997511395841
3507,13.168651808270841
3508,14.090726957531722
3509,13.565553219463299
3510,13.51509402962235
3511,16.49213813639584
3512,14.78701825749358
3513,13.238415938460317
3514,14.013990507336409
3515,12.973217237958341
3516,14.76860734856044
3517,14.225780714520841
3518,12.582425201169197
3519,13.972744549373246
3520,14.260694608898909
3521,14.215526808270841
3522,12.20946428215419
3523,17.62041398918544
3524,13.442089308270841
3525,14.86665652962235
3526,12.439663494685746
3527,10.494961822262947
3528,14.564663494685746
3529,14.092140396557856
3530,13.497997511395841
3531,14.422957804101198
3532,15.905911529294197
3533,12.79756473274735
3534,13.684780682185746
3535,14.632763136395841
3536,16.83858035774735
3537,13.979981080308217
3538,12.356300552807856
3539,16.15491347496379
3540,15.363415938460317
3541,12.439663494685746
3542,12.71792646061858
3543,14.872420694726198
3544,13.358288985335317
3545,14.67523818199504
3546,13.64336320793544
3547,14.80986711418544
3548,15.261580850976198
3549,15.963208418929067
3550,14.147751730378467
3551,16.739060324128467
3552,14.564663494685746
3553,14.975170362958341
3554,14.70148329918254
3555,14.96320204918254
3556,12.335084469463299
3557,13.054104888669197
3558,12.917282980378467
3559,13.719413956128168
3560,14.270229900935746
3561,14.19509931218108
3562,15.805664674058217
3563,14.29692766106044
3564,14.481300552807856
3565,13.51509402962235
3566,14.451660767808217
3567,14.394455831940967
3568,13.54999404137004
3569,15.331543580308217
3570,14.70148329918254
3571,11.892517701401967
3572,12.495571697810746
3573,13.972730741711409
3574,11.928860748044197
3575,11.864895904294197
3576,13.98677371712235
3577,12.861374777253467
3578,13.168651808270841
3579,11.928860748044197
3580,13.98677371712235
3581,14.535794341794197
3582,17.19135688639584
3583,13.684780682185746
3584,13.192489054101198
3585,15.363415938460317
3586,10.494961822262947
3587,15.261580850976198
3588,14.270229900935746
3589,12.335084469463299
3590,14.544155682185746
3591,14.132737081940967
3592,13.497997511395841
3593,13.129738052807856
3594,15.55512099449504
3595,18.12568305827084
3596,14.832105741711409
3597,17.0142663978512
3598,13.17210110448951
3599,11.864895904294197
3600,13.90713544499358
3601,11.081188429364591
3602,16.61934207649735
3603,13.358288985335317
3604,10.712414015302091
3605,15.879345167645841
3606,11.502636183270841
3607,11.942882765302091
3608,11.968151319989591
3609,8.526378859052091
3610,12.648464430341154
3611,14.375316847333341
3612,11.965404737958341
3613,13.410351027020841
3614,10.403026808270841
3615,13.574688185223966
3616,10.507152784833341
3617,11.901622999677091
3618,10.261791456708341
3619,8.727672804364591
3620,12.021190870770841
3621,11.880352247723966
3622,12.019619215497404
3623,11.696361769208341
3624,10.598217237958341
3625,11.898876417645841
3626,13.040722120770841
3627,11.714794386395841
3628,12.223949659833341
3629,13.410351027020841
3630,12.784374464520841
3631,11.574779737958341
3632,12.784374464520841
3633,11.224682081708341
3634,12.553417433270841
3635,12.007763136395841
3636,10.488109816083341
3637,11.880352247723966
3638,13.020214308270841
3639,13.907421339520841
3640,12.930370558270841
3641,13.702465284833341
3642,11.244579542645841
3643,11.857616652020841
3644,11.872265089520841
3645,13.019237745770841
3646,10.607982862958341
3647,12.166698683270841
3648,15.789928663739591
3649,11.261547316083341
3650,11.901622999677091
3651,12.576244581708341
3652,11.201854933270841
3653,11.962108839520841
3654,15.066356886395841
3655,11.590648878583341
3656,13.612987745770841
3657,15.163036573895841
3658,12.189586866864591
3659,12.592602003583341
3660,11.965404737958341
3661,12.551784742841154
3662,13.347484816083341
3663,14.010143507489591
3664,8.727672804364591
3665,10.403026808270841
3666,12.721752394208341
3667,12.184765089520841
3668,10.915722120770841
3669,11.405224073895841
3670,11.880199659833341
3671,11.782421339520841
3672,12.613109816083341
3673,11.224682081708341
3674,9.960277784833341
3675,13.035595167645841
3676,12.382518995770841
3677,11.777538527020841
3678,11.902294386395841
3679,13.110820997723966
3680,11.984325636395841
3681,12.395214308270841
3682,12.433788527020841
3683,13.110820997723966
3684,11.774486769208341
3685,13.115917433270841
3686,11.824444044598966
3687,13.389843214520841
3688,12.382518995770841
3689,14.423565138348966
3690,12.164257277020841
3691,10.815136183270841
3692,12.146190870770841
3693,16.00916694498959
3694,12.597881544598966
3695,15.012645948895841
3696,11.710232008466154
3697,11.975612867841154
3698,12.784374464520841
3699,13.214916456708341
3700,10.484325636395841
3701,14.016735304364591
3702,12.685680616864591
3703,14.005687941083341
3704,10.689403761395841
3705,10.451244581708341
3706,14.037243116864591
3707,12.553417433270841
3708,11.777538527020841
3709,13.640514601239591
3710,11.777538527020841
3711,10.484325636395841
3712,15.789928663739591
3713,11.962108839520841
3714,13.389843214520841
3715,12.737499464520841
3716,10.507152784833341
3717,10.470775831708341
3718,11.714794386395841
3719,12.737499464520841
3720,9.878246534833341
3721,15.879345167645841
3722,10.386181105145841
3723,10.712414015302091
3724,13.258495558270841
3725,11.188671339520841
3726,12.924511183270841
3727,12.382518995770841
3728,11.814357985028654
3729,13.068798292645841
3730,11.341259230145841
3731,12.737499464520841
3732,13.518261183270841
3733,15.879345167645841
3734,12.576244581708341
3735,13.021190870770841
3736,11.120556105145841
3737,12.553417433270841
3738,11.405224073895841
3739,12.576244581708341
3740,12.818432081708341
3741,13.073925245770841
3742,11.188671339520841
3743,10.488109816083341
3744,11.737621534833341
3745,11.689159620770841
3746,12.613109816083341
3747,14.365795362958341
3748,10.430187452802091
3749,12.565197218427091
3750,13.949444044598966
3751,14.306102980145841
3752,12.160839308270841
3753,14.224804152020841
3754,12.613109816083341
3755,11.968151319989591
3756,12.737499464520841
3757,11.965404737958341
3758,15.382274855145841
3759,11.556102980145841
3760,13.214916456708341
3761,12.675487745770841
3762,12.202099073895841
3763,9.137218702802091
3764,13.949444044598966
3765,14.549236525067716
3766,11.244579542645841
3767,9.114391554364591
3768,10.484325636395841
3769,11.341259230145841
3770,10.544018019208341
3771,10.313427198895841
3772,13.069561232098966
3773,12.530468214520841
3774,12.019619215497404
3775,10.548290480145841
3776,12.177685011395841
3777,11.085521925458341
3778,11.689159620770841
3779,12.924511183270841
3780,9.371532667645841
3781,11.035595167645841
3782,10.607982862958341
3783,11.355571974286466
3784,12.784374464520841
3785,12.226024855145841
3786,11.790600050458341
3787,11.901622999677091
3788,13.915477980145841
3789,13.357525099286466
3790,10.468395460614591
3791,13.655010450848966
3792,12.058788527020841
3793,13.949444044598966
3794,11.373485792645841
3795,11.961498487958341
3796,14.87715457649735
3797,11.073836710351198
3798,11.71318742668544
3799,10.831282999413698
3800,13.567566529526967
3801,13.132458907210317
3802,12.29824872624358
3803,12.20588745237853
3804,13.384620865307856
3805,10.563626373044197
3806,11.779080474606697
3807,9.690075148114591
3808,15.729442823895841
3809,12.537182081708341
3810,13.138134230145841
3811,12.294312399323779
3812,14.720459595933217
3813,14.604641998044197
3814,12.720669354060746
3815,11.356063272851198
3816,14.20307021324504
3817,12.889991959057856
3818,13.095425213435746
3819,11.060009230145841
3820,13.976757277020841
3821,12.586532022851198
3822,12.278821211897817
3823,10.90010379524735
3824,11.90908856999358
3825,11.780896407210317
3826,12.833236124413698
3827,11.794095123044197
3828,10.563626373044197
3829,12.249218214520841
3830,12.503506268123246
3831,14.578563917645841
3832,12.586532022851198
3833,13.095425213435746
3834,13.095425213435746
3835,10.83613895149735
3836,10.537731398114591
3837,14.576549757489591
3838,13.899276163476198
3839,13.71831437981044
3840,11.45962567936858
3841,10.704880636628467
3842,12.073592569726198
3843,12.834667433270841
3844,14.885144454085317
3845,12.757703047835317
3846,12.13397841637004
3847,10.94668622624358
3848,10.981812985088299
3849,13.431715116711409
3850,13.12639543449794
3851,13.425155069726198
3852,13.108593214520841
3853,12.252576094710317
3854,14.941723097333341
3855,12.215542400935746
3856,13.81391005699504
3857,12.761765402253467
3858,11.41836591374358
3859,10.704880636628467
3860,12.833236124413698
3861,11.743862713435746
3862,10.744106854060746
3863,11.907665480145841
3864,12.338284576169197
3865,11.70632978093108
3866,10.55391238899735
3867,12.293835860335317
3868,13.655991476472217
3869,13.232510650387947
3870,12.030616959057856
3871,10.563626373044197
3872,12.030616959057856
3873,12.53047488899735
3874,11.36699602043544
3875,14.20307021324504
3876,14.929517851086409
3877,11.64922258293544
3878,12.85150771324504
3879,13.976757277020841
3880,11.051072042878467
3881,12.056862076245356
3882,11.606031522961409
3883,11.794095123044197
3884,11.007458907210317
3885,12.472118605145841
3886,10.76404433433879
3887,13.71831437981044
3888,12.800991619685746
3889,12.947266236558217
3890,13.130721475976198
3891,11.026333416560746
3892,13.93273986937072
3893,10.373901978745717
3894,10.537731398114591
3895,12.243558013669197
3896,11.45962567936858
3897,13.056198996003467
3898,12.667038839753467
3899,13.5050232288411
3900,12.673340455308217
3901,10.962647095933217
3902,12.967774049058217
3903,12.743298750960317
3904,12.706265057185746
3905,15.69023820793544
3906,10.962647095933217
3907,11.907665480145841
3908,15.47099992668544
3909,12.333375485088299
3910,12.103956327648909
3911,13.34355852043544
3912,11.356063272851198
3913,14.27017255436858
3914,12.889991959057856
3915,9.471473892651606
3916,10.563626373044197
3917,12.571517374413698
3918,11.45962567936858
3919,12.90523074837235
3920,13.530320089753467
3921,9.193692291012947
3922,9.693433028304067
3923,10.606275663586409
3924,12.743298750960317
3925,13.425155069726198
3926,13.12639543449794
3927,12.616066177807856
3928,14.808884542878467
3929,12.83843156731044
3930,12.241787518123246
3931,12.673340455308217
3932,9.656399334529496
3933,14.18256240074504
3934,13.214870680341154
3935,12.632718169919197
3936,14.05093427311858
3937,10.22915692936858
3938,12.07807021324504
3939,12.36675187981044
3940,13.132458907210317
3941,14.32012102043544
3942,12.472118605145841
3943,11.356063272851198
3944,12.88472293587235
3945,9.528748170151967
3946,14.882423599682856
3947,12.472118605145841
3948,13.050399210351198
3949,11.59331437981044
3950,12.754345167645841
3951,12.082958448895841
3952,12.37057231053063
3953,9.471473892651606
3954,11.060009230145841
3955,10.931198996003467
3956,10.563626373044197
3957,11.060009230145841
3958,14.68328020012294
3959,12.616066177807856
3960,14.385403716794197
3961,12.256802166560746
3962,15.397078897851198
3963,12.90523074837235
3964,12.367214430341154
3965,13.730907667645841
3966,14.941723097333341
3967,16.174994041370038
3968,13.130721475976198
3969,12.87969133293544
3970,12.85150771324504
3971,11.356063272851198
3972,12.632718169919197
3973,12.038941891338299
3974,13.32318740074504
3975,11.090298260310746
3976,10.507718169919197
3977,12.754345167645841
3978,14.710279569836409
3979,10.931198996003467
3980,9.690075148114591
3981,12.338284576169197
3982,12.39984755699504
3983,13.701278116601198
3984,11.030379679101198
3985,12.445191891338299
3986,12.507552530663698
3987,11.732815826169197
3988,13.23931047356044
3989,11.997902115307856
3990,9.663724029294197
3991,12.492531021557856
3992,10.666847427807856
3993,10.852933013669197
3994,13.725292433270841
3995,10.50557254524735
3996,11.218960369685746
3997,12.87065812981044
3998,11.95752014280822
3999,12.314039335461409
4000,14.577439230378467
4001,11.766892355378467
4002,11.259472120770841
4003,10.78779910774735
4004,13.783337813460317
4005,12.570522869685746
4006,14.80777021061858
4007,12.608472929211409
4008,12.245833780663698
4009,11.769849882336409
4010,13.170315350154496
4011,13.488904219710317
4012,13.099471475976198
4013,13.078963663476198
4014,9.84070449058879
4015,12.018409927807856
4016,14.852157022851198
4017,10.014354933270841
4018,14.60957645149735
4019,13.30996747624358
4020,11.547435987958341
4021,10.286266554364591
4022,14.542446697810746
4023,11.658337813460317
4024,13.783337813460317
4025,14.577439230378467
4026,10.768311158433217
4027,12.314039335461409
4028,11.778210860335317
4029,11.764599073895841
4030,10.78779910774735
4031,11.732815826169197
4032,13.966747511395841
4033,9.82079240715419
4034,12.83584638249358
4035,11.99877990843322
4036,12.83584638249358
4037,11.093629391338299
4038,13.771095474682856
4039,12.983375748120356
4040,12.018409927807856
4041,10.24197431218108
4042,12.39984755699504
4043,12.89057021324504
4044,11.99877990843322
4045,12.46773074837235
4046,11.256910429211409
4047,9.398377076401967
4048,13.966747511395841
4049,11.27460341637004
4050,11.15473036949504
4051,10.376100094463299
4052,12.83740295530822
4053,12.608472929211409
4054,13.80081220280608
4055,12.605515402253467
4056,11.50532840462235
4057,12.570522869685746
4058,12.845409620770841
4059,13.27973036949504
4060,12.98529677574504
4061,12.697781646481697
4062,12.230759542878467
4063,11.656200636395841
4064,12.018409927807856
4065,13.27973036949504
4066,13.27973036949504
4067,12.018409927807856
4068,10.768311158433217
4069,12.431775313460317
4070,12.805037882226198
4071,11.99722333561858
4072,13.350536573895841
4073,12.608472929211409
4074,12.42119523918544
4075,11.256523331128168
4076,14.361158476086409
4077,11.606568844463299
4078,11.50532840462235
4079,12.013596456940967
4080,11.95596356999358
4081,12.40618059074794
4082,9.663724029294197
4083,11.725632589753467
4084,10.90849992668544
4085,14.580396757336409
4086,11.97700809212235
4087,11.769849882336409
4088,8.579384048901606
4089,10.344311934554067
4090,10.92841201012004
4091,13.430858839520841
4092,11.92816786949504
4093,8.579384048901606
4094,14.323208416560746
4095,8.700329054364591
4096,11.50532840462235
4097,12.230759542878467
4098,13.410157711650799
4099,12.83584638249358
4100,11.846586332531722
4101,11.843628805573779
4102,14.417115719463299
4103,12.46109052311858
4104,11.300731886395841
4105,9.39682050358733
4106,13.485501373044197
4107,12.216355246003467
4108,10.78779910774735
4109,9.788036573895841
4110,11.432019454085317
4111,11.629249771557856
4112,12.741161573895841
4113,12.44824279905822
4114,12.85689090462235
4115,15.755261641585317
4116,13.43563886296233
4117,13.27973036949504
4118,9.169447050305159
4119,10.894192779294197
4120,9.663724029294197
4121,10.539381132336409
4122,11.15473036949504
4123,8.293789947262947
4124,11.19072648918544
4125,13.704739654294197
4126,13.27973036949504
4127,10.344311934554067
4128,10.320191891338299
4129,13.044643963435746
4130,12.445191891338299
4131,11.21063857262004
4132,9.84070449058879
4133,11.358059966794197
4134,14.257458907210317
4135,13.725292433270841
4136,11.21063857262004
4137,10.85176395149735
4138,12.570522869685746
4139,10.974471475976198
4140,9.727688873044197
4141,13.336132277020841
4142,11.978603924373246
4143,10.48452802311858
4144,13.771095474682856
4145,10.894192779294197
4146,14.748303633772817
4147,10.536423605378467
4148,12.83584638249358
4149,10.501431072810746
4150,10.254197042878467
4151,15.536023360335317
4152,12.83584638249358
4153,9.006166012432049
4154,10.852933013669197
4155,9.131496990779496
4156,12.01826785774735
4157,10.501431072810746
4158,15.01250383293544
4159,13.336132277020841
4160,10.48452802311858
4161,12.608472929211409
4162,12.81533856999358
4163,13.990333755932856
4164,10.480515402253467
4165,14.580396757336409
4166,13.830639112958341
4167,16.05659126139584
4168,13.693310011395841
4169,14.351268995770841
4170,14.780468214520841
4171,13.237255323895841
4172,14.845897902020841
4173,12.929638136395841
4174,12.559276808270841
4175,14.695995558270841
4176,15.317577589520841
4177,15.290416944989591
4178,15.242382277020841
4179,12.015575636395841
4180,15.596904982098966
4181,15.899730909833341
4182,14.245342482098966
4183,15.665172804364591
4184,16.53278755045834
4185,12.677196730145841
4186,12.677196730145841
4187,16.03998969889584
4188,13.540172804364591
4189,14.746288527020841
4190,14.743267286786466
4191,14.695995558270841
4192,18.16938423014584
4193,13.184765089520841
4194,12.448803175458341
4195,12.758434523114591
4196,14.826549757489591
4197,14.096142042645841
4198,11.885692823895841
4199,14.451854933270841
4200,14.780468214520841
4201,12.655468214520841
4202,12.497143019208341
4203,15.004986036786466
4204,13.866405714520841
4205,13.188183058270841
4206,16.75202583170834
4207,14.682872999677091
4208,12.677196730145841
4209,13.120800245770841
4210,11.959667433270841
4211,14.684276808270841
4212,14.485668409833341
4213,11.341076124677091
4214,12.428783644208341
4215,13.362865675458341
4216,15.808300245770841
4217,16.19746040202084
4218,13.984401930341154
4219,17.95014594889584
4220,15.290416944989591
4221,15.220409620770841
4222,12.557872999677091
4223,16.43555854655209
4224,14.362499464520841
4225,14.232982862958341
4226,13.540172804364591
4227,11.998974073895841
4228,11.885692823895841
4229,12.583446730145841
4230,12.758434523114591
4231,14.573803175458341
4232,16.26496528483334
4233,14.128368605145841
4234,16.49897407389584
4235,12.497143019208341
4236,16.19746040202084
4237,14.785289991864591
4238,16.71821235514584
4239,14.391308058270841
4240,15.665172804364591
4241,12.428783644208341
4242,14.030224073895841
4243,15.665172804364591
4244,14.068065870770841
4245,14.092357862958341
4246,12.617016066083341
4247,13.695507277020841
4248,15.837352980145841
4249,16.65620063639584
4250,15.370739210614591
4251,13.540172804364591
4252,13.120800245770841
4253,13.926830519208341
4254,15.358837355145841
4255,14.545604933270841
4256,14.184643019208341
4257,14.934765089520841
4258,13.811916578778654
4259,14.327709425458341
4260,13.231029737958341
4261,16.68745063639584
4262,11.943065870770841
4263,13.860256422528654
4264,13.890819777020841
4265,12.929638136395841
4266,15.276012648114591
4267,13.695507277020841
4268,14.451854933270841
4269,14.388439405927091
4270,17.41785835123959
4271,12.504711378583341
4272,14.640331495770841
4273,15.173595655927091
4274,17.95014594889584
4275,13.527813185223966
4276,15.665172804364591
4277,15.302471388348966
4278,14.573803175458341
4279,14.072460402020841
4280,14.573803175458341
4281,14.780468214520841
4282,14.640331495770841
4283,13.064892042645841
4284,13.527813185223966
4285,13.331310499677091
4286,14.485668409833341
4287,15.596904982098966
4288,10.645641554364591
4289,14.780102003583341
4290,12.015575636395841
4291,13.071300734052091
4292,12.711010206708341
4293,13.270580519208341
4294,13.693920362958341
4295,13.660351027020841
4296,12.655102003583341
4297,12.865673292645841
4298,15.926708448895841
4299,14.388439405927091
4300,13.981884230145841
4301,14.622143019208341
4302,14.388439405927091
4303,15.242382277020841
4304,14.669872511395841
4305,13.173290480145841
4306,15.348095167645841
4307,12.553051222333341
4308,13.954784620770841
4309,14.622143019208341
4310,13.773632277020841
4311,14.622143019208341
4312,13.591778028973966
4313,12.428783644208341
4314,13.331310499677091
4315,15.242382277020841
4316,16.65620063639584
4317,13.476146925458341
4318,14.188549269208341
4319,13.981884230145841
4320,13.768505323895841
4321,10.742799313213299
4322,12.066993912182856
4323,13.094117672588299
4324,13.258789674058217
4325,13.358793363781722
4326,13.01236005436858
4327,10.327054107419197
4328,13.094117672588299
4329,10.711715128319948
4330,13.775985147851198
4331,13.024486769208341
4332,12.051588163586409
4333,14.118164674058217
4334,14.052380782210317
4335,13.528761015148909
4336,15.886521261628467
4337,13.219250899397817
4338,13.386181105145841
4339,12.452054107419197
4340,13.620163839753467
4341,13.075974386628467
4342,13.74951233030822
4343,14.83662723274735
4344,15.300747479060746
4345,14.072888594710317
4346,15.630810011395841
4347,13.539841574128467
4348,13.698132735335317
4349,11.995679960461409
4350,13.039501417645841
4351,11.31802411686858
4352,9.345348585614591
4353,10.382962310544197
4354,13.286205519208341
4355,13.417019927731697
4356,14.01567766106044
4357,14.40483781731044
4358,12.452054107419197
4359,10.836525162182856
4360,13.745924101086409
4361,12.905616959057856
4362,12.516456802807856
4363,10.836525162182856
4364,13.38711591374358
4365,13.583690870770841
4366,11.259731854060746
4367,12.70918582649735
4368,13.075974386628467
4369,12.255494625713299
4370,12.526561964520841
4371,11.554054459057856
4372,14.150741007226198
4373,13.039501417645841
4374,12.448940838435746
4375,13.878124464520841
4376,13.698132735335317
4377,12.490200604060746
4378,16.1226648353512
4379,14.150741007226198
4380,12.157620513669197
4381,15.066041500713299
4382,14.477916944989591
4383,14.072888594710317
4384,14.40483781731044
4385,9.94809003483733
4386,12.452054107419197
4387,12.769117460461409
4388,13.094117672588299
4389,12.240479977275799
4390,11.01484988899735
4391,13.930630291560746
4392,9.655091793682049
4393,12.32050185387004
4394,9.889797772029496
4395,12.03555341374358
4396,12.067761641585317
4397,12.025734146557856
4398,13.09268231999358
4399,13.312117960351198
4400,15.00664445793544
4401,10.900490005932856
4402,11.03579755436858
4403,12.489940870770841
4404,12.939663494685746
4405,13.503368605145841
4406,13.507423599682856
4407,15.886521261628467
4408,10.659374464520841
4409,13.258789674058217
4410,13.075974386628467
4411,16.15752336418544
4412,14.547009688460317
4413,13.285034791245717
4414,14.658302505932856
4415,12.452054107419197
4416,13.568238766338299
4417,13.488964308270841
4418,13.37678588987853
4419,12.939663494685746
4420,11.787354127183217
4421,14.120679960461409
4422,14.624862100976198
4423,10.711715128319948
4424,12.452054107419197
4425,12.78950809212235
4426,13.930630291560746
4427,13.03803115074504
4428,13.763916627183217
4429,10.49006961555985
4430,15.35903974186858
4431,14.740479127183217
4432,11.526807890148909
4433,10.73262332649735
4434,13.878124464520841
4435,12.32050185387004
4436,15.825574141585317
4437,10.742799313213299
4438,13.03803115074504
4439,13.01236005436858
4440,12.05351945793544
4441,12.704957516338299
4442,12.563034933503467
4443,13.56621477043544
4444,11.977261150935746
4445,11.947888594710317
4446,12.799178507226198
4447,14.072888594710317
4448,15.00463029777919
4449,12.066993912182856
4450,10.439098585614591
4451,9.013028228512947
4452,14.138672486558217
4453,16.361517478870038
4454,13.731519804211409
4455,13.234265547835317
4456,12.448940838435746
4457,13.06343387337235
4458,12.26459365074504
4459,12.719361813213299
4460,14.00043349449504
4461,15.887417400935746
4462,10.715282667645841
4463,9.6449158069661
4464,11.100491607419197
4465,16.044812422835317
4466,13.300049439683217
4467,13.683728438460317
4468,12.611183365307856
4469,11.31802411686858
4470,15.667282980378467
4471,10.382962310544197
4472,13.55097060387004
4473,13.075974386628467
4474,12.32050185387004
4475,12.24531863899735
4476,11.809032667645841
4477,13.463329542645841
4478,15.05586551399735
4479,13.386181105145841
4480,14.138672486558217
4481,13.258789674058217
4482,12.905616959057856
4483,11.572171294919197
4484,12.24531863899735
4485,13.488964308270841
4486,12.452054107419197
4487,10.73262332649735
4488,13.328823650935746
4489,10.779247511395841
4490,11.742555172588299
4491,13.620163839753467
4492,12.530861099682856
4493,12.066993912182856
4494,11.479016524397817
4495,15.891358033433217
4496,15.037854415022817
4497,11.872997511395841
4498,12.54849286686858
4499,11.01484988899735
4500,13.463329542645841
4501,11.01484988899735
4502,12.069580689683217
4503,13.328823650935746
4504,11.572171294919197
4505,14.99140029137004
4506,13.503368605145841
4507,15.00664445793544
4508,14.99140029137004
4509,10.699646607651967
4510,12.721326094710317
4511,14.846803219463299
4512,13.08394168587235
4513,13.379738052807856
4514,12.507763136395841
4515,16.00629829264584
4516,12.640575636395841
4517,15.787060011395841
4518,13.370067823895841
4519,11.193737257489591
4520,12.368602980145841
4521,13.961986769208341
4522,14.551494825848966
4523,15.834850538739591
4524,14.519603956708341
4525,14.263927687177091
4526,13.306835402020841
4527,14.436107862958341
4528,14.908764112958341
4529,14.758373487958341
4530,12.528087843427091
4531,13.281200636395841
4532,16.40961860514584
4533,12.640575636395841
4534,11.922008741864591
4535,16.18207954264584
4536,13.852245558270841
4537,13.355907667645841
4538,16.66144965983334
4539,15.064434278973966
4540,13.852245558270841
4541,13.755260694989591
4542,13.358104933270841
4543,14.900280226239591
4544,15.714672316083341
4545,11.440502394208341
4546,16.12849067545834
4547,13.165966261395841
4548,12.151439894208341
4549,15.903057325848966
4550,14.643139112958341
4551,16.66144965983334
4552,14.637890089520841
4553,16.05317329264584
4554,12.368602980145841
4555,13.442455519208341
4556,13.291942823895841
4557,16.46235298014584
4558,15.039501417645841
4559,14.210155714520841
4560,15.760387648114591
4561,16.62501167155209
4562,15.510570753583341
4563,11.965282667645841
4564,12.948925245770841
4565,15.311474073895841
4566,16.62501167155209
4567,14.437694777020841
4568,11.965282667645841
4569,13.635387648114591
4570,16.85908149577084
4571,16.05317329264584
4572,15.235058058270841
4573,15.652538527020841
4574,15.933910597333341
4575,14.658397902020841
4576,14.519603956708341
4577,16.38544868327084
4578,16.68159126139584
4579,13.897930372723966
4580,16.27241157389584
4581,13.708568800458341
4582,14.316845167645841
4583,14.534008253583341
4584,14.066478956708341
4585,14.632580030927091
4586,12.085155714520841
4587,16.54676460123959
4588,14.709667433270841
4589,14.653087843427091
4590,14.210155714520841
4591,11.965282667645841
4592,13.819774855145841
4593,13.618236769208341
4594,12.647960890302091
4595,12.563671339520841
4596,14.143261183270841
4597,13.819774855145841
4598,14.009472120770841
4599,15.909252394208341
4600,15.508556593427091
4601,13.897930372723966
4602,12.464031446942716
4603,14.921764601239591
4604,13.691295851239591
4605,15.260204542645841
4606,13.330272902020841
4607,12.175487745770841
4608,12.029247511395841
4609,12.903637159833341
4610,12.321361769208341
4611,13.635387648114591
4612,15.926464308270841
4613,15.232555616864591
4614,12.610424269208341
4615,14.062938917645841
4616,14.653087843427091
4617,13.767406691083341
4618,11.616283644208341
4619,14.769115675458341
4620,13.420604933270841
4621,11.469738234052091
4622,14.009472120770841
4623,15.361034620770841
4624,16.54676460123959
4625,16.40961860514584
4626,14.034374464520841
4627,12.031566847333341
4628,12.704540480145841
4629,13.276684034833341
4630,16.52058051920834
4631,12.432567823895841
4632,14.774608839520841
4633,13.778515089520841
4634,13.355907667645841
4635,15.465954054364591
4636,16.40577339030209
4637,13.154491652020841
4638,15.962841261395841
4639,13.755260694989591
4640,15.933910597333341
4641,11.469738234052091
4642,14.769115675458341
4643,15.067089308270841
4644,11.836986769208341
4645,15.946972120770841
4646,15.903057325848966
4647,13.082103956708341
4648,13.870876539716154
4649,12.563671339520841
4650,13.587230909833341
4651,14.709667433270841
4652,12.647960890302091
4653,13.448269117841154
4654,13.448269117841154
4655,14.006054152020841
4656,13.564647902020841
4657,14.396435011395841
4658,13.200100172528654
4659,14.599148024091154
4660,12.839672316083341
4661,15.962841261395841
4662,11.219372023114591
4663,12.948925245770841
4664,14.632580030927091
4665,16.36219428873959
4666,14.684276808270841
4667,12.085155714520841
4668,12.839672316083341
4669,13.691295851239591
4670,12.767162550458341
4671,14.070141066083341
4672,15.168468702802091
4673,17.11372016764584
4674,16.00629829264584
4675,11.892894972333341
4676,13.871044386395841
4677,15.903057325848966
4678,15.513897169598966
4679,13.961986769208341
4680,13.755260694989591
4681,13.833965528973966
4682,15.926464308270841
4683,17.69965766764584
4684,12.948925245770841
4685,11.909374464520841
4686,13.961986769208341
4687,15.946972120770841
4688,12.175487745770841
4689,12.589306105145841
4690,11.616283644208341
4691,14.508495558270841
4692,13.355907667645841
4693,15.361034620770841
4694,12.563671339520841
4695,16.66144965983334
4696,12.640575636395841
4697,16.62788032389584
4698,15.512706984052091
4699,12.806102980145841
4700,14.845409620770841
4701,14.486034620770841
4702,16.75672553873959
4703,14.320873487958341
4704,14.695629347333341
4705,15.007580030927091
4706,15.033825148114591
4707,14.534939039716154
4708,15.010448683270841
4709,15.838512648114591
4710,15.239452589520841
4711,16.77082465983334
4712,16.74457954264584
4713,15.280468214520841
4714,16.52534126139584
4715,12.499187696942716
4716,15.280712355145841
4717,12.758251417645841
4718,14.772655714520841
4719,13.833385694989591
4720,16.27143501139584
4721,12.893139112958341
4722,13.244640577802091
4723,14.458202589520841
4724,14.486034620770841
4725,16.99006294108334
4726,15.435085524091154
4727,14.478222120770841
4728,12.938549269208341
4729,12.448436964520841
4730,15.544079054364591
4731,15.643779982098966
4732,14.586651075848966
4733,13.869121778973966
4734,15.007580030927091
4735,12.703563917645841
4736,16.59345649577084
4737,12.647655714520841
4738,14.580761183270841
4739,13.818371046552091
4740,14.789745558270841
4741,15.246593702802091
4742,13.013012159833341
4743,14.532909620770841
4744,16.11933540202084
4745,12.949047316083341
4746,15.063549269208341
4747,16.44031928873959
4748,12.750194777020841
4749,15.822216261395841
4750,14.010769117841154
4751,14.127880323895841
4752,14.114208448895841
4753,14.769115675458341
4754,15.537670362958341
4755,15.018139112958341
4756,16.48926948405209
4757,14.500438917645841
4758,13.005321730145841
4759,12.758251417645841
4760,14.426220167645841
4761,12.767528761395841
4762,14.452587355145841
4763,11.857799757489591
4764,14.180736769208341
4765,14.827343214520841
4766,14.103710402020841
4767,12.994457472333341
4768,12.941356886395841
4769,12.230602491864591
4770,13.567089308270841
4771,15.512706984052091
4772,18.12885688639584
4773,12.806102980145841
4774,14.752147902020841
4775,14.087841261395841
4776,13.956249464520841
4777,14.183666456708341
4778,13.227733839520841
4779,15.303295362958341
4780,11.333629835614591
4781,13.947460402020841
4782,15.318310011395841
4783,15.807811964520841
4784,15.807811964520841
4785,15.612255323895841
4786,15.280468214520841
4787,15.887462843427091
4788,12.758251417645841
4789,14.643383253583341
4790,15.565014112958341
4791,15.862499464520841
4792,14.180736769208341
4793,14.471630323895841
4794,16.11933540202084
4795,16.77082465983334
4796,14.401195753583341
4797,13.523632277020841
4798,12.570629347333341
4799,15.527416456708341
4800,15.643779982098966
4801,15.824901808270841
4802,14.789745558270841
4803,13.882335890302091
4804,13.005321730145841
4805,14.383495558270841
4806,15.010448683270841
4807,14.050243605145841
4808,14.191845167645841
4809,13.947460402020841
4810,16.36158393717709
4811,14.138256300458341
4812,14.958629835614591
4813,13.956249464520841
4814,15.010448683270841
4815,16.81623481608334
4816,15.822216261395841
4817,16.17646430827084
4818,14.050243605145841
4819,15.938213575848966
4820,16.11933540202084
4821,15.063549269208341
4822,14.306469191083341
4823,13.658886183270841
4824,15.357448805341154
4825,14.130565870770841
4826,16.15693305827084
4827,13.711986769208341
4828,14.224926222333341
4829,13.525463331708341
4830,14.010769117841154
4831,15.346294630536466
4832,11.857799757489591
4833,13.227733839520841
4834,14.769115675458341
4835,12.626537550458341
4836,12.233471144208341
4837,14.921215284833341
4838,14.458202589520841
4839,16.15693305827084
4840,12.941356886395841
4841,14.989940870770841
4842,15.887462843427091
4843,12.893139112958341
4844,14.989940870770841
4845,14.875194777020841
4846,15.669628370770841
4847,14.805370558270841
4848,12.758251417645841
4849,15.887462843427091
4850,12.703563917645841
4851,13.988720167645841
4852,14.138256300458341
4853,15.463756788739591
4854,15.544079054364591
4855,15.565014112958341
4856,16.66755317545834
4857,14.318065870770841
4858,14.031933058270841
4859,13.869121778973966
4860,15.838512648114591
4861,16.62788032389584
4862,14.772655714520841
4863,12.994457472333341
4864,15.492260206708341
4865,14.875194777020841
4866,14.806835402020841
4867,12.703563917645841
4868,15.280468214520841
4869,17.910137403973966
4870,17.910137403973966
4871,15.902538527020841
4872,12.703563917645841
4873,15.010448683270841
4874,14.050243605145841
4875,18.16889594889584
4876,13.603100050458341
4877,12.750194777020841
4878,14.180736769208341
4879,15.295543898114591
4880,11.201244581708341
4881,15.672313917645841
4882,12.048809278973966
4883,13.561504591473966
4884,15.455517042645841
4885,13.199413527020841
4886,10.589672316083341
4887,11.497997511395841
4888,11.706005323895841
4889,12.971508253583341
4890,13.081005323895841
4891,11.132274855145841
4892,14.874248732098966
4893,13.435314405927091
4894,14.010967482098966
4895,10.427196730145841
4896,13.880077589520841
4897,11.568310011395841
4898,13.007030714520841
4899,14.912914503583341
4900,12.522045362958341
4901,12.389354933270841
4902,10.762645948895841
4903,13.567089308270841
4904,14.532055128583341
4905,11.914501417645841
4906,10.653515089520841
4907,11.535595167645841
4908,13.709118116864591
4909,13.522167433270841
4910,10.293773878583341
4911,12.048809278973966
4912,12.007763136395841
4913,9.921642530927091
4914,11.497997511395841
4915,15.274852980145841
4916,13.886913527020841
4917,11.898632277020841
4918,14.041210402020841
4919,11.194286573895841
4920,11.847851027020841
4921,10.935863722333341
4922,11.397167433270841
4923,14.532055128583341
4924,12.345775831708341
4925,12.535351027020841
4926,11.914501417645841
4927,14.305492628583341
4928,10.848095167645841
4929,12.552807081708341
4930,13.530468214520841
4931,10.044567335614591
4932,15.455517042645841
4933,10.536327589520841
4934,13.177929152020841
4935,11.235668409833341
4936,11.414501417645841
4937,13.227733839520841
4938,13.405956495770841
4939,12.810253370770841
4940,13.614391554364591
4941,13.919628370770841
4942,11.194286573895841
4943,13.497753370770841
4944,12.526073683270841
4945,11.478466261395841
4946,15.756237257489591
4947,15.332592237958341
4948,12.552807081708341
4949,14.531444777020841
4950,12.683544386395841
4951,14.003551710614591
4952,12.904979933270841
4953,13.567089308270841
4954,11.794628370770841
4955,12.555431593427091
4956,11.235668409833341
4957,11.355541456708341
4958,13.886913527020841
4959,14.487133253583341
4960,10.447887648114591
4961,11.536083448895841
4962,13.592479933270841
4963,11.083996046552091
4964,14.531200636395841
4965,13.497753370770841
4966,12.054393995770841
4967,11.847851027020841
4968,12.087352980145841
4969,13.360668409833341
4970,15.858837355145841
4971,15.494091261395841
4972,10.928295362958341
4973,12.163646925458341
4974,12.551830519208341
4975,14.524730909833341
4976,15.494091261395841
4977,13.625194777020841
4978,11.310314405927091
4979,13.909435499677091
4980,11.310314405927091
4981,13.123668898114591
4982,13.016796339520841
4983,13.177440870770841
4984,13.199413527020841
4985,12.139354933270841
4986,13.483593214520841
4987,11.672924269208341
4988,11.453075636395841
4989,13.709118116864591
4990,11.806255568036466
4991,14.999920118817716
4992,10.848095167645841
4993,11.988231886395841
4994,12.535351027020841
4995,14.477672804364591
4996,15.187999952802091
4997,14.603344191083341
4998,11.235668409833341
4999,13.272655714520841
5000,14.400280226239591
5001,12.810253370770841
5002,12.778515089520841
5003,12.644970167645841
5004,13.360668409833341
5005,13.227733839520841
5006,15.455517042645841
5007,10.480602491864591
5008,11.706005323895841
5009,11.568310011395841
5010,12.629955519208341
5011,11.761913527020841
5012,12.568065870770841
5013,12.139354933270841
5014,12.048809278973966
5015,11.706005323895841
5016,14.400127638348966
5017,10.128063429364591
5018,11.706005323895841
5019,13.517772902020841
5020,11.817821730145841
5021,13.614391554364591
5022,11.291576612958341
5023,13.164928663739591
5024,13.360668409833341
5025,13.415111769208341
5026,12.512890089520841
5027,12.603710402020841
5028,11.589428175458341
5029,10.935863722333341
5030,13.483593214520841
5031,10.605541456708341
5032,12.668529737958341
5033,14.325634230145841
5034,11.009350050458341
5035,12.904979933270841
5036,9.448620069989591
5037,10.848095167645841
5038,14.105694044598966
5039,13.834789503583341
5040,11.652233351239591
5041,11.201244581708341
5042,14.057323683270841
5043,13.294994581708341
5044,14.851879347333341
5045,9.113781202802091
5046,15.365093458661466
5047,11.652233351239591
5048,11.998424757489591
5049,15.187999952802091
5050,10.848095167645841
5051,14.305492628583341
5052,14.750438917645841
5053,11.497997511395841
5054,11.463451612958341
5055,15.319774855145841
5056,11.817821730145841
5057,10.483715284833341
5058,13.026928175458341
5059,11.074413527020841
5060,11.074413527020841
5061,15.274852980145841
5062,12.593212355145841
5063,12.331035841473966
5064,12.083751905927091
5065,11.400829542645841
5066,13.762890089520841
5067,11.652233351239591
5068,13.327709425458341
5069,12.552318800458341
5070,11.761913527020841
5071,15.113353956708341
5072,16.51771186686459
5073,15.167675245770841
5074,18.27039741373959
5075,15.925792921552091
5076,13.605663527020841
5077,14.599636305341154
5078,12.946117628583341
5079,13.408397902020841
5080,12.976696241864591
5081,12.784130323895841
5082,12.908855665692716
5083,13.885204542645841
5084,13.110790480145841
5085,14.342754591473966
5086,13.539013136395841
5087,13.344433058270841
5088,16.347881544598966
5089,15.730663527020841
5090,17.71284126139584
5091,18.100567091473966
5092,14.850780714520841
5093,16.13105415202084
5094,17.26935981608334
5095,15.835643995770841
5096,13.292309034833341
5097,13.865673292645841
5098,14.233410109052091
5099,14.574901808270841
5100,16.40888618327084
5101,13.110790480145841
5102,14.064403761395841
5103,15.051708448895841
5104,15.166149366864591
5105,16.89973090983334
5106,15.535839308270841
5107,12.291637648114591
5108,12.819652784833341
5109,17.20350288248959
5110,12.767650831708341
5111,15.467998732098966
5112,13.041088331708341
5113,11.858410109052091
5114,13.735790480145841
5115,12.868236769208341
5116,15.890331495770841
5117,15.679088819989591
5118,13.885204542645841
5119,14.166393507489591
5120,12.703563917645841
5121,14.821605909833341
5122,14.908275831708341
5123,13.583446730145841
5124,15.358654249677091
5125,11.974498976239591
5126,13.010448683270841
5127,17.48334907389584
5128,15.934765089520841
5129,17.16621040202084
5130,17.05012153483334
5131,12.974315870770841
5132,14.278789747723966
5133,14.908275831708341
5134,12.495739210614591
5135,14.169445265302091
5136,17.68745063639584
5137,14.169445265302091
5138,13.356395948895841
5139,13.110790480145841
5140,13.408397902020841
5141,13.671825636395841
5142,12.023082960614591
5143,14.481640089520841
5144,13.062206495770841
5145,14.327465284833341
5146,16.02656196452084
5147,15.384899366864591
5148,14.791332472333341
5149,17.71284126139584
5150,11.727062452802091
5151,13.671825636395841
5152,16.822002638348966
5153,15.849376905927091
5154,16.99183296061459
5155,13.130321730145841
5156,15.961315382489591
5157,17.33344673014584
5158,17.26935981608334
5159,17.26935981608334
5160,15.462108839520841
5161,17.64301704264584
5162,16.347881544598966
5163,13.292431105145841
5164,14.582226027020841
5165,16.41572212077084
5166,16.51771186686459
5167,15.341503370770841
5168,17.70258735514584
5169,16.41572212077084
5170,13.765331495770841
5171,14.746288527020841
5172,15.297435987958341
5173,15.664074171552091
5174,16.20478462077084
5175,14.389354933270841
5176,12.974315870770841
5177,13.945873487958341
5178,13.939281691083341
5179,14.222881544598966
5180,14.281810987958341
5181,11.922497023114591
5182,17.43403266764584
5183,15.545604933270841
5184,17.11420844889584
5185,15.054882277020841
5186,15.735241163739591
5187,14.296825636395841
5188,17.21479438639584
5189,15.399914015302091
5190,13.292309034833341
5191,15.036693800458341
5192,15.148998487958341
5193,14.064403761395841
5194,15.577099073895841
5195,13.923839796552091
5196,13.996563185223966
5197,15.462108839520841
5198,13.096996534833341
5199,13.408397902020841
5200,13.583446730145841
5201,14.623485792645841
5202,14.769603956708341
5203,13.110790480145841
5204,12.908855665692716
5205,17.11420844889584
5206,14.110546339520841
5207,14.113537062177091
5208,12.974315870770841
5209,12.291637648114591
5210,14.166393507489591
5211,18.21046089030209
5212,15.358654249677091
5213,13.865673292645841
5214,16.36445258952084
5215,15.361522902020841
5216,12.976696241864591
5217,12.976696241864591
5218,16.21503852702084
5219,16.822002638348966
5220,14.996319044598966
5221,13.379345167645841
5222,15.341503370770841
5223,15.135448683270841
5224,15.936229933270841
5225,13.456981886395841
5226,12.495739210614591
5227,15.637829054364591
5228,13.010204542645841
5229,15.298412550458341
5230,15.835643995770841
5231,18.319805372723966
5232,13.539013136395841
5233,12.974315870770841
5234,14.877025831708341
5235,13.735790480145841
5236,13.337108839520841
5237,17.90668891764584
5238,15.640209425458341
5239,13.887218702802091
5240,13.356395948895841
5241,17.99122260905209
5242,14.166393507489591
5243,13.539013136395841
5244,16.41572212077084
5245,14.009960402020841
5246,12.451305616864591
5247,14.417553175458341
5248,15.560009230145841
5249,15.944103468427091
5250,14.255565870770841
5251,13.356395948895841
5252,15.720409620770841
5253,15.114940870770841
5254,14.522899855145841
5255,16.053447950848966
5256,16.88813423014584
5257,16.36445258952084
5258,13.389599073895841
5259,13.062206495770841
5260,12.974315870770841
5261,15.366161573895841
5262,11.012918737082462
5263,13.209478448898473
5264,12.975417987764045
5265,11.192689367920625
5266,10.491866707195413
5267,13.671662288140217
5268,11.681211465549499
5269,14.757540522955878
5270,12.126541034639045
5271,12.254406674830399
5272,9.940977090549499
5273,14.883211909674628
5274,12.707254674582462
5275,12.375446514895229
5276,13.940729117750152
5277,12.081298469890726
5278,11.192689367920625
5279,10.846222835015217
5280,10.183530801486999
5281,14.068414664625152
5282,11.72564874629415
5283,13.466608024000152
5284,11.192689367920625
5285,13.799347835015217
5286,10.877765850832729
5287,14.3945330236379
5288,10.396665592054458
5289,13.008970254611999
5290,12.747983951429458
5291,10.149978534639045
5292,14.26886163691915
5293,10.774093269695413
5294,15.201008038332729
5295,11.115289664625152
5296,13.77423273066915
5297,13.320434542757756
5298,10.816092636306452
5299,13.167410995681452
5300,9.41416121150709
5301,12.320123937277774
5302,14.018128821045625
5303,14.431573844312652
5304,9.907424823701545
5305,10.396665592054458
5306,9.41416121150709
5307,13.222105045179458
5308,10.396665592054458
5309,14.818237277132756
5310,13.008970254611999
5311,12.643566831080399
5312,11.44342218379415
5313,13.940729117750152
5314,15.515931555420625
5315,10.488138463644962
5316,9.095823281955749
5317,12.94110284785665
5318,12.854328350832729
5319,13.79474054316915
5320,12.501296894014045
5321,12.975417987764045
5322,13.446105929476506
5323,10.846222835015217
5324,10.049694760767899
5325,10.950135656983125
5326,14.598998995882756
5327,10.292248471705399
5328,10.494995089632756
5329,11.963302254070413
5330,12.846313449007756
5331,13.703205303957729
5332,9.308958072523208
5333,10.816092636306452
5334,13.683599542648473
5335,13.523499914795625
5336,10.816092636306452
5337,10.816092636306452
5338,12.825805636507756
5339,12.36728621150709
5340,15.093442910861999
5341,14.283419429205878
5342,13.177033381890217
5343,14.26886163691915
5344,13.466262714326545
5345,12.94110284785665
5346,11.192689367920625
5347,13.940729117750152
5348,10.491866707195413
5349,13.556131627707462
5350,12.254406674830399
5351,10.027582145093902
5352,12.612970328687652
5353,9.41416121150709
5354,12.454024910320413
5355,12.975417987764045
5356,10.292248471705399
5357,13.229084210207729
5358,9.17160750056959
5359,10.049694760767899
5360,12.202127721457462
5361,11.003592974202402
5362,12.375446514895229
5363,15.76666437129415
5364,11.115289664625152
5365,13.061502721457462
5366,15.306577701429458
5367,11.689547358893378
5368,12.975417987764045
5369,15.787677960207729
5370,10.635212139895229
5371,10.292248471705399
5372,11.115289664625152
5373,15.169465022515217
5374,13.167410995681452
5375,11.491622566570413
5376,10.252441378695256
5377,10.183530801486999
5378,9.308958072523208
5379,12.358823795179458
5380,10.491866707195413
5381,14.506772988986999
5382,9.17160750056959
5383,13.556131627707462
5384,10.183530801486999
5385,13.544007727295625
5386,13.320434542757756
5387,15.306577701429458
5388,10.049694760767899
5389,11.789929135767899
5390,11.44342218379415
5391,13.222105045179458
5392,9.758515315483967
5393,11.621414081514045
5394,12.704721427320464
5395,14.920096542556452
5396,12.839924053957729
5397,14.981769757082729
5398,11.689547358893378
5399,10.154111881116958
5400,10.730692174582462
5401,15.219293570875152
5402,11.192689367920625
5403,12.228372838644962
5404,11.192689367920625
5405,13.52153283252619
5406,10.730692174582462
5407,13.061502721457462
5408,11.739410297334357
5409,13.683599542648473
5410,10.494995089632756
5411,13.008970254611999
5412,11.689547358893378
5413,14.068414664625152
5414,15.306577701429458
5415,13.082010533957462
5416,12.317658381890217
5417,10.249312996257913
5418,11.689547358893378
5419,12.727476138929458
5420,11.932101069830878
5421,14.615490659205399
5422,12.854328350832729
5423,15.053934362082462
5424,13.641532089431452
5425,14.068414664625152
5426,10.846222835015217
5427,13.169251867920625
5428,10.396665592054458
5429,13.448120089632756
5430,12.358823795179458
5431,13.641532089431452
5432,14.283419429205878
5433,10.183530801486999
5434,16.66926635862853
5435,16.855515402253467
5436,17.69794868327084
5437,17.95903703606044
5438,17.431152955308217
5439,16.58980106087235
5440,15.424511183270841
5441,16.577515259995717
5442,15.42938857262004
5443,17.91609011671141
5444,16.855515402253467
5445,15.294783975976198
5446,14.52001115715419
5447,15.896190870770841
5448,19.93096086418544
5449,15.896190870770841
5450,17.49848036949504
5451,15.362061158433217
5452,15.346630323895841
5453,17.431152955308217
5454,15.294783975976198
5455,17.056397095933217
5456,19.403076783433217
5457,14.75923465462235
5458,14.706981886395841
5459,14.53291629524735
5460,15.867506132336409
5461,17.0306238197262
5462,17.905274049058217
5463,18.396118775620717
5464,15.346630323895841
5465,14.706981886395841
5466,14.850388449128467
5467,17.056397095933217
5468,15.414657022851198
5469,17.455307882722217
5470,16.480759542878467
5471,19.90852175733641
5472,17.08296023389891
5473,17.8939050697262
5474,17.1253503822262
5475,16.75556587077084
5476,17.95903703606044
5477,15.36516496574794
5478,16.50947879524735
5479,17.136719361558217
5480,16.8278650306637
5481,16.079590455308217
5482,15.350692179101198
5483,16.65985732262004
5484,16.14691786949504
5485,17.4197839759762
5486,19.45063423014584
5487,14.706981886395841
5488,15.42938857262004
5489,13.980758097069948
5490,16.263596456940967
5491,19.45063423014584
5492,16.016892355378467
5493,16.64484267418254
5494,16.65789737929651
5495,15.937450636395841
5496,17.34467898389891
5497,16.88423465462235
5498,13.337047804364591
5499,18.92400285637294
5500,14.05945449058879
5501,18.0215906166012
5502,17.64216433546141
5503,15.628856886395841
5504,18.10028701012004
5505,17.56987687981044
5506,17.30878852702084
5507,16.736593772815354
5508,17.329636496003467
5509,17.329636496003467
5510,16.58980106087235
5511,14.706981886395841
5512,13.337047804364591
5513,19.25116591637004
5514,15.306152955308217
5515,18.608200949128467
5516,16.29231570930985
5517,17.10932021324504
5518,17.431152955308217
5519,17.64216433546141
5520,13.337047804364591
5521,16.58980106087235
5522,16.18415473795834
5523,17.0306238197262
5524,16.127347076169197
5525,19.90852175733641
5526,16.855515402253467
5527,17.36711809074794
5528,15.922435987958341
5529,17.95903703606044
5530,18.41071902296141
5531,16.34638618327084
5532,17.0450281166012
5533,17.69794868327084
5534,15.937450636395841
5535,15.414657022851198
5536,16.016892355378467
5537,19.183838502183217
5538,15.362061158433217
5539,17.197150439380753
5540,18.53840456983641
5541,15.424511183270841
5542,16.85932563639584
5543,16.40131782389584
5544,15.36516496574794
5545,15.628856886395841
5546,16.839234009995717
5547,16.66926635862853
5548,16.014187086591154
5549,17.93852922356044
5550,16.855515402253467
5551,18.3847497962887
5552,18.608200949128467
5553,15.14716201012004
5554,16.551270142808217
5555,17.431152955308217
5556,17.48604129524735
5557,17.041992799058217
5558,15.60771867668544
5559,14.258922804364591
5560,17.93659792921141
5561,19.3917078041012
5562,16.85932563639584
5563,16.466355246003467
5564,14.504197042878467
5565,17.20404677574504
5566,15.88994523918544
5567,16.58503542921141
5568,19.71172258293544
5569,18.53840456983641
5570,19.93096086418544
5571,18.52875923014584
5572,16.88423465462235
5573,14.786423605378467
5574,19.66987251139584
5575,16.936062086591154
5576,16.09362880557378
5577,15.414657022851198
5578,17.54743777296141
5579,17.69794868327084
5580,17.69794868327084
5581,16.855515402253467
5582,16.835007589753467
5583,14.258922804364591
5584,16.88423465462235
5585,19.66987251139584
5586,14.81514285774735
5587,16.014187086591154
5588,17.93852922356044
5589,16.839234009995717
5590,17.17471133253172
5591,17.56184206983641
5592,19.1724695228512
5593,17.69794868327084
5594,18.63692020149735
5595,19.403076783433217
5596,16.122348057942663
5597,14.730515402253467
5598,16.60747453606044
5599,19.47040419762004
5600,16.18415473795834
5601,17.66460344231044
5602,17.49848036949504
5603,16.127347076169197
5604,19.90852175733641
5605,18.0215906166012
5606,16.58503542921141
5607,15.294783975976198
5608,17.36711809074794
5609,19.183838502183217
5610,17.93659792921141
5611,14.90460829918254
5612,17.431152955308217
5613,17.20404677574504
5614,15.424511183270841
5615,14.497572050305159
5616,17.4197839759762
5617,18.17206977702084
5618,17.455307882722217
5619,14.424755323895841
5620,18.43315812981044
5621,17.69794868327084
5622,17.10602973795834
5623,13.980758097069948
5624,17.69794868327084
5625,14.584911573895841
5626,16.618995865307856
5627,13.195462310544197
5628,17.50884172356044
5629,14.68340227043544
5630,14.693142974606697
5631,17.12885146324504
5632,15.785551176281722
5633,15.97967472304651
5634,14.196119413586409
5635,15.05975966637004
5636,18.51936160108641
5637,15.61860965462235
5638,16.227906735088297
5639,13.996166456708341
5640,14.195218169919197
5641,16.54743777296141
5642,17.980592281963297
5643,16.227906735088297
5644,17.10248969889584
5645,14.736434366601198
5646,15.150769454085317
5647,14.793312271557856
5648,16.25300417921141
5649,14.139747818432856
5650,17.10248969889584
5651,18.56196235514584
5652,14.56148074837235
5653,15.751415480145841
5654,16.7210535072262
5655,16.59003852702084
5656,17.094238892808217
5657,13.302535440819948
5658,13.90791629524735
5659,13.108411894055159
5660,12.863720167645841
5661,18.116798599682856
5662,15.785551176281722
5663,16.38716434212235
5664,15.185105246003467
5665,17.155896407210317
5666,16.24896865074504
5667,16.23920844889584
5668,15.61860965462235
5669,13.090038527020841
5670,15.933473141338299
5671,15.91304324837235
5672,14.77753310387004
5673,13.863476027020841
5674,18.56196235514584
5675,16.366964866565354
5676,16.29560493327084
5677,14.68340227043544
5678,15.12372451012004
5679,14.804578047835317
5680,14.790737713435746
5681,16.75409560387004
5682,16.59003852702084
5683,16.536667746003467
5684,15.698044699128467
5685,13.790981854060746
5686,18.592041627183217
5687,15.151156651692663
5688,16.96772407389584
5689,16.3524011634762
5690,16.15827761671141
5691,14.335155714520841
5692,15.262417400935746
5693,17.38821454655608
5694,16.230957642808217
5695,16.75409560387004
5696,14.137173260310746
5697,14.196119413586409
5698,18.4942468666012
5699,17.107266033748246
5700,16.62836860514584
5701,15.291237076245356
5702,13.097641867097217
5703,16.144874771557856
5704,15.708814726086409
5705,17.66572879524735
5706,15.89253543587235
5707,15.933473141338299
5708,18.372803345933217
5709,13.90791629524735
5710,14.017300213435746
5711,15.847866619685746
5712,12.703274334529496
5713,17.980592281963297
5714,19.00664445793544
5715,11.776012648114591
5716,14.672469522851198
5717,16.62836860514584
5718,14.78489407323951
5719,16.73969130699504
5720,18.4942468666012
5721,13.790981854060746
5722,16.242234152253467
5723,18.199830563213297
5724,13.151012648114591
5725,14.238720167645841
5726,16.742092693904496
5727,17.094238892808217
5728,13.68982558433879
5729,14.478345976086409
5730,14.68340227043544
5731,15.68315812981044
5732,14.376415480145841
5733,11.776012648114591
5734,18.78740617668544
5735,15.710155714520841
5736,15.710155714520841
5737,13.793556412182856
5738,17.03472062981044
5739,14.422437772961409
5740,16.62836860514584
5741,17.299466216794197
5742,16.142300213435746
5743,13.108411894055159
5744,16.23920844889584
5745,15.838746578838299
5746,16.24896865074504
5747,17.38821454655608
5748,16.616421307185746
5749,18.7134851478512
5750,15.268555299058217
5751,17.980592281963297
5752,16.536667746003467
5753,15.380413616756059
5754,12.98422284733733
5755,14.551026002183217
5756,15.157620513669197
5757,16.62836860514584
5758,16.73969130699504
5759,15.781494752183217
5760,16.20087837077084
5761,15.736400831708341
5762,14.478345976086409
5763,12.788880856182049
5764,17.12885146324504
5765,17.501633566315967
5766,16.25300417921141
5767,17.155896407210317
5768,13.634034664775799
5769,14.137173260310746
5770,14.920604933270841
5771,15.998119581708341
5772,16.861462813460317
5773,13.793556412182856
5774,15.667554960461409
5775,15.656784933503467
5776,15.933473141338299
5777,18.372803345933217
5778,17.138474386628467
5779,13.195462310544197
5780,16.62836860514584
5781,16.227906735088297
5782,16.147507589753467
5783,14.53497939293254
5784,14.222779781963299
5785,15.238476027020841
5786,14.520946730145841
5787,16.54743777296141
5788,16.142300213435746
5789,15.53828738899735
5790,15.02959367668544
5791,14.520946730145841
5792,15.086804610335317
5793,14.478345976086409
5794,19.10077529137004
5795,18.4942468666012
5796,17.34135380019495
5797,14.411667746003467
5798,15.753140057185746
5799,16.620117799058217
5800,15.303677166560746
5801,14.56148074837235
5802,16.742092693904496
5803,14.335155714520841
5804,16.96772407389584
5805,14.208446730145841
5806,15.314403761395841
5807,13.280102003583341
5808,15.144298780927091
5809,16.46107124186459
5810,14.279857862958341
5811,17.53559516764584
5812,14.427929152020841
5813,18.13129829264584
5814,16.52985786295834
5815,14.665233839520841
5816,16.47547553873959
5817,16.02418159342709
5818,15.782909620770841
5819,17.85761665202084
5820,16.29609321452084
5821,12.343883741864591
5822,13.431591261395841
5823,13.424755323895841
5824,13.555614698895841
5825,14.498913038739591
5826,14.865215528973966
5827,16.15937446452084
5828,19.35541938639584
5829,15.481640089520841
5830,13.495281446942716
5831,14.765209425458341
5832,13.695507277020841
5833,16.49830268717709
5834,17.52875923014584
5835,14.431347120770841
5836,15.032177198895841
5837,16.79975532389584
5838,14.167186964520841
5839,13.302685011395841
5840,13.209423292645841
5841,16.03193305827084
5842,13.713817823895841
5843,16.81232856608334
5844,13.434765089520841
5845,13.431591261395841
5846,13.565502394208341
5847,15.782909620770841
5848,14.152294386395841
5849,14.809307325848966
5850,14.154247511395841
5851,17.25654243327084
5852,16.99433540202084
5853,17.899273146161466
5854,14.991039503583341
5855,15.864940870770841
5856,16.68525337077084
5857,14.896190870770841
5858,13.246227491864591
5859,14.623974073895841
5860,14.498913038739591
5861,14.019054640302091
5862,18.906231153973966
5863,15.776073683270841
5864,14.991039503583341
5865,15.013378370770841
5866,13.495281446942716
5867,15.047069777020841
5868,13.152538527020841
5869,15.285473097333341
5870,16.85023139811459
5871,12.990551222333341
5872,17.25739692545834
5873,15.831615675458341
5874,13.152538527020841
5875,14.777050245770841
5876,19.35541938639584
5877,13.435741652020841
5878,14.167186964520841
5879,17.01899360514584
5880,17.27973579264584
5881,14.152294386395841
5882,17.60334419108334
5883,15.171581495770841
5884,14.221019972333341
5885,12.695751417645841
5886,17.31342719889584
5887,14.670482862958341
5888,14.431347120770841
5889,12.192394484052091
5890,13.182811964520841
5891,13.944469679364591
5892,14.034374464520841
5893,14.455150831708341
5894,19.13618110514584
5895,15.047069777020841
5896,13.209423292645841
5897,12.990551222333341
5898,15.560741652020841
5899,16.85023139811459
5900,13.054516066083341
5901,15.805370558270841
5902,16.79975532389584
5903,16.81232856608334
5904,12.121715773114591
5905,16.63349555827084
5906,13.209423292645841
5907,15.631420362958341
5908,13.378856886395841
5909,19.35541938639584
5910,13.431591261395841
5911,13.933910597333341
5912,12.695751417645841
5913,15.256664503583341
5914,16.10554145670834
5915,16.99433540202084
5916,13.562328566083341
5917,12.064831007489591
5918,16.15937446452084
5919,15.336986769208341
5920,15.266308058270841
5921,14.922435987958341
5922,17.31342719889584
5923,16.02418159342709
5924,15.032177198895841
5925,15.970348585614591
5926,17.28504585123959
5927,13.209423292645841
5928,17.53266548014584
5929,17.534099806317716
5930,17.36298774577084
5931,14.918651808270841
5932,13.431591261395841
5933,14.725231398114591
5934,14.765209425458341
5935,15.784618605145841
5936,15.582744825848966
5937,15.970348585614591
5938,17.53266548014584
5939,15.258495558270841
5940,15.776073683270841
5941,17.38410590983334
5942,17.60334419108334
5943,17.65021919108334
5944,13.302685011395841
5945,15.170543898114591
5946,18.13129829264584
5947,12.720348585614591
5948,14.896190870770841
5949,13.713817823895841
5950,15.521190870770841
5951,13.434765089520841
5952,15.378368605145841
5953,13.209423292645841
5954,17.75483344889584
5955,14.922435987958341
5956,15.185558546552091
5957,13.672863234052091
5958,16.38270210123959
5959,13.672863234052091
5960,16.85023139811459
5961,12.708324659833341
5962,12.713939894208341
5963,12.337047804364591
5964,14.431347120770841
5965,15.386913527020841
5966,15.729747999677091
5967,14.090282667645841
5968,17.12434028483334
5969,15.776073683270841
5970,16.25831245280209
5971,13.246227491864591
5972,12.934154737958341
5973,15.782909620770841
5974,16.02418159342709
5975,17.99610542155209
5976,12.343883741864591
5977,13.713817823895841
5978,17.47578071452084
5979,15.378368605145841
5980,16.934307325848966
5981,19.13618110514584
5982,14.809307325848966
5983,12.934643019208341
5984,17.53559516764584
5985,17.38349555827084
5986,16.03193305827084
5987,15.729747999677091
5988,17.84406684733334
5989,17.243145216473966
5990,13.851513136395841
5991,14.265087355145841
5992,17.15347333561858
5993,15.726146925458341
5994,17.47938178873959
5995,15.385769117841154
5996,17.29536079264584
5997,12.393140059554067
5998,14.700756300458341
5999,16.33417915202084
6000,16.08027290202084
6001,16.33417915202084
6002,14.30166669499358
6003,16.620830763348966
6004,13.120922316083341
6005,15.811658125960317
6006,15.761455763348966
6007,14.539089430341154
6008,15.216991652020841
6009,12.167125929364591
6010,14.520214308270841
6011,14.246166456708341
6012,18.07075141764584
6013,15.248241652020841
6014,16.37165473795834
6015,15.040722120770841
6016,15.988231886395841
6017,14.982616652020841
6018,15.787700880536466
6019,16.31806587077084
6020,14.988720167645841
6021,16.115688551434904
6022,13.511547316083341
6023,13.827038985335317
6024,13.438111813213299
6025,13.497753370770841
6026,14.520214308270841
6027,13.455639112958341
6028,16.18244575358334
6029,17.27289985514584
6030,14.752575148114591
6031,14.926220167645841
6032,13.537060011395841
6033,14.572246778973966
6034,13.617626417645841
6035,16.87873481608334
6036,13.684337843427091
6037,14.988720167645841
6038,14.808483351239591
6039,15.988231886395841
6040,11.74252362858733
6041,13.056957472333341
6042,13.537060011395841
6043,15.526012648114591
6044,15.526012648114591
6045,14.142528761395841
6046,13.774486769208341
6047,14.780788649091154
6048,15.988231886395841
6049,15.300976027020841
6050,11.861950148114591
6051,14.952283125960317
6052,13.740246046552091
6053,16.48841499186459
6054,15.030834425458341
6055,17.56202339030209
6056,16.18043159342709
6057,15.580639112958341
6058,15.18154950749358
6059,15.454296339520841
6060,14.675243605145841
6061,16.80268501139584
6062,12.183727491864591
6063,15.997692335614591
6064,16.52241157389584
6065,15.18154950749358
6066,15.742260206708341
6067,15.081981886395841
6068,14.248974073895841
6069,18.63026069498959
6070,16.48841499186459
6071,14.462352980145841
6072,12.707103956708341
6073,17.67329048014584
6074,15.438183058270841
6075,14.700756300458341
6076,14.418285597333341
6077,14.516338575848966
6078,17.33332465983334
6079,17.78126167155209
6080,15.18154950749358
6081,14.248974073895841
6082,15.920604933270841
6083,17.115459669598966
6084,15.014232862958341
6085,16.58314155436459
6086,14.563355953838299
6087,13.056957472333341
6088,14.142528761395841
6089,13.254833448895841
6090,14.742016066083341
6091,12.183727491864591
6092,15.029491652020841
6093,14.229076612958341
6094,16.02363227702084
6095,13.700756300458341
6096,17.52253364420834
6097,14.022655714520841
6098,17.74091743327084
6099,14.30166669499358
6100,15.832165938460317
6101,16.33417915202084
6102,13.511547316083341
6103,15.014232862958341
6104,15.233593214520841
6105,14.248974073895841
6106,14.572246778973966
6107,16.115688551434904
6108,16.22254585123959
6109,14.265087355145841
6110,15.420177687177091
6111,16.37165473795834
6112,13.740246046552091
6113,14.752575148114591
6114,13.684337843427091
6115,14.091676266338299
6116,15.126049269208341
6117,16.115688551434904
6118,16.87873481608334
6119,14.662792433270841
6120,13.497753370770841
6121,14.421093214520841
6122,14.265087355145841
6123,15.651806105145841
6124,13.774486769208341
6125,13.318238766338299
6126,15.626171339520841
6127,14.662792433270841
6128,15.622753370770841
6129,14.831615675458341
6130,13.11245771061858
6131,13.919140089520841
6132,12.481579054364591
6133,16.37165473795834
6134,16.049419630536466
6135,15.599071730145841
6136,15.555736769208341
6137,14.078563917645841
6138,15.514904249677091
6139,16.87757514811459
6140,18.07075141764584
6141,13.11245771061858
6142,14.457775343427091
6143,15.726146925458341
6144,15.556179274091154
6145,13.537548292645841
6146,13.473583448895841
6147,15.761455763348966
6148,16.045045406963297
6149,13.684337843427091
6150,15.475414503583341
6151,15.78134198796233
6152,13.473583448895841
6153,15.191478956708341
6154,13.394359816083341
6155,13.295849073895841
6156,15.809337843427091
6157,17.47938178873959
6158,15.126049269208341
6159,15.769848097333341
6160,14.675243605145841
6161,14.209179152020841
6162,14.193065870770841
6163,13.915477980145841
6164,15.809337843427091
6165,17.59467719889584
6166,14.851319821025799
6167,13.056957472333341
6168,12.924999464520841
6169,15.788830030927091
6170,14.248974073895841
6171,13.175976027020841
6172,13.056957472333341
6173,14.931225050458341
6174,13.438549269208341
6175,13.05654950749358
6176,15.542675245770841
6177,15.18154950749358
6178,11.303295362958341
6179,13.316112745770841
6180,11.972362745770841
6181,11.271435011395841
6182,15.719433058270841
6183,9.520702589520841
6184,14.805614698895841
6185,9.613903273114591
6186,11.664989698895841
6187,15.288036573895841
6188,14.723278273114591
6189,13.320018995770841
6190,10.204235304364591
6191,12.951366652020841
6192,11.574169386395841
6193,14.348522413739591
6194,11.585521925458341
6195,12.106090773114591
6196,10.527721632489591
6197,12.800976027020841
6198,10.187816847333341
6199,11.667949903973966
6200,9.901012648114591
6201,13.644481886395841
6202,13.340526808270841
6203,13.654613722333341
6204,12.881908644208341
6205,10.298015821942716
6206,11.638134230145841
6207,12.199291456708341
6208,12.606640089520841
6209,11.247020948895841
6210,9.613903273114591
6211,10.141796339520841
6212,11.107250441083341
6213,14.428844679364591
6214,10.601513136395841
6215,14.256420362958341
6216,12.231884230145841
6217,14.256420362958341
6218,9.167614210614591
6219,13.176342237958341
6220,13.917919386395841
6221,13.654613722333341
6222,13.814647902020841
6223,13.340526808270841
6224,15.014599073895841
6225,11.701366652020841
6226,12.598278273114591
6227,8.817882765302091
6228,13.884655226239591
6229,13.654613722333341
6230,10.187816847333341
6231,13.571605909833341
6232,11.291942823895841
6233,13.176342237958341
6234,12.663768995770841
6235,10.255321730145841
6236,13.316112745770841
6237,12.256908644208341
6238,9.603649366864591
6239,11.897655714520841
6240,11.255077589520841
6241,13.940319288739591
6242,12.460155714520841
6243,12.246288527020841
6244,14.019481886395841
6245,13.915905226239591
6246,13.042675245770841
6247,12.266796339520841
6248,13.086864698895841
6249,10.983837355145841
6250,11.585521925458341
6251,11.107250441083341
6252,16.47596381998959
6253,15.148266066083341
6254,13.654735792645841
6255,12.266796339520841
6256,12.787182081708341
6257,14.723278273114591
6258,11.585521925458341
6259,9.613903273114591
6260,13.295604933270841
6261,12.965282667645841
6262,14.305492628583341
6263,12.606640089520841
6264,10.197704542645841
6265,13.231762159833341
6266,12.959728468427091
6267,13.052929152020841
6268,10.187816847333341
6269,12.460643995770841
6270,13.080761183270841
6271,11.529613722333341
6272,10.365856398114591
6273,13.045604933270841
6274,12.578151930341154
6275,13.340526808270841
6276,11.961620558270841
6277,15.093212355145841
6278,10.890636671552091
6279,13.644481886395841
6280,12.959728468427091
6281,15.311962355145841
6282,11.964550245770841
6283,9.901500929364591
6284,14.795360792645841
6285,12.280788649091154
6286,13.561535109052091
6287,9.877086866864591
6288,10.527721632489591
6289,13.086864698895841
6290,12.950878370770841
6291,13.942333448895841
6292,14.305004347333341
6293,8.827770460614591
6294,14.019481886395841
6295,13.316112745770841
6296,13.643261183270841
6297,10.527721632489591
6298,10.973583448895841
6299,11.667949903973966
6300,10.255321730145841
6301,12.868602980145841
6302,12.584972609052091
6303,12.959728468427091
6304,10.251781691083341
6305,12.121105421552091
6306,11.824779737958341
6307,12.337719191083341
6308,14.334118116864591
6309,11.335399855145841
6310,13.869640577802091
6311,11.897655714520841
6312,12.477489698895841
6313,13.340038527020841
6314,12.121105421552091
6315,11.418285597333341
6316,10.197704542645841
6317,13.939831007489591
6318,11.585521925458341
6319,12.385479200848966
6320,10.989208448895841
6321,12.197841871747404
6322,14.795360792645841
6323,11.247020948895841
6324,11.191112745770841
6325,11.377025831708341
6326,15.014599073895841
6327,15.092724073895841
6328,9.901500929364591
6329,11.585521925458341
6330,10.973583448895841
6331,12.204052198895841
6332,13.634105909833341
6333,12.857158888348966
6334,10.954601515302091
6335,15.311962355145841
6336,13.176342237958341
6337,10.834728468427091
6338,13.319530714520841
6339,13.279857862958341
6340,10.131908644208341
6341,10.261669386395841
6342,10.905346144208341
6343,12.678173292645841
6344,11.107250441083341
6345,14.007641066083341
6346,12.740917433270841
6347,8.827770460614591
6348,11.271435011395841
6349,10.983837355145841
6350,12.303051222333341
6351,12.266796339520841
6352,11.638134230145841
6353,12.570568312177091
6354,13.265453566083341
6355,11.303295362958341
6356,12.857158888348966
6357,12.460643995770841
6358,11.972362745770841
6359,11.386913527020841
6360,12.256908644208341
6361,12.959728468427091
6362,13.946239698895841
6363,15.068798292645841
6364,14.245067823895841
6365,11.271435011395841
6366,9.915477980145841
6367,9.737316359052091
6368,12.436229933270841
6369,12.959728468427091
6370,12.731029737958341
6371,14.712414015302091
6372,9.901500929364591
6373,14.23530887337235
6374,15.28701825749358
6375,16.37152724449504
6376,13.576051266338299
6377,11.147962675305159
6378,14.30243544762004
6379,16.37715457649735
6380,12.517896757336409
6381,15.489880782210317
6382,13.809949141585317
6383,13.183071697810746
6384,15.025403243147817
6385,13.245407980378467
6386,12.858521969463299
6387,14.925339621003467
6388,15.252163494685746
6389,16.33967410108641
6390,14.073976071025799
6391,15.489880782210317
6392,14.538453610088299
6393,15.287121993147817
6394,11.729625929364591
6395,12.55537723274735
6396,13.099560011395841
6397,13.809949141585317
6398,13.809949141585317
6399,14.929199830308217
6400,13.545516397851198
6401,14.40713544499358
6402,13.260326612958341
6403,13.245407980378467
6404,15.22627567024735
6405,15.256209757226198
6406,14.836331451169197
6407,14.07444485448951
6408,16.899537594463297
6409,15.252163494685746
6410,15.161483194726198
6411,13.247036541560746
6412,13.78584598274735
6413,12.860108033433217
6414,13.545516397851198
6415,14.836331451169197
6416,12.111617472069948
6417,12.461988554211409
6418,17.004849041560746
6419,13.956448638669197
6420,13.56377336418544
6421,12.711331451169197
6422,14.30243544762004
6423,12.802613766338299
6424,14.874218214520841
6425,12.662208755932856
6426,14.540039674058217
6427,11.729625929364591
6428,17.60478898918544
6429,14.77922746574794
6430,11.292274673901606
6431,13.831737745770841
6432,12.662208755932856
6433,14.722580831940967
6434,12.461988554211409
6435,14.731300552807856
6436,13.707105741711409
6437,12.956771280663698
6438,15.853970135310746
6439,13.245407980378467
6440,14.24971317024735
6441,16.37715457649735
6442,12.517896757336409
6443,14.292554960461409
6444,13.183071697810746
6445,11.993116483898909
6446,15.161483194726198
6447,14.877407635310746
6448,14.877407635310746
6449,13.21792646061858
6450,12.49946902962235
6451,14.79424211418544
6452,12.858521969463299
6453,12.49946902962235
6454,17.60478898918544
6455,14.586988554211409
6456,13.962937277253467
6457,14.731300552807856
6458,12.662208755932856
6459,12.19383928215419
6460,14.525131660813893
6461,14.436866959057856
6462,15.24370500481044
6463,11.490173951401967
6464,15.98236708824504
6465,13.809949141585317
6466,13.809949141585317
6467,15.879040938460317
6468,13.477489698895841
6469,14.335694821025799
6470,14.957729900935746
6471,12.860108033433217
6472,12.440015059554067
6473,13.481551554101198
6474,15.186781034680159
6475,16.97333388512004
6476,15.88882489811858
6477,13.809949141585317
6478,12.69314618718108
6479,13.309372824128467
6480,13.27290652962235
6481,14.047730953838299
6482,13.995069608898909
6483,12.517896757336409
6484,15.77960829918254
6485,13.962937277253467
6486,14.927613766338299
6487,14.288768995770841
6488,13.21792646061858
6489,16.483986099682856
6490,14.731300552807856
6491,14.197828397961409
6492,18.12421279137004
6493,12.831204498044197
6494,14.633180172588299
6495,14.538453610088299
6496,12.831204498044197
6497,16.23467180168544
6498,16.35101943199504
6499,12.517896757336409
6500,14.398525799373246
6501,15.314499777253467
6502,12.860108033433217
6503,13.16201825749358
6504,16.478833418929067
6505,14.24971317024735
6506,14.292554960461409
6507,11.727245558270841
6508,15.801297271481697
6509,13.577637330308217
6510,14.576732862958341
6511,15.287121993147817
6512,12.860108033433217
6513,12.606300552807856
6514,14.91226239811858
6515,14.075562134995717
6516,16.23265764152919
6517,13.379738052807856
6518,13.831737745770841
6519,14.047730953838299
6520,12.111617472069948
6521,14.44839521061858
6522,17.03970380436858
6523,14.40713544499358
6524,12.767239654294197
6525,13.851417740307856
6526,14.958724405663698
6527,16.480847579085317
6528,15.63286516106044
6529,15.296825636395841
6530,16.703224380932856
6531,16.35101943199504
6532,16.07709365074504
6533,14.929199830308217
6534,15.01996474449504
6535,14.244412505856697
6536,17.3033288978512
6537,15.28701825749358
6538,13.043651808270841
6539,12.27315067024735
6540,15.63286516106044
6541,13.099560011395841
6542,15.858533125960317
6543,14.372280682185746
6544,13.425643350976198
6545,12.922486813213299
6546,15.11715434178063
6547,15.639843214520841
6548,16.76728462077084
6549,13.737865675458341
6550,18.07978462077084
6551,18.257671583661466
6552,13.855419386395841
6553,14.989818800458341
6554,15.417186964520841
6555,16.584011305341154
6556,14.537304152020841
6557,16.82038520670834
6558,13.906872023114591
6559,14.195263136395841
6560,16.94990180827084
6561,15.639843214520841
6562,15.417186964520841
6563,14.855175245770841
6564,14.372081984052091
6565,14.089855421552091
6566,14.060741652020841
6567,16.08918403483334
6568,17.91486762858334
6569,13.002147902020841
6570,17.82001899577084
6571,12.871044386395841
6572,15.934276808270841
6573,14.089855421552091
6574,15.743786085614591
6575,17.11481880045834
6576,16.82038520670834
6577,17.24140571452084
6578,16.20673774577084
6579,15.054393995770841
6580,16.44117378092709
6581,17.11481880045834
6582,15.170482862958341
6583,14.763500441083341
6584,16.70618842936459
6585,16.89924262858334
6586,15.689159620770841
6587,13.737865675458341
6588,15.220897902020841
6589,12.025890577802091
6590,14.611278761395841
6591,16.76728462077084
6592,14.316173780927091
6593,17.05146430827084
6594,13.855419386395841
6595,15.969921339520841
6596,15.215038527020841
6597,13.929149855145841
6598,14.304638136395841
6599,19.08674262858334
6600,12.870739210614591
6601,19.31782173014584
6602,19.31782173014584
6603,15.109691847333341
6604,16.35798286295834
6605,13.675792921552091
6606,16.37812446452084
6607,14.578563917645841
6608,14.372081984052091
6609,14.084057081708341
6610,15.934276808270841
6611,15.743786085614591
6612,16.21546577311459
6613,19.08674262858334
6614,14.084057081708341
6615,13.929149855145841
6616,17.09534858561459
6617,14.304638136395841
6618,17.36707710123959
6619,17.71662544108334
6620,17.21760200358334
6621,13.865185011395841
6622,15.817577589520841
6623,19.08674262858334
6624,14.825268019208341
6625,14.201610792645841
6626,16.47285102702084
6627,14.970348585614591
6628,17.43684028483334
6629,17.90620063639584
6630,14.698192823895841
6631,13.958446730145841
6632,15.714428175458341
6633,16.01533149577084
6634,14.744030226239591
6635,18.06245063639584
6636,18.23627876139584
6637,13.113598097333341
6638,16.50727485514584
6639,14.201610792645841
6640,15.109691847333341
6641,13.865185011395841
6642,15.700023878583341
6643,14.304638136395841
6644,17.766826857098966
6645,12.870739210614591
6646,13.865185011395841
6647,16.76728462077084
6648,17.05146430827084
6649,17.90620063639584
6650,17.05414985514584
6651,16.30976508952084
6652,14.941387403973966
6653,15.417186964520841
6654,14.855175245770841
6655,18.31086372233334
6656,16.903545607098966
6657,14.941387403973966
6658,14.880810011395841
6659,17.21760200358334
6660,17.34589790202084
6661,18.01704048014584
6662,14.642284620770841
6663,15.969921339520841
6664,15.887401808270841
6665,13.958446730145841
6666,14.598583448895841
6667,13.328258741864591
6668,16.52289985514584
6669,16.01209663248959
6670,14.537304152020841
6671,15.912304152020841
6672,13.412060011395841
6673,14.824901808270841
6674,14.944774855145841
6675,18.01704048014584
6676,15.934276808270841
6677,15.763256300458341
6678,15.417186964520841
6679,15.215038527020841
6680,16.454082716473966
6681,14.698192823895841
6682,18.51997016764584
6683,12.650158155927091
6684,17.16987251139584
6685,17.34589790202084
6686,15.934276808270841
6687,16.08918403483334
6688,18.28168891764584
6689,13.510875929364591
6690,18.06110786295834
6691,19.09858344889584
6692,17.38422798014584
6693,16.95673774577084
6694,18.17866157389584
6695,16.998272169598966
6696,15.817577589520841
6697,16.20673774577084
6698,18.01704048014584
6699,19.045391310223966
6700,16.73847602702084
6701,16.01533149577084
6702,17.05146430827084
6703,17.68696235514584
6704,15.412304152020841
6705,13.412060011395841
6706,13.964184034833341
6707,13.737865675458341
6708,13.343212355145841
6709,17.292705763348966
6710,13.002147902020841
6711,15.026256788739591
6712,14.316173780927091
6713,13.002147902020841
6714,15.167705763348966
6715,16.44117378092709
6716,14.762157667645841
6717,15.109691847333341
6718,17.22932075358334
6719,16.454082716473966
6720,15.396679152020841
6721,13.113598097333341
6722,16.26435493327084
6723,14.989818800458341
6724,14.585033644208341
6725,16.26118110514584
6726,13.715893019208341
6727,15.934276808270841
6728,18.51997016764584
6729,19.31782173014584
6730,14.184765089520841
6731,19.264629591473966
6732,17.43684028483334
6733,14.184765089520841
6734,18.01704048014584
6735,11.90849992668544
6736,11.36763309212235
6737,15.478639156963299
6738,14.382153731429067
6739,9.998963013901967
6740,11.657361250960317
6741,10.013332928279496
6742,13.225936319726198
6743,13.49263309212235
6744,13.064771757336409
6745,15.036232193432856
6746,13.68315812981044
6747,11.85259172356044
6748,15.46455692024735
6749,12.184425552807856
6750,14.164597433503467
6751,13.782361250960317
6752,13.452358807185746
6753,13.064308365307856
6754,11.87274794762004
6755,13.145094022961409
6756,15.73027727043544
6757,13.13809247624358
6758,13.90664716374358
6759,12.08096356999358
6760,10.380443800458341
6761,11.260403716794197
6762,11.101040447810746
6763,13.437988892808217
6764,11.38371965324794
6765,12.599365845933217
6766,13.157925213435746
6767,12.914796383525799
6768,10.081344034569948
6769,13.506715328838299
6770,16.195990135120038
6771,11.312988892808217
6772,12.338913839753467
6773,13.520369913476198
6774,13.851712310544197
6775,12.836838644440967
6776,11.169051554101198
6777,10.53856584465419
6778,11.14131473274735
6779,13.43252606999358
6780,12.338913839753467
6781,15.754285079085317
6782,11.804593169919197
6783,14.747327071272817
6784,12.970653761395841
6785,12.62602922356044
6786,16.195990135120038
6787,13.050367460461409
6788,15.796093214520841
6789,13.690476339753467
6790,10.712990005932856
6791,13.131209757226198
6792,12.099026763669197
6793,13.690476339753467
6794,13.301316183503467
6795,12.094433058270841
6796,13.83490615074504
6797,14.442089308270841
6798,12.887645948895841
6799,17.29389594889584
6800,11.219143951169197
6801,12.100796307185746
6802,12.887645948895841
6803,9.747708404294197
6804,10.939308365307856
6805,9.998963013901967
6806,9.747708404294197
6807,9.747708404294197
6808,14.164597433503467
6809,14.39749189030608
6810,12.599365845933217
6811,12.338913839753467
6812,15.94951555168544
6813,12.61275027962235
6814,11.086670533433217
6815,13.157925213435746
6816,11.30752606999358
6817,15.321972120770841
6818,11.882946241864591
6819,11.188489180647817
6820,11.97246477043544
6821,11.432861939683217
6822,12.902478438460317
6823,13.487927657210317
6824,10.081344034569948
6825,15.921764601239591
6826,15.036232193432856
6827,11.14131473274735
6828,10.939308365307856
6829,12.55264325749358
6830,12.099026763669197
6831,13.96675418587235
6832,12.668092281963299
6833,13.131959469463299
6834,12.63899539680985
6835,15.036232193432856
6836,13.92963271324504
6837,12.086426392808217
6838,10.093899810544197
6839,12.21893935387004
6840,11.621384542878467
6841,12.769874771557856
6842,13.452358807185746
6843,13.063198650935746
6844,12.84060712468108
6845,11.339157980378467
6846,13.196972120770841
6847,12.430798750960317
6848,13.851712310544197
6849,11.432861939683217
6850,15.409912720933217
6851,13.063198650935746
6852,9.974026763669197
6853,10.78504042808879
6854,14.483349073895841
6855,13.157925213435746
6856,13.49263309212235
6857,13.851712310544197
6858,15.492293741601198
6859,13.063198650935746
6860,10.013332928279496
6861,13.38544326012004
6862,12.15497451012004
6863,15.24531863899735
6864,13.064308365307856
6865,9.625282486401606
6866,14.655442160065967
6867,14.417324627498246
6868,11.101040447810746
6869,11.515242960351198
6870,15.205044354060746
6871,15.46455692024735
6872,12.666732218163698
6873,15.662400167878467
6874,10.622997511395841
6875,14.727001417645841
6876,11.155396969463299
6877,15.40444989811858
6878,12.728100050458341
6879,13.452358807185746
6880,11.339157980378467
6881,13.913648710461409
6882,13.19819949837235
6883,13.063992583981697
6884,15.73027727043544
6885,15.443161886628467
6886,13.437988892808217
6887,13.49263309212235
6888,13.225936319726198
6889,9.998963013901967
6890,10.013332928279496
6891,12.14107059212235
6892,13.252880323895841
6893,12.168807413476198
6894,11.565476339753467
6895,12.626832516338299
6896,10.844116822495717
6897,11.657361250960317
6898,12.65401004524735
6899,13.145094022961409
6900,11.712745865307856
6901,10.622997511395841
6902,12.08096356999358
6903,11.97246477043544
6904,11.339157980378467
6905,13.117555172588299
6906,13.43252606999358
6907,13.97759172356044
6908,11.169051554101198
6909,10.78504042808879
6910,11.169051554101198
6911,13.04336591374358
6912,11.882946241864591
6913,12.970653761395841
6914,11.432861939683217
6915,11.431042891585317
6916,12.498485792645841
6917,15.036232193432856
6918,13.452358807185746
6919,11.712745865307856
6920,11.086670533433217
6921,11.42354129524735
6922,11.515242960351198
6923,13.437988892808217
6924,13.731273878583341
6925,14.232860792645841
6926,18.95014594889584
6927,15.175976027020841
6928,18.28022407389584
6929,15.715893019208341
6930,15.742870558270841
6931,13.886669386395841
6932,15.848827589520841
6933,14.992748487958341
6934,16.16816352702084
6935,18.80073188639584
6936,15.696483839520841
6937,16.52753852702084
6938,15.183788527020841
6939,14.176220167645841
6940,14.949779737958341
6941,14.623241652020841
6942,13.798290480145841
6943,13.124645460614591
6944,17.76209663248959
6945,15.445568312177091
6946,17.99067329264584
6947,14.384838331708341
6948,15.144481886395841
6949,16.80286811686459
6950,15.922985304364591
6951,16.79713081217709
6952,16.03730415202084
6953,16.76838325358334
6954,15.803417433270841
6955,18.09699653483334
6956,18.815899122723966
6957,15.786815870770841
6958,13.798290480145841
6959,13.406200636395841
6960,16.38630317545834
6961,15.692089308270841
6962,15.736400831708341
6963,17.76783393717709
6964,15.964092482098966
6965,15.803417433270841
6966,16.13837837077084
6967,14.794628370770841
6968,16.80286811686459
6969,16.03730415202084
6970,17.52863715983334
6971,15.441967237958341
6972,16.67170356608334
6973,14.666576612958341
6974,15.451305616864591
6975,17.39692329264584
6976,13.189342726239591
6977,15.786815870770841
6978,14.886425245770841
6979,15.183666456708341
6980,14.636669386395841
6981,16.79713081217709
6982,14.909130323895841
6983,13.209545362958341
6984,17.00226997233334
6985,16.08124946452084
6986,13.685985792645841
6987,16.27753852702084
6988,14.320385206708341
6989,16.75361274577084
6990,17.78998969889584
6991,16.04987739420834
6992,15.183788527020841
6993,13.685985792645841
6994,15.791820753583341
6995,17.20295356608334
6996,14.384350050458341
6997,18.20991157389584
6998,16.04987739420834
6999,14.794628370770841
7000,16.19440864420834
7001,15.198681105145841
7002,16.50843452311459
7003,13.232677687177091
7004,13.385082472333341
7005,16.55537055827084
7006,17.70832465983334
7007,14.685741652020841
7008,15.475292433270841
7009,14.123729933270841
7010,16.55537055827084
7011,14.626903761395841
7012,15.183788527020841
7013,15.175976027020841
7014,15.688915480145841
7015,14.623241652020841
7016,17.808941114911466
7017,15.786815870770841
7018,15.508983839520841
7019,16.28254340983334
7020,15.803417433270841
7021,15.657909620770841
7022,14.339184034833341
7023,13.209545362958341
7024,16.81843208170834
7025,17.14582465983334
7026,15.935619581708341
7027,17.83393501139584
7028,17.30927680827084
7029,14.123729933270841
7030,18.76905464030209
7031,16.843975294598966
7032,14.558544386395841
7033,13.189342726239591
7034,14.032177198895841
7035,15.943554152020841
7036,14.077831495770841
7037,15.866482008466154
7038,16.23310493327084
7039,13.912304152020841
7040,16.03644965983334
7041,14.451549757489591
7042,12.364391554364591
7043,13.685985792645841
7044,16.34431098795834
7045,17.808941114911466
7046,18.76905464030209
7047,15.508983839520841
7048,13.088512648114591
7049,12.642223585614591
7050,18.42438911295834
7051,18.77479194498959
7052,18.95014594889584
7053,17.94318794108334
7054,12.598278273114591
7055,14.546703566083341
7056,18.64362739420834
7057,13.142528761395841
7058,16.26923774577084
7059,15.657909620770841
7060,14.176220167645841
7061,16.27753852702084
7062,15.922985304364591
7063,16.23798774577084
7064,16.04987739420834
7065,13.731273878583341
7066,18.64362739420834
7067,13.729931105145841
7068,13.443432081708341
7069,16.97822212077084
7070,13.452099073895841
7071,14.232860792645841
7072,15.626659620770841
7073,15.042919386395841
7074,14.792003859052091
7075,13.452099073895841
7076,15.949413527020841
7077,16.286159742841154
7078,13.609020460614591
7079,16.50269721842709
7080,14.794628370770841
7081,13.363842237958341
7082,17.99067329264584
7083,17.70832465983334
7084,14.992748487958341
7085,16.04987739420834
7086,18.54981635905209
7087,15.774730909833341
7088,14.909130323895841
7089,14.853222120770841
7090,13.731273878583341
7091,16.18891548014584
7092,18.09699653483334
7093,15.475292433270841
7094,14.626903761395841
7095,14.978954542645841
7096,14.076122511395841
7097,16.52753852702084
7098,16.51142524577084
7099,13.956249464520841
7100,15.909816969403654
7101,16.52753852702084
7102,14.794628370770841
7103,14.176220167645841
7104,15.692089308270841
7105,16.07508491373959
7106,16.41370796061459
7107,13.786815870770841
7108,11.459606398114591
7109,12.499279249677091
7110,13.847851027020841
7111,14.018749464520841
7112,13.257030714520841
7113,14.452648390302091
7114,14.108593214520841
7115,14.604198683270841
7116,14.735546339520841
7117,12.610546339520841
7118,15.268505323895841
7119,12.902416456708341
7120,10.964000929364591
7121,13.569896925458341
7122,12.597606886395841
7123,15.036846388348966
7124,11.892254103192716
7125,14.013866652020841
7126,13.548168409833341
7127,11.577099073895841
7128,15.600536573895841
7129,14.075329054364591
7130,14.573253859052091
7131,11.839428175458341
7132,14.877147902020841
7133,13.281933058270841
7134,12.156688917645841
7135,14.666698683270841
7136,13.051464308270841
7137,14.971508253583341
7138,12.846508253583341
7139,15.426891554364591
7140,15.037731398114591
7141,12.352367628583341
7142,12.496288527020841
7143,15.162914503583341
7144,12.304760206708341
7145,13.786815870770841
7146,13.262188185223966
7147,12.666454542645841
7148,14.735546339520841
7149,12.597606886395841
7150,13.850841749677091
7151,16.63862251139584
7152,11.853832472333341
7153,13.084301222333341
7154,12.333935011395841
7155,16.63862251139584
7156,11.227672804364591
7157,11.459606398114591
7158,12.597606886395841
7159,12.902416456708341
7160,16.38691352702084
7161,12.599071730145841
7162,14.665004957684904
7163,11.722851027020841
7164,10.207164991864591
7165,13.084301222333341
7166,14.971508253583341
7167,13.009227980145841
7168,11.296520460614591
7169,13.357799757489591
7170,12.846508253583341
7171,12.902416456708341
7172,13.351757277020841
7173,13.399929274091154
7174,11.121898878583341
7175,11.781749952802091
7176,15.037731398114591
7177,11.577099073895841
7178,13.787060011395841
7179,15.036846388348966
7180,16.65131782389584
7181,12.092724073895841
7182,17.17957710123959
7183,13.619945753583341
7184,13.922924269208341
7185,14.091625441083341
7186,13.190990675458341
7187,14.878124464520841
7188,12.397899855145841
7189,12.807567823895841
7190,13.828075636395841
7191,12.801830519208341
7192,12.111767042645841
7193,16.87055610514584
7194,13.399929274091154
7195,14.028270948895841
7196,13.315136183270841
7197,13.922924269208341
7198,14.942119825848966
7199,13.772655714520841
7200,13.190990675458341
7201,14.268749464520841
7202,12.397899855145841
7203,15.426891554364591
7204,13.326153028973966
7205,15.132457960614591
7206,15.209667433270841
7207,13.043041456708341
7208,12.917186964520841
7209,13.790783155927091
7210,14.569393385419279
7211,12.829540480145841
7212,13.190990675458341
7213,16.24067329264584
7214,14.812816847333341
7215,15.426891554364591
7216,15.426891554364591
7217,14.761608351239591
7218,15.004833448895841
7219,11.227672804364591
7220,14.942119825848966
7221,11.521190870770841
7222,10.024303663739591
7223,13.847851027020841
7224,12.294628370770841
7225,14.739361036786466
7226,13.979717482098966
7227,13.088573683270841
7228,11.853832472333341
7229,12.807567823895841
7230,11.394237745770841
7231,14.596752394208341
7232,12.810253370770841
7233,14.060009230145841
7234,13.190990675458341
7235,11.496532667645841
7236,12.199657667645841
7237,12.829540480145841
7238,13.043041456708341
7239,11.338329542645841
7240,12.896557081708341
7241,13.902416456708341
7242,17.25019477702084
7243,10.207164991864591
7244,11.839428175458341
7245,12.970958937177091
7246,14.971508253583341
7247,16.39185737467709
7248,15.435253370770841
7249,12.333935011395841
7250,16.87055610514584
7251,12.111767042645841
7252,14.306713331708341
7253,12.884304274091154
7254,14.132885206708341
7255,12.829540480145841
7256,11.577099073895841
7257,14.509472120770841
7258,11.987865675458341
7259,13.564403761395841
7260,12.871410597333341
7261,14.677074659833341
7262,13.190990675458341
7263,14.677074659833341
7264,15.132457960614591
7265,13.088573683270841
7266,13.357799757489591
7267,14.120311964520841
7268,14.132885206708341
7269,13.533764112958341
7270,11.577099073895841
7271,11.778759230145841
7272,13.012218702802091
7273,14.091625441083341
7274,12.143749464520841
7275,12.141674269208341
7276,13.357799757489591
7277,15.337352980145841
7278,14.141308058270841
7279,12.917186964520841
7280,13.665111769208341
7281,11.917797316083341
7282,13.922924269208341
7283,14.306713331708341
7284,10.207164991864591
7285,12.352367628583341
7286,13.547069777020841
7287,16.65131782389584
7288,14.596752394208341
7289,11.577099073895841
7290,13.847851027020841
7291,13.665111769208341
7292,16.24067329264584
7293,10.024303663739591
7294,14.611156691083341
7295,14.635936964520841
7296,14.763622511395841
7297,16.1590417884762
7298,17.260353287182856
7299,13.446412594463299
7300,15.507667740307856
7301,17.550416500713297
7302,14.627784927807856
7303,18.40849992668544
7304,15.507667740307856
7305,17.60004829264584
7306,15.672253829085317
7307,14.089949991601198
7308,15.339261138669197
7309,14.495800245770841
7310,13.002758253583341
7311,16.11908583824504
7312,15.981788834057856
7313,15.645508424058217
7314,14.956142986873246
7315,13.425487745770841
7316,12.500916138901967
7317,15.20942996712235
7318,16.68379031202391
7319,13.649732694836409
7320,14.719773214753467
7321,16.984997969710317
7322,14.880201444836409
7323,12.425731886395841
7324,15.507667740307856
7325,13.722362745770841
7326,15.424390897961409
7327,13.477463644440967
7328,13.72622724186858
7329,15.596630323895841
7330,14.153914835351198
7331,13.807723429101198
7332,15.302196730145841
7333,13.38003583561858
7334,15.408570797588299
7335,14.917848141338299
7336,15.57489638512004
7337,16.14214250481044
7338,15.682175558503467
7339,13.987698638669197
7340,18.482800704085317
7341,16.216443282210317
7342,16.43657609856044
7343,13.502540787182856
7344,17.550416500713297
7345,16.071335714753467
7346,18.40849992668544
7347,14.967479933270841
7348,15.68355106087235
7349,14.34442763512004
7350,15.55669328606044
7351,12.61555789680985
7352,15.809780682185746
7353,14.43144914543544
7354,12.068641861401606
7355,12.652050245770841
7356,15.73135419499358
7357,13.270169341794197
7358,15.682175558503467
7359,14.971157635310746
7360,15.159314375960317
7361,16.56159614420834
7362,16.071335714753467
7363,15.847362745770841
7364,12.707958448895841
7365,15.20942996712235
7366,13.367506132336409
7367,14.89273114811858
7368,13.814942017808217
7369,12.425731886395841
7370,14.929897869685746
7371,13.842235792645841
7372,18.1309656166012
7373,15.101318970933217
7374,14.159558516585317
7375,15.939037550458341
7376,13.458462322810746
7377,15.305404093163698
7378,15.809780682185746
7379,13.156349380932856
7380,14.669044693432856
7381,16.774746502498246
7382,15.718824491711409
7383,14.505749922835317
7384,16.96211551399735
7385,16.74897407389584
7386,13.66226239811858
7387,15.318753326169197
7388,14.758007277020841
7389,13.502540787182856
7390,14.719773214753467
7391,15.17805542112853
7392,12.358705074932049
7393,17.81928657389584
7394,15.503297360088299
7395,12.85811160774735
7396,14.35579227180985
7397,15.797730953838299
7398,18.482800704085317
7399,16.071335714753467
7400,16.91069719231044
7401,17.48403974186858
7402,13.071850997054067
7403,18.38544326012004
7404,16.510876875960317
7405,13.740688885310746
7406,14.956142986873246
7407,18.18926164543544
7408,17.091946685544197
7409,14.36748430168544
7410,16.43657609856044
7411,13.720017355378467
7412,16.472633560620356
7413,12.97449355308879
7414,14.446168453838299
7415,14.245067823895841
7416,13.502540787182856
7417,17.562466229060746
7418,13.425487745770841
7419,16.17439578743485
7420,12.425731886395841
7421,13.071850997054067
7422,15.34219403874358
7423,17.824021261628467
7424,16.121716719710317
7425,14.588379517808217
7426,14.36748430168544
7427,16.41351943199504
7428,12.720015909569948
7429,13.649732694836409
7430,15.458202589520841
7431,14.089949991601198
7432,15.507667740307856
7433,17.34931587077084
7434,13.588623658433217
7435,15.864608194726198
7436,17.311184966794197
7437,14.06220107262004
7438,13.591503370770841
7439,17.1240076087887
7440,17.911865845933217
7441,15.464916456708341
7442,15.339261138669197
7443,14.917848141338299
7444,12.771923292645841
7445,15.420620525935746
7446,14.838941679211409
7447,13.458462322810746
7448,14.08525773918544
7449,15.847362745770841
7450,13.593824491711409
7451,15.809780682185746
7452,17.311184966794197
7453,12.183178175458341
7454,13.20430301399735
7455,15.939942017808217
7456,16.02435927574504
7457,14.002243917878467
7458,12.632309835847217
7459,14.441785079085317
7460,12.987942779294197
7461,14.950100982419197
7462,17.260353287182856
7463,16.81232856608334
7464,15.43692060124358
7465,15.769881632226198
7466,12.707958448895841
7467,13.591503370770841
7468,15.939942017808217
7469,15.205812008525799
7470,16.43657609856044
7471,17.692627564683217
7472,14.83467410774735
7473,16.20547528874358
7474,14.159558516585317
7475,18.18926164543544
7476,15.73135419499358
7477,16.19294558546141
7478,15.73135419499358
7479,12.408336866864591
7480,17.479591568432856
7481,9.621959972100909
7482,13.298514894895215
7483,12.07316081743765
7484,10.473075441770217
7485,9.52226191842612
7486,12.552328752241785
7487,9.27970820748862
7488,9.973898855258813
7489,11.76547957088209
7490,12.267573604718418
7491,13.315805635978707
7492,10.477116449440082
7493,12.79702151262854
7494,14.544760392866785
7495,14.15102541887854
7496,9.837395785852003
7497,9.72184245806265
7498,9.621959972100909
7499,14.322763643791207
7500,9.879244693161649
7501,12.572836564741785
7502,10.271983840945895
7503,9.597018130661649
7504,13.522366013689048
7505,13.749263057843418
7506,12.05265300493765
7507,12.689953136163409
7508,11.194645746315082
7509,15.42958987200354
7510,12.915017728448852
7511,9.47928874712515
7512,10.377773728532798
7513,13.046957658491785
7514,11.559176333786649
7515,13.098771300302724
7516,10.221518205366785
7517,14.322763643791207
7518,11.769664505008395
7519,13.750542758508253
7520,14.418606248064048
7521,14.460450377451162
7522,11.48442012155112
7523,12.824960909416207
7524,10.796138057843418
7525,12.815624522882159
7526,11.961679659416207
7527,14.334778990732412
7528,13.041892019321313
7529,15.248345492883253
7530,12.198080705366785
7531,12.34770137155112
7532,11.970756105832715
7533,10.72159831743765
7534,12.67496745806265
7535,12.23960066463209
7536,9.27970820748862
7537,13.427639451189048
7538,12.758296260968418
7539,13.621577510968418
7540,11.68400066118765
7541,9.597018130661649
7542,14.15102541887854
7543,13.046957658491785
7544,9.999521456291207
7545,9.999521456291207
7546,11.48442012155112
7547,9.72184245806265
7548,10.682549594445753
7549,11.01994258248862
7550,11.76547957088209
7551,13.621577510968418
7552,14.375987747195895
7553,12.234142044070895
7554,12.350839815666207
7555,14.418606248064048
7556,12.853022823468418
7557,12.435233644895215
7558,13.09033820912358
7559,11.222927537126548
7560,12.54728191118765
7561,12.824960909416207
7562,12.689953136163409
7563,11.078364620343418
7564,10.796138057843418
7565,13.167563406040063
7566,9.27970820748862
7567,11.961679659416207
7568,9.597018130661649
7569,11.266785826669912
7570,11.57914668405112
7571,13.816799607439048
7572,13.920260318161649
7573,11.363485792131392
7574,13.298514894895215
7575,10.925103305383253
7576,13.878228305383253
7577,9.999521456291207
7578,11.921398448663409
7579,10.682549594445753
7580,9.621959972100909
7581,11.666325433815082
7582,10.216452566196313
7583,12.602794387820895
7584,13.298514894895215
7585,10.271983840945895
7586,12.824393801145215
7587,14.900141964093418
7588,9.999521456291207
7589,13.621577510968418
7590,11.01994258248862
7591,11.769664505008395
7592,12.34770137155112
7593,9.708430538312168
7594,11.714133230258813
7595,14.15102541887854
7596,12.293818721905918
7597,14.320456472446313
7598,9.864513683038409
7599,12.34770137155112
7600,13.315805635978707
7601,13.007020201669912
7602,10.221518205366785
7603,11.311274220757962
7604,9.27970820748862
7605,12.195324229913409
7606,12.062507204465527
7607,9.77405402943608
7608,12.183676408491785
7609,10.699393801145217
7610,9.978964494429285
7611,13.537802385054285
7612,11.691799607439048
7613,10.230521730832717
7614,10.271983840945895
7615,11.559176333786649
7616,11.961679659416207
7617,12.824960909416207
7618,9.27970820748862
7619,9.77405402943608
7620,13.789359621457715
7621,11.078364620343418
7622,9.52226191842612
7623,11.87358027780112
7624,13.427639451189048
7625,9.27970820748862
7626,11.266785826669912
7627,12.38556982053873
7628,11.37631941463209
7629,12.32534182512854
7630,13.046957658491785
7631,10.216452566196313
7632,12.552328752241785
7633,10.473075441770217
7634,11.692953752241785
7635,11.078364620343418
7636,15.613343443857412
7637,14.290920701189048
7638,10.999277315666207
7639,11.573580630661649
7640,10.05628059193608
7641,11.32558596575354
7642,11.362194347100909
7643,12.824960909416207
7644,10.796138057843418
7645,9.72184245806265
7646,13.97877096514553
7647,12.141134795318683
7648,13.371603545318683
7649,16.750452130729855
7650,15.658358388358376
7651,12.708273541906877
7652,16.259607404167355
7653,13.059237294608376
7654,14.684347685943683
7655,16.33985494952053
7656,15.658358388358376
7657,13.512961612774287
7658,12.205756412578975
7659,16.279762112524686
7660,14.809673688890946
7661,11.933204495337185
7662,11.066103948914158
7663,13.98156893021148
7664,12.923285709453975
7665,12.832918935233376
7666,12.427994723453926
7667,14.931848615104856
7668,13.434167951042356
7669,12.195334088781877
7670,12.811168074004458
7671,14.946863263542356
7672,13.897518004124592
7673,12.195334088781877
7674,12.478863142015946
7675,13.427750582828926
7676,12.662693594301496
7677,12.662693594301496
7678,11.923529850078975
7679,14.275370404720782
7680,13.324107527129458
7681,15.175192412506183
7682,14.795077138358376
7683,14.636851667754458
7684,12.905247305238996
7685,11.858908232818683
7686,12.521949612524685
7687,12.427994723453926
7688,12.321634369536543
7689,12.905247305238996
7690,12.590365224295876
7691,13.688453518774685
7692,11.195578229406877
7693,15.304302595140946
7694,14.275370404720782
7695,14.881809805238996
7696,13.187473867738996
7697,12.710221285953926
7698,11.811412214629458
7699,14.684347685943683
7700,13.421732709408282
7701,12.832918935233376
7702,12.819559174224043
7703,13.478619001390946
7704,14.876654850078975
7705,14.286678160374592
7706,12.478863142015946
7707,13.497599655338277
7708,11.421896588781877
7709,11.321878510161543
7710,12.478863142015946
7711,12.923285709453975
7712,12.195334088781877
7713,13.324107527129458
7714,11.195578229406877
7715,12.478863142015946
7716,11.77685701614898
7717,14.874640689922725
7718,13.570811628691958
7719,13.371603545318683
7720,13.639468206726658
7721,14.37072908646148
7722,11.924052045345782
7723,17.009251211488994
7724,14.84485018021148
7725,12.267130905338277
7726,14.749491498470782
7727,12.01941072708648
7728,14.134097112976658
7729,15.410730451042356
7730,15.299582135656877
7731,14.931848615104856
7732,12.321634369536543
7733,12.858664092193683
7734,13.309092878691958
7735,15.256565664613996
7736,13.744303756900777
7737,11.933204495337185
7738,11.308657659851658
7739,12.01661276202053
7740,14.749491498470782
7741,13.513483808041094
7742,15.785486310417356
7743,14.749491498470782
7744,13.683451459408282
7745,15.429973981859696
7746,14.36793112139553
7747,14.97253572708648
7748,14.96973776202053
7749,12.01661276202053
7750,14.809673688890946
7751,13.324107527129458
7752,14.749491498470782
7753,17.228489492738994
7754,11.066103948914158
7755,12.236309431078446
7756,13.179110341483376
7757,16.259607404167355
7758,14.506568753149685
7759,15.396326154167356
7760,14.189718779693683
7761,12.761089704515946
7762,16.34265291458648
7763,11.933204495337185
7764,14.84205221514553
7765,14.147317963286543
7766,11.933204495337185
7767,12.427994723453926
7768,14.404557223453926
7769,15.785486310417356
7770,14.404557223453926
7771,11.321878510161543
7772,16.259607404167355
7773,13.51429342608303
7774,12.954977643469377
7775,12.427994723453926
7776,11.77685701614898
7777,13.53210603958648
7778,15.256565664613996
7779,14.809673688890946
7780,11.308657659851658
7781,14.210226592193683
7782,13.434167951042356
7783,11.858908232818683
7784,15.658358388358376
7785,13.356588896881183
7786,12.911310272856856
7787,11.590884222351658
7788,14.021017682531877
7789,12.774186129703926
7790,12.923285709453975
7791,12.206278607845782
7792,15.518820416906877
7793,13.427750582828926
7794,12.29883932452053
7795,11.984904342838277
7796,14.36793112139553
7797,12.085226592193683
7798,12.321634369536543
7799,11.933204495337185
7800,12.710221285953926
7801,15.33569490677398
7802,16.12061666827053
7803,13.905003164613996
7804,15.304302595140946
7805,11.604105072661543
7806,13.716394513542356
7807,15.658358388358376
7808,13.673196869536543
7809,14.345614247733376
7810,14.84205221514553
7811,13.900614545345782
7812,12.457984768774685
7813,11.321878510161543
7814,12.01661276202053
7815,13.115145497733376
7816,13.187473867738996
7817,11.933204495337185
7818,12.708273541906877
7819,16.12341463333648
7820,12.889842041953074
7821,15.614703228666356
7822,13.361587682197976
7823,15.649783436946489
7824,12.02512770323752
7825,16.6321652361498
7826,15.566856955739595
7827,13.545914257602954
7828,14.238429642249567
7829,17.236399659140574
7830,17.367388775541357
7831,14.607081985999567
7832,15.430679479072976
7833,14.646553430502887
7834,14.419364759704333
7835,16.088824322416357
7836,15.353600783024799
7837,15.463206299765574
7838,13.545611431791356
7839,11.692806090062092
7840,15.844445509587299
7841,14.462309603517696
7842,18.188657746756228
7843,12.033717728187067
7844,12.949614291017696
7845,13.550027099608972
7846,15.290261474608972
7847,15.897232616977954
7848,16.371353710727952
7849,12.970359780558443
7850,15.043594921665454
7851,14.366880403006228
7852,12.427437219565387
7853,14.550796666572976
7854,15.094553956015574
7855,14.266170347874592
7856,16.59092360167502
7857,15.872794935485583
7858,16.371353710727952
7859,13.545914257602954
7860,14.035670853187067
7861,16.061216340506228
7862,14.252833939124567
7863,14.200828530558443
7864,18.994565949881228
7865,13.231840853517696
7866,13.231840853517696
7867,16.14441234319649
7868,16.039363707249592
7869,11.692806090062092
7870,15.410171666572976
7871,15.135346020298266
7872,14.182686243002887
7873,13.263384869291356
7874,15.597349153006228
7875,13.76536207823752
7876,18.042307862265574
7877,15.872794935485583
7878,12.889842041953074
7879,15.058609570102954
7880,15.225543072416356
7881,14.831668202571489
7882,14.816653554133989
7883,12.970359780558443
7884,12.285607618962299
7885,13.545914257602954
7886,16.435972199881228
7887,11.935359800999592
7888,12.427437219565387
7889,12.02512770323752
7890,14.035670853187067
7891,15.876724804477954
7892,13.079361119697976
7893,17.64221507757149
7894,15.353600783024799
7895,15.649783436946489
7896,15.018943764933443
7897,14.879479689274799
7898,15.410171666572976
7899,11.935359800999592
7900,12.836807408760476
7901,14.074807373046472
7902,15.084409699881228
7903,12.707060580080196
7904,15.902739291017696
7905,15.300932650392696
7906,17.186183548499567
7907,13.361587682197976
7908,16.088824322416357
7909,15.876724804477954
7910,14.926176791017696
7911,12.285607618962299
7912,12.033717728187067
7913,15.844053254568728
7914,14.709013705080196
7915,14.266170347874592
7916,15.058609570102954
7917,15.592555618812067
7918,14.721827515585886
7919,15.495430383627887
7920,12.528161329899799
7921,15.252494642516833
7922,14.592056432197976
7923,13.828140820102954
7924,12.217586363499592
7925,12.970359780558443
7926,16.63525706975899
7927,14.776080181791356
7928,17.011375405558443
7929,15.305276123046472
7930,14.040856642399799
7931,11.692806090062092
7932,14.883842298766833
7933,12.810387892399799
7934,16.123391357421472
7935,14.084653840506228
7936,15.353600783024799
7937,15.594195416166356
7938,15.281131093196489
7939,17.025688001891833
7940,17.186183548499567
7941,14.816653554133989
7942,17.869156445102952
7943,18.042307862265574
7944,17.035764680349978
7945,15.092735861989595
7946,15.410171666572976
7947,15.000801477377887
7948,13.361587682197976
7949,12.810387892399799
7950,15.055923619697976
7951,14.776080181791356
7952,16.415464387381228
7953,14.630076416953074
7954,14.025841993962299
7955,14.734820416166356
7956,15.747123548766833
7957,14.858971876774799
7958,14.761065533353856
7959,17.17759352355002
7960,16.123391357421472
7961,13.911922300999592
7962,15.229396439124567
7963,15.305276123046472
7964,11.991653600166726
7965,16.371353710727952
7966,12.810387892399799
7967,13.076419179133989
7968,15.092735861989595
7969,16.214495709135107
7970,13.267875501891833
7971,15.747123548766833
7972,14.577041783760476
7973,15.252494642516833
7974,12.02512770323752
7975,17.649918163852952
7976,14.59849196105002
7977,16.14441234319649
7978,13.448055113499592
7979,13.78037672667502
7980,14.040856642399799
7981,14.167671594565387
7982,14.816653554133989
7983,13.550027099608972
7984,17.400938020193728
7985,14.607081985999567
7986,18.188657746756228
7987,14.978568861266833
7988,14.159568764933443
7989,14.776080181791356
7990,14.911772494142696
7991,12.707060580080196
7992,13.773952103187067
7993,16.618020263671472
7994,14.858971876774799
7995,15.957835206015574
7996,13.203910658141833
7997,12.033717728187067
7998,14.266170347874592
7999,16.579669048978857
8000,12.427437219565387
8001,13.132395752890574
8002,16.618020263671472
8003,17.455637940390574
8004,14.447294955080196
8005,16.143899169921472
8006,15.101710892249567
8007,15.251476978324499
8008,11.210461353324499
8009,12.541337140967238
8010,9.590948821995806
8011,13.547597641572976
8012,14.007534179994755
8013,13.571599833372012
8014,10.503606669309512
8015,12.71002645564265
8016,13.092758547582319
8017,14.24968778183553
8018,13.004150058078705
8019,14.83746786189265
8020,12.651847690987303
8021,10.503606669309512
8022,14.533071274385476
8023,13.516689453432255
8024,13.44132585271474
8025,9.967972883154738
8026,10.83745633652303
8027,14.072590905247186
8028,10.49091024470515
8029,13.259045337699499
8030,13.259045337699499
8031,10.49091024470515
8032,15.032238697074499
8033,9.09722196152303
8034,12.187980503487303
8035,15.210995152123102
8036,12.71002645564265
8037,13.504095794652056
8038,14.149327355442498
8039,15.513020592747186
8040,10.673339511203705
8041,12.425915454886999
8042,10.685681079886999
8043,12.69562215876765
8044,12.842122155247186
8045,9.967972883154738
8046,12.146720737862303
8047,14.777343417453705
8048,13.004150058078705
8049,10.678656341527056
8050,13.254208042748102
8051,13.753674243949499
8052,12.144775058078705
8053,9.09722196152303
8054,9.928673862762581
8055,13.042568359682255
8056,10.519394289769819
8057,11.472188073215936
8058,9.62200223496053
8059,12.559895592747186
8060,13.55890340876765
8061,12.425915454886999
8062,12.649902011203705
8063,15.085190188207319
8064,13.547597641572976
8065,9.603542480776005
8066,10.673339511203705
8067,13.55890340876765
8068,11.798763706810602
8069,9.587577671456053
8070,9.62200223496053
8071,10.583309605248102
8072,12.20489950251765
8073,10.556718000342238
8074,13.06427450251765
8075,13.587387453832319
8076,13.629767181370806
8077,10.430785800266205
8078,13.797829845763601
8079,13.009466888402056
8080,12.842122155247186
8081,13.697271220090762
8082,10.960882904027056
8083,11.028386942747012
8084,14.042226547822976
8085,13.076970927122012
8086,10.430785800266205
8087,12.24615926814265
8088,11.708207258154738
8089,12.978539585418831
8090,15.251476978324499
8091,10.685681079886999
8092,12.976186508760476
8093,14.078232180394819
8094,12.655218841527056
8095,11.31633817246053
8096,12.29088651230428
8097,12.979714611388601
8098,9.213375523216852
8099,12.187089094092238
8100,11.499013657197976
8101,15.656072489622012
8102,13.004150058078705
8103,14.7833034785761
8104,11.044174563207319
8105,15.320791000947976
8106,9.68596707871053
8107,10.436102630589556
8108,14.149327355442498
8109,12.243841044309512
8110,9.587577671456053
8111,10.448696289369755
8112,13.68658895564265
8113,13.498778964328705
8114,13.08478231501765
8115,9.09722196152303
8116,13.347191929168831
8117,12.649902011203705
8118,10.960882904027056
8119,13.056451061583914
8120,10.492753156592238
8121,13.55890340876765
8122,14.04974813533015
8123,11.67058621933553
8124,13.55890340876765
8125,13.699285380247012
8126,10.675285190987303
8127,10.583309605248102
8128,12.738510500707319
8129,9.967972883154738
8130,14.2924587520136
8131,10.301083042748102
8132,12.335592142942325
8133,13.259045337699499
8134,13.547597641572976
8135,11.708207258154738
8136,15.385335045872186
8137,10.430785800266205
8138,9.967972883154738
8139,10.448696289369755
8140,12.203945312807255
8141,14.911213952122186
8142,12.322895718337962
8143,13.559651452122186
8144,13.841820835418831
8145,11.210461353324499
8146,11.67058621933553
8147,13.024657870578705
8148,11.108139406957319
8149,12.95048112615224
8150,14.2924587520136
8151,14.007534179994755
8152,13.626396030831053
8153,13.026603550362303
8154,9.213375523216852
8155,13.029974700902056
8156,13.818337658263601
8157,14.522053795872186
8158,12.714467758760476
8159,11.813210705138601
8160,13.367699741668831
8161,13.587387453832319
8162,11.67058621933553
8163,12.631893589623102
8164,14.332665561981331
8165,10.519394289769819
8166,10.761948000707319
8167,10.960882904027056
8168,11.300838902123102
8169,14.890706139622186
8170,12.188930664369755
8171,12.162685547182255
8172,13.44377957871053
8173,12.191351654027056
8174,11.016381382293831
8175,13.004150058078705
8176,13.44377957871053
8177,9.928673862762581
8178,11.79995835678755
8179,12.631893589623102
8180,10.129079575166726
8181,14.911213952122186
8182,13.626464511203705
8183,12.687634204886999
8184,12.172965855049803
8185,10.83745633652303
8186,12.264716953682615
8187,12.233383547582319
8188,10.957511753487303
8189,12.729482407197976
8190,15.513020592747186
8191,11.749245861388601
8192,12.631893589623102
8193,13.994940521214556
8194,10.519394289769819
8195,12.186034823703705
8196,12.399670337699499
8197,11.31633817246053
8198,12.471919307843418
8199,12.39737956743765
8200,15.426324008508253
8201,11.870671136940082
8202,13.00136721575354
8203,14.00112307512854
8204,13.969599971905918
8205,12.471919307843418
8206,13.600640414758253
8207,13.52885371530112
8208,13.516857433038409
8209,11.766613292413409
8210,15.998544893791207
8211,13.00136721575354
8212,13.646537355832717
8213,13.368351801002582
8214,14.22306316118765
8215,15.426324008508253
8216,13.141262498064048
8217,15.966701951189048
8218,14.944520201669912
8219,11.20728156849858
8220,12.44959113881108
8221,14.717673269321313
8222,16.13824578760741
8223,14.228110002241785
8224,14.974296144895217
8225,13.471675167218418
8226,15.101981691770217
8227,14.026621065666207
8228,12.540050792413409
8229,13.460460403445895
8230,12.675058565666207
8231,11.91365969622229
8232,11.649680105258813
8233,12.891989675571313
8234,15.82680666887854
8235,14.802729854718418
8236,13.037975597100909
8237,12.471919307843418
8238,13.661552004270217
8239,14.991586885978707
8240,12.987055470757962
8241,10.860057571414645
8242,13.17460566842612
8243,14.365734386163409
8244,14.223910220505399
8245,14.299083450320895
8246,13.15702312212515
8247,11.432748995353707
8248,12.675058565666207
8249,11.705211380008395
8250,14.856579112725909
8251,14.845358816196313
8252,14.02348262155112
8253,14.27527473256108
8254,14.96352541887854
8255,11.892233816196313
8256,11.44983527943608
8257,14.448481807843418
8258,14.823237667218418
8259,12.148856691770217
8260,15.82680666887854
8261,17.245266404314048
8262,12.95744258248862
8263,10.185091861130399
8264,15.30204707467612
8265,13.656698869429285
8266,13.873861955366785
8267,13.141262498064048
8268,11.540294933038409
8269,13.052990245538409
8270,12.431083254270217
8271,14.722738908491785
8272,12.148856691770217
8273,16.01056024073241
8274,15.117824998064048
8275,11.897299455366785
8276,14.823796136940082
8277,11.892233816196313
8278,11.870671136940082
8279,16.092373337907798
8280,11.19804316842612
8281,14.802729854718418
8282,11.897299455366785
8283,12.942567076669912
8284,15.376803286911649
8285,16.13623162745116
8286,13.434702120353707
8287,14.500175051145217
8288,13.651865206291207
8289,13.434702120353707
8290,15.779306612541207
8291,13.299694347100909
8292,11.44983527943608
8293,14.479667238645217
8294,13.445445755008395
8295,14.722738908491785
8296,13.460460403445895
8297,16.252860598020217
8298,14.201481683815082
8299,14.722738908491785
8300,14.500742159416207
8301,13.185120787607412
8302,14.773204544070895
8303,14.71390788775015
8304,12.19779902780112
8305,14.40094611927983
8306,14.15116816842612
8307,12.600884555383253
8308,12.471919307843418
8309,14.500742159416207
8310,14.974296144895217
8311,15.55383918568608
8312,15.554009555383253
8313,15.551995395227003
8314,15.536439146982412
8315,12.600884555383253
8316,11.628117426002582
8317,12.862231143356961
8318,11.892233816196313
8319,13.141262498064048
8320,13.185120787607412
8321,13.00136721575354
8322,14.098238833786649
8323,12.152897699440082
8324,11.897299455366785
8325,11.272799380661649
8326,12.471919307843418
8327,14.952202914758253
8328,14.493419933038409
8329,11.272799380661649
8330,11.540294933038409
8331,17.245266404314048
8332,12.148856691770217
8333,15.208517995883813
8334,12.39737956743765
8335,13.129726695733721
8336,14.365734386163409
8337,11.870671136940082
8338,15.515931334482412
8339,13.74894206743765
8340,11.947765090945895
8341,16.094387498064048
8342,14.479667238645217
8343,13.419200637820895
8344,14.22306316118765
8345,13.651633230258813
8346,14.02348262155112
8347,13.185120787607412
8348,11.675302706291207
8349,13.032198794724149
8350,14.026621065666207
8351,12.148856691770217
8352,15.426324008508253
8353,14.589083560349149
8354,13.423489060564048
8355,13.172983370353707
8356,14.00112307512854
8357,14.577447055383253
8358,11.67985027056265
8359,15.95449221575354
8360,17.464504685564048
8361,16.215476003696313
8362,14.448481807843418
8363,13.185120787607412
8364,17.245266404314048
8365,14.722738908491785
8366,11.892233816196313
8367,14.577447055383253
8368,13.600640414758253
8369,11.39762370806265
8370,11.297741222100909
8371,11.67985027056265
8372,14.248617814741785
8373,12.174460378696313
8374,15.95247805559729
8375,11.499117740036649
8376,14.802729854718418
8377,13.180852901597907
8378,11.957459972719938
8379,12.312761078444844
8380,11.78080184829282
8381,12.395512365905354
8382,12.395074376975026
8383,12.178349279967854
8384,10.116582882066657
8385,15.527532589097907
8386,13.10856063735532
8387,12.620167299365653
8388,10.418949865905354
8389,13.938545141900198
8390,11.8050955594459
8391,12.858941564475026
8392,10.418949865905354
8393,12.820613223810325
8394,11.553117523757344
8395,14.302064464907438
8396,12.318580762049717
8397,11.197816418032438
8398,10.976296970169884
8399,12.529924164382344
8400,12.051042328444844
8401,12.858941564475026
8402,13.924140845025198
8403,11.961982641900198
8404,14.292581149857382
8405,12.318580762049717
8406,9.465654144851094
8407,10.553361664382344
8408,10.198060558657438
8409,13.715904358729823
8410,12.927967044201615
8411,13.801736423294882
8412,10.765141272155354
8413,11.916630529967854
8414,12.852623108729823
8415,12.308174048150198
8416,12.538103475901362
8417,13.401384725901362
8418,15.278266821587698
8419,12.335344686838862
8420,12.844537267600026
8421,13.191201525308303
8422,12.353814611350026
8423,10.576648684826615
8424,13.529070272776362
8425,13.715904358729823
8426,9.465654144851094
8427,8.405433789393467
8428,12.7960623563209
8429,12.735696384232384
8430,11.802052064990653
8431,12.640675111865653
8432,9.802757386073573
8433,9.493141308924717
8434,12.735696384232384
8435,13.801736423294882
8436,11.8194998563209
8437,12.25968368423032
8438,11.882134923850026
8439,10.289356752490653
8440,10.198060558657438
8441,13.707818517600026
8442,12.858941564475026
8443,10.882379064475026
8444,12.632830038401362
8445,10.899553070632344
8446,13.261175167222907
8447,10.198060558657438
8448,11.855647403497825
8449,10.553361664382344
8450,12.265919252490653
8451,11.455299512049717
8452,10.874275122368948
8453,14.313301001275198
8454,10.289356752490653
8455,12.346241518115653
8456,12.528871105532438
8457,9.888589450638634
8458,13.402088137951615
8459,9.794671544943776
8460,10.882379064475026
8461,10.289356752490653
8462,12.361900452479823
8463,12.381108069030354
8464,13.869645844069844
8465,14.612598939990653
8466,10.976296970169884
8467,13.801736423294882
8468,11.204290401597907
8469,10.576648684826615
8470,13.378801117507344
8471,14.787422095025198
8472,10.701176428405354
8473,10.116582882066657
8474,10.289356752490653
8475,11.486516964097907
8476,10.418949865905354
8477,11.823951855799717
8478,12.867027405604823
8479,14.787422095025198
8480,12.088640585276362
8481,13.244389319030352
8482,12.1942557156959
8483,9.775367871424717
8484,13.244389319030352
8485,10.571583314990653
8486,13.233697423850026
8487,10.858171835276362
8488,13.608332950372825
8489,13.608332950372825
8490,12.318580762049717
8491,12.675725948472907
8492,11.164605626975026
8493,10.198060558657438
8494,11.961982641900198
8495,12.089343997326615
8496,10.835588226882344
8497,10.874275122368948
8498,12.867027405604823
8499,13.02350001178244
8500,12.395512365905354
8501,13.191201525308303
8502,12.553211184826615
8503,11.835139590997825
8504,13.191201525308303
8505,9.201649232959403
8506,11.480891544122825
8507,14.680652591076615
8508,10.575945272776362
8509,9.201649232959403
8510,12.008381628600667
8511,12.329768497247825
8512,12.641778478537526
8513,8.405433789393467
8514,12.7960623563209
8515,15.299539157669884
8516,11.204290401597907
8517,12.073625936838862
8518,11.469703808924717
8519,10.28312118423032
8520,10.575945272776362
8521,12.717080431558303
8522,10.553361664382344
8523,11.575701132151362
8524,11.314372903195899
8525,11.172691468104823
8526,10.553361664382344
8527,13.244389319030352
8528,10.189128762570899
8529,13.535100948472907
8530,11.8194998563209
8531,11.760792299365653
8532,12.549378918032438
8533,13.869645844069844
8534,13.114796205615653
8535,10.576648684826615
8536,14.787422095025198
8537,10.198060558657438
8538,10.56534774673032
8539,10.418949865905354
8540,9.786555606622823
8541,14.313301001275198
8542,10.198060558657438
8543,11.172691468104823
8544,12.403160218104823
8545,9.504329044122823
8546,13.02350001178244
8547,13.721382055962698
8548,11.258523532669884
8549,11.844459668299717
8550,11.466487247247825
8551,11.553117523757344
8552,12.552507772776362
8553,15.080300876419884
8554,13.372074865905354
8555,12.620167299365653
8556,10.922136679026362
8557,13.10856063735532
8558,9.802757386073573
8559,12.174623058657438
8560,12.936431358576371
8561,9.288132302578934
8562,10.548819434972945
8563,10.336448024680966
8564,12.628238759126788
8565,11.66045148039614
8566,10.541308453829542
8567,12.922027061701371
8568,10.297428212251788
8569,11.849546494001041
8570,13.792459489913366
8571,12.173653124382238
8572,14.266580583663366
8573,9.856563484708449
8574,9.537518893637515
8575,10.484854591222945
8576,12.420357225944738
8577,11.807883571555966
8578,11.594403659262515
8579,14.469765978433303
8580,8.785276474469791
8581,13.641522799887515
8582,9.288132302578934
8583,10.155210556501041
8584,9.573250292350988
8585,14.247216087787814
8586,11.375595681485184
8587,9.872983994001041
8588,13.161887477805966
8589,10.660957811882238
8590,11.959624717951371
8591,11.045772469083449
8592,11.849546494001041
8593,14.620670399751788
8594,14.401432118501788
8595,11.868329440512515
8596,10.202628028722945
8597,12.553946388097945
8598,12.060745815447257
8599,9.06004864836489
8600,10.297428212251788
8601,10.365762072183303
8602,13.792459489913366
8603,11.631221687833449
8604,10.143212181537814
8605,13.326950661953934
8606,12.97319562102114
8607,10.425438744037814
8608,10.49394757414614
8609,13.486397265007238
8610,10.943184374382238
8611,10.375839822110184
8612,11.536495125333449
8613,9.872983994001041
8614,10.959868858576371
8615,9.537518893637515
8616,11.847275368985184
8617,10.722031228360184
8618,12.298606227805966
8619,10.42998273039614
8620,12.49907452727114
8621,13.792459489913366
8622,14.266580583663366
8623,10.202628028722945
8624,11.905147469083449
8625,12.97319562102114
8626,13.417703630538366
8627,11.632383408063541
8628,12.730099200235106
8629,12.719268272638871
8630,11.888837253012515
8631,14.518359235079542
8632,12.976803301797606
8633,13.311187217951371
8634,11.441141130538366
8635,11.333736336270949
8636,13.094323021381564
8637,9.574336922208449
8638,13.486397265007238
8639,12.494530540912814
8640,9.209720692720538
8641,10.143212181537814
8642,10.143212181537814
8643,9.537518893637515
8644,12.727158181485184
8645,14.469765978433303
8646,13.289573024680966
8647,15.321407793985106
8648,12.953836443038366
8649,12.472564171076371
8650,11.792059791418257
8651,13.193966387735106
8652,13.785308311701371
8653,10.143212181537814
8654,11.849546494001041
8655,12.135239236172684
8656,15.540646075235106
8657,12.125161486245803
8658,14.47099835539614
8659,11.723367693038366
8660,9.055504662006564
8661,12.648746571626788
8662,13.403299333663366
8663,9.900658470600314
8664,11.868329440512515
8665,11.962027442785445
8666,9.819745456137515
8667,9.107409528048292
8668,11.655907494037814
8669,12.488629733481265
8670,12.922027061701371
8671,12.991768358757238
8672,9.278054552652053
8673,9.856563484708449
8674,14.479843728360184
8675,14.042843340860106
8676,9.537518893637515
8677,12.440896989913366
8678,12.135239236172684
8679,9.872983994001041
8680,11.784548810274854
8681,12.968651634662814
8682,13.311187217951371
8683,11.217403887735106
8684,15.321407793985106
8685,10.618674587180966
8686,12.525927594454542
8687,9.573250292350988
8688,10.647988634683303
8689,10.195117047579542
8690,11.64543683195864
8691,10.336448024680966
8692,10.14775616789614
8693,12.422646837808303
8694,14.042843340860106
8695,13.511401227267042
8696,10.943184374382238
8697,10.365762072183303
8698,12.687766384055966
8699,11.905147469083449
8700,10.489403587787814
8701,10.658066384610184
8702,12.730099200235106
8703,13.274288653360106
8704,11.499630450235106
8705,12.10991437102114
8706,12.719268272638871
8707,10.682639430930966
8708,11.499630450235106
8709,15.545145036788366
8710,10.143212181537814
8711,11.66045148039614
8712,11.514081393637515
8713,12.171679547579542
8714,12.546435406954542
8715,13.328964822110184
8716,10.425438744037814
8717,10.660957811882238
8718,14.401432118501788
8719,12.12431866789614
8720,10.336448024680966
8721,12.179190528722945
8722,10.365762072183303
8723,13.311187217951371
8724,11.863442736245803
8725,13.028067481847945
8726,9.055504662006564
8727,10.943184374382238
8728,9.630430283063541
8729,11.90715558195864
8730,10.477343610079542
8731,10.155210556501041
8732,10.660957811882238
8733,11.90715558195864
8734,12.687766384055966
8735,13.012276171257238
8736,11.385679306501041
8737,9.537518893637515
8738,10.353433611007116
8739,9.574336922208449
8740,12.494530540912814
8741,13.860761081137515
8742,13.122867665376788
8743,14.689004259683303
8744,12.623116015007238
8745,11.087032234708449
8746,12.060745815447257
8747,11.8868599749471
8748,12.352402322110184
8749,13.678340828458449
8750,11.671585659197257
8751,13.161887477805966
8752,14.299120953829542
8753,12.399776375333449
8754,11.379437380327403
8755,10.14185415097634
8756,12.020779550490534
8757,13.793972909865534
8758,13.091280146235416
8759,14.204876833452403
8760,13.793972909865534
8761,15.25856213153485
8762,13.48536877215985
8763,12.098130850450813
8764,14.466974103959036
8765,9.916287362990534
8766,10.908921866075813
8767,13.171602411860416
8768,10.68205979565225
8769,13.072510052294597
8770,13.14022865771718
8771,12.902542400927409
8772,10.908921866075813
8773,14.949937491075813
8774,11.641534650834036
8775,13.452134756700813
8776,12.29802659252725
8777,13.445528193110416
8778,16.551446760209036
8779,11.97372475146718
8780,13.38693275927968
8781,12.077401221584601
8782,11.313110638232097
8783,12.627412958735416
8784,10.60066615154352
8785,12.139390616075813
8786,12.921055365571924
8787,12.902542400927409
8788,13.664428997607097
8789,12.531895209321924
8790,13.940157099360416
8791,16.064470334659852
8792,11.357370149951734
8793,13.333932649951734
8794,9.23073206951227
8795,13.688180696826734
8796,12.216127066271126
8797,15.536607412950813
8798,11.62753334521718
8799,15.417114544482097
8800,13.730755739702403
8801,14.64168177654352
8802,14.949937491075813
8803,12.329136420259424
8804,14.673740912446924
8805,12.31243088940225
8806,13.355999880327403
8807,12.66975794841852
8808,10.14185415097634
8809,12.810791302294597
8810,13.14387904216852
8811,14.592645490677786
8812,11.641534650834036
8813,13.1516510157295
8814,11.652127206740534
8815,15.218721552485416
8816,13.395176459321924
8817,13.940157099360416
8818,12.96729360410134
8819,12.351327002834601
8820,13.452134756700813
8821,11.90125356503884
8822,10.225403118700847
8823,11.62753334521718
8824,12.515408456740534
8825,11.15455822528485
8826,11.379437380327403
8827,14.217691054792
8828,13.940157099360416
8829,14.24585805722634
8830,12.643094003615534
8831,11.392251601667
8832,13.452134756700813
8833,12.041287362990534
8834,11.313110638232097
8835,15.218721552485416
8836,12.515408456740534
8837,10.14185415097634
8838,9.689969003615534
8839,11.61328969785134
8840,16.223022747607097
8841,12.68718674877725
8842,9.689969003615534
8843,15.745538557084036
8844,12.546299506196924
8845,10.53982582568593
8846,11.63953481503884
8847,11.15455822528485
8848,11.357370149951734
8849,13.618097150834036
8850,13.333932649951734
8851,14.266235638232097
8852,12.626621771821924
8853,12.07783900310602
8854,13.395176459321924
8855,13.97999767840985
8856,13.60409584521718
8857,12.31243088940225
8858,13.14022865771718
8859,11.43678478778485
8860,13.618097150834036
8861,11.641534650834036
8862,13.116769564014234
8863,11.639596712451734
8864,13.319528353076734
8865,12.704149408930729
8866,10.020516455959601
8867,12.082432318696924
8868,9.777962745022101
8869,13.368814101667
8870,9.689969003615534
8871,10.851963568696924
8872,10.31843958904352
8873,9.538987784044563
8874,14.466974103959036
8875,11.78987513591852
8876,13.289673138232097
8877,10.626695303575813
8878,11.357370149951734
8879,13.743569961042
8880,13.14387904216852
8881,13.97999767840985
8882,13.466036005610416
8883,10.020516455959601
8884,10.269662630420484
8885,12.124375967638313
8886,13.466036005610416
8887,11.666531503615534
8888,10.027010126704166
8889,11.392251601667
8890,12.39275315502725
8891,11.65454946347634
8892,11.070556927294597
8893,13.452134756700813
8894,10.33586838940225
8895,14.217691054792
8896,15.702679567827403
8897,13.091280146235416
8898,12.91395763934735
8899,11.357370149951734
8900,13.452134756700813
8901,14.46509633847634
8902,10.020516455959601
8903,10.302743018459601
8904,14.138550091357097
8905,11.533211768459601
8906,13.972345197709036
8907,11.396944208735416
8908,13.11671642840985
8909,13.16130784252725
8910,13.112970197709036
8911,13.076875849360416
8912,15.25856213153485
8913,11.357370149951734
8914,12.515408456740534
8915,11.62753334521718
8916,13.395176459321924
8917,12.828805696826734
8918,11.15455822528485
8919,14.182809603076734
8920,12.020779550490534
8921,13.527851008923061
8922,11.65454946347634
8923,11.357370149951734
8924,10.020516455959601
8925,10.384141592638313
8926,13.091280146235416
8927,10.972886709825813
8928,15.483441286577403
8929,14.138550091357097
8930,10.626695303575813
8931,14.343758643459601
8932,12.588853506700813
8933,11.161404550490534
8934,15.483441286577403
8935,14.466974103959036
8936,13.116769564014234
8937,13.579820303575813
8938,13.730755739702403
8939,12.66975794841852
8940,10.33586838940225
8941,13.354409804792
8942,13.664428997607097
8943,12.066821900504394
8944,11.561955201809447
8945,13.132627690534544
8946,8.114578859690436
8947,11.819883549909544
8948,12.446744043350872
8949,11.731922853176634
8950,11.831608314787085
8951,12.948387193747081
8952,11.949085939114134
8953,11.597867090225872
8954,12.64024636160345
8955,14.603437709831162
8956,12.256758022331162
8957,11.949085939114134
8958,12.629724488733443
8959,12.680485267912085
8960,10.280195522331162
8961,9.684663949206085
8962,13.525528566721686
8963,11.277640641374852
8964,12.937588769913372
8965,12.025562134879394
8966,10.709183315447257
8967,11.367741127287085
8968,11.29885921876757
8969,11.549820881133341
8970,12.845955852366039
8971,11.327502220978449
8972,11.133999902725872
8973,9.729969728176634
8974,12.277396500749852
8975,10.307188237409544
8976,12.121232013945841
8977,13.306290285471686
8978,13.105634975456162
8979,13.151145982809581
8980,13.540306139059581
8981,13.628959000749852
8982,11.277640641374852
8983,12.658368545879071
8984,10.020516399241039
8985,10.020516399241039
8986,11.869627285026475
8987,12.530689088004394
8988,11.777876186393662
8989,10.302742961741039
8990,11.583462793350872
8991,9.192488002799912
8992,11.678189355850872
8993,11.652917848108443
8994,10.311572877066894
8995,12.516284791129394
8996,12.64024636160345
8997,11.145673233379071
8998,14.658130494254394
8999,10.307188237409544
9000,9.903531152725872
9001,10.101280260153331
9002,12.141739826445841
9003,13.478601441858443
9004,9.709427456072257
9005,11.312487572540949
9006,11.443958985989134
9007,12.371834758616039
9008,12.615860920195841
9009,11.792890834831162
9010,12.256758022331162
9011,15.600882828874852
9012,12.077401164866039
9013,11.427899795879071
9014,9.991654018572257
9015,11.188987779684581
9016,12.242353725456162
9017,11.180863002947257
9018,9.621304590225872
9019,13.306290285471686
9020,10.714981691721686
9021,8.884815919582884
9022,9.709427456072257
9023,13.969446168420943
9024,14.103080094499852
9025,12.242353725456162
9026,12.658506596784544
9027,10.554126588004394
9028,10.653379643659544
9029,11.549820881133341
9030,13.91881081472845
9031,13.105634975456162
9032,12.64024636160345
9033,12.206364174162085
9034,12.845955852366039
9035,12.660538295916007
9036,9.972523439114134
9037,12.040238002947257
9038,9.972523439114134
9039,11.559867203874852
9040,11.518197063303539
9041,11.277640641374852
9042,12.845955909084603
9043,11.178848879221686
9044,12.64024636160345
9045,9.903531152725872
9046,10.961685793284186
9047,12.256758022331162
9048,12.124597535608443
9049,11.485218751614134
9050,10.307188237409544
9051,9.402437386706085
9052,9.972523439114134
9053,8.702713947539591
9054,9.855045814787085
9055,10.097033470978449
9056,13.971112686504071
9057,10.900317994254394
9058,11.949085939114134
9059,11.778623784284544
9060,12.680485267912085
9061,13.037040055437352
9062,8.767338295255835
9063,12.631513881706162
9064,8.114578859690436
9065,9.790421467070841
9066,12.256758022331162
9067,10.020516399241039
9068,12.845955852366039
9069,10.307188237409544
9070,11.678189355850872
9071,13.306290285471686
9072,8.767338295255835
9073,10.562422084831162
9074,9.967495996475872
9075,10.280195522331162
9076,15.249677139629071
9077,11.597867090225872
9078,11.277640641374852
9079,9.855045814787085
9080,8.727099388947199
9081,11.57420632254095
9082,12.658368545879071
9083,11.145673233379071
9084,12.790335953874852
9085,9.972523439114134
9086,11.145673233379071
9087,11.188987779684581
9088,14.178288002287085
9089,10.562422084831162
9090,11.161836800768585
9091,13.037040055437352
9092,10.097033470978449
9093,11.779915813303539
9094,9.621304590225872
9095,14.13804909597845
9096,12.051807252066894
9097,11.468826870134757
9098,12.227876839831085
9099,13.122235733379071
9100,8.314729867174835
9101,12.845955852366039
9102,10.554126588004394
9103,12.845955909084603
9104,12.64024636160345
9105,10.307188237409544
9106,10.318714845364134
9107,10.057965713847821
9108,11.145673233379071
9109,13.122235733379071
9110,11.751631069206162
9111,11.188987779684581
9112,9.202286379221686
9113,11.491864639629071
9114,9.972523439114134
9115,11.364595589831085
9116,14.103080094499852
9117,12.351326946116039
9118,11.404238671173761
9119,14.630430424909544
9120,14.976404176233443
9121,10.254750001614134
9122,10.020516399241039
9123,11.77696511160345
9124,10.101280260153331
9125,10.020516399241039
9126,13.971112686504071
9127,10.836353150504394
9128,13.537407698615498
9129,13.432236115239096
9130,16.574110473468963
9131,15.062607208989096
9132,14.690189037470674
9133,13.015310660298828
9134,16.473879055221147
9135,16.039169708989096
9136,15.784478396230442
9137,14.46542450278039
9138,16.473879055221147
9139,13.159658679220444
9140,12.716485232167942
9141,11.962220520274652
9142,17.86895105248044
9143,14.521363586680902
9144,15.659629640446774
9145,14.804333146497765
9146,13.068535628302998
9147,11.773001089986328
9148,15.170752743854626
9149,13.241265505605442
9150,15.098766740247765
9151,15.508304271845674
9152,16.574110473468963
9153,17.373170227305902
9154,12.747448380872765
9155,15.875367492930902
9156,13.430518368854626
9157,15.095377016142555
9158,16.079481567218963
9159,15.389810609892555
9160,15.659629640446774
9161,14.562623352305902
9162,15.863931703642555
9163,15.725233520343963
9164,14.911422795613765
9165,13.648439602096147
9166,16.627373518927996
9167,14.911422795613765
9168,15.533737248738765
9169,12.015554800923828
9170,15.416855255864096
9171,12.716485232167942
9172,14.049683899180902
9173,13.159658679220444
9174,15.863931703642555
9175,14.598740021489096
9176,16.27532312279294
9177,12.560732082564897
9178,15.979250148971147
9179,15.625002102096147
9180,17.373170227305902
9181,16.574110473468963
9182,15.380738586680902
9183,15.79318329184289
9184,13.320718813017555
9185,12.297781363423828
9186,14.551187563017555
9187,12.807374328868402
9188,15.170752743854626
9189,15.763273362129553
9190,15.725233520343963
9191,15.863931703642555
9192,14.675174389033174
9193,16.574110473468963
9194,13.523685131220674
9195,13.068535628302998
9196,16.473879055221147
9197,13.593315901740498
9198,15.261366332843963
9199,15.015054750517555
9200,12.504894669935265
9201,15.641899886115498
9202,16.136528792365496
9203,17.361734438017557
9204,12.795938539580055
9205,14.245129044935265
9206,15.753530749532944
9207,14.340011662801265
9208,17.28228113060544
9209,14.94430633871789
9210,15.508304271845674
9211,11.773001089986328
9212,15.508070434406463
9213,15.015923708730442
9214,15.23787136479146
9215,12.72519012778039
9216,15.272428635567053
9217,13.528250113423828
9218,14.798307541817053
9219,12.807374328868402
9220,13.684438952657944
9221,14.557175601413203
9222,13.177493724970674
9223,12.862838811238765
9224,15.078258927747765
9225,11.871331423574192
9226,13.96749969809289
9227,12.729215744942053
9228,15.026490539805902
9229,14.260143693372765
9230,15.364370593282944
9231,12.338058537801265
9232,16.718496569845442
9233,16.550993088692053
9234,17.725454577657942
9235,12.314504870626694
9236,11.962220520274652
9237,15.287651839240498
9238,12.204435471504553
9239,15.437363068364096
9240,15.139651928095674
9241,14.506847794935265
9242,14.346365347798828
9243,14.456719607167942
9244,14.260143693372765
9245,17.064955200031463
9246,13.159658679220444
9247,14.218883927747765
9248,15.29855438559289
9249,15.185767392292126
9250,12.807374328868402
9251,13.648439602096147
9252,17.153931946055902
9253,14.598740021489096
9254,16.063732560560265
9255,14.48043915121789
9256,14.598740021489096
9257,13.241265505605442
9258,14.030897582843963
9259,15.29855438559289
9260,14.094862426593963
9261,15.784478396230442
9262,14.724010880872765
9263,14.782524886115498
9264,12.747448380872765
9265,16.002933178095674
9266,12.204435471504553
9267,16.039169708989096
9268,16.574110473468963
9269,13.486990347798828
9270,14.797891664580055
9271,15.912163943105442
9272,13.528250113423828
9273,11.492904729207515
9274,13.368271271489096
9275,16.355337390157942
9276,12.338058537801265
9277,15.863931703642555
9278,16.079481567218963
9279,14.90052110193581
9280,13.958794802480442
9281,15.154056224970674
9282,13.959684494942053
9283,14.72714325278039
9284,15.416855255864096
9285,18.221001448615496
9286,13.332154602305902
9287,13.959684494942053
9288,14.072439566548828
9289,13.748403796407944
9290,13.430518368854626
9291,15.015054750517555
9292,15.272428635567053
9293,15.863931703642555
9294,14.718438357167942
9295,14.777799729317053
9296,14.409147385567053
9297,14.583725373051596
9298,12.72519012778039
9299,13.177493724970674
9300,16.355337390157942
9301,15.078258927747765
9302,15.625002102096147
9303,17.959840149180902
9304,15.29855438559289
9305,15.999757961471147
9306,17.409286896489096
9307,15.29855438559289
9308,12.204435471504553
9309,14.562623352305902
9310,13.332154602305902
9311,15.400114182442053
9312,13.068535628302998
9313,15.875367492930902
9314,11.771128830708257
9315,10.094407107080452
9316,11.785533127583257
9317,14.662500938428838
9318,10.519202896568235
9319,11.994063775436366
9320,13.472327896568235
9321,11.019234120334165
9322,10.094407107080452
9323,13.844673573459165
9324,10.077182043273238
9325,10.094407107080452
9326,10.480868170834261
9327,9.966477679615501
9328,11.904430125111734
9329,14.029729854722907
9330,12.053744543273238
9331,9.876259794285541
9332,14.842445084068235
9333,12.425892624020161
9334,10.376633669580452
9335,13.789406766941791
9336,12.900013717770161
9337,12.940529813816791
9338,10.129771921986734
9339,13.35994043097157
9340,10.842574517623866
9341,12.900013717770161
9342,12.672984812611734
9343,8.16822900519032
9344,12.070969607080452
9345,12.509690570240501
9346,11.356905752066403
9347,12.995796620334165
9348,11.196946429615501
9349,11.853806521142952
9350,9.844210439566403
9351,14.417649294580452
9352,11.019234120334165
9353,11.710662110004751
9354,9.006699587549202
9355,9.844210439566403
9356,11.019234120334165
9357,12.509690570240501
9358,9.60212793097157
9359,12.036732467770161
9360,14.335518300021665
9361,11.568370041645757
9362,10.496383111373866
9363,12.425217653955452
9364,9.431495377036985
9365,9.25593652472157
9366,10.557604621029574
9367,13.789406766941791
9368,11.319491217709261
9369,12.634410080708257
9370,10.356800827145161
9371,11.318980906361734
9372,9.25593652472157
9373,10.356800827145161
9374,11.568370041645757
9375,9.53816308722157
9376,14.623206802818235
9377,14.170787546986734
9378,10.519202896568235
9379,11.793612311459261
9380,13.844673573459165
9381,12.940529813816791
9382,14.181185949523238
9383,10.865394302818235
9384,10.379607422504751
9385,10.496383111373866
9386,12.035569476490501
9387,9.379851563129751
9388,11.833973678707661
9389,11.01533593878407
9390,11.710662110004751
9391,11.587269577145161
9392,12.396143516553838
9393,8.759837839955484
9394,9.60212793097157
9395,12.553267876998866
9396,10.094407107080452
9397,10.094407107080452
9398,13.160494619253903
9399,10.519202896568235
9400,10.801429459068235
9401,12.495765396568235
9402,12.278602310630735
9403,12.900013717770161
9404,13.35994043097157
9405,10.801429459068235
9406,12.553267876998866
9407,13.48385546937975
9408,9.251551231397588
9409,12.900013717770161
9410,9.314364264584261
9411,15.123238026584165
9412,10.030442523365501
9413,11.572254928707661
9414,14.662500938428838
9415,11.436977122182046
9416,9.379851563129751
9417,12.672984812611734
9418,10.359408605773238
9419,10.074574264645161
9420,10.074574264645161
9421,12.195528798941403
9422,12.669649892691403
9423,13.844673573459165
9424,9.847545359486734
9425,8.292144043598501
9426,10.621485313428838
9427,12.800670359486734
9428,10.376633669580452
9429,11.833973678707661
9430,9.431495377036985
9431,8.986866745113911
9432,10.091197190083257
9433,11.60725488409657
9434,12.516914784396665
9435,9.844210439566403
9436,11.074330124020161
9437,12.723366727879291
9438,10.339258750928838
9439,12.301416954053838
9440,12.134066808898238
9441,14.520574581285407
9442,11.572254928707661
9443,11.301460682834165
9444,13.844673573459165
9445,12.902621496398238
9446,14.181185949523238
9447,8.756502920035153
9448,13.027699264645161
9449,10.801429459068235
9450,10.094407107080452
9451,11.546009811520161
9452,14.178578170895161
9453,12.255782525436366
9454,10.851287110004751
9455,10.074574264645161
9456,9.847545359486734
9457,9.847545359486734
9458,12.672984812611734
9459,13.321822564498866
9460,10.190401845816403
9461,10.376633669580452
9462,8.968172858334261
9463,10.074574264645161
9464,12.035569476490501
9465,14.029729854722907
9466,12.435402860691791
9467,11.741135882740501
9468,12.900013717770161
9469,9.684251117115501
9470,11.246193876316791
9471,14.029729854722907
9472,11.273682879810814
9473,12.870521255943235
9474,12.396143516553838
9475,13.951549265736734
9476,12.458541314498866
9477,10.129771921986734
9478,12.495765396568235
9479,10.339258750928838
9480,12.175020986441403
9481,9.726042969379751
9482,12.847701470748866
9483,11.356414063129751
9484,12.926125516941791
9485,11.66661380596855
9486,11.568370041645757
9487,12.509690570240501
9488,12.08137597784657
9489,14.623206802818235
9490,11.589877355773238
9491,10.077182043273238
9492,9.379851563129751
9493,11.820772939566403
9494,12.175020986441403
9495,11.824107859486734
9496,12.672984812611734
9497,12.198863718861734
9498,8.596543597584251
9499,10.963967313816791
9500,9.250399420834261
9501,8.968172858334261
9502,11.994063775436366
9503,11.315645986441403
9504,12.085814874069179
9505,12.618084811787917
9506,10.997036620767183
9507,10.40726823552724
9508,13.4888432994988
9509,11.057041378047566
9510,13.002037825918455
9511,13.15185802407362
9512,12.840586886153403
9513,10.195963172037915
9514,13.051845897610853
9515,10.138836764912917
9516,10.997036620767183
9517,12.345957979903403
9518,11.521816894204683
9519,13.108929538350417
9520,11.774546847090903
9521,10.598992691644728
9522,10.195963172037915
9523,10.297373995528403
9524,12.737270995767183
9525,14.1111577526238
9526,14.59027355141737
9527,11.12479753240224
9528,12.233730663235853
9529,10.038879947650745
9530,10.4609651764466
9531,12.974129626236437
9532,12.345957979903403
9533,12.218716014798353
9534,10.9154790416863
9535,12.254934782138367
9536,13.088064664950867
9537,11.5042241588738
9538,12.415079382975415
9539,13.468758532486437
9540,12.1553011139466
9541,9.772593722090903
9542,13.952026920306995
9543,13.072353710110853
9544,12.769327429850415
9545,13.630251239425881
9546,15.562832519204683
9547,12.647789779043455
9548,11.408814029681995
9549,11.59647721990224
9550,12.771030635860066
9551,13.389627722819165
9552,12.233730663235853
9553,11.512828097090903
9554,11.769207858662917
9555,12.45585221990224
9556,12.812290401485066
9557,12.781374286300881
9558,13.546474803860853
9559,14.542520789225415
9560,11.087038348800881
9561,9.511285172113478
9562,12.254934782138367
9563,13.135622333175881
9564,12.619881579361437
9565,12.769327429850415
9566,12.968272433028403
9567,13.331431612715903
9568,12.5095491608216
9569,13.108572477450867
9570,14.59228771157362
9571,12.812290401485066
9572,12.394243548996194
9573,12.781374286300881
9574,10.989510485611437
9575,12.18842445434004
9576,13.051845897610853
9577,12.998989745767183
9578,13.4888432994988
9579,13.276157588985066
9580,12.618084811787917
9581,13.952026920306995
9582,10.151882812173433
9583,12.733816618075867
9584,10.015147433028403
9585,10.297373995528403
9586,9.09103109441535
9587,13.4888432994988
9588,13.630405635860066
9589,10.4609651764466
9590,13.15185802407362
9591,10.138836764912917
9592,13.582693571200869
9593,12.861696551925881
9594,12.276247333175881
9595,13.952026920306995
9596,11.472778873431995
9597,10.925545641861437
9598,13.088064664950867
9599,14.125034542110066
9600,10.428673568105955
9601,13.088745670306995
9602,13.582693571200869
9603,10.671227279043455
9604,13.0041780670716
9605,9.555611559830187
9606,11.527842745528403
9607,15.343594237954683
9608,11.6764192780091
9609,12.619881579361437
9610,12.769327429850415
9611,11.408814029681995
9612,11.63916271157362
9613,11.087038348800881
9614,13.331431612715903
9615,11.769207858662917
9616,12.829022094399996
9617,13.630251239425881
9618,11.6914339264466
9619,10.1787386139466
9620,9.717104266769631
9621,10.997036620767183
9622,10.47123307927724
9623,12.45585221990224
9624,12.205291016254751
9625,12.5300569733216
9626,9.772593722090903
9627,12.683193553860853
9628,12.797275753047566
9629,12.752285644204683
9630,11.057041378047566
9631,13.496666732168455
9632,11.239590331704683
9633,12.345957979903403
9634,10.07032523309255
9635,14.125034542110066
9636,13.952026920306995
9637,10.55145519204237
9638,13.2149175182488
9639,12.929803238519728
9640,11.63916271157362
9641,11.645786495235066
9642,14.615879268672566
9643,12.885986881244495
9644,13.216152831704683
9645,10.015147433028403
9646,10.40726823552724
9647,12.183922591543455
9648,10.514700407138367
9649,13.983472205748802
9650,11.126587467181995
9651,11.92138927407362
9652,11.039480680575867
9653,14.615879268672566
9654,14.073538297763369
9655,12.123455905537917
9656,10.151882812173433
9657,12.974129626236437
9658,13.0041780670716
9659,10.881219254144728
9660,12.700203844986437
9661,10.804811786300881
9662,10.514700407138367
9663,11.936197547037915
9664,12.63891857094862
9665,12.269949430575867
9666,13.389627722819165
9667,10.997036620767183
9668,11.521816894204683
9669,10.07032523309255
9670,12.840586886153403
9671,13.002037825918455
9672,11.62272233708974
9673,10.195963172037915
9674,13.570400878579683
9675,11.126587467181995
9676,13.582693571200869
9677,10.428673568105955
9678,12.142662825918455
9679,11.581821651485066
9680,14.065029784829683
9681,12.402718493423937
9682,12.561150894769728
9683,12.1408968170716
9684,11.039480680575867
9685,12.639282779681995
9686,9.09103109441535
9687,12.745770358662917
9688,11.103445524325867
9689,13.630251239425881
9690,12.458315862976658
9691,11.997657620337185
9692,10.248270795345782
9693,10.247748600078975
9694,9.390322698914158
9695,13.16627096514553
9696,12.599589154720782
9697,10.066569381900777
9698,12.462135159399685
9699,10.248270795345782
9700,12.534445342193683
9701,10.752213473453926
9702,10.529975162578975
9703,11.84131014114898
9704,13.085018004124592
9705,10.10107576614898
9706,10.066569381900777
9707,10.309123092838277
9708,11.157137685233376
9709,14.108248525077126
9710,10.752213473453926
9711,12.30578768021148
9712,12.221736754124592
9713,9.632876409851658
9714,14.108248525077126
9715,15.712994001390946
9716,13.720544904167356
9717,11.802837751390946
9718,11.802837751390946
9719,14.110262685233376
9720,11.085308454515946
9721,13.580784414613996
9722,11.984194769226658
9723,13.008566435943683
9724,10.34083151202053
9725,12.949160589539158
9726,12.221736754124592
9727,13.29675447708648
9728,11.229466055238996
9729,9.095419463287433
9730,10.803081892015946
9731,10.005717084408282
9732,10.529975162578975
9733,13.720544904167356
9734,12.809098239078926
9735,10.247748600078975
9736,13.16627096514553
9737,12.285685592838279
9738,10.914583974295876
9739,10.066569381900777
9740,11.821818405338279
9741,14.632365280338279
9742,13.198859439922725
9743,12.472921979406877
9744,9.160563275814532
9745,12.809098239078926
9746,10.752213473453926
9747,13.29194235186428
9748,13.200873600078975
9749,9.25592195755523
9750,15.045543074004458
9751,11.760443912578975
9752,11.157137685233376
9753,13.736880316101658
9754,10.34083151202053
9755,12.836081159094377
9756,12.610896910374592
9757,10.509659762516426
9758,10.066569381900777
9759,13.623800885656877
9760,14.413126999088279
9761,10.560528181078446
9762,10.645853119536543
9763,9.646097260161543
9764,9.632876409851658
9765,10.248270795345782
9766,13.580784414613996
9767,10.752213473453926
9768,11.760966107845782
9769,14.473421864920876
9770,11.481955182531877
9771,9.979067816101658
9772,11.10922874210219
9773,13.134562545963279
9774,11.984194769226658
9775,9.940573271881183
9776,12.007148014141475
9777,13.008566435943683
9778,10.309123092838277
9779,11.608255463286543
9780,12.345236432531877
9781,12.961070417754458
9782,10.005717084408282
9783,13.580784414613996
9784,11.806803756900779
9785,13.206028555238996
9786,10.986912344301496
9787,16.139378164613994
9788,11.806803756900779
9789,10.34083151202053
9790,9.632876409851658
9791,12.830787503149685
9792,9.893077253691958
9793,13.136251982818683
9794,11.247504459453975
9795,10.34083151202053
9796,15.157660709453975
9797,13.200873600078975
9798,12.961070417754458
9799,9.940573271881183
9800,13.262248092838279
9801,12.221736754124592
9802,10.309123092838277
9803,13.16627096514553
9804,13.720544904167356
9805,10.535441452213277
9806,10.005194889141475
9807,12.221736754124592
9808,12.961070417754458
9809,9.403543549224043
9810,11.622659760161543
9811,9.632876409851658
9812,12.851295315649685
9813,11.758386701042356
9814,9.915102972351658
9815,10.005194889141475
9816,13.200873600078975
9817,10.247748600078975
9818,14.109705060417356
9819,9.632876409851658
9820,11.157137685233376
9821,11.405496674224043
9822,13.073710248470782
9823,10.914583974295876
9824,10.68702291827053
9825,15.552708242738996
9826,12.39771627764553
9827,10.34083151202053
9828,14.632365280338279
9829,13.073710248470782
9830,10.34083151202053
9831,11.85632478958648
9832,13.65991365677398
9833,10.247748600078975
9834,10.005717084408282
9835,10.594462201595782
9836,13.982577138358376
9837,10.005717084408282
9838,11.130557073914158
9839,10.34083151202053
9840,13.982577138358376
9841,10.135630964629458
9842,11.745951459408282
9843,13.750101166411543
9844,12.836081159094377
9845,12.610896910374592
9846,12.746569447928689
9847,16.081628888542358
9848,10.68702291827053
9849,13.982577138358376
9850,11.760966107845782
9851,16.19631147476316
9852,16.102098941638367
9853,16.193122191233172
9854,14.227331136451921
9855,16.262890419132823
9856,12.496063546513367
9857,16.53488190588837
9858,18.952990861841236
9859,15.607470035388367
9860,17.602612098820323
9861,12.77779340835691
9862,15.996277486775783
9863,12.955371232934985
9864,15.714240355295674
9865,15.454932690583473
9866,17.111767372257823
9867,16.261630524531203
9868,15.868591939900783
9869,13.838123250000546
9870,14.676794027076921
9871,15.069474684607949
9872,13.034105777575867
9873,15.253221988513367
9874,15.278430656230787
9875,12.732084567047904
9876,11.626928304420671
9877,15.045446370826921
9878,16.27056350158404
9879,16.367930439839917
9880,14.227331136451921
9881,16.19631147476316
9882,16.59117479685579
9883,12.800598775838283
9884,16.013682392964917
9885,15.559258287809156
9886,13.910312165156203
9887,15.776421373746656
9888,15.64824904845904
9889,14.540833150838283
9890,16.229784488513367
9891,16.373889299341236
9892,13.974005980295674
9893,16.906116414063046
9894,15.37819624038816
9895,15.263416007793287
9896,15.423007477656203
9897,15.925749117829154
9898,15.312554186246656
9899,14.564070040680717
9900,14.81511916564654
9901,15.555774064966235
9902,12.996862386451921
9903,13.838123250000546
9904,15.999278096089917
9905,17.111767372257823
9906,15.534800557027417
9907,15.555774064966235
9908,13.667758454218703
9909,13.276659488513367
9910,16.367930439839917
9911,12.732084567047904
9912,16.862559346089917
9913,15.065954183326921
9914,15.33693647476316
9915,14.83013381408404
9916,16.53689606604462
9917,15.810853468787636
9918,15.560333566044617
9919,15.868591939900783
9920,15.540759416528735
9921,13.765735343730787
9922,15.37819624038816
9923,16.433167921912634
9924,14.472318942047904
9925,16.752983873746658
9926,15.456605421912636
9927,14.774340152575867
9928,13.389343893025783
9929,12.188951968982117
9930,12.732084567047904
9931,18.539801878733172
9932,13.557305162809156
9933,15.540075277076921
9934,16.40921051916962
9935,15.373963033650783
9936,15.045446370826921
9937,14.362903523438046
9938,15.62490034195066
9939,15.799023231632821
9940,12.472082113014421
9941,15.312554186246656
9942,15.540075277076921
9943,16.411487507813046
9944,17.33252847307279
9945,16.868518205591236
9946,15.407992829218703
9947,15.738900543385292
9948,18.67564745310579
9949,15.263416007793287
9950,14.583526925419617
9951,13.198620399601571
9952,15.593372273438046
9953,18.184680867188046
9954,16.433167921912634
9955,16.53689606604462
9956,17.111767372257823
9957,17.037878011451923
9958,14.568554481632821
9959,16.862559346089917
9960,16.367930439839917
9961,12.77779340835691
9962,16.625298326871654
9963,12.77779340835691
9964,15.627977847888367
9965,15.872470368281203
9966,12.714635823951921
9967,14.479798781287636
9968,12.732084567047904
9969,14.426868367188046
9970,16.625298326871654
9971,14.789354801013367
9972,14.555847799275783
9973,15.549815205464917
9974,15.394470846150783
9975,16.367930439839917
9976,16.373889299341236
9977,16.14287795470904
9978,16.637646278507823
9979,12.714635823951921
9980,12.732084567047904
9981,12.392335402381386
9982,18.184680867188046
9983,16.394397111841236
9984,15.84206342788816
9985,15.914581612919617
9986,15.081451730107117
9987,16.27056350158404
9988,15.927763277985404
9989,16.617138466007823
9990,13.557305162809156
9991,14.14772749038816
9992,15.856743639371656
9993,16.305482375037634
9994,14.043774208195321
9995,13.341217355107117
9996,15.389290636441968
9997,13.523181632793287
9998,18.123101061246658
9999,13.07488479064654
10000,15.714240355295674
10001,16.057239460938046
10002,15.534800557027417
10003,14.498786253733174
10004,12.822604645624953
10005,14.426868367188046
10006,15.343170480107117
10007,14.992738234412636
10008,15.578357625000546
10009,17.041999144358172
10010,15.019714986775783
10011,15.271294420621656
10012,16.388438252339917
10013,16.617138466007823
10014,17.599901676013367
10015,13.974005980295674
10016,14.216559691233174
10017,14.83013381408404
10018,17.041999144358172
10019,15.66875686095904
10020,17.353404072652417
10021,16.71886034373079
10022,17.226596344843703
10023,17.599901676013367
10024,15.263416007793287
10025,13.910312165156203
10026,15.312554186246656
10027,13.341217355107117
10028,13.256864840485404
10029,15.423007477656203
10030,13.66362990783404
10031,15.29400100158404
10032,14.14772749038816
10033,17.226596344843703
10034,15.776421373746656
10035,17.380663394763367
10036,13.276659488513367
10037,15.096466378544617
10038,14.20314846588236
10039,13.679603383438108
10040,15.05678616119486
10041,15.50574742156283
10042,16.861918431223373
10043,17.86945759160176
10044,15.481080081501103
10045,17.176414189133215
10046,13.94725805389572
10047,15.286431668177617
10048,12.834190187321774
10049,14.29029332000033
10050,13.961829945938108
10051,17.16117218184997
10052,14.21816311431986
10053,14.668736666689353
10054,15.641761586563108
10055,15.177284047500608
10056,17.176414189133215
10057,14.668736666689353
10058,14.981560500040656
10059,13.961829945938108
10060,14.00806675750033
10061,16.861918431223373
10062,14.153321292438603
10063,16.505042836563106
10064,14.108421025070715
10065,12.928502291689353
10066,15.779243527528532
10067,14.986451175251103
10068,16.055568877536786
10069,16.681785282883215
10070,12.35664559698139
10071,13.263267216476965
10072,16.15196996795822
10073,14.18981176483322
10074,13.437049672500608
10075,17.409572783786786
10076,14.127076175251103
10077,15.771326476848245
10078,14.168335940876103
10079,14.423621950017086
10080,14.94203378057514
10081,15.771326476848245
10082,16.35938511687533
10083,17.356547337473373
10084,16.39546395635639
10085,15.50574742156283
10086,12.877068312540656
10087,12.408196242228156
10088,16.028788548410873
10089,14.95704842901264
10090,16.505042836563106
10091,15.058910716601758
10092,12.932976515665656
10093,12.413086917438603
10094,14.46486721588236
10095,13.606500027552617
10096,14.813334446848373
10097,13.517247408876853
10098,15.530863743723373
10099,15.76746617156283
10100,16.754753859415658
10101,13.76551304656283
10102,12.98769436431986
10103,14.21816311431986
10104,13.437049672500608
10105,13.05165920806986
10106,14.584133330661784
10107,14.584133330661784
10108,14.836968777552617
10109,15.133214205751853
10110,11.746482667790524
10111,16.124181002626855
10112,16.681785282883215
10113,15.848655400070715
10114,16.149712918177617
10115,14.47203832733322
10116,16.52062231170822
10117,15.476189406290656
10118,16.09513214278747
10119,13.606500027552617
10120,13.679603383438108
10121,16.96119175750033
10122,16.002543431223373
10123,16.06495152312533
10124,16.456681007716053
10125,18.589515492813106
10126,15.262955421778553
10127,13.679603383438108
10128,16.702293095383215
10129,12.928502291689353
10130,14.346885499821774
10131,16.16637426483322
10132,15.50123788213764
10133,16.277398465052617
10134,16.39747811651264
10135,15.53090725494486
10136,15.002068312540656
10137,16.66654327559997
10138,13.961829945938108
10139,16.173565093357098
10140,12.415848488184803
10141,16.33887730437533
10142,16.149712918177617
10143,14.148430617228156
10144,16.914943877536786
10145,14.153321292438603
10146,16.26979256963764
10147,17.50609594452072
10148,17.356547337473373
10149,15.834366554591053
10150,13.785782570216053
10151,14.331870851384274
10152,14.350974736008215
10153,14.986451175251103
10154,14.617959291224972
10155,14.53600317108322
10156,14.584133330661784
10157,15.897533763476758
10158,16.149712918177617
10159,16.861918431223373
10160,15.305614818164258
10161,14.683751315126853
10162,15.656165883438108
10163,14.531107884348373
10164,12.413086917438603
10165,13.263267216476965
10166,16.328995460841053
10167,15.925164491420285
10168,16.83350621062533
10169,15.151038930313108
10170,15.52076207000033
10171,14.53600317108322
10172,15.848655400070715
10173,16.29789093184997
10174,14.66762600494486
10175,12.35664559698139
10176,17.01525121795822
10177,15.877025950976758
10178,17.364954406535745
10179,16.277398465052617
10180,15.848655400070715
10181,12.655640628376103
10182,16.26979256963764
10183,15.165000734196774
10184,17.28885772872497
10185,16.914943877536786
10186,13.76551304656283
10187,13.261002296778553
10188,12.236565945521367
10189,14.981560500040656
10190,15.736488149063108
10191,14.305625734196774
10192,14.683751315126853
10193,15.79567147588764
10194,14.346885499821774
10195,17.356547337473373
10196,15.79567147588764
10197,12.932976515665656
10198,14.108421025070715
10199,15.50574742156283
10200,15.280481750285745
10201,17.157432374821774
10202,14.093179017787472
10203,12.408196242228156
10204,16.935451690036786
10205,15.877025950976758
10206,15.77516366338764
10207,13.828441966601758
10208,19.494045440036786
10209,14.29029332000033
10210,14.410149367228156
10211,14.633201298508215
10212,16.028788548410873
10213,16.83350621062533
10214,17.176414189133215
10215,17.176414189133215
10216,14.68203030181986
10217,15.481080081501103
10218,13.261002296778553
10219,15.501866549501853
10220,17.32435093718783
10221,14.821954129115117
10222,15.834366554591053
10223,17.409572783786786
10224,16.493266087473373
10225,14.00806675750033
10226,14.813334446848373
10227,16.611843032235655
10228,14.11865250073565
10229,13.748804278646451
10230,12.737268859660745
10231,16.483122550279393
10232,18.891046880486154
10233,15.132820927381985
10234,16.206172059923283
10235,15.143639371219866
10236,17.192027966628917
10237,14.667531226324098
10238,12.912282202886598
10239,13.858282468956006
10240,15.732050966173283
10241,16.69094038101316
10242,16.622690684980842
10243,16.59790054761065
10244,15.734627568006985
10245,16.158974162663725
10246,15.27014175854815
10247,15.131398413824098
10248,15.357295106798283
10249,16.697399060378917
10250,15.784067638105842
10251,16.209679410282366
10252,13.77246109448565
10253,16.69094038101316
10254,17.297418950798654
10255,16.69094038101316
10256,15.523462481771451
10257,16.209600828331006
10258,14.652516577886598
10259,16.65360306891373
10260,15.957697271111154
10261,16.337364957157366
10262,15.82765913101316
10263,17.35058259210394
10264,16.335350797001116
10265,14.896935269657366
10266,13.585609904851227
10267,15.879283826003917
10268,14.174355022038727
10269,13.77246109448565
10270,16.311945317986154
10271,16.35961579522894
10272,17.192027966628917
10273,12.212488586223245
10274,15.443140216146451
10275,13.278880993972667
10276,14.068630141610655
10277,16.602182872480842
10278,17.22289704522894
10279,14.758065068006985
10280,13.952722961223245
10281,15.95602027619923
10282,12.212488586223245
10283,15.797388263021451
10284,12.538948857069485
10285,16.683721922081006
10286,13.384239957157366
10287,15.879283826003917
10288,16.12377945386065
10289,13.278880993972667
10290,12.781502568006985
10291,15.834844968956006
10292,16.59790054761065
10293,15.132820927381985
10294,16.622690684980842
10295,14.068630141610655
10296,12.740456096257477
10297,14.271372325605842
10298,17.096811778730842
10299,16.206172059923283
10300,15.299098891610655
10301,16.125987927566417
10302,15.299098891610655
10303,14.140509031456006
10304,15.443140216146451
10305,15.797388263021451
10306,17.35058259210394
10307,16.292017169271453
10308,14.743660771131985
10309,16.602182872480842
10310,17.761687003404393
10311,12.781502568006985
10312,14.204473875206006
10313,13.666466519657366
10314,14.979273028646451
10315,14.15490388116644
10316,14.74364899835394
10317,16.610808097154393
10318,12.538948857069485
10319,17.703974794298283
10320,16.697399060378917
10321,16.417688555990203
10322,14.028818614668342
10323,16.209679410282366
10324,15.784067638105842
10325,16.697399060378917
10326,15.838024060378917
10327,15.493830083611154
10328,16.72826813897894
10329,15.360802457157366
10330,16.683721922081006
10331,16.697399060378917
10332,15.797388263021451
10333,15.27014175854815
10334,16.189093015831006
10335,16.683721922081006
10336,15.211720679449098
10337,15.131398413824098
10338,14.028818614668342
10339,13.967737609660745
10340,13.127693974256985
10341,14.15490388116644
10342,14.540901982069485
10343,15.817896075521451
10344,15.73461929761065
10345,16.117214125985655
10346,13.662959169298283
10347,15.112313114881985
10348,15.943292974236154
10349,13.466577716146451
10350,16.206172059923283
10351,17.297418950798654
10352,16.333857606798283
10353,14.140509031456006
10354,13.415129386216893
10355,12.293025087267033
10356,14.878413270860783
10357,16.811407468956006
10358,16.65360306891373
10359,13.384239957157366
10360,14.973671719852678
10361,13.786403579110655
10362,16.189093015831006
10363,15.715050504032366
10364,12.378870196615201
10365,16.209679410282366
10366,13.415129386216893
10367,13.615728758018506
10368,15.980275366949098
10369,16.59790054761065
10370,13.77246109448565
10371,15.73461929761065
10372,15.506154273199098
10373,16.973967276841893
10374,13.466577716146451
10375,13.981134771111154
10376,13.141686246219866
10377,13.466577716146451
10378,14.657438956529393
10379,14.05468765698565
10380,13.063729130506985
10381,14.881920621219866
10382,15.284084243173155
10383,13.52990738354815
10384,13.615728758018506
10385,15.27014175854815
10386,13.657683097154393
10387,14.431604797160745
10388,16.189093015831006
10389,14.366588513503917
10390,15.797388263021451
10391,15.89513825616644
10392,14.626271460699098
10393,15.485646460699098
10394,15.864269177566417
10395,15.735558316532366
10396,13.657683097154393
10397,13.615728758018506
10398,16.683721922081006
10399,15.89513825616644
10400,13.278880993972667
10401,12.455042297160745
10402,17.707482144657366
10403,16.206172059923283
10404,16.471120093511598
10405,16.717906872878917
10406,14.028818614668342
10407,14.15490388116644
10408,17.192027966628917
10409,13.141686246219866
10410,13.786403579110655
10411,14.648815076003917
10412,15.111297738950563
10413,15.899047245464631
10414,13.794921169921636
10415,17.124454952392497
10416,12.054686794921636
10417,12.546408622752917
10418,13.537765250830832
10419,12.557129820682166
10420,18.997602060670197
10421,13.845136240357695
10422,16.091107074702425
10423,12.62741962659373
10424,13.922484745464631
10425,13.014052141268007
10426,13.366642452392496
10427,13.084558929314825
10428,15.344862688143007
10429,15.862692802440417
10430,17.207152615234136
10431,15.20078388440623
10432,15.420165409527131
10433,14.990614641268007
10434,15.350959677754638
10435,16.74792419858963
10436,16.997705901971074
10437,14.518131710204996
10438,16.869650810252917
10439,13.081910094119666
10440,16.711516389491415
10441,15.726042756678915
10442,16.973977243781228
10443,12.043304574888063
10444,14.284919638692138
10445,16.091107074702425
10446,12.307524690272665
10447,16.95628331723708
10448,15.600385263795195
10449,12.303854911815417
10450,16.186257517218728
10451,14.020206905517496
10452,16.997705901971074
10453,14.254112815114595
10454,15.111297738950563
10455,13.09629169690623
10456,14.059103935252917
10457,14.204711307964631
10458,12.751838584004638
10459,12.303854911815417
10460,15.967177141268007
10461,13.302677608642496
10462,14.11495198732495
10463,13.15219990003123
10464,12.043304574888063
10465,16.997705901971074
10466,15.242230121577425
10467,15.476631064473388
10468,14.779850460204996
10469,15.371794709803915
10470,14.508566825877917
10471,12.043304574888063
10472,14.876838584004638
10473,12.054686794921636
10474,12.741417502614595
10475,13.547894184077425
10476,16.74792419858963
10477,12.771498430330507
10478,15.435180057964631
10479,15.122679958984136
10480,15.746550569178915
10481,17.064659690114595
10482,14.776246031619666
10483,15.248351345702886
10484,15.151001890994666
10485,14.892912873866415
10486,12.054686794921636
10487,12.579467068359136
10488,12.054686794921636
10489,15.669947112908575
10490,12.892600029002917
10491,14.262420785825563
10492,12.568084848325563
10493,11.653709983083345
10494,16.330336320955507
10495,16.401244412109136
10496,14.511732805330507
10497,15.511916508159944
10498,16.418500498170197
10499,14.297364195682166
10500,15.69541279065623
10501,13.265667621577425
10502,14.297364195682166
10503,15.971561885986246
10504,12.525520224629638
10505,14.616668832700563
10506,15.350959677754638
10507,15.752808531619666
10508,14.856568297244666
10509,17.94175695004958
10510,16.25329529233963
10511,15.511916508159944
10512,13.296278703768007
10513,13.087608908864595
10514,16.27380310483963
10515,13.302677608642496
10516,15.22129169690623
10517,14.526747453768007
10518,13.677458772303915
10519,15.967177141268007
10520,15.596478168452425
10521,14.877219169627917
10522,15.684961761346075
10523,12.579467068359136
10524,16.913129404420197
10525,14.502082724629638
10526,15.130494078494666
10527,14.204711307964631
10528,15.625122984744666
10529,14.717980002614595
10530,14.087689951295195
10531,14.454493011346075
10532,14.897726982127917
10533,16.95628331723708
10534,16.064252451295197
10535,13.677458772303915
10536,15.692528342458345
10537,16.997705901971074
10538,13.845136240357695
10539,13.845136240357695
10540,17.45091222348708
10541,15.82309833753123
10542,13.302677608642496
10543,15.499533622752917
10544,12.557129820682166
10545,14.609882808837808
10546,14.044089286815417
10547,15.350959677754638
10548,19.53538487973708
10549,13.014052141268007
10550,12.557129820682166
10551,16.091107074702425
10552,14.038215537129638
10553,15.899047245464631
10554,12.834777225933381
10555,14.84653583753123
10556,13.547894184077425
10557,15.420165409527131
10558,14.518457855096075
10559,14.454493011346075
10560,14.284919638692138
10561,15.596478168452425
10562,15.761698211541388
10563,14.087689951295195
10564,13.845136240357695
10565,18.94871495786208
10566,15.111297738950563
10567,16.74792419858963
10568,14.907927522303915
10569,15.69541279065623
10570,15.899047245464631
10571,14.616668832700563
10572,15.841804404317138
10573,14.840994254048828
10574,15.625122984744666
10575,15.151001890994666
10576,17.488550628533574
10577,12.177960102046175
10578,12.557129820682166
10579,14.990614641268007
10580,15.726042756678915
10581,15.692528342458345
10582,14.305808036815417
10583,16.220671662928915
10584,15.435180057964631
10585,14.625472770362082
10586,12.777897335204996
10587,15.845890499267496
10588,12.285858285825563
10589,13.285614145200563
10590,13.302677608642496
10591,16.418500498170197
10592,14.522971122752917
10593,12.828635185252917
10594,17.207152615234136
10595,16.469221062247204
10596,14.157993236896353
10597,12.570927737956778
10598,15.9045116906327
10599,14.516219738497913
10600,14.582771288015486
10601,14.009768062506911
10602,17.069013542715954
10603,15.835451656256911
10604,14.339550079955037
10605,12.364883425719114
10606,17.176803541819147
10607,16.94587332214254
10608,16.943342155997204
10609,13.072799635569146
10610,14.072555494944146
10611,14.157993236896353
10612,15.111136670074659
10613,14.771319300255875
10614,14.740666982303008
10615,14.052352550997913
10616,13.918102369467654
10617,13.157155825642507
10618,15.733451123199659
10619,16.701206127521353
10620,15.814464460694143
10621,15.141936155128256
10622,16.378632784382702
10623,15.643954468658418
10624,17.192050854083853
10625,15.331310377280154
10626,13.04641388995589
10627,16.943342155997204
10628,15.898239088694146
10629,16.743243128380875
10630,14.837901960694143
10631,12.570927737956778
10632,12.599315704955037
10633,12.914602114705007
10634,14.660344716678008
10635,12.711074831969114
10636,15.373125940880875
10637,14.756888623199659
10638,13.32864045245589
10639,15.686778913819143
10640,14.341445925719114
10641,12.539657238497913
10642,15.898239088694146
10643,13.355026198069146
10644,15.605765576324659
10645,13.841625275267537
10646,12.570927737956778
10647,14.601268829955037
10648,13.364639285094114
10649,16.378632784382702
10650,15.365096691622913
10651,15.149325562408418
10652,13.633212963458853
10653,14.875522533771353
10654,13.861095320069143
10655,15.877302116934704
10656,13.292238765631911
10657,14.577914429595918
10658,14.072555494944146
10659,14.988112285435744
10660,14.875522533771353
10661,16.227085033771353
10662,13.818270874908418
10663,13.355026198069146
10664,16.15815359558004
10665,13.5531933312577
10666,13.841625275267537
10667,12.861339460694143
10668,12.702227503380875
10669,12.46548581172645
10670,15.733451123199659
10671,17.675914869467654
10672,14.890975597872913
10673,12.683782216678008
10674,14.601268829955037
10675,13.124095978392537
10676,12.780326123199659
10677,13.854137525717654
10678,13.292238765631911
10679,14.571666822592654
10680,12.966008779178008
10681,15.141936155128256
10682,15.731436963043409
10683,15.192150007569143
10684,12.537772412262159
10685,15.982595278767507
10686,14.124282839781614
10687,13.157155825642507
10688,12.364883425719114
10689,15.605765576324659
10690,13.382536741065756
10691,15.667308869017537
10692,12.647109988219114
10693,14.832199049631646
10694,13.571910963217654
10695,12.539657238497913
10696,15.190322878844114
10697,15.605765576324659
10698,14.620738874756643
10699,14.011092785372913
10700,15.114140628581778
10701,12.539657238497913
10702,16.206577221271353
10703,11.95870637042464
10704,16.701206127521353
10705,15.0658886437577
10706,14.601268829955037
10707,13.164706421783418
10708,13.157155825642507
10709,14.117902702872204
10710,12.683782216678008
10711,15.365096691622913
10712,15.643954468658418
10713,13.382536741065756
10714,16.227085033771353
10715,14.009768062506911
10716,17.071027702872204
10717,12.841869415892537
10718,15.508474185017507
10719,15.347202221271353
10720,12.818515015533418
10721,16.110280825642505
10722,15.365096691622913
10723,14.898754181517537
10724,14.875522533771353
10725,12.364883425719114
10726,14.157993236896353
10727,14.599443965827223
10728,12.570927737956778
10729,13.571910963217654
10730,16.701206127521353
10731,13.355026198069146
10732,13.355026198069146
10733,12.765975597872913
10734,13.207530866944143
10735,16.943342155997204
10736,14.382292600440756
10737,13.100741578033418
10738,13.288457034831778
10739,13.364639285094114
10740,13.236330562506911
10741,14.539725537262159
10742,17.486540647315756
10743,15.39773224933089
10744,13.875766674396353
10745,15.111136670074659
10746,12.841869415892537
10747,16.389083815256647
10748,12.683782216678008
10749,17.11401610938191
10750,15.898239088694146
10751,13.571910963217654
10752,15.548473463217654
10753,14.228468730748244
10754,13.299117994944146
10755,15.643954468658418
10756,14.55910920245589
10757,14.890975597872913
10758,16.397350416342654
10759,15.812450300537893
10760,17.657197237507702
10761,12.441228505740508
10762,15.630598015372204
10763,15.365096691622913
10764,15.534069166342654
10765,14.124282839781614
10766,15.5297558312577
10767,15.667308869017537
10768,13.419756800255875
10769,14.742484326324659
10770,13.862564089781614
10771,12.821883800997913
10772,15.769625855377168
10773,12.788059154865103
10774,13.087657820069143
10775,13.010012203131911
10776,14.823497663819143
10777,15.373447338458853
10778,15.192150007569143
10779,15.686778913819143
10780,15.131644482574659
10781,13.917681604943375
10782,13.510939433873244
10783,15.733855100440756
10784,12.647109988219114
10785,10.337187526246717
10786,16.314852549014564
10787,13.195472979738938
10788,11.687167002139564
10789,10.858160089523473
10790,10.627837691383355
10791,13.84939905364439
10792,11.140386652023473
10793,15.82430872901531
10794,13.158591179621876
10795,11.79506552141238
10796,14.902983424684217
10797,13.263009718269478
10798,10.73467319769708
10799,14.583384643551671
10800,14.583384643551671
10801,14.356051279483314
10802,11.769716004634152
10803,14.902983424684217
10804,13.398595125960101
10805,11.404940439639564
10806,10.333151726496876
10807,12.742805678222506
10808,14.54574427589031
10809,10.663888624519478
10810,14.633888507082688
10811,11.162386728702064
10812,14.508217120363938
10813,10.858160089523473
10814,12.663962273371876
10815,9.30077427191583
10816,12.02700202783979
10817,13.309736585460623
10818,13.158591179621876
10819,12.902621103702064
10820,11.230110365722506
10821,11.49808069426939
10822,14.45120569426939
10823,10.615606378585973
10824,12.788888624519478
10825,16.006019854738938
10826,10.919347079085101
10827,14.635902667238938
10828,14.32352014739439
10829,12.924474032210101
10830,11.576301771972506
10831,13.453277144508355
10832,11.682777667238938
10833,13.659340167238938
10834,16.314852549014564
10835,10.333151726496876
10836,10.317232920108314
10837,11.90117710394708
10838,13.398595125960101
10839,11.869450693974779
10840,14.109263549801671
10841,12.06649622901531
10842,13.944121871070855
10843,13.756258799014564
10844,12.016420106196652
10845,10.337187526246717
10846,11.769716004634152
10847,12.73980015082208
10848,11.44887411516238
10849,11.44887411516238
10850,10.090598015559376
10851,12.140533003883355
10852,13.21392124457208
10853,11.757945190426671
10854,13.809270929367223
10855,12.196969679206978
10856,13.21392124457208
10857,12.99576135833189
10858,11.72030482276531
10859,10.573155672835101
10860,12.757701049801671
10861,11.20632040422488
10862,11.404940439639564
10863,11.682777667238938
10864,11.79506552141238
10865,13.753854444831978
10866,13.263009718269478
10867,14.27431356828738
10868,13.192268568847506
10869,16.66785729980167
10870,15.786781573488938
10871,12.077421901246717
10872,13.21798548682781
10873,13.082460145259152
10874,10.858160089523473
10875,10.330601961897601
10876,13.34160679144708
10877,14.27431356828738
10878,12.092436549684217
10879,11.47775111182781
10880,13.347376953121984
10881,13.188970636398473
10882,11.757945190426671
10883,14.76515829484988
10884,13.158591179621876
10885,11.230110365722506
10886,12.917635752139564
10887,12.404696299014564
10888,13.34160679144708
10889,14.32352014739439
10890,13.33959263129083
10891,11.72030482276531
10892,10.615606378585973
10893,10.14592808050958
10894,11.440223956301438
10895,14.656393913996876
10896,10.385283980445855
10897,12.06649622901531
10898,11.25552698333189
10899,14.721224619327064
10900,15.489653346559217
10901,13.21392124457208
10902,10.670237670895421
10903,13.082460145259152
10904,11.44887411516238
10905,12.092436549684217
10906,14.54574427589031
10907,11.44887411516238
10908,15.03658900245281
10909,13.453277144508355
10910,14.27431356828738
10911,14.67342982276531
10912,11.440223956301438
10913,10.579741237184217
10914,12.332555086897601
10915,13.50575888078738
10916,11.404940439639564
10917,16.35878622453738
10918,12.104136596676671
10919,14.683745143434217
10920,15.553352553222506
10921,14.902983424684217
10922,14.635902667238938
10923,11.230110365722506
10924,10.573155672835101
10925,16.592689776613938
10926,11.935250929206978
10927,15.82430872901531
10928,12.788888624519478
10929,11.869450693974779
10930,10.573155672835101
10931,14.181221205566256
10932,12.070836336897601
10933,15.243063835871876
10934,14.962163995773473
10935,16.006019854738938
10936,13.77968466203738
10937,14.32352014739439
10938,13.195472979738938
10939,10.579741237184217
10940,15.537749800758355
10941,14.508217120363938
10942,12.560153408181975
10943,12.655949393754492
10944,16.381930751931975
10945,15.24455940747881
10946,12.7400125263168
10947,14.145024424443529
10948,13.41887581372881
10949,13.015421565921748
10950,15.253434176578926
10951,14.159503393551892
10952,15.487262182614392
10953,13.790622158181975
10954,13.373478690629492
10955,12.035373134744475
10956,15.487262182614392
10957,13.2038797138168
10958,16.4991540590105
10959,13.461528316999637
10960,14.834025081546748
10961,10.13960969428555
10962,13.41887581372881
10963,13.170476084599779
10964,14.5436013935043
10965,15.229037685525725
10966,13.079052709182516
10967,12.723263106497154
10968,12.41911995435381
10969,12.4581384340105
10970,12.953312998662279
10971,14.200435958059654
10972,13.27836620316879
10973,12.560153408181975
10974,12.277926845681975
10975,11.51896678910629
10976,15.049721195578906
10977,14.83525096879379
10978,13.01664745316879
10979,12.193669443974779
10980,14.792354903372154
10981,12.733476920401053
10982,14.254489345681975
10983,15.62297069535629
10984,14.174518041989392
10985,13.710283561026053
10986,12.102246068557516
10987,13.91680061841631
10988,16.132426754499637
10989,13.41887581372881
10990,14.390152926578926
10991,15.594211025369475
10992,12.517496761234248
10993,12.655949393754492
10994,11.517740901859248
10995,12.64543831372881
10996,11.193913584599779
10997,11.80119335160629
10998,13.927929662307516
10999,12.224281742453906
11000,13.373478690629492
11001,13.493120475088553
11002,16.191941640460115
11003,12.661822729489392
11004,13.179301754499637
11005,15.394161543997154
11006,14.470865901859248
11007,13.1756677308855
11008,14.417599043997154
11009,11.102490209182516
11010,12.373722831254492
11011,12.1759118715105
11012,12.370164296710115
11013,14.77043831372881
11014,12.70134651685381
11015,13.107172664554561
11016,12.087937734210115
11017,12.441036543997154
11018,14.0527566669418
11019,11.190219326150725
11020,12.224281742453906
11021,11.102490209182516
11022,16.328285648703904
11023,15.253434176578926
11024,12.41911995435381
11025,14.053601049026266
11026,13.079052709182516
11027,11.476140147099779
11028,13.087693593585115
11029,12.087937734210115
11030,16.545040450247154
11031,13.87028514848129
11032,11.733721061026053
11033,15.253434176578926
11034,15.517155772099779
11035,16.2799157777605
11036,13.179301754499637
11037,13.869059261234248
11038,13.736977054953906
11039,11.102490209182516
11040,12.733476920401053
11041,16.765826635739394
11042,13.224037601828906
11043,12.600170873245016
11044,15.487262182614392
11045,14.179057613874637
11046,15.253434176578926
11047,15.041062734210115
11048,13.27836620316879
11049,12.733476920401053
11050,15.049721195578906
11051,12.1759118715105
11052,14.334811611306975
11053,16.132426754499637
11054,12.888141088864392
11055,11.733721061026053
11056,12.7249978778793
11057,13.935311285573
11058,12.193669443974779
11059,14.174518041989392
11060,14.251254492184705
11061,11.517740901859248
11062,11.193913584599779
11063,14.159503393551892
11064,12.4581384340105
11065,11.476140147099779
11066,12.661822729489392
11067,13.179301754499637
11068,17.350948653372154
11069,14.17851936841631
11070,12.506508304953906
11071,13.179301754499637
11072,13.41887581372881
11073,12.224281742453906
11074,14.792354903372154
11075,13.983681156516406
11076,14.992633276364392
11077,14.179057613874637
11078,14.064531607901053
11079,14.343180354984248
11080,15.199162284379492
11081,14.200844242453906
11082,15.050005240713553
11083,13.871403495316992
11084,12.733476920401053
11085,14.913377187335115
11086,11.2273172138168
11087,15.155864254499637
11088,14.133122245316992
11089,15.837724967276053
11090,13.323152823721365
11091,13.574625667484248
11092,12.719914237504492
11093,12.953312998662279
11094,12.7400125263168
11095,14.0527566669418
11096,11.540104990849779
11097,14.779313082828926
11098,17.283305660749637
11099,14.17851936841631
11100,14.350285331254492
11101,13.953731856497154
11102,15.394161543997154
11103,13.963154593949804
11104,11.102490209182516
11105,14.350285331254492
11106,14.771847090872154
11107,11.733721061026053
11108,14.913377187335115
11109,13.49552928910629
11110,14.179057613874637
11111,15.24455940747881
11112,15.487262182614392
11113,14.0527566669418
11114,13.935311285573
11115,16.130412594343387
11116,13.479899104984248
11117,14.74993050122881
11118,15.253434176578926
11119,12.41911995435381
11120,13.41887581372881
11121,12.2270730731918
11122,15.517155772099779
11123,15.492196051198
11124,16.601169033181975
11125,15.199162284379492
11126,13.775607509744475
11127,13.736977054953906
11128,10.522701583059654
11129,13.373939945578906
11130,10.548500492453906
11131,10.50078499341631
11132,10.765255293997154
11133,12.503276363874637
11134,11.107564097295091
11135,10.522701583059654
11136,13.049259940629492
11137,10.522701583059654
11138,10.986041479489392
11139,10.894691898703906
11140,12.046181156516406
11141,13.373939945578906
11142,13.69646370435381
11143,13.577652926578926
11144,14.328959957624637
11145,9.41242310197925
11146,9.8977273700668
11147,13.555270595681975
11148,13.716366133840904
11149,13.523381034379492
11150,12.66862499223129
11151,11.785747066999637
11152,11.81974803910629
11153,12.3769754169418
11154,12.883379264151053
11155,9.3089822528793
11156,9.426708959182516
11157,13.811480932614392
11158,8.754252132327998
11159,12.763474843585115
11160,10.924389623245016
11161,13.530712865432514
11162,13.373939945578906
11163,10.924259940629492
11164,12.525062992453906
11165,13.577652926578926
11166,11.555620475088553
11167,10.697941581254492
11168,10.548500492453906
11169,13.56877815747881
11170,12.66862499223129
11171,15.088497481497154
11172,10.340166373526053
11173,10.830727054953906
11174,13.56877815747881
11175,13.728440663897615
11176,10.412156484210115
11177,10.5001306215105
11178,10.743487768551892
11179,12.795084651859248
11180,11.849711910749637
11181,12.667399104984248
11182,12.379833959182514
11183,12.307899906516406
11184,11.260966793562137
11185,15.895953588864392
11186,9.841959651859248
11187,13.590694747122154
11188,13.577652926578926
11189,12.8514489808855
11190,10.548500492453906
11191,10.697941581254492
11192,14.8233728090105
11193,9.426708959182516
11194,12.564303798806975
11195,10.986041479489392
11196,12.71990120435381
11197,10.765255293997154
11198,14.6041345277605
11199,11.697697440629492
11200,10.74333870435381
11201,14.652504398703906
11202,13.56877815747881
11203,10.986041479489392
11204,11.74309456372881
11205,8.970232291494803
11206,13.811480932614392
11207,12.172770198734248
11208,10.986041479489392
11209,13.09465706372881
11210,10.359591884744475
11211,9.60063182816879
11212,10.894691898703906
11213,10.980168143754492
11214,12.953463955056975
11215,10.948337001931975
11216,14.328959957624637
11217,11.332232885739392
11218,9.815386100088553
11219,9.184155248245016
11220,10.765255293997154
11221,10.12541210160629
11222,9.3089822528793
11223,13.011064811026053
11224,15.65325081372881
11225,12.948199682614392
11226,11.601359065921748
11227,11.354654964359248
11228,13.016215816999637
11229,14.05962288404131
11230,11.4998864808855
11231,9.184155248245016
11232,15.4100427308855
11233,11.34086620316879
11234,9.426708959182516
11235,12.899818851828906
11236,14.516160390460115
11237,12.409258170401053
11238,13.237595937335115
11239,13.939166479489392
11240,12.089562384205813
11241,9.841959651859248
11242,12.409258170401053
11243,9.60063182816879
11244,10.548500492453906
11245,9.60063182816879
11246,12.714371676578926
11247,11.047481856497154
11248,12.169377128129492
11249,9.60063182816879
11250,9.744450693974779
11251,13.373939945578906
11252,13.103531832828926
11253,12.483722143551892
11254,12.667399104984248
11255,12.667399104984248
11256,11.0492166278793
11257,12.25603401685381
11258,10.18937694535629
11259,10.057939811026053
11260,14.967851920401053
11261,9.5515359638168
11262,10.305946781516406
11263,10.057939811026053
11264,13.811480932614392
11265,10.359591884744475
11266,12.262935958059654
11267,10.305946781516406
11268,10.884372158181975
11269,13.45124146135425
11270,11.268268041989392
11271,13.553256435525725
11272,10.602145595681975
11273,13.945963558109248
11274,11.778027318557514
11275,10.765255293997154
11276,12.3769754169418
11277,11.411912343585115
11278,11.74309456372881
11279,12.3769754169418
11280,11.503520504499637
11281,9.84318553910629
11282,12.8514489808855
11283,11.570635123526053
11284,10.74333870435381
11285,13.049259940629492
11286,13.56877815747881
11287,14.967851920401053
11288,15.019015374638274
11289,15.264466487296811
11290,11.425277775512892
11291,15.21759766004902
11292,15.953166132465798
11293,12.84045969997619
11294,14.278992854484311
11295,14.010665959106642
11296,12.949923577763274
11297,15.41382395778869
11298,15.798520778504244
11299,17.551206325379244
11300,13.872670046202177
11301,16.990107873085005
11302,13.51559701729231
11303,13.922114709022505
11304,17.30487027396044
11305,18.357114528504244
11306,18.89849820364794
11307,15.778012966004244
11308,13.157853725987032
11309,14.629855218388274
11310,16.94171109427294
11311,16.802043085590796
11312,14.39948242567402
11313,15.379781774556065
11314,12.795211857544142
11315,15.226673952452177
11316,14.773621760734311
11317,14.843795841919142
11318,14.08276927028869
11319,16.836227482544142
11320,15.95074429739794
11321,16.307414179340796
11322,14.388322475987032
11323,14.58069407497619
11324,15.90845286403869
11325,18.268672326210005
11326,13.74603238333544
11327,14.388322475987032
11328,15.13989817653869
11329,16.47734301021029
11330,15.474284296528298
11331,17.464254430806065
11332,13.74603238333544
11333,14.68210092354231
11334,11.948182307609311
11335,15.74798550833544
11336,16.515986779335005
11337,16.81402554739794
11338,16.398313258972994
11339,11.787919643955782
11340,12.422616363697792
11341,13.44328539302279
11342,15.379781774556065
11343,13.51559701729231
11344,15.036634181824557
11345,14.313741735493565
11346,15.48626675833544
11347,16.307414179340796
11348,12.425143304325774
11349,15.662349084022505
11350,15.0048529668493
11351,13.400990358702177
11352,16.03613841091369
11353,14.475143498169142
11354,15.23810547254902
11355,13.16940561104231
11356,16.272641872254244
11357,15.474284296528298
11358,17.19886935098703
11359,14.59570872341369
11360,15.354359499327177
11361,14.901307307609311
11362,14.257128777958586
11363,15.05957591091369
11364,14.446894982460005
11365,15.99484506416731
11366,15.338424748169142
11367,12.554342321431065
11368,14.92045824458529
11369,12.875627163487032
11370,13.16901367567402
11371,13.42920481716369
11372,14.373307827549532
11373,15.379781774556065
11374,15.99484506416731
11375,15.493136468388274
11376,15.48626675833544
11377,14.65873949458529
11378,12.91850511958529
11379,14.102417057739455
11380,15.379781774556065
11381,15.264466487296811
11382,15.938761835590798
11383,15.379781774556065
11384,16.81402554739794
11385,15.798520778504244
11386,14.165377679325774
11387,12.91850511958529
11388,18.886515741840796
11389,15.50021615791731
11390,14.182015777760292
11391,18.07097093989779
11392,14.64618652723652
11393,14.025680607544142
11394,14.753426910572792
11395,14.86334961317402
11396,12.07335131099154
11397,13.460877620109311
11398,14.052022985493565
11399,16.616989201294142
11400,13.204648708191744
11401,15.924067834022505
11402,16.802043085590796
11403,13.36523997341369
11404,12.230408870109311
11405,15.21759766004902
11406,11.334908844166542
11407,14.86334961317402
11408,16.836227482544142
11409,13.74603238333544
11410,13.922114709022505
11411,12.836568883931065
11412,13.16940561104231
11413,17.18701731716369
11414,14.644259515263274
11415,17.464254430806065
11416,14.944883083191744
11417,16.990107873085005
11418,14.67375414302279
11419,12.795211857544142
11420,12.859176701294142
11421,12.512985295044142
11422,14.010665959106642
11423,15.50128140677294
11424,16.771700921513272
11425,12.180062652760292
11426,13.460877620109311
11427,17.30487027396044
11428,15.98649828364779
11429,16.74585855119779
11430,14.998507562138274
11431,12.401234499327177
11432,15.409360622254244
11433,15.49186937739779
11434,15.354359499327177
11435,12.949923577763274
11436,12.425143304325774
11437,15.43433177028869
11438,14.010665959106642
11439,15.4789740605993
11440,15.90845286403869
11441,15.226945522862032
11442,15.701066616612032
11443,13.875383022862032
11444,14.67375414302279
11445,13.984420841919142
11446,12.90087857474169
11447,15.41382395778869
11448,13.36523997341369
11449,15.829269474731642
11450,14.901307307609311
11451,15.870626501118565
11452,12.91850511958529
11453,16.400327419129244
11454,13.729428981629244
11455,18.09259000052294
11456,15.4789740605993
11457,11.787919643955782
11458,15.778012966004244
11459,14.27081265677294
11460,15.620822015263274
11461,16.763486598816744
11462,15.71222656629902
11463,16.990107873085005
11464,14.39948242567402
11465,16.04547085989794
11466,12.294373713859311
11467,13.729428981629244
11468,13.935311676197792
11469,15.98649828364779
11470,15.338424748169142
11471,11.948182307609311
11472,13.445862971671811
11473,14.993087410320413
11474,15.317313339431452
11475,12.314221127955399
11476,15.121881461500152
11477,15.359598424582462
11478,14.793469174830399
11479,15.616510367750152
11480,14.312946514895229
11481,14.897886295179458
11482,14.767633414625152
11483,11.465839581301479
11484,11.079940437664163
11485,12.859067910861999
11486,14.757791783957462
11487,12.553547100832729
11488,12.08969832088209
11489,14.403257388929458
11490,15.959200679205878
11491,13.618711465549499
11492,14.498458504070413
11493,15.347443538140217
11494,14.518966316570413
11495,12.354673404554458
11496,13.491629745681452
11497,16.62600799126522
11498,12.58762312556959
11499,11.780763098389375
11500,14.63189874629415
11501,13.167403816570413
11502,12.250256284205399
11503,12.804230647515217
11504,14.049009342054458
11505,15.693910071045625
11506,13.480725034205399
11507,11.859312051486999
11508,15.142389274000152
11509,12.868470617920625
11510,13.40142999629415
11511,12.679374224202402
11512,14.793469174830399
11513,13.930175753695256
11514,12.859067910861999
11515,13.618711465549499
11516,14.852814631890217
11517,15.378986553957729
11518,15.473114924858967
11519,14.522094699007756
11520,11.318765905051212
11521,14.897886295179458
11522,14.776870624482795
11523,13.073297477125152
11524,15.120577632330878
11525,15.359380792648473
11526,16.182554238987
11527,16.435487613481648
11528,13.553302960207729
11529,14.190122598361999
11530,12.774100448806452
11531,13.338455097139045
11532,15.693910071045625
11533,13.989554550368952
11534,13.727429135767899
11535,10.738052265107795
11536,14.996215792757756
11537,12.072446842054458
11538,14.885259698898473
11539,14.423765201429458
11540,13.683471652132756
11541,12.107986347139045
11542,13.607882319830878
11543,12.491873886306452
11544,17.93112450733088
11545,12.170776339632756
11546,11.825759784639045
11547,14.468436386306452
11548,14.066242413332729
11549,12.791070914625152
11550,14.767633414625152
11551,13.11920343379415
11552,12.859067910861999
11553,11.968029721705399
11554,13.553302960207729
11555,12.825515644014045
11556,15.378986553957729
11557,10.84738875056959
11558,14.457902380615938
11559,13.802322284639045
11560,14.319348081080399
11561,12.08969832088209
11562,11.859312051486999
11563,12.774100448806452
11564,15.616510367750152
11565,15.442984726150202
11566,12.522004085015217
11567,14.177078144014045
11568,14.312946514895229
11569,11.968029721705399
11570,12.791070914625152
11571,14.843192245681452
11572,12.194348081080399
11573,16.43332177295588
11574,13.521759944390217
11575,13.150697180420625
11576,15.175596231174499
11577,13.073297477125152
11578,14.019684749077717
11579,17.71188622608088
11580,16.395689029554458
11581,15.504657940676479
11582,14.996215792757756
11583,13.585159198701545
11584,15.359380792648473
11585,13.993439631890217
11586,12.791070914625152
11587,12.791070914625152
11588,13.890108882330878
11589,10.880322202174149
11590,14.515705303957729
11591,12.779865460207729
11592,12.170776339632756
11593,13.607882319830878
11594,16.65755100708273
11595,15.584444819830878
11596,11.968029721705399
11597,14.147338839632756
11598,13.790826774000152
11599,13.683471652132756
11600,16.895074820875152
11601,12.859067910861999
11602,12.279450374077717
11603,13.465710385767899
11604,12.859067910861999
11605,15.347443538140217
11606,14.383035924582462
11607,13.802322284639045
11608,14.463358190207462
11609,14.368631627707462
11610,13.073297477125152
11611,15.367281733893378
11612,13.890108882330878
11613,12.08969832088209
11614,15.616510367750152
11615,12.449874519695413
11616,13.834200679205878
11617,13.831846256116958
11618,15.938692866705878
11619,12.163919713644962
11620,12.449874519695413
11621,12.553547100832729
11622,15.838288264702717
11623,12.167647957195413
11624,15.616510367750152
11625,14.004569198806452
11626,13.465710385767899
11627,14.63189874629415
11628,14.793469174830399
11629,13.919168737082462
11630,13.557461484400712
11631,16.395689029554458
11632,14.190122598361999
11633,12.553547100832729
11634,14.812437051486999
11635,10.84738875056959
11636,16.271651863445413
11637,13.167403816570413
11638,13.491629745681452
11639,11.859312051486999
11640,16.107355094312652
11641,12.868470617920625
11642,13.618711465549499
11643,11.968029721705399
11644,12.553547100832729
11645,13.570127506116958
11646,17.442445621294148
11647,14.904865460207729
11648,12.393966316570413
11649,13.11920343379415
11650,14.156570331514045
11651,14.498566585015217
11652,12.406473424582462
11653,11.08994246150709
11654,12.868470617920625
11655,13.790826774000152
11656,13.072202701429458
11657,13.831846256116958
11658,16.490890144695413
11659,12.571673843000212
11660,12.500665737644347
11661,11.172356109325767
11662,13.98523469748098
11663,12.571673843000212
11664,12.782892300144347
11665,11.71705091618443
11666,12.500665737644347
11667,11.71705091618443
11668,15.555890336080996
11669,15.428204789205996
11670,16.993292803120966
11671,13.603432038527892
11672,15.522784682843962
11673,12.106673022769822
11674,12.76178787202108
11675,14.577602855686845
11676,16.993292803120966
11677,13.02911026667118
11678,14.54249036930943
11679,15.051723949436845
11680,12.670036773388267
11681,14.156261026451354
11682,13.306482678879743
11683,15.618150818956673
11684,13.255012498952986
11685,15.220099443745967
11686,16.41434031585038
11687,16.330288402561845
11688,15.861335741140486
11689,12.226284496311845
11690,14.161105605695525
11691,13.074937928331673
11692,12.226284496311845
11693,15.908946573326354
11694,13.134514312450767
11695,14.957558015090392
11696,11.804942667076354
11697,15.618150818956673
11698,11.71705091618443
11699,12.931755523388267
11700,14.068831225894822
11701,14.851984097019347
11702,12.571673843000212
11703,14.083235522769822
11704,13.090853987725382
11705,12.782892300144347
11706,12.258112026706847
11707,12.670036773388267
11708,14.06836927555943
11709,13.523674468700767
11710,13.21473158024693
11711,14.84851594748098
11712,15.042208968194132
11713,13.985683910374345
11714,14.916537581475382
11715,14.696110590065082
11716,15.15411026667118
11717,12.106673022769822
11718,11.172356109325767
11719,13.80254776667118
11720,14.708442674734236
11721,11.641273835402892
11722,16.10899554551917
11723,11.641273835402892
11724,11.864119311832322
11725,15.714728349995967
11726,16.41434031585038
11727,14.54249036930943
11728,14.630382120201354
11729,11.923500397902892
11730,15.745277741652892
11731,15.553876175924746
11732,13.997795562450767
11733,16.604669643894347
11734,13.228767381765486
11735,17.799201006245966
11736,14.552110779894173
11737,12.091098128350382
11738,12.091098128350382
11739,15.842413896870967
11740,13.972084382277892
11741,12.889288896870967
11742,13.99963899435598
11743,12.889288896870967
11744,13.767100870201354
11745,12.889288896870967
11746,15.123521912706673
11747,15.33936067404348
11748,15.121226846763854
11749,11.71705091618443
11750,13.588778792412882
11751,14.557550503269347
11752,16.128184854576354
11753,14.04786146305943
11754,11.71705091618443
11755,12.643791656200767
11756,11.804942667076354
11757,14.466713288527892
11758,12.602765336080996
11759,15.407382308037882
11760,13.781505167076354
11761,15.428204789205996
11762,11.804942667076354
11763,12.792711365831673
11764,14.579327836080996
11765,13.52075715841848
11766,15.451776577488097
11767,15.144029725206673
11768,13.400673249465392
11769,12.853900405500212
11770,12.500665737644347
11771,15.13360245417118
11772,15.123521912706673
11773,12.804698526451354
11774,12.02307649435598
11775,12.853900405500212
11776,13.997795562450767
11777,14.851984097019347
11778,13.500421597019347
11779,14.457991382144822
11780,14.37439485373098
11781,11.641273835402892
11782,14.932112475894822
11783,15.059798022769822
11784,15.908946573326354
11785,12.226284496311845
11786,13.850497542412882
11787,13.255012498952986
11788,12.571673843000212
11789,13.500421597019347
11790,12.71680677555943
11791,13.69361341618443
11792,14.466713288527892
11793,11.172356109325767
11794,15.240607256245967
11795,12.02307649435598
11796,14.552110779894173
11797,11.848544417412882
11798,13.80254776667118
11799,12.80279190729618
11800,15.62823136042118
11801,12.226284496311845
11802,11.804942667076354
11803,13.866072436832322
11804,14.84851594748098
11805,13.889044756245967
11806,12.087169229576354
11807,12.782892300144347
11808,14.084369155500212
11809,15.15411026667118
11810,14.630382120201354
11811,14.156261026451354
11812,14.933575882955996
11813,16.62696302555943
11814,11.454582671825767
11815,13.602521195455996
11816,13.571429702375212
11817,11.804942667076354
11818,16.429915210269822
11819,15.397113296125212
11820,11.71705091618443
11821,13.226040355686845
11822,15.059798022769822
11823,13.992592194777892
11824,15.428204789205996
11825,13.696104785465135
11826,12.388899585269822
11827,14.386969560933467
11828,12.087169229576354
11829,13.516731248952986
11830,17.00101023772538
11831,12.30530305685598
11832,11.804942667076354
11833,13.69361341618443
11834,15.714728349995967
11835,14.630382120201354
11836,11.804942667076354
11837,13.074937928331673
11838,12.804698526451354
11839,13.617836335402892
11840,14.67017591618443
11841,12.226284496311845
11842,11.757331834890486
11843,14.630382120201354
11844,11.71705091618443
11845,15.733029976837319
11846,18.083791718686477
11847,15.796006967679217
11848,15.806066940971272
11849,14.947130014554217
11850,13.34278456701588
11851,13.653597562064338
11852,15.490470136424719
11853,13.326818894096272
11854,13.58533827795338
11855,15.52728318969281
11856,14.65248217703909
11857,12.9997260137243
11858,13.513913765899819
11859,12.561844953467238
11860,14.483262827054217
11861,14.19952440063031
11862,14.92640795828909
11863,15.999319062436475
11864,13.411698944530363
11865,16.082597382030364
11866,16.69960131766409
11867,15.796006967679217
11868,12.819571698924719
11869,14.382612618124812
11870,12.4109808965368
11871,14.67840623656781
11872,15.65496873656781
11873,15.359175118124812
11874,15.362784589549719
11875,14.346072683958345
11876,14.94691577078909
11877,15.722334297812312
11878,14.493322800346272
11879,13.759437580274904
11880,12.389503498243654
11881,14.942785690971272
11882,15.806066940971272
11883,15.321885873929217
11884,14.642167694530363
11885,13.475663788280363
11886,15.03265428344281
11887,14.493322800346272
11888,16.51005402437481
11889,14.9843451543493
11890,14.868155683299719
11891,14.426394949583345
11892,12.87782397391409
11893,16.58190692996232
11894,15.954911835155363
11895,14.10829272391409
11896,14.92640795828909
11897,15.194949637083345
11898,13.234657306837404
11899,12.980627487846272
11900,12.163496407187312
11901,14.642167694530363
11902,16.41077773107838
11903,15.91614882482838
11904,15.93665663732838
11905,12.70184373656781
11906,14.1249701543493
11907,15.999319062436475
11908,15.331945847221272
11909,15.999319062436475
11910,12.565890042533088
11911,15.808021564649904
11912,12.041764862499113
11913,12.98407029906781
11914,15.42103686453909
11915,16.479037015189338
11916,14.92640795828909
11917,13.653597562064338
11918,14.6300971074743
11919,15.09803359045338
11920,12.728013803616717
11921,15.05316209594281
11922,13.456106171811475
11923,13.04803514281781
11924,14.296744550487219
11925,15.227903023712319
11926,15.54670825125784
11927,14.368208321249812
11928,14.102658883087319
11929,15.60464544731805
11930,16.302650470899906
11931,15.999319062436475
11932,12.6535346074743
11933,14.21453904906781
11934,15.362784589549719
11935,12.9357611699743
11936,13.653597562064338
11937,12.738073776908772
11938,13.252794077054217
11939,13.34278456701588
11940,14.58509413732838
11941,12.4109808965368
11942,12.738073776908772
11943,15.231489571249812
11944,15.796006967679217
11945,15.136037812436475
11946,11.50788989188284
11947,15.630160062064338
11948,13.252794077054217
11949,14.478308151908772
11950,15.630160062064338
11951,12.70184373656781
11952,15.525197968686475
11953,18.039384491405364
11954,16.490163788998977
11955,16.302650470899906
11956,14.008780683299719
11957,15.301378061429217
11958,13.823402424024904
11959,12.931325898373975
11960,15.412996976126838
11961,16.479037015189338
11962,11.61413621703656
11963,14.600907928905363
11964,16.969881741751838
11965,15.984408108939338
11966,13.840945730833345
11967,15.733029976837319
11968,13.877485664999812
11969,14.291275499263122
11970,12.688276680624812
11971,12.406050118124812
11972,14.974891681837404
11973,13.129472382030363
11974,15.488455976268469
11975,15.91188159110159
11976,15.615755765189338
11977,12.980627487846272
11978,15.453773517774904
11979,14.947130014554217
11980,14.67840623656781
11981,14.729966928616717
11982,15.321885873929217
11983,15.091630585155363
11984,12.970567514554217
11985,13.234657306837404
11986,15.150442109311475
11987,16.9767767949743
11988,12.294791425487219
11989,16.08727802371232
11990,14.382612618124812
11991,16.302650470899906
11992,15.806066940971272
11993,15.231489571249812
11994,15.05316209594281
11995,16.428321857618656
11996,14.09327807547659
11997,13.411698944530363
11998,14.499503339549719
11999,14.686574921811475
12000,14.442003061429217
12001,14.038694039337319
12002,12.9997260137243
12003,15.56190077795338
12004,13.918745430624812
12005,13.58533827795338
12006,13.035966047217238
12007,13.234657306837404
12008,15.923692514554217
12009,13.823402424024904
12010,13.34278456701588
12011,15.984408108939338
12012,15.52728318969281
12013,13.823402424024904
12014,15.460282928905363
12015,14.513907636424719
12016,12.59559741141409
12017,15.194949637083345
12018,14.1512152715368
12019,14.94691577078909
12020,14.468248178616717
12021,17.07457142080422
12022,15.984408108939338
12023,15.91188159110159
12024,14.478308151908772
12025,13.411043851126838
12026,12.4109808965368
12027,16.41077773107838
12028,15.999319062436475
12029,14.050040448924719
12030,16.08727802371232
12031,14.038694039337319
12032,13.58533827795338
12033,12.651736746458345
12034,16.445756561717864
12035,12.369510183958345
12036,13.59535327078909
12037,16.08727802371232
12038,14.339743523371876
12039,13.70278327783979
12040,10.97655552191583
12041,15.99930139739439
12042,15.72689661964031
12043,12.339669874519478
12044,14.510503839523473
12045,14.019353037724779
12046,15.335121417238938
12047,13.12465536516238
12048,12.113351515144478
12049,13.70278327783979
12050,14.12441122453738
12051,14.305821688460101
12052,15.731331068847506
12053,13.358558917238938
12054,15.080961940309217
12055,12.113351515144478
12056,16.16826694769708
12057,14.63735067766238
12058,14.41558140082208
12059,16.217355421394476
12060,13.62240443214031
12061,13.248692782210101
12062,15.47597372453738
12063,13.303374800758355
12064,16.38750522894708
12065,14.019353037724779
12066,13.113107374519478
12067,14.014921901246717
12068,14.284120301509152
12069,13.362948252139564
12070,12.529937300758355
12071,12.303618941383355
12072,13.480368523371876
12073,12.905891615722506
12074,12.113351515144478
12075,13.113107374519478
12076,14.495323378417819
12077,12.663337904785006
12078,16.03680584838415
12079,12.255522487184217
12080,12.303618941383355
12081,14.263612489009152
12082,15.129058394508355
12083,13.188118178222506
12084,14.63735067766238
12085,18.03456747453738
12086,14.88970249457208
12087,14.031622003585973
12088,12.533941339523473
12089,15.785044799801671
12090,15.785044799801671
12091,14.263612489009152
12092,15.52518030364439
12093,14.62233602922488
12094,15.074376375960101
12095,14.931407104489171
12096,13.40688192766238
12097,15.236702162597506
12098,13.660044799801671
12099,13.905647475097506
12100,13.40688192766238
12101,14.90878138526531
12102,13.35097372453738
12103,13.67831263526531
12104,13.358558917238938
12105,16.38685144042667
12106,14.080477549014564
12107,14.665291029785006
12108,16.031832529483314
12109,13.358558917238938
12110,13.67831263526531
12111,13.362948252139564
12112,13.753203151246717
12113,16.3529408290851
12114,15.906161142764564
12115,14.444162062019478
12116,14.019353037724779
12117,15.571806666871717
12118,13.746617586897601
12119,14.93326135833189
12120,16.25916589355167
12121,14.68655725676939
12122,17.53773034667667
12123,15.325217156184376
12124,17.50008997901531
12125,11.932801942134152
12126,11.932801942134152
12127,12.905891615722506
12128,13.433726440426671
12129,13.704750323488938
12130,17.229133803222506
12131,12.06426304144708
12132,12.291159538996876
12133,12.531163485335101
12134,15.432040049014564
12135,15.764536987301671
12136,12.529937300758355
12137,12.159120301509152
12138,13.303374800758355
12139,14.758241395259152
12140,12.816167902023473
12141,15.117958331301438
12142,12.291159538996876
12143,12.533941339523473
12144,14.634429488258355
12145,14.444162062019478
12146,13.17386194426939
12147,14.758241395259152
12148,12.303618941383355
12149,14.885926942134152
12150,14.634429488258355
12151,12.838167978702064
12152,13.40688192766238
12153,15.410288940426671
12154,13.06401890082208
12155,16.25604412963415
12156,13.82366245550958
12157,15.15548548682781
12158,14.232084987184217
12159,12.08615442473814
12160,12.113351515144478
12161,14.444162062019478
12162,13.45608850676939
12163,14.938790968269478
12164,16.031832529483314
12165,13.17386194426939
12166,13.113107374519478
12167,13.17386194426939
12168,14.62233602922488
12169,14.88405477922488
12170,11.932801942134152
12171,13.909364442134152
12172,15.785044799801671
12173,14.12114780707208
12174,15.99930139739439
12175,14.578402353702064
12176,12.255522487184217
12177,14.433482299801671
12178,16.674843096926438
12179,11.932801942134152
12180,13.307040049014564
12181,14.080477549014564
12182,15.410288940426671
12183,14.834372429621876
12184,12.34648960394708
12185,17.462562823488938
12186,14.280181441383355
12187,12.215028504634152
12188,14.864751886398473
12189,13.768217799684217
12190,12.061065230445855
12191,16.22152552589031
12192,14.360251335871876
12193,14.080477549014564
12194,12.533941339523473
12195,14.758241395259152
12196,13.248692782210101
12197,16.25916589355167
12198,14.293340753585973
12199,14.019353037724779
12200,14.834372429621876
12201,13.433726440426671
12202,15.906161142764564
12203,15.432040049014564
12204,14.960043816340626
12205,12.601713893434217
12206,12.905891615722506
12207,15.74740443214031
12208,15.45297083839031
12209,15.50467249114439
12210,15.01738804144708
12211,12.012968776246717
12212,13.113107374519478
12213,15.38054722113458
12214,16.637945245773473
12215,12.905891615722506
12216,13.905647475097506
12217,16.22152552589031
12218,12.303618941383355
12219,13.188118178222506
12220,14.075509718269478
12221,13.418772706015572
12222,12.562648392249567
12223,13.027794455739595
12224,14.356704869697976
12225,10.499896099760106
12226,10.81821852355002
12227,13.549761822416356
12228,16.780045116977952
12229,12.916275182197976
12230,13.734390416572976
12231,15.335594155558443
12232,15.361997590506228
12233,13.994509999446489
12234,13.918414166166356
12235,14.371030793631228
12236,12.956367883627887
12237,12.18992195181988
12238,13.918414166166356
12239,15.186417187290454
12240,11.456614502890572
12241,15.762292189274799
12242,12.365075392399799
12243,10.946681595374567
12244,12.012107827433443
12245,13.549761822416356
12246,16.366526612265574
12247,13.365738072822976
12248,11.238670327433443
12249,11.682932862265572
12250,13.938921978666356
12251,11.161026158760476
12252,12.245658705016833
12253,12.18992195181988
12254,13.605349843196489
12255,12.525047280558443
12256,11.321165070974978
12257,13.235991244142696
12258,11.161026158760476
12259,11.031279330080196
12260,13.588235107421472
12261,13.232623402766801
12262,12.814538283024799
12263,13.085284283353856
12264,13.100298931791356
12265,13.425929642249567
12266,14.371030793631228
12267,14.596316640071489
12268,11.245902845641833
12269,10.186125521486446
12270,12.350060743962299
12271,13.418772706015572
12272,11.400637929133989
12273,13.549761822416356
12274,14.221451366977954
12275,10.782425488071704
12276,14.356704869697976
12277,12.758598158141833
12278,12.743583509704333
12279,13.974002186946489
12280,12.753609094565387
12281,14.371030793631228
12282,12.814538283024799
12283,14.739683137381228
12284,14.071342298766833
12285,14.468117919921472
12286,12.956367883627887
12287,14.468117919921472
12288,11.012351968058443
12289,11.161026158760476
12290,9.924644448527193
12291,10.93809157042502
12292,9.764672560368549
12293,13.832291210727954
12294,13.140872304133989
12295,13.382828320102954
12296,11.198571486149799
12297,11.345049908353856
12298,13.365738072822976
12299,11.078698439274799
12300,12.350060743962299
12301,11.358543374308443
12302,13.208061048766833
12303,12.506904993002887
12304,10.59190016417502
12305,14.923732376624567
12306,16.440041748046472
12307,13.597221205016833
12308,15.361997590506228
12309,13.100298931791356
12310,12.343117919921472
12311,14.923732376624567
12312,14.760190949881228
12313,10.017024840062092
12314,13.938921978666356
12315,12.743583509704333
12316,12.94321852355002
12317,12.113185501624567
12318,12.506904993002887
12319,13.921567903006228
12320,13.891075705739595
12321,12.399026123046472
12322,11.627579296665454
12323,10.826808548499567
12324,12.901260533760476
12325,13.549761822416356
12326,10.994209680502887
12327,11.682932862265572
12328,13.208061048766833
12329,11.749771275947976
12330,14.91514235167502
12331,15.922264077433443
12332,13.832291210727954
12333,11.772273863499592
12334,14.468631093196489
12335,11.273833041017696
12336,12.216324413852954
12337,14.760190949881228
12338,12.10459547667502
12339,13.549761822416356
12340,13.347003033353856
12341,12.071925735999567
12342,14.381920432302095
12343,13.706231323241784
12344,14.078957763671472
12345,12.590389097874592
12346,10.994209680502887
12347,11.003349134704333
12348,10.751655969565387
12349,10.485896910374592
12350,15.50181227355002
12351,15.335594155558443
12352,10.59190016417502
12353,13.734390416572976
12354,13.706231323241784
12355,14.168664259587299
12356,10.826808548499567
12357,12.758598158141833
12358,9.50419264464377
12359,12.06333571105002
12360,14.221451366977954
12361,12.758598158141833
12362,13.005302259704333
12363,13.367813671665454
12364,9.512782669593317
12365,13.805505079899799
12366,13.235991244142696
12367,13.116555419921472
12368,15.317451868002887
12369,11.528129408141833
12370,13.549761822416356
12371,12.55405836730002
12372,14.199027845641833
12373,13.183190626774799
12374,12.928050049765572
12375,10.34934645323752
12376,13.027794455739595
12377,14.168272004568728
12378,13.216013916953072
12379,12.012107827433443
12380,10.609826368962299
12381,13.677819533024799
12382,13.706231323241784
12383,11.031279330080196
12384,11.600246048499567
12385,13.418772706015572
12386,12.956367883627887
12387,16.76326326730903
12388,15.173831504613716
12389,16.697904444052586
12390,17.482258726143364
12391,16.693237034406717
12392,14.122318372340255
12393,14.093345022274661
12394,16.189689405390055
12395,13.846130100812967
12396,14.933837620344217
12397,14.122318372340255
12398,17.759277073469217
12399,19.277835410863716
12400,17.264648167219217
12401,15.593753919215255
12402,13.6505501106179
12403,16.473636731715253
12404,14.093345022274661
12405,16.169514585518364
12406,14.933837620344217
12407,17.999270957738716
12408,15.881717786402755
12409,18.025663233115086
12410,14.73825763014915
12411,13.846130100812967
12412,14.296289893322001
12413,15.02048419264915
12414,15.02048419264915
12415,17.482258726143364
12416,17.230716270238716
12417,17.40962920196216
12418,17.073429212184003
12419,14.933837620344217
12420,17.08957598952415
12421,14.947885894781349
12422,16.895995823469217
12423,13.034610852809005
12424,13.577951812750099
12425,18.153348779990086
12426,14.947885894781349
12427,14.122318372340255
12428,15.173831504613716
12429,16.618977476143364
12430,18.980061460518364
12431,17.607930112862114
12432,19.304227686240086
12433,16.13709487915635
12434,15.603495093517314
12435,15.485498877697001
12436,14.122318372340255
12437,17.56369708327415
12438,14.404544934840255
12439,17.6893684699929
12440,14.947885894781349
12441,18.84226153639915
12442,15.200223779990086
12443,15.852744436337161
12444,15.682776784969974
12445,14.656819273018364
12446,14.73825763014915
12447,17.999270957738716
12448,15.715568311640054
12449,18.445560559840253
12450,16.910400120344217
12451,15.173831504613716
12452,15.326408155390054
12453,16.416218687080864
12454,16.62781753540635
12455,18.118067237072
12456,14.656819273018364
12457,14.375571584774661
12458,14.665659332281349
12459,13.577951812750099
12460,14.933837620344217
12461,15.200223779990086
12462,16.91878447539966
12463,14.112516260458836
12464,14.404544934840255
12465,14.933837620344217
12466,17.49109878540635
12467,16.189689405390055
12468,16.96517417066575
12469,14.093345022274661
12470,16.44466338164966
12471,16.633381773018364
12472,16.473636731715253
12473,16.405273167219217
12474,19.304227686240086
12475,14.933837620344217
12476,13.034610852809005
12477,15.656575132393364
12478,19.523465967490086
12479,18.19734892852466
12480,17.49109878540635
12481,17.759277073469217
12482,15.02048419264915
12483,13.005637502743411
12484,15.216064182844217
12485,15.603495093517314
12486,17.257108545615086
12487,19.037841526594217
12488,14.122318372340255
12489,14.939045835518364
12490,14.086123985082466
12491,18.118067237072
12492,18.151334619833836
12493,14.665659332281349
12494,16.947757825465253
12495,16.947757825465253
12496,16.99646987915635
12497,16.71482013014915
12498,16.070948096447
12499,14.122318372340255
12500,15.011850738531349
12501,16.070948096447
12502,14.691283909406717
12503,17.073429212184003
12504,16.895995823469217
12505,17.504642051488716
12506,17.759277073469217
12507,16.16333999634385
12508,17.162381983115086
12509,17.551542139365086
12510,18.025663233115086
12511,16.910400120344217
12512,17.08957598952415
12513,16.446532932844217
12514,19.277835410863716
12515,19.00325713164966
12516,14.73825763014915
12517,18.84226153639915
12518,16.05550322539966
12519,15.200223779990086
12520,15.482450342490086
12521,14.093345022274661
12522,16.189689405390055
12523,14.947885894781349
12524,16.933230918676216
12525,19.523465967490086
12526,16.633381773018364
12527,16.189689405390055
12528,18.41658720977466
12529,19.06149981764915
12530,17.759277073469217
12531,19.304227686240086
12532,15.200223779990086
12533,15.173831504613716
12534,18.337305518322
12535,16.72254409790635
12536,16.933230918676216
12537,17.56369708327415
12538,14.014063330822001
12539,13.569111753487114
12540,16.189689405390055
12541,16.189689405390055
12542,18.226322278590253
12543,16.098880872340253
12544,16.947757825465253
12545,14.360254737072001
12546,14.093345022274661
12547,16.473636731715253
12548,14.656819273018364
12549,16.169514585518364
12550,16.671659326865086
12551,18.126956504613716
12552,16.686526817113716
12553,17.56369708327415
12554,17.08957598952415
12555,14.375571584774661
12556,16.06990752227466
12557,14.112516260458836
12558,16.91878447539966
12559,14.957670069052586
12560,16.16333999634385
12561,17.49109878540635
12562,17.551542139365086
12563,15.200223779990086
12564,16.959623194052586
12565,14.122318372340255
12566,17.884948460187967
12567,13.569111753487114
12568,15.482450342490086
12569,14.73825763014915
12570,14.665659332281349
12571,16.819727386346074
12572,11.152853935252917
12573,16.033814390994664
12574,12.46005913544823
12575,13.54551044690623
12576,12.338026750643007
12577,13.52500263440623
12578,13.669081438143007
12579,16.819727386346074
12580,12.119139919921636
12581,12.949691520362082
12582,11.849494834004638
12583,12.583617458984136
12584,12.301931754048828
12585,12.832785575877917
12586,12.835951555330507
12587,12.832785575877917
12588,13.776335725428915
12589,10.631743440272665
12590,14.14731708753123
12591,12.589642230952425
12592,15.172981162129638
12593,12.66562763440623
12594,13.165213004048828
12595,14.208861698589631
12596,12.589642230952425
12597,12.563316916677095
12598,13.669081438143007
12599,13.086060484744666
12600,12.609138388692138
12601,14.458643401971075
12602,17.85960362973708
12603,12.246703495464631
12604,14.163710344393007
12605,13.435516488950563
12606,12.825035666677095
12607,14.170109249267496
12608,13.232146272303915
12609,11.408777679314825
12610,13.802863974629638
12611,12.927702653963319
12612,14.374066904420195
12613,14.598021854839631
12614,11.42051044690623
12615,11.344669796142496
12616,14.709090934424582
12617,12.811897177754638
12618,13.15635029065623
12619,14.085916961541388
12620,10.036194762088416
12621,13.475220640994666
12622,12.169354990357695
12623,13.718139042339631
12624,14.291395891268007
12625,12.43917073732495
12626,13.086060484744666
12627,15.199828495464631
12628,13.15635029065623
12629,11.158995975933381
12630,12.713334044314978
12631,12.065392111989595
12632,13.54551044690623
12633,12.362434287129638
12634,10.367523324888063
12635,17.85960362973708
12636,13.572570095702886
12637,12.362434287129638
12638,15.51743427503123
12639,9.977928733083345
12640,11.54038349378123
12641,13.306827999267496
12642,15.172981162129638
12643,11.719450959803915
12644,10.256962276611246
12645,11.861984000830832
12646,13.446898708984136
12647,12.342062919627917
12648,13.15635029065623
12649,12.949691520362082
12650,13.967920745721075
12651,13.675480343017496
12652,12.107757699888063
12653,13.949447379737082
12654,10.892303598325563
12655,11.19419208753123
12656,14.462386832862082
12657,12.592894901714631
12658,13.300429094393007
12659,13.15635029065623
12660,13.937743435546636
12661,14.374066904420195
12662,9.522369516294313
12663,14.944701443359136
12664,14.544890412928915
12665,15.728192880982695
12666,11.344669796142496
12667,13.246459354839631
12668,11.338270891268007
12669,16.56994568296463
12670,13.574584255859136
12671,13.232146272303915
12672,14.827295745721075
12673,14.001340463990507
12674,15.301009879737082
12675,11.095717180330507
12676,11.096945732127917
12677,13.669081438143007
12678,13.924604013795195
12679,14.847803558221075
12680,16.254581905517497
12681,13.300429094393007
12682,16.042693147303915
12683,15.661513078768007
12684,10.631743440272665
12685,12.362434287129638
12686,13.306827999267496
12687,10.502178852046175
12688,15.388878440114595
12689,15.759651084004638
12690,14.374066904420195
12691,12.081512582700563
12692,15.193869560252917
12693,10.870627372752917
12694,14.374066904420195
12695,12.496485198846075
12696,14.763227060670195
12697,13.201437919627917
12698,13.086060484744666
12699,11.589886371577425
12700,14.944701443359136
12701,13.396446799489595
12702,12.578331565114595
12703,9.533751736327886
12704,11.096945732127917
12705,16.042693147303915
12706,15.321924651971075
12707,16.033814390994664
12708,12.583617458984136
12709,12.655068015309908
12710,14.672575959803915
12711,13.696066825877917
12712,10.036194762088416
12713,12.572235238950563
12714,13.300429094393007
12715,13.061321918452425
12716,12.583617458984136
12717,14.223265995464631
12718,15.902816520362082
12719,12.583617458984136
12720,12.70688740003123
12721,12.583617458984136
12722,17.27293370786208
12723,12.473021854839631
12724,14.208861698589631
12725,14.51047626721873
12726,12.989922256539481
12727,10.702411555798061
12728,12.12941705790659
12729,12.252955412270314
12730,13.708963094492383
12731,14.821467503079363
12732,10.883523641367383
12733,13.615657253030509
12734,14.098484504536305
12735,13.607761848286305
12736,14.987527547617383
12737,11.400490493844169
12738,12.21186891159443
12739,13.969905299905509
12740,15.397163123877132
12741,13.377974536279039
12742,12.678974055798061
12743,12.461810969860561
12744,13.990413112405509
12745,11.970728849770314
12746,11.484016151220882
12747,14.043159217627132
12748,13.86525690165659
12749,13.87966119853159
12750,10.702411555798061
12751,13.438789864806836
12752,12.403426196435289
12753,13.97126832565693
12754,15.504494400094169
12755,12.418552863911305
12756,14.17402711471943
12757,13.050035064888778
12758,11.12416139206318
12759,13.144761627388778
12760,14.301539396645314
12761,14.330622776516863
12762,13.017878635891863
12763,12.461810969860561
12764,13.947291349770314
12765,11.921321315530509
12766,12.67730862445909
12767,12.571723670752132
12768,16.67572757700213
12769,15.025653743298061
12770,15.21938287821909
12771,11.746681900094169
12772,11.087471505431836
12773,13.751808853219169
12774,15.411119049263778
12775,12.989922256539481
12776,13.064439361763778
12777,14.180992816365446
12778,13.708963094492383
12779,15.619408343709196
12780,12.418552863911305
12781,14.464534206155509
12782,15.03730836471943
12783,15.504494400094169
12784,13.912910958556836
12785,14.180992816365446
12786,12.403426196435289
12787,10.883523641367383
12788,13.2201072003476
12789,12.778182055810289
12790,15.019615863240446
12791,12.976618870266863
12792,9.339156176904039
12793,13.649021613911305
12794,15.723732681344169
12795,11.787409885891863
12796,15.4864646222226
12797,12.846870919494336
12798,13.708963094492383
12799,13.97126832565693
12800,11.165750203867383
12801,14.548286170752132
12802,16.67572757700213
12803,12.600166817931836
12804,13.1253806378476
12805,12.846870919494336
12806,11.985286159280509
12807,11.087471505431836
12808,11.970728849770314
12809,10.984638118298061
12810,16.293971037270314
12811,13.252303149560289
12812,13.002863987454363
12813,15.03730836471943
12814,12.6759177472226
12815,11.728175138832814
12816,12.676903268127148
12817,13.9886618878476
12818,10.883021330239064
12819,13.912910958556836
12820,11.90309869853159
12821,10.773055102685289
12822,11.12416139206318
12823,16.772301410115446
12824,11.970728849770314
12825,9.795816121836133
12826,14.590205592874259
12827,12.913185806344169
12828,13.708963094492383
12829,16.839502783947
12830,16.22634088603159
12831,14.630455706990446
12832,11.087471505431836
12833,11.639094753030509
12834,12.668297503865446
12835,13.725758064106618
12836,16.839502783947
12837,12.483748462060289
12838,11.90309869853159
12839,13.136082160786305
12840,11.087876861763778
12841,13.064034005431836
12842,12.418552863911305
12843,12.6346579815976
12844,13.725758064106618
12845,11.400490493844169
12846,16.00710260478159
12847,12.43818727096943
12848,13.144356271056836
12849,13.913316314888778
12850,12.9226218487851
12851,13.97126832565693
12852,11.787409885891863
12853,12.136326301411305
12854,15.397163123877132
12855,13.41579401103159
12856,15.397163123877132
12857,14.467136848286305
12858,14.644860003865446
12859,16.53511109909443
12860,13.264582737454363
12861,15.206765828867383
12862,15.962336940530509
12863,12.668297503865446
12864,11.639094753030509
12865,10.640969930429883
12866,11.985286159280509
12867,9.614704036266811
12868,14.331123084814632
12869,11.505183323391863
12870,13.252303149560289
12871,13.050035064888778
12872,13.801300674289742
12873,15.191880768013778
12874,13.9886618878476
12875,10.312782974312919
12876,12.136326301411305
12877,12.668297503865446
12878,13.398494167093009
12879,10.426863696435289
12880,11.087876861763778
12881,11.639094753030509
12882,13.4940329815976
12883,10.426863696435289
12884,15.524848670752132
12885,15.03730836471943
12886,14.796168302895314
12887,12.49409547409443
12888,10.702411555798061
12889,13.214334188242383
12890,13.70954957565693
12891,11.1632224347226
12892,13.064439361763778
12893,12.504939182766863
12894,13.836648641367383
12895,13.947291349770314
12896,14.25441705790659
12897,12.461810969860561
12898,13.801300674289742
12899,9.614704036266811
12900,14.161155433447444
12901,14.72853815165659
12902,11.484016151220882
12903,16.00710260478159
12904,12.67730862445909
12905,10.426863696435289
12906,12.668297503865446
12907,15.03730836471943
12908,11.087876861763778
12909,13.41579401103159
12910,11.505183323391863
12911,12.136326301411305
12912,12.381204305429883
12913,13.228526515725822
12914,17.046238410786305
