ID,Delay
1,10.771091139768094
2,13.115659958929328
3,11.788473936234885
4,9.714840988035336
5,11.640235600576853
6,12.132960378337689
7,12.190816305496853
8,2.961841551406094
9,10.229189144270334
10,12.831011165523764
11,11.023869472213761
12,12.700944291246682
13,9.427133049483398
14,12.190816305496853
15,11.184552807410855
16,9.660155750723009
17,12.424199224483987
18,13.41044494897824
19,10.505884733433295
20,8.514521671946714
21,4.55776949937515
22,17.83671199547165
23,10.696449312796616
24,11.788473936234885
25,11.579685440277988
26,11.184552807410855
27,9.76867373759891
28,11.45954125147436
29,2.961841551406094
30,10.4983955971724
31,9.552690305188735
32,13.897122646386565
33,11.569236705513974
34,10.375958506900961
35,11.010988287459877
36,11.706863298454026
37,11.025101914714377
38,10.219866526811897
39,10.64528525954208
40,10.135849020296414
41,11.888061474064967
42,10.42361838107443
43,12.768589168205125
44,11.491174182412099
45,11.023869472213761
46,9.96454642228052
47,10.840017796836554
48,3.5923021308010212
49,9.522257392955986
50,13.009052178671599
51,11.910015189929096
52,9.93094404315753
53,9.552690305188735
54,10.03936316613995
55,11.00405520491826
56,8.532447442504852
57,11.788473936234885
58,10.82836776221459
59,11.500628467718624
60,12.841790424990466
61,14.33382453168091
62,11.821479922454742
63,11.688015699849284
64,11.025101914714377
65,7.268571902100101
66,5.3304632341016775
67,4.98771233995051
68,4.579568048098357
69,10.965233617790721
70,12.019342404176298
71,10.4983955971724
72,4.873240672524977
73,9.50273939514707
74,5.854421193394725
75,4.55776949937515
76,12.345562301504634
77,8.455236374025194
78,11.227617751263749
79,10.306060322145708
80,13.33703553448397
81,11.640235600576853
82,10.956497866163561
83,8.434573821285861
84,10.455372892440241
85,10.960131618669124
86,5.3304632341016775
87,10.995357115823174
88,9.45611273556152
89,12.483983598294698
90,10.42361838107443
91,5.3304632341016775
92,10.291521480690102
93,4.806587722679644
94,11.976852389329466
95,8.747443694373743
96,4.579568048098357
97,10.956497866163561
98,9.299174183194868
99,10.64528525954208
100,11.184552807410855
101,13.084215022171222
102,9.239173442910344
103,12.749852121798122
104,12.36900779342011
105,4.484848762531993
106,12.768589168205125
107,11.227617751263749
108,8.88787598836504
109,4.579568048098357
110,10.228460400899422
111,9.427133049483398
112,9.760115706241665
113,11.624568363442418
114,11.788473936234885
115,9.612086693830525
116,11.829440189759595
117,4.484848762531993
118,11.225247516940577
119,10.142404732040063
120,11.916843578079257
121,12.190816305496853
122,9.76867373759891
123,9.833327768032289
124,10.38703823909508
125,9.165537756073974
126,10.572515559688757
127,11.491174182412099
128,10.348712191801525
129,10.404380337329842
130,11.350925180933453
131,4.873240672524977
132,10.696449312796616
133,12.820200526283983
134,13.553949212657084
135,11.023869472213761
136,11.26091391795928
137,13.048093927444647
138,11.873866315451162
139,11.462127381349266
140,11.50540458452445
141,9.64048746874689
142,10.76305957210497
143,14.33382453168091
144,13.170559169282026
145,11.624568363442418
146,11.09158194566375
147,4.579568048098357
148,12.78824407173048
149,11.37774862037825
150,9.306223402640397
151,10.04815355009104
152,13.960427776673928
153,8.006555842106343
154,12.003933189728244
155,11.863292464112394
156,11.910015189929096
157,10.532084006769129
158,9.391015590260027
159,12.479609851858095
160,9.760196601242907
161,8.455236374025194
162,12.362051792929373
163,9.93094404315753
164,10.950895600533451
165,9.306223402640397
166,11.84627164777423
167,10.64528525954208
168,11.821479922454742
169,10.720569557258136
170,10.306060322145708
171,12.019342404176298
172,9.63160461935973
173,9.208746090478021
174,10.746691042590816
175,13.980539067374362
176,3.901585192155548
177,9.239173442910344
178,13.048093927444647
179,6.783395085992138
180,13.115659958929328
181,10.418448521747793
182,9.819895238587474
183,13.553949212657084
184,12.700944291246682
185,9.165537756073974
186,12.493057751027148
187,8.667696837701934
188,10.348712191801525
189,10.509846246818164
190,12.295849111781845
191,15.281529874423287
192,14.797202922163773
193,11.781020114414213
194,12.545567981562275
195,12.567864630379454
196,12.545567981562275
197,13.325703939149856
198,12.05590674681242
199,10.730610177255219
200,10.86777609787186
201,11.38457229177905
202,17.778227424018013
203,12.672636717678134
204,13.611927295544593
205,12.590992464110762
206,12.851853738290696
207,13.474255474927826
208,10.65942085409062
209,14.592621565364754
210,11.269389078787126
211,15.478620175124115
212,12.996644859411207
213,14.001693147765973
214,11.595582072089012
215,13.460540904026335
216,11.66030093140226
217,15.478620175124115
218,12.05590674681242
219,14.035086572911917
220,13.05704567969591
221,23.81545554643149
222,14.592621565364754
223,14.717947120809578
224,13.9537284042481
225,12.915964418273049
226,13.450851705400968
227,13.278877162237903
228,17.778227424018013
229,11.590486316923869
230,14.012529099117312
231,10.65942085409062
232,14.797202922163773
233,13.19211119185753
234,12.996644859411207
235,12.567864630379454
236,10.86777609787186
237,12.957927900236966
238,11.506938777925534
239,10.893532322530232
240,14.592621565364754
241,12.490937958329932
242,13.340960969136864
243,11.880781798536633
244,12.625842084597958
245,14.054633735811443
246,13.460540904026335
247,11.63609653435877
248,12.642930661769046
249,14.237359678674768
250,12.153006644956887
251,10.935495804494149
252,11.014644806815944
253,12.530794213484414
254,13.325703939149856
255,20.437616903070005
256,11.506938777925534
257,13.788165754629953
258,13.481315535366928
259,10.427148907056488
260,12.397496380394006
261,10.933275209922607
262,17.603290254998967
263,14.054633735811443
264,13.591413409494058
265,13.02677686402291
266,13.274083255354773
267,13.769503609677955
268,13.274083255354773
269,11.63609653435877
270,14.636611506567702
271,11.391349192763112
272,11.391349192763112
273,15.224380495088406
274,9.041067949743617
275,13.105651922178605
276,12.652229532164412
277,13.349673665913654
278,11.859107553345263
279,14.158862876936915
280,17.49628722907193
281,12.304363515296615
282,13.274083255354773
283,14.636611506567702
284,13.449068942634325
285,12.567864630379454
286,12.245442531198007
287,14.696303291632464
288,11.838715611934
289,11.804075687686465
290,12.397496380394006
291,13.809306810929224
292,12.141505162386347
293,10.749750136824549
294,12.05590674681242
295,14.402128408043051
296,12.789753130748194
297,12.915964418273049
298,15.692780293406983
299,11.590486316923869
300,11.20168111293407
301,11.66030093140226
302,13.809306810929224
303,10.613925904352113
304,12.545567981562275
305,11.915462037086813
306,14.075098266879044
307,15.666397800386957
308,20.437616903070005
309,14.136893791310225
310,14.158862876936915
311,13.375574406880627
312,11.90107103530918
313,11.590486316923869
314,13.640930159375593
315,20.592360028837206
316,10.382639346971205
317,13.414559148851112
318,13.92998055596649
319,12.708426334472543
320,12.625842084597958
321,11.891694694023244
322,13.602059753030709
323,13.19211119185753
324,15.093831291326573
325,13.726106648718341
326,13.301113193556144
327,10.613925904352113
328,11.702264413366176
329,13.697344197347748
330,13.601120876102673
331,13.460540904026335
332,13.315947579132942
333,13.274083255354773
334,11.20168111293407
335,14.199418250928781
336,10.893532322530232
337,13.069045423123907
338,13.809306810929224
339,12.502797096577915
340,11.595582072089012
341,11.445238938828778
342,13.481315535366928
343,12.915964418273049
344,11.595582072089012
345,14.054633735811443
346,16.574533227725855
347,14.388224165181956
348,14.717947120809578
349,13.852301955877115
350,11.590486316923869
351,12.490937958329932
352,12.141505162386347
353,12.672636717678134
354,13.97392022739173
355,12.855026969540232
356,14.237359678674768
357,12.043640151446901
358,14.347125638587501
359,13.136088221379133
360,10.005533307129538
361,10.596190668030715
362,8.34188902367688
363,11.110053469117815
364,9.981751699941835
365,13.075268733202247
366,9.504920671509197
367,7.882532231097859
368,9.085847012248013
369,7.919570619767483
370,10.461184423121548
371,10.672291202196362
372,9.231599572683502
373,9.871640078139398
374,9.371249952123984
375,7.463144812393225
376,10.563363902598104
377,9.220959995289675
378,9.871640078139398
379,10.268225115610273
380,10.247840434891385
381,9.811168401587308
382,5.176999979926427
383,8.695710623904564
384,10.005533307129538
385,11.961477786238001
386,10.985073084261343
387,11.307407107942563
388,8.695710623904564
389,7.14817858914412
390,14.194480914336532
391,10.139995884615894
392,12.28821687335121
393,10.550410033421036
394,8.077074794454731
395,9.58063076731251
396,14.063101996401295
397,9.231599572683502
398,8.097285344070867
399,10.655799571711723
400,10.99248248203102
401,15.57802896276471
402,9.017980737330365
403,13.139039771186257
404,9.029423153117191
405,8.811847586192556
406,11.645177100698922
407,11.620060215023127
408,10.773527515519548
409,12.122190952379857
410,9.231029952480885
411,11.110053469117815
412,8.155282737494398
413,12.317359327976487
414,9.545481719246716
415,9.659234988696749
416,9.44240044000838
417,7.0815152724130215
418,9.981751699941835
419,9.839653112127788
420,12.370434848655902
421,10.943736803752124
422,9.805984179615077
423,12.28821687335121
424,10.237237653424904
425,10.171412379210489
426,8.722577074093904
427,9.659234988696749
428,10.550410033421036
429,9.400178130609978
430,6.573763689880063
431,9.996553253443592
432,8.70041139494141
433,9.085847012248013
434,9.779099173621235
435,12.864665894402664
436,10.088251212934212
437,11.587010331954184
438,9.73906290063284
439,7.6286127523130745
440,12.8917931617083
441,9.94913987010251
442,9.58063076731251
443,9.58063076731251
444,11.212046463638627
445,10.672291202196362
446,10.63396753012404
447,9.961696770622904
448,11.048873329731183
449,9.371249952123984
450,9.626904593502353
451,12.552100408033077
452,15.57802896276471
453,10.461184423121548
454,7.5578457955100715
455,13.549948896335467
456,6.573763689880063
457,9.626904593502353
458,11.36995197233997
459,8.695710623904564
460,9.243377638380052
461,10.237237653424904
462,10.979690406602677
463,8.910085710776357
464,11.620060215023127
465,10.803162016540428
466,11.198443249977933
467,12.122190952379857
468,7.0815152724130215
469,9.553888658610816
470,7.088165844680454
471,9.017980737330365
472,9.231029952480885
473,9.986903564121393
474,11.086664337561135
475,13.070871798820159
476,8.910085710776357
477,7.919570619767483
478,9.516850269941196
479,13.136088221379133
480,8.85596992828122
481,7.486273620260831
482,11.093660521518334
483,9.94913987010251
484,14.063101996401295
485,10.171412379210489
486,7.088165844680454
487,11.780321035841599
488,9.44240044000838
489,9.371249952123984
490,13.549948896335467
491,8.847331572610377
492,10.596190668030715
493,11.587010331954184
494,10.63396753012404
495,7.854278530200807
496,9.44240044000838
497,11.854446803798115
498,9.504920671509197
499,10.563363902598104
500,10.18065703489932
501,10.773527515519548
502,10.400730200904054
503,10.926180660328844
504,12.982973597099047
505,10.907168714186772
506,11.587010331954184
507,8.85596992828122
508,9.838622726900525
509,12.8917931617083
510,9.61802830942851
511,9.370133577888051
512,9.029423153117191
513,10.888084341680841
514,9.220959995289675
515,13.146090335116929
516,8.34188902367688
517,9.231599572683502
518,8.733748593783021
519,9.839653112127788
520,10.803162016540428
521,8.8933628478248
522,9.231599572683502
523,9.774130012917688
524,9.504920671509197
525,15.6925505176662
526,13.416808215730475
527,10.124386976961931
528,15.57802896276471
529,11.110053469117815
530,9.825385723057499
531,11.184709352826511
532,12.518366022887905
533,11.548259065593273
534,10.791785747007129
535,10.230211708576103
536,11.661208123644005
537,16.482931054014337
538,10.122010070167711
539,10.171412379210489
540,10.339355969107121
541,10.791785747007129
542,15.57802896276471
543,9.94913987010251
544,7.6286127523130745
545,10.829843224701285
546,7.6286127523130745
547,11.086664337561135
548,10.89620161471069
549,10.30924236142772
550,11.044126212905052
551,10.752896207595365
552,10.532086424404158
553,12.503204692616531
554,11.520206517260569
555,12.460362998922268
556,10.97804806857063
557,11.174997815499648
558,11.606856280820017
559,12.925127583560549
560,11.586535044884164
561,10.691270301623316
562,12.548900521160746
563,13.093507922077816
564,10.379182195263036
565,13.013921230576992
566,14.053351785270186
567,8.160386817063875
568,12.800318672358216
569,11.451523394132659
570,7.736550733468678
571,13.813317548734503
572,10.548707469373925
573,12.94496594724751
574,16.80689300041367
575,9.24507890203203
576,13.382827908856282
577,11.351897661629563
578,11.763390731310006
579,11.55481952836809
580,10.456134573537003
581,9.67538002592821
582,10.30924236142772
583,12.295319505067416
584,11.268238104353147
585,10.379182195263036
586,13.715427837192502
587,10.146924411902397
588,16.303324316078662
589,9.254526602233627
590,10.797636784058104
591,12.460362998922268
592,10.168846295953083
593,13.89616473702082
594,13.062578708882048
595,8.07994325610454
596,6.715393947296637
597,10.797636784058104
598,11.631572377761545
599,10.019077028006917
600,11.582995168787964
601,10.992980547413591
602,11.085063534351525
603,10.847614300548335
604,10.604422832172448
605,16.509351061868507
606,7.1047675750052735
607,11.50272019555418
608,12.824108621453368
609,17.178142749151895
610,11.577304870946616
611,12.140293661919939
612,13.239798599058076
613,11.55481952836809
614,11.93012097881925
615,9.254526602233627
616,6.421726133205465
617,12.013536360608997
618,10.818755438446459
619,12.176821432493522
620,11.802888933697883
621,10.797636784058104
622,11.434216269145695
623,13.199280413134321
624,17.531873752043712
625,9.933880993816157
626,14.009711079188675
627,12.59258101587691
628,13.423053699760054
629,12.925127583560549
630,11.287355691298126
631,13.423053699760054
632,11.37506529124503
633,13.339629027797034
634,11.351897661629563
635,12.688829646947982
636,10.649756989541427
637,6.715393947296637
638,10.33892638815246
639,10.705959229590114
640,16.509351061868507
641,13.915517121493284
642,14.009711079188675
643,14.30283699765633
644,15.285198597837425
645,11.582995168787964
646,11.416568853549226
647,9.971934161302862
648,10.903060470997323
649,6.421726133205465
650,13.365843029467667
651,11.701966241238274
652,15.285198597837425
653,11.848455681283918
654,10.996074506765895
655,7.856363120476495
656,9.24507890203203
657,10.050916294979153
658,10.604422832172448
659,6.233670559161581
660,10.943055665377669
661,12.727109902469962
662,17.178142749151895
663,10.691270301623316
664,11.216410771041295
665,10.019077028006917
666,8.160386817063875
667,10.752896207595365
668,13.013921230576992
669,10.168846295953083
670,12.073653780754599
671,11.303830632693527
672,13.382827908856282
673,12.069087518000474
674,11.044126212905052
675,11.895565653305125
676,9.24507890203203
677,10.752896207595365
678,14.072450901687546
679,13.90109221767139
680,12.450088833795016
681,13.89616473702082
682,10.89620161471069
683,11.701966241238274
684,12.423292572349846
685,11.303830632693527
686,11.268238104353147
687,12.222900003421442
688,10.899189164144738
689,10.548707469373925
690,11.895565653305125
691,14.901791819624167
692,10.649756989541427
693,5.553105425303669
694,10.019077028006917
695,10.752896207595365
696,13.388556131447707
697,12.400840305512801
698,10.30924236142772
699,13.715427837192502
700,9.847165326243397
701,12.176821432493522
702,5.309590167837225
703,12.227914670873565
704,12.988563655666955
705,10.456134573537003
706,13.987750457537881
707,6.753467686417204
708,14.901791819624167
709,13.598314024522184
710,10.340897166566466
711,13.388556131447707
712,12.872796034891008
713,11.371932365602504
714,12.858122965384997
715,8.07994325610454
716,6.233670559161581
717,11.55481952836809
718,12.315048402366347
719,11.545532329424704
720,13.89616473702082
721,12.558599729384115
722,11.51774689303654
723,12.924201971611906
724,12.097696694799168
725,13.81762717532501
726,5.553105425303669
727,12.227914670873565
728,11.54982807281321
729,16.68190682309733
730,13.365843029467667
731,9.24507890203203
732,13.87281104176469
733,16.150222485893753
734,13.821797326942603
735,13.587268766266112
736,11.516104709625468
737,15.980607360354307
738,12.917886628457094
739,11.374354385485752
740,11.855417284393907
741,11.597875176717537
742,13.052626537479432
743,12.91992664505994
744,13.30344606161419
745,8.153716232364294
746,12.77431998339669
747,12.461303177998833
748,14.07548440771321
749,12.116999188688853
750,11.855417284393907
751,12.675672419771068
752,16.150222485893753
753,12.425390071541303
754,12.675672419771068
755,15.224350903655198
756,18.909821648949887
757,14.07548440771321
758,9.01417819086265
759,13.7021179224465
760,13.189267960829818
761,14.230651744852665
762,11.101473808379371
763,13.159349980032646
764,13.6897594684488
765,13.819439548575348
766,12.07319828393956
767,13.454326727914523
768,12.522634577834491
769,15.224350903655198
770,14.206540304008268
771,12.3394394843627
772,13.339638884692318
773,11.856190301292369
774,15.78964476952982
775,13.512906339984289
776,12.546176434815052
777,12.952227120302176
778,13.713935370570935
779,14.231997349285907
780,14.799796509058895
781,13.356993520827372
782,12.674206639794699
783,12.116999188688853
784,12.84195217077953
785,13.793020423649734
786,13.544556410095005
787,14.799796509058895
788,12.546176434815052
789,13.089844654976028
790,11.742855009576443
791,12.07319828393956
792,13.611165121315587
793,14.153481814856537
794,13.328083599463877
795,13.891312452889435
796,15.372997593483577
797,12.465301600105509
798,13.677437770841177
799,16.676573390584654
800,16.53098351489713
801,13.88123832244744
802,14.80764476620339
803,12.786682981522704
804,12.687835678574633
805,17.641973494090085
806,12.425390071541303
807,13.587268766266112
808,12.116999188688853
809,13.249745396754733
810,13.052626537479432
811,13.649323811855226
812,12.703273820942393
813,14.843526427608143
814,16.089071969416807
815,8.153716232364294
816,13.328083599463877
817,14.553073327905595
818,13.00459522883543
819,13.522400780891449
820,12.425390071541303
821,16.676573390584654
822,13.726474075860496
823,13.291727443966725
824,12.40031783582892
825,12.349662881241482
826,14.712180034553068
827,12.3394394843627
828,11.352770214328107
829,14.298899487576378
830,14.472303607105433
831,13.55354584113946
832,13.406305570268264
833,14.40071713252031
834,11.696280574326652
835,11.89070831205669
836,13.550002182062773
837,12.116999188688853
838,14.298899487576378
839,12.917305283515617
840,13.356993520827372
841,12.703273820942393
842,14.298899487576378
843,11.72011090883297
844,18.909821648949887
845,12.703273820942393
846,18.53827790056102
847,13.522400780891449
848,12.674206639794699
849,13.819439548575348
850,13.328437929825876
851,14.688964522263088
852,13.966287878941705
853,11.752044492138204
854,12.461303177998833
855,12.703273820942393
856,14.206540304008268
857,13.622559960600501
858,13.328083599463877
859,14.758472666389356
860,13.88123832244744
861,12.814952588021502
862,15.801280309278628
863,12.174789064243894
864,13.552204361384677
865,13.41881331169013
866,11.101473808379371
867,11.95833566555736
868,12.814952588021502
869,15.99948558886041
870,15.754983953885548
871,16.089071969416807
872,13.02152934954911
873,11.856190301292369
874,13.717674832359902
875,13.6897594684488
876,11.89070831205669
877,13.14829184062994
878,10.38946746566113
879,13.77861581032849
880,12.981203004563566
881,12.49814374702522
882,12.263167361850664
883,12.546176434815052
884,12.84195217077953
885,15.224350903655198
886,13.55354584113946
887,12.61362629301415
888,12.513321824966802
889,14.65425136739291
890,13.793020423649734
891,12.17384089269243
892,14.215274441756737
893,13.611165121315587
894,13.356993520827372
895,18.53827790056102
896,12.546176434815052
897,11.742855009576443
898,13.29809735619781
899,13.443378370607691
900,12.36423205653972
901,13.208897174215014
902,11.769706704418207
903,13.6897594684488
904,8.153716232364294
905,15.024678171778868
906,10.512303908576662
907,9.90182920225114
908,12.416400018871009
909,9.95692720594259
910,15.758949822159275
911,9.656399102233433
912,15.024678171778868
913,13.062909696967862
914,11.248836508403313
915,8.699021475611387
916,8.076453669918447
917,11.797192353714351
918,10.090429575041743
919,15.36094254057462
920,9.131260204935272
921,11.627356079320624
922,12.657242925716133
923,9.782874436939922
924,11.246942680958577
925,10.646991022556819
926,12.501060503696227
927,9.48758839535854
928,10.994274035405763
929,10.512303908576662
930,10.736082557499552
931,11.283696703074774
932,10.994274035405763
933,11.965154965469482
934,12.745806897106528
935,10.047436620621461
936,11.459198974387443
937,12.416400018871009
938,10.845574097828308
939,10.897417692844895
940,10.921363737020014
941,8.892263261322631
942,12.155860395776543
943,9.548107005674103
944,11.249977454752235
945,9.742759082132434
946,11.197644953587961
947,16.760345847896208
948,10.047436620621461
949,11.116503255865142
950,9.48758839535854
951,8.856630935545713
952,13.513519380873227
953,13.698772872801921
954,11.913991913536638
955,13.608161246109288
956,10.897417692844895
957,12.45384288187669
958,12.686461107576458
959,10.146788512955645
960,11.935708634885364
961,8.298325644967221
962,10.073535686118216
963,8.856630935545713
964,10.326135194859354
965,12.865888753881945
966,10.994274035405763
967,10.845574097828308
968,8.076453669918447
969,10.281228647064568
970,7.431041631508585
971,9.742759082132434
972,12.719398968006917
973,11.40435983759402
974,11.659373689588099
975,10.512303908576662
976,12.005236126161007
977,9.95692720594259
978,12.381600081858059
979,13.104334649481286
980,8.615552049088894
981,11.30783913013445
982,11.41492790308594
983,10.466411682259755
984,10.939529224935681
985,15.36094254057462
986,10.23339260497598
987,12.127840611753175
988,9.894861822073347
989,12.00105337996187
990,11.26069436367843
991,8.331261116501468
992,12.290785347528866
993,10.994274035405763
994,11.01757828010569
995,9.297628733488574
996,8.841870119934619
997,13.778923671763833
998,11.380302035462126
999,8.615552049088894
1000,12.582689373817987
1001,11.78991755015694
1002,10.091997031878273
1003,7.431041631508585
1004,7.391413375414487
1005,10.064372275200762
1006,11.116503255865142
1007,8.554974981857983
1008,11.01757828010569
1009,9.215421082878962
1010,8.699021475611387
1011,10.326135194859354
1012,10.491347650078142
1013,13.43160082924878
1014,13.062909696967862
1015,13.513519380873227
1016,7.886239448648606
1017,10.290760757304694
1018,11.627356079320624
1019,8.300478143171397
1020,12.568165352181058
1021,12.53737185611451
1022,20.392969613750463
1023,9.297628733488574
1024,10.326135194859354
1025,8.174786998450823
1026,8.856630935545713
1027,12.923464023490826
1028,8.300478143171397
1029,10.427330472193992
1030,9.894861822073347
1031,9.215421082878962
1032,12.639582791141025
1033,8.699021475611387
1034,10.919663708352198
1035,10.845574097828308
1036,11.70949811342791
1037,13.698772872801921
1038,11.933474915987695
1039,10.921363737020014
1040,8.300478143171397
1041,12.639582791141025
1042,9.766096280353734
1043,8.699021475611387
1044,9.95692720594259
1045,10.126229326447806
1046,11.136534903412002
1047,11.46869876397635
1048,8.174786998450823
1049,10.78090173935857
1050,9.814513645730633
1051,14.479970123235015
1052,8.615552049088894
1053,11.30783913013445
1054,9.782874436939922
1055,12.010735597436994
1056,13.125492245619524
1057,10.919663708352198
1058,11.116503255865142
1059,14.715328856733715
1060,8.300478143171397
1061,10.221712240596336
1062,7.426021313745808
1063,8.901129922385222
1064,11.671904258399325
1065,8.520252369061964
1066,7.4007869303671905
1067,11.790999234405438
1068,11.446703753859715
1069,11.882225060186851
1070,10.512303908576662
1071,10.17066361634917
1072,10.091997031878273
1073,12.045336627632853
1074,10.646991022556819
1075,9.95692720594259
1076,11.01757828010569
1077,21.526386281065
1078,12.104966582628423
1079,13.062909696967862
1080,13.034424353328708
1081,13.094066331216368
1082,12.924920006105191
1083,12.357403764684765
1084,14.113759674886786
1085,12.085862145580851
1086,12.13368353929121
1087,13.370128273939176
1088,12.50765280711775
1089,14.6363521089502
1090,13.192070864176415
1091,12.415655712250869
1092,12.306110621047198
1093,13.094066331216368
1094,14.903934964733358
1095,12.228643236031422
1096,12.534161120753144
1097,25.923333636555387
1098,10.709459596823606
1099,12.085829040052174
1100,13.424920952835881
1101,12.924824288222549
1102,12.085124817184683
1103,12.828695773570617
1104,13.421506700083075
1105,13.097339396443171
1106,12.189226124567968
1107,12.534161120753144
1108,13.619212478647295
1109,26.373882223085218
1110,13.160450533736576
1111,15.138345254118684
1112,12.688257373842205
1113,14.090886662813904
1114,13.694043392033327
1115,13.195351462193594
1116,13.56771762310192
1117,26.373882223085218
1118,12.415655712250869
1119,11.868895930826687
1120,13.962759796510772
1121,12.085124817184683
1122,11.196699239989563
1123,13.58945238369277
1124,11.297565450973558
1125,13.619212478647295
1126,13.529462734398862
1127,12.085862145580851
1128,14.216915255775058
1129,14.216915255775058
1130,14.771280958763318
1131,11.944598428307113
1132,12.189226124567968
1133,12.13368353929121
1134,11.440962969433997
1135,12.878792835513968
1136,12.878792835513968
1137,14.40912319280301
1138,13.583055855159333
1139,12.11941440088718
1140,11.337916224032432
1141,10.709459596823606
1142,12.838069764057705
1143,11.608334087293638
1144,13.502383619660772
1145,13.743197048946094
1146,13.738810578095203
1147,25.923333636555387
1148,14.050008437836688
1149,14.683492938233307
1150,11.868895930826687
1151,13.40552087721445
1152,14.438255097805634
1153,14.6363521089502
1154,13.097339396443171
1155,12.37311243351448
1156,12.728245316738912
1157,13.054784622912424
1158,12.69318407932109
1159,13.176238293212023
1160,11.868895930826687
1161,11.944598428307113
1162,13.325648406903726
1163,10.855078347019719
1164,13.097339396443171
1165,14.683492938233307
1166,11.982305298375124
1167,14.923466685545112
1168,14.051540148377795
1169,14.923466685545112
1170,14.954704545993032
1171,13.583055855159333
1172,13.561469566120966
1173,13.729240424663418
1174,12.189226124567968
1175,14.461029360129507
1176,12.15977352044741
1177,12.878792835513968
1178,14.808363776533891
1179,14.6363521089502
1180,13.054784622912424
1181,11.297565450973558
1182,14.06509575722363
1183,11.34998376544867
1184,15.096050170669061
1185,13.294637268518123
1186,13.100206012379447
1187,15.750413369459048
1188,11.792171693896247
1189,13.034424353328708
1190,13.075046103776495
1191,15.426592425508222
1192,12.15977352044741
1193,11.689802614078284
1194,11.665356447590256
1195,14.050008437836688
1196,14.086257259318376
1197,13.494516482454484
1198,10.75213813232005
1199,17.033960818491583
1200,13.034424353328708
1201,18.481230544743077
1202,14.808363776533891
1203,25.923333636555387
1204,12.524101742820855
1205,12.809244504800137
1206,16.30227523121069
1207,11.896444093479593
1208,12.966543951578277
1209,14.438255097805634
1210,11.444386053309321
1211,13.277046689693877
1212,13.162903908006152
1213,14.647696021973632
1214,13.318963202234835
1215,12.422923703333542
1216,14.887161225655108
1217,13.078999189849174
1218,13.64271790908159
1219,11.34998376544867
1220,12.202564223635624
1221,12.249036611759685
1222,13.473979539132277
1223,14.225923710329846
1224,13.011337219349675
1225,13.370128273939176
1226,11.868895930826687
1227,13.373567887283468
1228,13.32487905952988
1229,12.809244504800137
1230,14.112618859862009
1231,14.299474360476614
1232,13.162903908006152
1233,11.983454795114275
1234,15.05663933973221
1235,12.895757688710287
1236,12.189226124567968
1237,13.011337219349675
1238,14.213366497417686
1239,14.44949961092089
1240,14.090886662813904
1241,13.178771129784732
1242,13.64271790908159
1243,14.954704545993032
1244,15.230845971131414
1245,14.022542829448286
1246,15.230845971131414
1247,11.444386053309321
1248,14.228038798677732
1249,11.045614552412562
1250,10.94707110395815
1251,11.440962969433997
1252,13.812514114197818
1253,12.434452407383978
1254,14.513960692562259
1255,14.101899398395634
1256,14.101899398395634
1257,13.812080274581916
1258,14.773967630264226
1259,15.031438538724563
1260,12.817879907127043
1261,12.96535269489024
1262,12.602288197173651
1263,14.483469119695803
1264,17.923125918492758
1265,12.98469916385383
1266,13.29021677378452
1267,14.124347875344755
1268,14.668202252721985
1269,14.969200983355698
1270,17.371641571519767
1271,11.79737503998698
1272,13.744270415962184
1273,15.418419769430914
1274,13.983780678283102
1275,14.755190531657417
1276,13.191063190713406
1277,14.670189705798782
1278,11.633825618675338
1279,14.836142127753792
1280,10.453092273692675
1281,13.581774319254164
1282,12.42713666927249
1283,14.15874976728859
1284,14.773967630264226
1285,15.067110766304934
1286,13.29021677378452
1287,11.248224193017569
1288,14.94344745121985
1289,13.298348042841829
1290,11.205952070002226
1291,10.427995553368216
1292,15.43196768804288
1293,13.826893013131256
1294,17.371641571519767
1295,14.244705172349517
1296,12.3371126643258
1297,14.68559662071758
1298,13.719000634268793
1299,14.433933411274763
1300,13.48047794809981
1301,14.207434142539993
1302,13.955945188392604
1303,13.662421995944609
1304,10.453092273692675
1305,14.885728711182443
1306,13.366074598332492
1307,13.47467314689577
1308,13.022816496471751
1309,14.501735558141228
1310,14.471682078265761
1311,12.760008306991644
1312,12.583515434624285
1313,11.205952070002226
1314,13.738417855209018
1315,12.73218695816159
1316,15.360691126254277
1317,12.596050273268855
1318,13.298348042841829
1319,14.008662335734169
1320,13.48047794809981
1321,13.83583049431533
1322,13.802753999064299
1323,14.766079012468506
1324,13.835608066718724
1325,12.659481302458268
1326,13.83583049431533
1327,10.68303301440264
1328,13.743219721003129
1329,15.292674754843759
1330,12.760008306991644
1331,13.058993759305803
1332,12.805569725896012
1333,15.418419769430914
1334,13.797153892141033
1335,12.999944102074878
1336,14.767814019356557
1337,14.969200983355698
1338,14.108769772554307
1339,14.174133045375799
1340,13.366074598332492
1341,15.031438538724563
1342,13.29021677378452
1343,12.61116995670097
1344,14.571351683689262
1345,14.467215892443607
1346,14.179194691420903
1347,16.57925172971314
1348,13.83583049431533
1349,12.057322699047806
1350,13.33768755275845
1351,13.812080274581916
1352,16.2410270669223
1353,15.418419769430914
1354,14.207434142539993
1355,12.09625146980501
1356,12.685559322462009
1357,11.688432089866724
1358,15.639255410362715
1359,13.451341473977996
1360,15.580025249047454
1361,12.09625146980501
1362,17.371641571519767
1363,12.58416242081808
1364,12.955459585145
1365,13.337872329161124
1366,13.638913025149416
1367,13.337099098675258
1368,14.623944455512184
1369,12.659481302458268
1370,12.80919643242052
1371,13.191063190713406
1372,12.937898328868258
1373,13.662421995944609
1374,12.61116995670097
1375,13.638913025149416
1376,13.42365943413142
1377,13.33768755275845
1378,14.599641215656654
1379,13.388652558078956
1380,9.717193187568368
1381,14.207434142539993
1382,12.96535269489024
1383,14.333333001560616
1384,12.61116995670097
1385,13.337099098675258
1386,12.865470214862912
1387,14.391152970379974
1388,13.835608066718724
1389,14.032353900382198
1390,13.225628198877532
1391,11.386263413754074
1392,14.114768716565635
1393,13.022816496471751
1394,14.316310767377416
1395,13.679044140874856
1396,15.77250712421767
1397,14.015079055900848
1398,13.744270415962184
1399,14.754992182460295
1400,12.955459585145
1401,13.331044852188933
1402,13.022816496471751
1403,13.058993759305803
1404,10.453092273692675
1405,13.191063190713406
1406,12.204861565539069
1407,15.279482192958428
1408,13.267079326219449
1409,12.817879907127043
1410,10.922641457522557
1411,12.734275991388534
1412,12.261430902144406
1413,14.443350496036532
1414,12.139590043033412
1415,11.540847444164507
1416,15.50918676454579
1417,15.090025694789
1418,11.172371474428598
1419,12.139590043033412
1420,13.016665246344182
1421,12.289414886281708
1422,8.327635773667057
1423,10.254360555998579
1424,12.216610648786
1425,12.269013374126423
1426,11.748714078742761
1427,12.009476774559127
1428,12.945084340395486
1429,15.050664931329868
1430,11.446447121955194
1431,14.770805707853826
1432,11.154832473421518
1433,12.36227002448182
1434,12.541835723301526
1435,14.295100970520972
1436,13.45030533774299
1437,10.072284193254893
1438,11.105802325991451
1439,13.400555427346204
1440,11.154832473421518
1441,11.494162151283613
1442,15.51233149693406
1443,12.036183986389037
1444,11.363957751468982
1445,10.040757754207771
1446,10.072284193254893
1447,9.7711443640934
1448,14.346417702821098
1449,12.19772315816408
1450,12.933955999227342
1451,12.040705337310058
1452,12.036183986389037
1453,11.96667466203349
1454,15.090025694789
1455,11.630842847650593
1456,10.925872186488366
1457,13.617641584149737
1458,11.912571913784454
1459,14.156092260453297
1460,11.634449404146679
1461,10.229590753655183
1462,8.327635773667057
1463,12.615043234390265
1464,12.774578572432427
1465,13.685132938633252
1466,12.220682322395893
1467,12.893807849145018
1468,10.072284193254893
1469,10.925872186488366
1470,11.634449404146679
1471,11.731646782091513
1472,11.630944161689978
1473,15.090025694789
1474,14.770805707853826
1475,12.289414886281708
1476,15.088206499539103
1477,12.945084340395486
1478,12.979164166735869
1479,14.71898668050317
1480,12.119512518637421
1481,12.036183986389037
1482,13.568053023508035
1483,10.229590753655183
1484,13.685132938633252
1485,12.392752119390554
1486,10.925872186488366
1487,12.087771015682755
1488,12.197575751125196
1489,12.385724137197771
1490,12.946993052047128
1491,11.991839832239995
1492,10.040757754207771
1493,12.946993052047128
1494,11.50136232397311
1495,11.216460448619195
1496,11.792151434574556
1497,16.01274790993826
1498,12.036183986389037
1499,14.10233231946245
1500,11.646083497294327
1501,10.879166981832418
1502,12.009476774559127
1503,12.346051408702985
1504,12.946993052047128
1505,10.072284193254893
1506,11.634449404146679
1507,9.7711443640934
1508,14.11688776074596
1509,12.302089869377454
1510,11.216460448619195
1511,16.18786726775606
1512,11.815172042957748
1513,13.568053023508035
1514,11.534079324484345
1515,9.931327819094657
1516,14.906457251198326
1517,12.945084340395486
1518,11.363957751468982
1519,15.50918676454579
1520,12.979098752090067
1521,16.622100261058872
1522,13.219645370581139
1523,12.422464169851661
1524,11.815172042957748
1525,12.289414886281708
1526,14.113662090244453
1527,10.072284193254893
1528,13.191510820156534
1529,11.634449404146679
1530,14.598725204735196
1531,12.139590043033412
1532,12.71637898510606
1533,13.685132938633252
1534,12.867961523015918
1535,12.139590043033412
1536,13.997729678134153
1537,12.946993052047128
1538,12.119512518637421
1539,12.893807849145018
1540,13.352809530477947
1541,11.646083497294327
1542,13.641972152070124
1543,11.216460448619195
1544,13.833634917354901
1545,15.293506750781091
1546,10.879166981832418
1547,13.664948034151289
1548,13.165701857555066
1549,17.5056387939264
1550,10.445561407705625
1551,11.912571913784454
1552,13.685132938633252
1553,12.216610648786
1554,11.940812392795882
1555,10.040757754207771
1556,11.630944161689978
1557,16.10707553916017
1558,12.689579087999318
1559,13.53916788577177
1560,12.119512518637421
1561,11.105802325991451
1562,11.172371474428598
1563,11.50136232397311
1564,11.50136232397311
1565,12.422464169851661
1566,12.391909732629344
1567,17.5056387939264
1568,11.378718526386137
1569,12.996885924910474
1570,11.494162151283613
1571,12.392752119390554
1572,11.630944161689978
1573,14.598725204735196
1574,15.86529926125195
1575,11.363957751468982
1576,16.18786726775606
1577,11.815172042957748
1578,10.40327819404722
1579,11.023781784897086
1580,2.522829064665758
1581,8.067603688809564
1582,8.416088155322274
1583,10.530783612035009
1584,4.212499999818098
1585,12.363886502201659
1586,12.869588002850897
1587,1.1528245759994458
1588,10.317059016466747
1589,11.866906084940748
1590,3.976196612231453
1591,10.694109729448742
1592,8.284883863885984
1593,9.464395016085627
1594,1.1528245759994458
1595,8.552607610017182
1596,12.262121875753872
1597,12.090817921637179
1598,10.889728759436675
1599,8.067603688809564
1600,11.384082710502634
1601,9.347659496154849
1602,7.350810297224869
1603,9.828893955377822
1604,9.8046911536763
1605,9.574888550305968
1606,10.158113493807836
1607,10.18367690744555
1608,10.448956195576718
1609,8.271174779084777
1610,7.350810297224869
1611,4.212499999818098
1612,9.647560365873312
1613,10.766410042898103
1614,10.393418087082228
1615,10.479106205236423
1616,11.12738554676375
1617,10.87372875492065
1618,12.193109504379924
1619,7.350810297224869
1620,11.813867419419111
1621,10.360643579678548
1622,7.525472576560649
1623,9.91073867263368
1624,13.281263964306024
1625,11.723499671601372
1626,7.183040259482432
1627,7.527904433831984
1628,10.851982482179098
1629,3.066669870440538
1630,7.213799179590147
1631,8.067603688809564
1632,10.438959345672146
1633,6.3287443955771066
1634,6.3191076853602945
1635,8.372944508347201
1636,9.447820496082569
1637,9.093065663762873
1638,9.712474321273683
1639,8.284883863885984
1640,11.12738554676375
1641,8.912941335389002
1642,4.598536982250457
1643,10.602229674571092
1644,9.574888550305968
1645,10.331991472535163
1646,9.45121072194547
1647,12.518952222458458
1648,7.487724675883326
1649,6.3287443955771066
1650,10.386697763177587
1651,1.1528245759994458
1652,13.415203689745079
1653,9.48707589155188
1654,7.384421367089236
1655,9.828893955377822
1656,9.960306152468508
1657,10.150921788925032
1658,9.951333991419817
1659,9.280825317325593
1660,1.1528245759994458
1661,8.168529321809634
1662,9.92068907040575
1663,7.549973968765473
1664,10.71418626818093
1665,11.88391276596013
1666,13.402908373656738
1667,2.2409036940284706
1668,12.518952222458458
1669,2.2409036940284706
1670,8.616952447503424
1671,7.447426906290177
1672,2.522829064665758
1673,2.2409036940284706
1674,8.689533465156776
1675,10.368773919619548
1676,8.376668944647276
1677,1.5106542312410896
1678,7.811889360260923
1679,10.317059016466747
1680,9.617556196628728
1681,3.066669870440538
1682,9.093065663762873
1683,9.8046911536763
1684,6.3191076853602945
1685,8.418335898636279
1686,11.12738554676375
1687,9.530516355723055
1688,4.212499999818098
1689,9.91073867263368
1690,11.075024135617799
1691,9.193739072686851
1692,9.093065663762873
1693,12.76941575101706
1694,7.811889360260923
1695,2.522829064665758
1696,9.093065663762873
1697,9.767055725323015
1698,6.3287443955771066
1699,12.193109504379924
1700,10.479106205236423
1701,11.866906084940748
1702,10.317059016466747
1703,9.276031159405056
1704,10.694109729448742
1705,8.376668944647276
1706,9.74749906204837
1707,10.555924929445549
1708,9.54609880885702
1709,7.213799179590147
1710,10.766410042898103
1711,10.278879737057794
1712,8.284883863885984
1713,7.933990662387432
1714,9.737944417447618
1715,9.897122599600097
1716,7.183040259482432
1717,11.262280506657493
1718,10.640252992483857
1719,12.70810299816303
1720,9.476507445272265
1721,12.869588002850897
1722,9.64198272143361
1723,12.169963768228328
1724,9.347659496154849
1725,10.748403860385082
1726,9.943883708196147
1727,10.925527975490024
1728,9.54609880885702
1729,10.87372875492065
1730,12.069054449896445
1731,10.331991472535163
1732,11.177379839913286
1733,11.12738554676375
1734,8.53086886859009
1735,11.320002699164236
1736,10.150283507293404
1737,4.598536982250457
1738,6.926783056855039
1739,9.347659496154849
1740,12.518952222458458
1741,8.140937722324365
1742,10.527748972649002
1743,9.193739072686851
1744,10.448956195576718
1745,7.487724675883326
1746,8.314307450766075
1747,9.828893955377822
1748,10.438959345672146
1749,3.066669870440538
1750,9.138356707118248
1751,1.5106542312410896
1752,11.82670553511602
1753,8.418335898636279
1754,8.416088155322274
1755,9.574888550305968
1756,10.278879737057794
1757,8.603048758475946
1758,9.24107442939947
1759,6.981216730961814
1760,9.234159448784695
1761,9.540091487304894
1762,8.457148922481945
1763,8.185673802841356
1764,1.1528245759994458
1765,9.975768688023003
1766,9.712474321273683
1767,7.487724675883326
1768,10.278879737057794
1769,10.362907897461753
1770,9.193739072686851
1771,4.789902661026828
1772,12.717355655187042
1773,5.266663638558979
1774,13.250296102917963
1775,12.684240842051866
1776,11.947367583950573
1777,9.485544119159304
1778,13.454672588929984
1779,12.702761616456215
1780,11.849643858230076
1781,9.752734052166598
1782,11.230594533938612
1783,15.114368718036236
1784,10.696869987195859
1785,5.569732179289803
1786,3.6152432045911693
1787,12.652653378385864
1788,8.44380699579299
1789,10.115504327846166
1790,9.569704090181036
1791,8.061858638561286
1792,11.609284805244892
1793,10.465500815039457
1794,15.179617950702227
1795,9.346965976739817
1796,10.912704935680468
1797,10.115504327846166
1798,10.672108177619755
1799,12.652653378385864
1800,12.569415512373986
1801,10.149657665230274
1802,11.766514191389742
1803,10.998851859352266
1804,5.569732179289803
1805,7.280665186752332
1806,9.039136235431576
1807,16.421066308694208
1808,13.261967107831113
1809,8.819158905819082
1810,8.819158905819082
1811,14.68278000168618
1812,5.266663638558979
1813,11.890963340825829
1814,2.9726421949219026
1815,11.247610559812964
1816,9.946172355550633
1817,9.958606819454717
1818,9.483330308109004
1819,11.117543685535882
1820,15.114912096102586
1821,11.596061468943573
1822,8.596519598318832
1823,9.347022670667073
1824,10.531484602304808
1825,12.211494220797581
1826,11.766514191389742
1827,11.890963340825829
1828,4.452881075489411
1829,11.762094806891199
1830,10.875730023068193
1831,11.311569809217474
1832,10.92233359534666
1833,10.117752958925582
1834,9.839978573980622
1835,9.039136235431576
1836,11.568070715426108
1837,4.334408196496177
1838,12.781442525000335
1839,5.898227335720943
1840,4.439820802766084
1841,14.17627046477382
1842,3.6152432045911693
1843,11.480901781513005
1844,10.22426978661315
1845,11.890963340825829
1846,10.785641447965542
1847,8.390381789721712
1848,10.22426978661315
1849,12.293500016378706
1850,11.793686998077137
1851,13.820614320075629
1852,8.943984948100224
1853,11.117543685535882
1854,9.967176484782101
1855,10.946039333132347
1856,11.072466554761629
1857,11.766514191389742
1858,11.849643858230076
1859,10.800722741076477
1860,10.920188748659076
1861,11.035827998207544
1862,10.946039333132347
1863,14.23315471241612
1864,8.638944353827632
1865,12.652653378385864
1866,12.211494220797581
1867,10.875730023068193
1868,12.291959320966068
1869,12.953945680068504
1870,10.78588231899886
1871,10.478522644257495
1872,8.44380699579299
1873,13.77449978045091
1874,11.762094806891199
1875,5.777397614362099
1876,12.141393707632165
1877,3.240129417162082
1878,5.898227335720943
1879,11.971273626551245
1880,9.962035204819871
1881,11.113779031184668
1882,11.293571242046141
1883,15.179617950702227
1884,10.262828953555408
1885,9.483330308109004
1886,12.996439900321773
1887,12.194343750709491
1888,11.269583307615962
1889,4.334408196496177
1890,9.962035204819871
1891,4.452881075489411
1892,9.287937251549357
1893,16.421066308694208
1894,12.624627632283824
1895,11.123451268356074
1896,5.673959225878949
1897,12.652653378385864
1898,11.817431243606935
1899,11.269583307615962
1900,12.684240842051866
1901,11.849643858230076
1902,3.6152432045911693
1903,11.766514191389742
1904,10.211393246158073
1905,10.1643371632266
1906,8.061858638561286
1907,10.905435098939675
1908,12.28760742859314
1909,12.416084258110745
1910,13.669669964251423
1911,10.917049505663947
1912,10.149657665230274
1913,5.569732179289803
1914,10.912704935680468
1915,10.920188748659076
1916,2.9726421949219026
1917,11.291997093359925
1918,4.439820802766084
1919,9.039136235431576
1920,8.061858638561286
1921,14.68278000168618
1922,11.773361213135122
1923,8.839978247456187
1924,7.280665186752332
1925,12.953945680068504
1926,5.898227335720943
1927,9.569704090181036
1928,10.928100655503487
1929,5.569732179289803
1930,11.072853782095242
1931,9.96405600885259
1932,11.762094806891199
1933,12.194343750709491
1934,13.694992239395997
1935,12.793497487397607
1936,10.420399528727462
1937,11.59145523864931
1938,11.464309666563926
1939,12.211494220797581
1940,11.609284805244892
1941,12.016875509024185
1942,12.611569659315823
1943,8.968725756020014
1944,9.489597622134832
1945,9.16852121669837
1946,10.788734391775815
1947,5.898227335720943
1948,9.489597622134832
1949,11.230594533938612
1950,10.478522644257495
1951,12.717355655187042
1952,10.233880328856353
1953,12.2614543164424
1954,9.483330308109004
1955,8.916297400476548
1956,10.917049505663947
1957,8.44380699579299
1958,12.383428695708192
1959,13.895232511287821
1960,15.22417725720713
1961,15.607816527208316
1962,13.57188293541141
1963,12.654961377975903
1964,12.269069121778816
1965,14.907022470931597
1966,13.705991241313495
1967,13.257725531208798
1968,14.907022470931597
1969,19.044687830329266
1970,12.876989310220615
1971,13.131461867456283
1972,12.799397252163262
1973,10.366585741388326
1974,12.323565235610548
1975,14.317874577156061
1976,12.799397252163262
1977,14.553724043097617
1978,13.883370073381151
1979,13.65341792348085
1980,14.036671242555672
1981,12.28934011162859
1982,12.383030017366309
1983,11.239356966076459
1984,13.935493203068358
1985,14.771577220431448
1986,11.508422892411087
1987,12.640996243402414
1988,13.130531044203574
1989,15.582520829592378
1990,12.141205610083285
1991,12.671521385890959
1992,12.383428695708192
1993,13.800030709188789
1994,10.49532557892047
1995,13.093938303612076
1996,15.241354236575784
1997,11.508422892411087
1998,13.5976943169195
1999,13.130531044203574
2000,12.397214611551805
2001,12.383030017366309
2002,13.194263899144644
2003,11.279997665968411
2004,12.69137179714228
2005,12.96880989060481
2006,12.873515007029914
2007,13.03719139758713
2008,10.76508669394296
2009,12.993213397564991
2010,11.508422892411087
2011,12.776230033265431
2012,12.482913629225878
2013,11.820136419673783
2014,14.317874577156061
2015,21.291456855866674
2016,15.22417725720713
2017,15.744846389894146
2018,12.809165869348561
2019,14.896355258187798
2020,12.18960180165981
2021,14.276544696388301
2022,11.266260835734219
2023,13.86998497932479
2024,14.378051275510419
2025,12.65000041796735
2026,11.570736709575897
2027,13.646421532200668
2028,15.129522914664676
2029,13.390030476022936
2030,14.081472181502733
2031,15.055858056846626
2032,13.291662666047444
2033,12.729297458026663
2034,12.937032217878077
2035,13.472525136554973
2036,13.481659251960604
2037,14.004139806415061
2038,11.883950852904768
2039,12.371275655502107
2040,13.891057629920656
2041,12.892035358077678
2042,18.75245220427209
2043,14.380582731109433
2044,12.605564844819648
2045,13.808030302373481
2046,12.383030017366309
2047,13.98164068482874
2048,12.324286431342834
2049,13.359489391994256
2050,15.744846389894146
2051,14.321985501286242
2052,17.439807045388076
2053,13.420967819480111
2054,13.077249657977806
2055,12.96880989060481
2056,13.788221693997823
2057,13.173160463656899
2058,12.96880989060481
2059,11.07500124467325
2060,12.476760978988606
2061,10.406860717567922
2062,14.088056766052244
2063,13.131461867456283
2064,15.241354236575784
2065,12.651050433122778
2066,15.22417725720713
2067,11.570736709575897
2068,13.726526199063768
2069,13.380810433798434
2070,13.380810433798434
2071,11.020106042131678
2072,14.260798680022049
2073,12.993213397564991
2074,12.441341244290985
2075,12.65000041796735
2076,13.888884860789899
2077,14.066260978872862
2078,13.136121763861555
2079,11.279997665968411
2080,15.582520829592378
2081,14.553724043097617
2082,13.604014741592463
2083,11.764801866763666
2084,12.071141930931761
2085,13.131461867456283
2086,13.481659251960604
2087,13.179166288018495
2088,13.257725531208798
2089,13.624773678641224
2090,11.646997280017544
2091,15.890246725389156
2092,13.281327383162203
2093,14.317874577156061
2094,13.554561906879824
2095,12.776230033265431
2096,11.266260835734219
2097,13.655906386847
2098,13.469045414117705
2099,13.10766955004707
2100,12.993213397564991
2101,12.324286431342834
2102,13.250517113269776
2103,12.776230033265431
2104,15.67432681982874
2105,11.037063868201338
2106,13.624773678641224
2107,11.714456932205637
2108,12.65000041796735
2109,12.371275655502107
2110,12.324286431342834
2111,13.758402701930093
2112,13.136121763861555
2113,13.746143103831406
2114,14.896355258187798
2115,11.88888536048731
2116,12.776230033265431
2117,14.317874577156061
2118,13.207444606564495
2119,13.795848590186443
2120,13.082706072576258
2121,13.281327383162203
2122,12.605564844819648
2123,12.886371876687024
2124,12.993213397564991
2125,12.873515007029914
2126,11.508422892411087
2127,13.511528080363721
2128,12.76050495813162
2129,15.156607575991796
2130,11.020106042131678
2131,12.839243909687838
2132,14.259705732950213
2133,12.152940052448882
2134,12.123935687886258
2135,11.511556599384777
2136,11.355602932885814
2137,13.189674027745
2138,12.114370294293204
2139,5.45596104374104
2140,8.347815139475484
2141,11.3975534382442
2142,11.175564855989174
2143,8.347815139475484
2144,4.944270893394768
2145,8.340700297378651
2146,10.91933385600615
2147,11.562946656040378
2148,11.723842994557268
2149,11.163233749941456
2150,8.296179003590597
2151,15.416678015823463
2152,11.014717141520517
2153,15.388381471650296
2154,4.603743089907867
2155,15.370730899038664
2156,12.410407456053887
2157,12.640173447061967
2158,11.984921351703253
2159,11.663715773708889
2160,14.247101999708304
2161,22.821238968190123
2162,10.727313139112526
2163,12.440390480550889
2164,12.309644658871756
2165,5.674902085983235
2166,12.018634524922582
2167,8.340700297378651
2168,20.200318636424544
2169,12.270623325183665
2170,11.448527785371535
2171,4.603743089907867
2172,10.809484351163533
2173,11.553805110620692
2174,10.41060377125426
2175,12.564947953083605
2176,11.553805110620692
2177,6.0166567094445975
2178,11.037801593954475
2179,9.921477887449713
2180,15.924720389258828
2181,7.042453627923015
2182,9.017042324663405
2183,7.398050042439791
2184,10.675926205165224
2185,12.245330516577939
2186,12.83470926876887
2187,12.422673419179318
2188,16.14814693945674
2189,14.62176177912743
2190,11.511556599384777
2191,11.510293170827076
2192,11.49689227717732
2193,4.104449958395933
2194,11.347325747925765
2195,9.082774572441322
2196,12.025933103417332
2197,12.085569703926723
2198,8.340700297378651
2199,11.511556599384777
2200,15.416678015823463
2201,9.838790629496309
2202,11.653786056192823
2203,13.449606294982535
2204,11.20431487703233
2205,9.363493874492974
2206,16.14814693945674
2207,11.826703997082648
2208,5.45596104374104
2209,11.557066288444931
2210,14.198705139775337
2211,14.890048204970645
2212,15.151524458222601
2213,10.26836982619651
2214,10.597470534576031
2215,10.809484351163533
2216,12.687007020583625
2217,12.83470926876887
2218,10.507528202114651
2219,11.866952595678633
2220,14.375872299953501
2221,12.544943720147335
2222,11.836484097675502
2223,13.288994099644043
2224,11.97222992092779
2225,13.288994099644043
2226,11.5997831104887
2227,7.822726984110627
2228,11.355602932885814
2229,13.282283799903242
2230,11.888230864571232
2231,11.888230864571232
2232,9.500386537739356
2233,12.323651927323494
2234,9.354064489938409
2235,12.063635113823693
2236,11.70364871480094
2237,11.510293170827076
2238,14.375872299953501
2239,8.92883396913804
2240,13.31139595943411
2241,14.010628172672195
2242,14.92639732940522
2243,7.042453627923015
2244,6.0166567094445975
2245,19.421258014541866
2246,7.042453627923015
2247,8.39512304949905
2248,11.836484097675502
2249,10.808895178732245
2250,14.198705139775337
2251,7.822726984110627
2252,8.124339623753638
2253,11.97222992092779
2254,12.83470926876887
2255,14.967841759895126
2256,7.530306084272737
2257,8.52961773179713
2258,11.158274261785406
2259,8.124339623753638
2260,8.39512304949905
2261,12.123935687886258
2262,9.082816653827003
2263,10.78960954747558
2264,10.326293032664102
2265,11.355602932885814
2266,5.9115574306554075
2267,8.347815139475484
2268,12.541949367478496
2269,12.207337700714005
2270,9.533777162090434
2271,10.9210835456944
2272,12.015713462741525
2273,10.07152261310489
2274,11.97222992092779
2275,5.357984394925123
2276,9.09961860408026
2277,8.52961773179713
2278,5.357984394925123
2279,11.878006286877774
2280,8.296179003590597
2281,12.640173447061967
2282,11.652715501367886
2283,13.676934048722359
2284,20.200318636424544
2285,11.302403287506818
2286,4.104449958395933
2287,14.590750964304842
2288,8.296179003590597
2289,5.674902085983235
2290,11.716207272497423
2291,11.20431487703233
2292,11.511556599384777
2293,10.691137435641474
2294,5.45596104374104
2295,11.888230864571232
2296,12.085569703926723
2297,5.674902085983235
2298,11.608420936408708
2299,10.41060377125426
2300,10.151194651508192
2301,12.015713462741525
2302,9.017042324663405
2303,16.224251144832497
2304,10.45992194988615
2305,11.5997831104887
2306,12.544943720147335
2307,10.91933385600615
2308,10.25625850316277
2309,11.489097977649317
2310,10.691137435641474
2311,9.876075463686917
2312,9.533777162090434
2313,4.104449958395933
2314,11.393438839542139
2315,13.647545060738107
2316,14.11584555110574
2317,14.198705139775337
2318,12.434685992928802
2319,22.821238968190123
2320,11.691680219887175
2321,11.818427708945944
2322,12.543841478766463
2323,11.041026920155469
2324,10.538334916251705
2325,11.15967290767994
2326,12.083992290433239
2327,13.260472898215182
2328,10.795481070773988
2329,11.692590483676375
2330,13.56706260188024
2331,11.159500389518687
2332,13.130274854836635
2333,10.835082540355028
2334,11.2148167389466
2335,12.87693198990776
2336,15.053870562919073
2337,13.883377394105064
2338,12.64513179109313
2339,10.42932036268807
2340,12.619441091395455
2341,10.538334916251705
2342,14.408344772424917
2343,11.365160117486425
2344,11.15967290767994
2345,13.041732502855094
2346,13.260472898215182
2347,12.713937898803689
2348,11.372403905274144
2349,14.901834112644398
2350,11.22856966996173
2351,13.418060064542725
2352,14.16518818891536
2353,11.564551989989454
2354,12.055362048312409
2355,13.136875774258488
2356,12.001026113388482
2357,10.42932036268807
2358,13.225260283823394
2359,9.8303893975385
2360,14.825524412513067
2361,12.109826895869432
2362,12.166540303836573
2363,11.871008777075746
2364,12.28440033420671
2365,11.806311910548793
2366,12.04082815753894
2367,12.543841478766463
2368,13.097323921860983
2369,12.491997054363269
2370,12.150748173016702
2371,10.835082540355028
2372,15.277124771357638
2373,13.857036990178898
2374,12.177187291948682
2375,11.159500389518687
2376,11.512064041710891
2377,10.89626480425938
2378,12.86970635435047
2379,10.533170012497967
2380,14.338348727686073
2381,12.253307443124502
2382,11.159500389518687
2383,14.041700346671362
2384,12.095191862056762
2385,11.432031851439573
2386,11.817235640037344
2387,12.00007260367486
2388,12.390819014875955
2389,14.338348727686073
2390,12.866029615605253
2391,12.380250113269726
2392,13.097323921860983
2393,15.277124771357638
2394,10.635088217030884
2395,10.493675694626566
2396,13.672831673841396
2397,10.89626480425938
2398,12.420950568495526
2399,16.226290030428558
2400,12.680554489426314
2401,9.623396026341137
2402,13.260472898215182
2403,13.71984045076742
2404,12.420950568495526
2405,16.226290030428558
2406,15.053870562919073
2407,13.136875774258488
2408,11.45243900968236
2409,12.717078042985008
2410,11.519570206447483
2411,12.242119958646379
2412,12.720138299435773
2413,12.932372928167487
2414,10.42932036268807
2415,11.372403905274144
2416,13.251840822934138
2417,13.495841528296223
2418,13.466731079476636
2419,13.747588334068567
2420,14.338348727686073
2421,13.780790485339413
2422,13.097323921860983
2423,13.06226047485892
2424,12.461005890350682
2425,10.493675694626566
2426,12.28440033420671
2427,11.989071690128524
2428,15.053870562919073
2429,10.381220561506835
2430,14.787129517331316
2431,12.144110796697651
2432,13.453577741661357
2433,12.680554489426314
2434,12.343726559711031
2435,10.381220561506835
2436,9.623396026341137
2437,9.8303893975385
2438,15.277124771357638
2439,11.519570206447483
2440,13.08762694002364
2441,13.407290288834211
2442,12.640071295835948
2443,11.515946421309213
2444,11.932197688749245
2445,12.953097794488059
2446,13.225260283823394
2447,11.339179499282587
2448,12.600549682956325
2449,13.213898198046774
2450,10.381220561506835
2451,10.493675694626566
2452,11.361668497918865
2453,11.871008777075746
2454,12.23227932745818
2455,12.556714573124331
2456,13.157956117172665
2457,10.42932036268807
2458,11.426894192491208
2459,9.8303893975385
2460,12.765840839611524
2461,10.533170012497967
2462,11.73470214118081
2463,13.788935445942615
2464,12.668886991792363
2465,11.932197688749245
2466,14.088631294195475
2467,12.781732528913627
2468,12.146172333046566
2469,12.053020128727097
2470,11.512064041710891
2471,12.926781674016738
2472,11.547631518873807
2473,11.519570206447483
2474,11.45243900968236
2475,13.488801169987697
2476,23.37154951240903
2477,14.373578970112431
2478,10.622305810044518
2479,11.897984030472642
2480,11.822550094308735
2481,10.994401374197553
2482,9.766252691905434
2483,15.155294293898033
2484,13.263265889755393
2485,16.841331596492218
2486,10.766339513359918
2487,14.464838361682537
2488,14.115916686238904
2489,10.766339513359918
2490,15.034028897646936
2491,8.518456746856677
2492,11.232606793137368
2493,12.199192223036862
2494,12.405366674627993
2495,10.74192931978779
2496,10.766339513359918
2497,10.283115775545633
2498,17.368951020759145
2499,11.586281282347603
2500,12.96972231922688
2501,12.524186700592026
2502,7.421962666859051
2503,12.25878653929055
2504,10.675707039667023
2505,12.070659390433326
2506,14.820223317729939
2507,11.072326009879541
2508,8.518456746856677
2509,12.153159492366619
2510,5.669522357701723
2511,10.622305810044518
2512,13.408699244863053
2513,14.648729345988572
2514,12.199192223036862
2515,12.801458986143766
2516,7.421962666859051
2517,11.829495962115885
2518,11.07798552139592
2519,14.36321569091067
2520,13.010135090976023
2521,14.464838361682537
2522,13.940120346433925
2523,12.859630481928583
2524,12.763267974312168
2525,10.553184288590723
2526,13.21566434791943
2527,14.98186824209257
2528,12.968896832762875
2529,12.681995801031574
2530,16.232355379467418
2531,12.328582677903936
2532,12.96972231922688
2533,13.50321649836259
2534,12.719963162938084
2535,14.032589660827892
2536,10.994401374197553
2537,12.44845815975119
2538,11.09540201108146
2539,10.7579570900383
2540,11.73225148061222
2541,12.570451512627276
2542,14.850894841467264
2543,11.588863499508129
2544,12.619173939774468
2545,16.232355379467418
2546,12.002855988223951
2547,12.574078530011821
2548,12.304887564146293
2549,12.46956716885548
2550,11.208259052698992
2551,14.754949051281182
2552,12.863735517179178
2553,11.77787318715687
2554,15.245760849005508
2555,12.778268297238874
2556,12.932579838658068
2557,9.466459854583713
2558,13.21566434791943
2559,10.994401374197553
2560,12.265325198454123
2561,15.108498705914629
2562,10.854603408281104
2563,13.866744907766305
2564,15.497440625212983
2565,12.116731691933108
2566,12.743165560776852
2567,12.859630481928583
2568,17.01080938074443
2569,11.90894210824013
2570,12.195143807074457
2571,11.703825140783854
2572,12.922013069251465
2573,8.518456746856677
2574,12.172390434409477
2575,8.963877595496612
2576,11.77893280578425
2577,7.421962666859051
2578,10.766339513359918
2579,13.074064134909342
2580,16.34132469905184
2581,13.197429368077442
2582,10.854603408281104
2583,12.524186700592026
2584,13.191790586257698
2585,12.96972231922688
2586,10.766339513359918
2587,11.48302917225529
2588,12.280358696705532
2589,14.416924706102947
2590,12.405366674627993
2591,11.48302917225529
2592,13.090450564265701
2593,13.27746052048474
2594,11.932086538103167
2595,11.39371487752245
2596,13.21466024853946
2597,15.497440625212983
2598,14.431438682459884
2599,12.954241876638008
2600,12.172390434409477
2601,10.854603408281104
2602,11.822550094308735
2603,14.375089047939191
2604,11.822550094308735
2605,14.648729345988572
2606,11.072326009879541
2607,11.07798552139592
2608,12.59478095250921
2609,13.479161485140002
2610,9.83676951978289
2611,12.973787118597485
2612,14.89748246767218
2613,12.217909731420422
2614,8.963877595496612
2615,12.954241876638008
2616,12.908544094491653
2617,12.397477421026453
2618,13.025218319173021
2619,13.025218319173021
2620,13.408699244863053
2621,12.801458986143766
2622,12.864436717164192
2623,10.622305810044518
2624,12.670001859872356
2625,11.804571459461547
2626,12.116731691933108
2627,10.7579570900383
2628,13.747167967696182
2629,13.488801169987697
2630,12.864436717164192
2631,13.126005950416916
2632,14.754949051281182
2633,13.940120346433925
2634,10.994401374197553
2635,13.63976744645624
2636,10.675707039667023
2637,11.77893280578425
2638,14.032589660827892
2639,8.963877595496612
2640,13.409052522773873
2641,9.01483816917417
2642,10.656425085445287
2643,12.271787849775386
2644,11.890161341323266
2645,14.431438682459884
2646,13.21566434791943
2647,11.48302917225529
2648,11.39371487752245
2649,13.21466024853946
2650,14.032589660827892
2651,9.01483816917417
2652,16.34132469905184
2653,11.277466121304421
2654,14.032589660827892
2655,15.497440625212983
2656,16.576849496506796
2657,11.041617117540989
2658,14.691756933586031
2659,9.466459854583713
2660,14.69500953407621
2661,12.384655090148113
2662,10.541813660783651
2663,4.510479814097842
2664,4.492844537036928
2665,11.37231757664093
2666,11.989119839594341
2667,11.126551660996363
2668,9.41745917568329
2669,10.97474444474678
2670,10.300288006992021
2671,13.592276941389631
2672,15.453987963815786
2673,10.715004412364797
2674,5.470125728989766
2675,4.510479814097842
2676,11.130469027087782
2677,13.229992359730396
2678,7.573291786908797
2679,8.867545645054827
2680,4.029471338324641
2681,12.284284905471477
2682,9.281900303334039
2683,13.229992359730396
2684,12.09840558361526
2685,10.751634770385934
2686,14.584934805115305
2687,10.276933932086395
2688,11.08393325959499
2689,12.09840558361526
2690,14.584934805115305
2691,5.315301222768461
2692,12.677342741126488
2693,3.0859041877285716
2694,15.350690684766347
2695,11.9770699189839
2696,12.284284905471477
2697,11.126551660996363
2698,12.45496054094705
2699,13.977451937879023
2700,5.353100571518809
2701,7.573291786908797
2702,6.259240430649781
2703,16.121964304581955
2704,7.573291786908797
2705,8.680884496205183
2706,15.453987963815786
2707,4.984880357532812
2708,4.029471338324641
2709,4.767716494925471
2710,11.319444017487422
2711,10.259740212535524
2712,14.290297759739113
2713,11.62443212858623
2714,10.300288006992021
2715,12.810146684645742
2716,4.984880357532812
2717,11.702438165101102
2718,11.550044989776866
2719,11.62443212858623
2720,11.068006075895916
2721,11.308574265112076
2722,11.90530817536776
2723,10.10378360598083
2724,11.159565737339193
2725,11.802641001638236
2726,4.286733687155746
2727,9.843966972137009
2728,10.715004412364797
2729,11.08393325959499
2730,12.206071264209454
2731,14.235359786631207
2732,9.103014526656624
2733,12.161726102572112
2734,12.880129631172364
2735,9.005983671209878
2736,10.863657902753834
2737,9.252627268972775
2738,8.646127886718924
2739,11.519033468231168
2740,11.13240596352836
2741,12.025246202656199
2742,11.094957992935607
2743,10.513897812795234
2744,16.121964304581955
2745,11.319444017487422
2746,10.513897812795234
2747,10.863657902753834
2748,12.09840558361526
2749,11.453639109445891
2750,11.593207399049142
2751,8.375496880823496
2752,5.353100571518809
2753,3.0859041877285716
2754,10.643401418177113
2755,12.064868943534028
2756,9.570855149258309
2757,10.141650041174142
2758,12.81206720828027
2759,8.46386948626628
2760,10.758260169912495
2761,16.03967686012621
2762,11.549730058236518
2763,14.982292348477062
2764,11.13240596352836
2765,17.608732193824274
2766,11.802641001638236
2767,16.03967686012621
2768,11.609473307628642
2769,10.754565500085388
2770,11.308574265112076
2771,14.940586939514404
2772,10.751634770385934
2773,4.029471338324641
2774,9.974607587397331
2775,11.147234631291475
2776,15.159526991783832
2777,9.83920613768151
2778,9.936786550973292
2779,9.41745917568329
2780,9.78389549959222
2781,10.1708181384893
2782,12.161085942332692
2783,11.850104682505949
2784,9.498951304317222
2785,10.300288006992021
2786,12.09840558361526
2787,9.843966972137009
2788,9.72355634417677
2789,13.429307484549467
2790,14.982292348477062
2791,12.284787931652726
2792,12.284787931652726
2793,5.299627210686728
2794,5.299627210686728
2795,11.015824407391815
2796,9.699379506765574
2797,10.823204919476327
2798,11.015824407391815
2799,5.315301222768461
2800,4.984880357532812
2801,15.630179107722359
2802,4.767716494925471
2803,9.082647764813244
2804,11.126551660996363
2805,11.537932851812712
2806,11.37231757664093
2807,12.203266724846356
2808,11.762734883428479
2809,7.573291786908797
2810,3.1987740863191205
2811,10.521139304466017
2812,11.010873391532375
2813,9.281900303334039
2814,10.751634770385934
2815,4.029471338324641
2816,11.809651699228441
2817,17.608732193824274
2818,11.01963802523265
2819,13.977451937879023
2820,11.147234631291475
2821,9.252627268972775
2822,7.566261535414181
2823,16.121964304581955
2824,5.315301222768461
2825,15.453987963815786
2826,9.936786550973292
2827,15.350690684766347
2828,12.65413326622722
2829,15.159526991783832
2830,8.646127886718924
2831,3.5649573584525953
2832,10.823204919476327
2833,8.375496880823496
2834,11.9770699189839
2835,11.114759039507259
2836,10.1071695192412
2837,11.68750960022109
2838,9.699379506765574
2839,11.126551660996363
2840,12.330887324039656
2841,9.936786550973292
2842,11.802641001638236
2843,9.781484325537638
2844,14.315175982504986
2845,15.453987963815786
2846,9.014268506271568
2847,11.159565737339193
2848,10.513512829691573
2849,11.005028791299235
2850,17.608732193824274
2851,12.81206720828027
2852,12.29032196432633
2853,13.59473513609126
2854,9.683701384381012
2855,13.060050332191583
2856,14.081099332383799
2857,12.157172041972329
2858,13.300101195266276
2859,13.24947481935648
2860,14.242330078905752
2861,15.98028365608062
2862,13.227983469066702
2863,9.45735477930177
2864,13.355249542439946
2865,10.22305425211538
2866,12.997560412287184
2867,14.231405080718849
2868,14.668057865001602
2869,13.671118681993969
2870,14.31071449553155
2871,17.619453078174562
2872,13.365819519322569
2873,12.435091345191736
2874,15.140558987608046
2875,15.98028365608062
2876,12.252604042233747
2877,13.019446236019759
2878,14.190742237411383
2879,13.026603404150318
2880,19.01912244096543
2881,15.700174045515622
2882,10.81607389182398
2883,12.10717651089976
2884,14.976498310452103
2885,11.275238691706782
2886,10.246215151431434
2887,14.959489530550812
2888,14.31071449553155
2889,15.552921196914852
2890,15.818716120508741
2891,14.38411281937278
2892,14.78460530074259
2893,16.165743340362134
2894,12.993526908899288
2895,12.608045592499263
2896,12.181751378318426
2897,12.822280247854318
2898,12.85149636004301
2899,14.4281936298716
2900,15.406545861578278
2901,14.4281936298716
2902,13.778225399358401
2903,14.749082871281177
2904,12.266281681460422
2905,15.041326398654197
2906,10.16634177063425
2907,16.95584102096317
2908,15.891452190339685
2909,14.36477591957376
2910,16.815370179735748
2911,16.95584102096317
2912,11.718753020648219
2913,12.608045592499263
2914,14.583388826443265
2915,13.921431616880971
2916,17.1659287696874
2917,14.899623661843336
2918,13.578261158209843
2919,12.435091345191736
2920,12.439155049043825
2921,16.514244455260105
2922,11.0515296579976
2923,13.578261158209843
2924,11.158390612022284
2925,17.619453078174562
2926,12.372553653856887
2927,16.823470551725382
2928,13.55949279555295
2929,17.86733058016525
2930,12.883744282489308
2931,14.099149576028731
2932,17.020575008971985
2933,12.060748438649288
2934,14.78460530074259
2935,17.65848392569138
2936,11.807069247131336
2937,12.976473735003195
2938,12.752788726658403
2939,15.98320097697657
2940,12.290170777207416
2941,16.789647007118724
2942,15.818716120508741
2943,16.46484084103418
2944,15.57417746182375
2945,14.78460530074259
2946,13.700419892406774
2947,12.806900770353373
2948,12.657446146513845
2949,11.546581903198229
2950,17.106565479369973
2951,13.136433878094293
2952,13.100090571348295
2953,14.899623661843336
2954,13.59473513609126
2955,13.060050332191583
2956,14.239637259485688
2957,10.63509348921081
2958,15.534379085799891
2959,11.0515296579976
2960,12.57482281229496
2961,11.702260785655476
2962,12.060748438649288
2963,16.25222107849172
2964,14.411333661607914
2965,12.80697823491581
2966,14.993016923478455
2967,12.761228526903988
2968,17.65848392569138
2969,12.998714334132464
2970,14.210555505407894
2971,6.500927340552861
2972,14.618786419747076
2973,13.921431616880971
2974,15.123725613643362
2975,12.558705444987694
2976,16.594366358563786
2977,14.360194253857422
2978,12.80697823491581
2979,12.920009150847257
2980,12.14447160860778
2981,14.668057865001602
2982,12.85149636004301
2983,13.578261158209843
2984,15.57417746182375
2985,15.264107906692304
2986,22.07852360205616
2987,15.818716120508741
2988,11.419545307033655
2989,15.212584154680533
2990,13.24947481935648
2991,12.558705444987694
2992,12.435091345191736
2993,10.22305425211538
2994,12.14447160860778
2995,13.700419892406774
2996,12.026434459422465
2997,14.78460530074259
2998,14.114832810854212
2999,14.099149576028731
3000,14.36477591957376
3001,13.043206780349365
3002,12.14447160860778
3003,13.889934346339622
3004,13.392890730989969
3005,12.883744282489308
3006,11.161947267312641
3007,14.242330078905752
3008,14.350032971678804
3009,15.700174045515622
3010,14.99558791549554
3011,11.546581903198229
3012,10.81607389182398
3013,13.136433878094293
3014,12.14447160860778
3015,14.26069473958324
3016,14.583388826443265
3017,13.183569591855386
3018,14.242330078905752
3019,10.757739056015057
3020,11.275238691706782
3021,13.183569591855386
3022,14.228113595070136
3023,18.23638619167154
3024,15.588621602189596
3025,14.668057865001602
3026,15.65200497513457
3027,13.368215582035376
3028,12.026434459422465
3029,12.14447160860778
3030,13.326539320993048
3031,14.099149576028731
3032,13.969124240756758
3033,14.501623362400275
3034,10.757739056015057
3035,17.517175140543287
3036,14.827726401710478
3037,12.920009150847257
3038,12.297281953798516
3039,10.757739056015057
3040,12.372553653856887
3041,11.161947267312641
3042,17.133612778170598
3043,18.47582846953685
3044,15.048128752313533
3045,15.74869595178909
3046,13.332906372207281
3047,14.605490784095611
3048,16.355464876751334
3049,16.65370316238962
3050,14.226912141672008
3051,14.313129601280444
3052,15.980367394239181
3053,10.91873356442432
3054,13.822114824598835
3055,13.412724552399707
3056,8.19775854927434
3057,12.73821793876636
3058,15.356737695703218
3059,17.76443715756843
3060,14.659396006388997
3061,12.421886977547
3062,14.069783651134248
3063,13.36957928087405
3064,14.550491138906201
3065,13.32386947080248
3066,16.47886938814226
3067,13.57773173075253
3068,10.91873356442432
3069,17.977277649826448
3070,11.313034536690783
3071,16.01752320286968
3072,15.634484371751007
3073,11.47198619612367
3074,12.56722869464922
3075,17.442113437673054
3076,16.72993799712208
3077,12.39262772630792
3078,13.250363278734136
3079,13.450186716979678
3080,15.725223915823133
3081,14.755708809619716
3082,14.794199154611768
3083,11.926056820137687
3084,15.010497285365563
3085,17.59842516627651
3086,10.866783714299439
3087,17.529189148228017
3088,14.891524795935
3089,16.9166469466328
3090,11.57446554305048
3091,13.608181614053795
3092,17.018092175745423
3093,16.66212048958892
3094,14.328171711815067
3095,16.05713033239876
3096,11.449930511015678
3097,14.219457943478407
3098,17.137814940227162
3099,17.239442064659592
3100,12.571451787898615
3101,13.578068598271962
3102,12.56722869464922
3103,12.714511362219817
3104,15.70090938483492
3105,18.83229729371229
3106,14.71669419848453
3107,14.313129601280444
3108,11.720864852273216
3109,14.550491138906201
3110,16.107276979997824
3111,19.54358892961962
3112,13.822114824598835
3113,19.091344886565437
3114,11.363380464851716
3115,15.356737695703218
3116,18.97237239713487
3117,13.982193740963652
3118,12.73821793876636
3119,15.873663455863225
3120,13.450186716979678
3121,7.033721950065788
3122,17.86451128746869
3123,15.702989794659265
3124,14.581438535676542
3125,15.13425882275207
3126,11.47198619612367
3127,16.3368872071531
3128,14.891524795935
3129,13.564974848928095
3130,15.725223915823133
3131,13.568108788395804
3132,14.619100480005825
3133,16.838441291942548
3134,11.491048783240952
3135,14.899639243808476
3136,12.158235498224684
3137,14.328171711815067
3138,10.91873356442432
3139,15.873663455863225
3140,14.581438535676542
3141,13.332906372207281
3142,11.363380464851716
3143,16.80790693806365
3144,12.72481830746242
3145,15.940448177882278
3146,14.928336499990978
3147,14.570591929482351
3148,12.158235498224684
3149,13.250363278734136
3150,14.619100480005825
3151,13.736390436956754
3152,13.564974848928095
3153,14.657901834682843
3154,13.568108788395804
3155,19.506889979205024
3156,15.585210762599495
3157,15.017576668235591
3158,14.71669419848453
3159,9.034184841944915
3160,16.05713033239876
3161,14.451781846066007
3162,15.14644257258307
3163,7.370250583127955
3164,14.14314234112775
3165,14.550491138906201
3166,11.522148898591773
3167,16.323777159642695
3168,18.83229729371229
3169,13.32386947080248
3170,18.97237239713487
3171,11.363380464851716
3172,15.74869595178909
3173,14.968196052738975
3174,15.551514888550015
3175,17.442113437673054
3176,15.800109650424796
3177,18.97698566499006
3178,18.47582846953685
3179,16.09759897880473
3180,9.218248955061238
3181,13.99590932078051
3182,19.460795476333825
3183,14.486238489054056
3184,15.878276723718418
3185,16.24975397879691
3186,15.08046480410008
3187,14.442297124105293
3188,14.396757425196528
3189,13.113689346737551
3190,13.51575609215268
3191,14.451781846066007
3192,14.069783651134248
3193,16.65370316238962
3194,13.651960258539855
3195,13.250363278734136
3196,12.263475328255595
3197,14.736304388824015
3198,9.440832313935248
3199,13.822114824598835
3200,11.514606816578418
3201,11.528371040179277
3202,13.564974848928095
3203,15.227618073734487
3204,14.896138063790193
3205,10.91873356442432
3206,14.896138063790193
3207,16.355464876751334
3208,12.785136938570291
3209,14.486238489054056
3210,11.57446554305048
3211,15.639477011113872
3212,15.738142075993363
3213,14.212478766262075
3214,15.356737695703218
3215,14.891524795935
3216,16.18938527069335
3217,13.36957928087405
3218,17.919884853028236
3219,15.192537075454272
3220,12.158235498224684
3221,11.313034536690783
3222,11.57446554305048
3223,13.450186716979678
3224,15.738142075993363
3225,15.761553271412625
3226,17.90554298397294
3227,14.896138063790193
3228,14.331765188869928
3229,11.171990866388802
3230,15.016801487130929
3231,14.57716008354552
3232,12.483160339703488
3233,14.223958331912604
3234,13.20675247222552
3235,13.118483149366806
3236,14.999171374169391
3237,13.923980888434222
3238,11.051485327636604
3239,10.855685296596826
3240,15.192835983841306
3241,13.690369418172823
3242,17.768834485344463
3243,12.664765536530192
3244,12.744406936781898
3245,14.574335428950938
3246,14.18515783196171
3247,11.195940108659952
3248,13.537839523033282
3249,11.195940108659952
3250,11.406753085470719
3251,13.303051701012707
3252,12.224758053346227
3253,14.361650053413404
3254,14.702848929413616
3255,14.369245547780073
3256,13.483181975915729
3257,15.016801487130929
3258,12.615594346543697
3259,12.64157733007687
3260,10.906935797688787
3261,11.195940108659952
3262,12.849380561902262
3263,13.397293797761806
3264,12.350930402052546
3265,15.814405528795684
3266,13.303051701012707
3267,15.016801487130929
3268,12.660895495736082
3269,16.322404434140832
3270,15.814405528795684
3271,14.164734231736078
3272,14.800220827750424
3273,14.045567445028365
3274,14.743431208884124
3275,12.921888943957184
3276,13.025546720812196
3277,10.464554250744914
3278,14.029361380641326
3279,12.71144349728144
3280,14.08340659683076
3281,14.57716008354552
3282,13.049167529618945
3283,11.195940108659952
3284,12.023113969501894
3285,14.636204985526616
3286,13.890382755576185
3287,13.04439303367196
3288,14.0830016983142
3289,11.406753085470719
3290,14.428448549838814
3291,13.091044661467038
3292,12.921888943957184
3293,13.368420959305817
3294,14.653495935688866
3295,12.224758053346227
3296,13.025546720812196
3297,13.690369418172823
3298,14.237052449830182
3299,13.815942220973414
3300,14.560095282182475
3301,13.952276575206653
3302,17.031333303486438
3303,12.023113969501894
3304,14.392233972722476
3305,12.744406936781898
3306,18.99770827272388
3307,14.999171374169391
3308,14.428448549838814
3309,13.953877615145357
3310,12.744406936781898
3311,14.428448549838814
3312,14.038468010571256
3313,14.428448549838814
3314,10.855685296596826
3315,14.560095282182475
3316,13.846701013532716
3317,15.548290285053367
3318,15.814405528795684
3319,11.315204503447347
3320,14.369245547780073
3321,11.156660802740166
3322,12.290564978272338
3323,12.290564978272338
3324,10.855685296596826
3325,13.368420959305817
3326,12.100460414387369
3327,13.587723767160494
3328,13.737149157490194
3329,19.08504835030306
3330,14.309044448030784
3331,13.028081539992902
3332,16.86087832532983
3333,13.028081539992902
3334,13.284224745859705
3335,10.855685296596826
3336,12.161874825741021
3337,15.786193402036558
3338,14.428448549838814
3339,13.448756176716593
3340,12.224758053346227
3341,10.855685296596826
3342,14.428448549838814
3343,13.220537722903673
3344,15.089911060799231
3345,13.953877615145357
3346,10.464554250744914
3347,12.290564978272338
3348,12.122999277242405
3349,16.86087832532983
3350,13.118483149366806
3351,11.171990866388802
3352,13.604225891452437
3353,13.890382755576185
3354,11.195940108659952
3355,14.702848929413616
3356,13.847605368063297
3357,13.448756176716593
3358,13.118483149366806
3359,14.18515783196171
3360,12.023113969501894
3361,13.303051701012707
3362,11.051485327636604
3363,15.758747696817586
3364,13.77744932563953
3365,13.04439303367196
3366,14.425935297150104
3367,14.393445180903202
3368,12.744406936781898
3369,14.151382877157658
3370,13.118483149366806
3371,14.045567445028365
3372,14.653495935688866
3373,13.847605368063297
3374,13.04439303367196
3375,15.016801487130929
3376,16.507051212576755
3377,14.392233972722476
3378,14.237606825029557
3379,14.309044448030784
3380,10.464554250744914
3381,13.688922346946502
3382,13.921324408936867
3383,13.890382755576185
3384,14.331765188869928
3385,12.224758053346227
3386,15.403551683175493
3387,13.118483149366806
3388,13.174720923848541
3389,13.890382755576185
3390,14.164734231736078
3391,13.737149157490194
3392,14.999171374169391
3393,13.690369418172823
3394,14.344771983100411
3395,14.986084298594081
3396,20.750375781750982
3397,14.702848929413616
3398,11.171990866388802
3399,11.315204503447347
3400,12.921888943957184
3401,16.079340787749324
3402,14.361650053413404
3403,14.986084298594081
3404,13.539703617375611
3405,13.028081539992902
3406,13.688922346946502
3407,12.290564978272338
3408,12.98953667485505
3409,14.344771983100411
3410,15.814405528795684
3411,15.192835983841306
3412,14.223958331912604
3413,12.744406936781898
3414,12.350930402052546
3415,12.707416273611305
3416,14.510116884366933
3417,11.623519163015079
3418,11.736141739434332
3419,10.107419710350271
3420,10.362004761060192
3421,16.728508479303255
3422,10.368596652986506
3423,13.727582014473066
3424,11.142390115299484
3425,19.378732023379023
3426,12.019142983786928
3427,11.142390115299484
3428,15.749110231543055
3429,8.956526680316678
3430,10.038564007929118
3431,13.503117128019811
3432,13.853691080815096
3433,12.019142983786928
3434,19.88219846712491
3435,15.953052310576496
3436,18.211971388428314
3437,12.429366598094168
3438,14.945725145445898
3439,17.585868969312642
3440,13.635439841966978
3441,11.782117025422389
3442,22.696266256721337
3443,11.782117025422389
3444,11.738929035579504
3445,13.906445021391605
3446,17.967317179975083
3447,13.221421810493698
3448,10.903055624697233
3449,19.228872196233265
3450,11.109366710640368
3451,16.72707045688792
3452,11.813380751769747
3453,14.37817766716214
3454,19.402502386329974
3455,13.50707311827156
3456,13.716685533799396
3457,9.366162426736466
3458,10.362004761060192
3459,12.543396299561326
3460,14.376606649438584
3461,15.137328411206733
3462,18.593041635630225
3463,12.803000776767444
3464,21.24234586375518
3465,14.815234007380736
3466,11.50873022069495
3467,13.403436326841646
3468,14.198369772929494
3469,12.04897121281668
3470,16.520931529874968
3471,13.50707311827156
3472,12.13782579152626
3473,14.0268794544857
3474,13.5424632342639
3475,16.698212042608265
3476,8.307410645050034
3477,12.536092154432632
3478,18.186495119925354
3479,18.309172494118435
3480,13.853691080815096
3481,14.124777618533814
3482,13.853691080815096
3483,16.813660327569497
3484,13.853691080815096
3485,14.008114391542529
3486,13.340402945404849
3487,13.027878539907155
3488,19.044051359722253
3489,13.968100792355006
3490,13.043644159168622
3491,12.58190733969137
3492,14.812080098548458
3493,14.198369772929494
3494,14.945725145445898
3495,10.903055624697233
3496,12.830187817369847
3497,10.020103687642653
3498,16.554878289206545
3499,11.50873022069495
3500,9.8920835176724
3501,13.987323956695969
3502,12.707416273611305
3503,12.954910608743226
3504,13.956297016418931
3505,9.366162426736466
3506,10.362004761060192
3507,16.160742345972114
3508,13.002368036969964
3509,12.036814158046383
3510,13.74040472023833
3511,16.72707045688792
3512,13.221421810493698
3513,13.506210176069201
3514,12.901460877265063
3515,11.593894862740617
3516,14.779426594671078
3517,14.096583133299763
3518,12.846965695184183
3519,12.429366598094168
3520,13.308594500280973
3521,12.416770193714889
3522,9.81830177353174
3523,16.698212042608265
3524,12.803000776767444
3525,16.728508479303255
3526,12.429732469676166
3527,9.243011690033134
3528,15.137328411206733
3529,17.453903112944847
3530,10.362004761060192
3531,12.702640631061254
3532,15.35475160069738
3533,13.50707311827156
3534,13.661279529330281
3535,13.270913010341102
3536,16.520931529874968
3537,13.553222597724723
3538,14.956352765232731
3539,14.802063919225992
3540,15.651168418115937
3541,12.429732469676166
3542,11.738929035579504
3543,17.485782789633934
3544,15.26452811229506
3545,13.739928587281007
3546,12.533786083514597
3547,13.458650950629295
3548,13.027878539907155
3549,17.17828280886709
3550,12.672700213423358
3551,21.24234586375518
3552,15.137328411206733
3553,13.5424632342639
3554,13.773245005734443
3555,13.135250522580124
3556,9.663903009396792
3557,13.749762029050427
3558,11.142390115299484
3559,13.932753847872796
3560,13.956297016418931
3561,11.946110645397072
3562,17.946496217771813
3563,13.635439841966978
3564,13.987323956695969
3565,13.74040472023833
3566,16.25368641470044
3567,13.403436326841646
3568,12.141487616984174
3569,16.813660327569497
3570,13.773245005734443
3571,9.8920835176724
3572,12.232213852333436
3573,13.913272564981856
3574,11.504121517893946
3575,10.795736478252705
3576,15.071409623950425
3577,12.960043599595071
3578,16.160742345972114
3579,11.504121517893946
3580,15.071409623950425
3581,19.771737661858026
3582,14.647920181482665
3583,13.661279529330281
3584,8.956526680316678
3585,15.651168418115937
3586,9.243011690033134
3587,13.027878539907155
3588,13.956297016418931
3589,9.663903009396792
3590,13.29083078294236
3591,14.233683358530438
3592,10.362004761060192
3593,14.91568286979889
3594,13.853691080815096
3595,13.823791303223384
3596,13.528185284516546
3597,18.186495119925354
3598,12.030763953637504
3599,10.795736478252705
3600,13.178023576633185
3601,10.038564007929118
3602,19.402502386329974
3603,15.26452811229506
3604,8.81298229190187
3605,15.879445085251154
3606,11.545361159979327
3607,10.615664129854997
3608,11.04230182589931
3609,7.408800607832606
3610,12.074072911231758
3611,11.928417246689076
3612,12.940157190467946
3613,13.103106166114966
3614,9.255019901563562
3615,12.17101492224273
3616,11.171975134188271
3617,12.487715679462438
3618,9.078181318896101
3619,9.071993498212672
3620,11.33016426375038
3621,10.660934756674742
3622,11.896737097479791
3623,12.985420411401554
3624,8.563527671084879
3625,12.783201442006417
3626,11.68921806095006
3627,10.14748147852463
3628,13.873576424420303
3629,13.103106166114966
3630,13.842589790395177
3631,11.536792650975492
3632,13.842589790395177
3633,9.390170820831184
3634,14.07036573128634
3635,11.25797011458993
3636,12.559322651231703
3637,10.660934756674742
3638,11.457655514893302
3639,12.885891965421905
3640,11.66233363287702
3641,11.938619328663226
3642,7.844233235769677
3643,12.703284326146681
3644,12.749088091927973
3645,14.406010715834029
3646,9.146954438945068
3647,12.666291520543686
3648,11.865510241517482
3649,7.2396744900351235
3650,12.487715679462438
3651,14.399028718292953
3652,8.23857929874687
3653,10.475896529923835
3654,14.64489541522885
3655,12.500611269356586
3656,13.649307329655942
3657,15.630159235413153
3658,11.739778008002768
3659,13.39208975160902
3660,12.940157190467946
3661,13.370241436342535
3662,10.537614342848013
3663,15.886666246770329
3664,9.071993498212672
3665,9.255019901563562
3666,13.934214260217043
3667,14.487434802969329
3668,10.649733162664871
3669,11.13650395755923
3670,12.250291857763882
3671,14.860640772133198
3672,14.337302982185209
3673,9.390170820831184
3674,10.674450797092724
3675,12.557684117006515
3676,9.992333843444094
3677,13.925276082893772
3678,11.681860111948023
3679,11.617640110161815
3680,12.475239549768398
3681,14.024975632399984
3682,14.044853878829214
3683,11.617640110161815
3684,10.414567755695613
3685,13.087879160218087
3686,14.049245403507001
3687,12.413750169253657
3688,9.992333843444094
3689,15.274252225939128
3690,12.535929540254303
3691,8.352385147837948
3692,12.127305475324818
3693,16.71472555705979
3694,6.476025273166569
3695,13.942956043121358
3696,11.693524578749786
3697,12.933983478008725
3698,13.842589790395177
3699,14.959092409191376
3700,9.551065453081607
3701,13.792009265906394
3702,7.472601444559086
3703,10.411394503359134
3704,7.458754019156487
3705,12.565253521051403
3706,16.814695686693597
3707,14.07036573128634
3708,13.925276082893772
3709,16.74886626275174
3710,13.925276082893772
3711,9.551065453081607
3712,11.865510241517482
3713,10.475896529923835
3714,12.413750169253657
3715,13.529262602754418
3716,11.171975134188271
3717,14.924649754163621
3718,10.14748147852463
3719,13.529262602754418
3720,13.18830828768187
3721,15.879445085251154
3722,9.445867637210302
3723,8.81298229190187
3724,15.04798651370131
3725,14.975577696302885
3726,12.967215267200311
3727,9.992333843444094
3728,12.681581292450474
3729,10.345320204857234
3730,9.732961373882395
3731,13.529262602754418
3732,12.60445508626163
3733,15.879445085251154
3734,14.399028718292953
3735,12.461492665566839
3736,8.256996835074062
3737,14.07036573128634
3738,11.13650395755923
3739,14.399028718292953
3740,12.69444090240306
3741,14.329544917639545
3742,14.975577696302885
3743,12.559322651231703
3744,12.308149521553796
3745,8.249043126670069
3746,14.337302982185209
3747,14.994417721701685
3748,8.912402804377898
3749,16.873492741008214
3750,12.094916787095588
3751,10.895335606279046
3752,11.537063185228096
3753,16.013333502573516
3754,14.337302982185209
3755,11.04230182589931
3756,13.529262602754418
3757,12.940157190467946
3758,14.72607850531793
3759,9.636040700138214
3760,14.959092409191376
3761,14.76697842669185
3762,10.104806913715342
3763,7.971637852490181
3764,12.094916787095588
3765,16.045183846222827
3766,7.844233235769677
3767,7.601441815121777
3768,9.551065453081607
3769,9.732961373882395
3770,11.325939832192624
3771,8.06975345446551
3772,12.529679646878884
3773,12.917190288901608
3774,11.896737097479791
3775,10.090267224592646
3776,12.69947827702019
3777,12.788002314745983
3778,8.249043126670069
3779,12.967215267200311
3780,13.655368274533556
3781,10.168416663556503
3782,9.146954438945068
3783,13.471035030248233
3784,13.842589790395177
3785,11.173198574567804
3786,7.303521699666062
3787,12.487715679462438
3788,16.731195165182637
3789,10.680129390349308
3790,7.23918664180946
3791,13.716683630375142
3792,9.08909966248254
3793,12.094916787095588
3794,11.59506229309375
3795,10.67068116747235
3796,13.630423114914702
3797,9.170649748687245
3798,10.834765449371453
3799,14.07233840874178
3800,16.39206460016345
3801,12.03017425021319
3802,12.587840779869511
3803,12.363813764141245
3804,12.998323915607704
3805,9.092473617481303
3806,20.25849245338205
3807,8.83987391485188
3808,19.096506592083976
3809,12.33595385175967
3810,13.42824156060843
3811,12.13279515946932
3812,14.141727273357182
3813,13.73809961175364
3814,12.932257555129747
3815,8.698927365173535
3816,14.199556989471503
3817,8.150911195191846
3818,12.657015641960593
3819,9.742891865779578
3820,16.159300019899526
3821,10.838130833213889
3822,16.095523305477034
3823,10.063765156982855
3824,12.468205628010924
3825,8.44602148214588
3826,12.587580874131028
3827,9.092439213027626
3828,9.092473617481303
3829,12.330221190315427
3830,12.704989630024356
3831,15.475984987229298
3832,10.838130833213889
3833,12.657015641960593
3834,12.657015641960593
3835,7.060745219319642
3836,10.351143936208956
3837,16.552453565628785
3838,13.937421163825798
3839,12.651441013883453
3840,10.109105155972932
3841,9.210131696366293
3842,11.308450714978973
3843,12.683525476604318
3844,13.960009828985635
3845,12.254500427088006
3846,10.796512410106637
3847,9.904159849797866
3848,8.035150133682688
3849,11.295085362003189
3850,11.869985826219695
3851,15.871450817585362
3852,12.183374626447737
3853,11.979520090114075
3854,14.295781123996496
3855,12.467585566732092
3856,13.540319863648282
3857,13.138748857739724
3858,12.655539458953037
3859,9.210131696366293
3860,12.587580874131028
3861,9.703964597982695
3862,8.963767742600924
3863,11.746135618402544
3864,11.65689477754258
3865,11.717418446984059
3866,6.440161777603933
3867,10.030178081038226
3868,15.86621374642806
3869,13.021546006975768
3870,10.85058790442378
3871,9.092473617481303
3872,10.85058790442378
3873,11.705489100624984
3874,8.80562042389431
3875,14.199556989471503
3876,13.78830656779005
3877,12.397812596836305
3878,9.80147464483974
3879,16.159300019899526
3880,10.99640452067836
3881,11.597173094048674
3882,8.052330664177298
3883,9.092439213027626
3884,11.295274269132895
3885,12.649581492768199
3886,9.016004956300732
3887,12.651441013883453
3888,12.664099064107528
3889,12.588909470282212
3890,13.099266910060676
3891,9.739925394564656
3892,11.680838027584949
3893,14.002181975092972
3894,10.351143936208956
3895,13.182980196771423
3896,10.109105155972932
3897,13.341336510789898
3898,12.793940188736675
3899,15.906142159666015
3900,13.36976746241165
3901,8.134644162963463
3902,14.653613437383171
3903,11.988015707399917
3904,12.464107638528361
3905,14.317685753493311
3906,8.134644162963463
3907,11.746135618402544
3908,14.36142303785041
3909,11.580335425690855
3910,15.625818746587885
3911,12.43953787819143
3912,8.698927365173535
3913,13.705164881359364
3914,8.150911195191846
3915,7.835167174860841
3916,9.092473617481303
3917,16.366084516738816
3918,10.109105155972932
3919,11.516351189238023
3920,14.234795440032789
3921,8.896194874635482
3922,11.59213455784142
3923,7.934502656140381
3924,11.988015707399917
3925,15.871450817585362
3926,11.869985826219695
3927,11.374350230889668
3928,15.22386215101318
3929,12.38093329897885
3930,15.342427274205985
3931,13.36976746241165
3932,8.122003313734021
3933,13.52179502912325
3934,13.731837056604864
3935,8.460185987056816
3936,16.658022090602664
3937,9.44603253060266
3938,14.382031520130292
3939,11.165217449063162
3940,12.03017425021319
3941,14.69236091172783
3942,12.649581492768199
3943,8.698927365173535
3944,10.983654445130659
3945,11.524542215646745
3946,14.09597968092452
3947,12.649581492768199
3948,13.075935272787953
3949,10.548366603995305
3950,12.729264365467097
3951,12.100519374905163
3952,11.169619523397648
3953,7.835167174860841
3954,9.742891865779578
3955,12.17432703159418
3956,9.092473617481303
3957,9.742891865779578
3958,12.12916773824828
3959,11.374350230889668
3960,12.502085036328245
3961,10.14483722528376
3962,14.479430395308786
3963,11.516351189238023
3964,11.491431788809232
3965,12.635208990071229
3966,14.295781123996496
3967,15.774504096652533
3968,13.099266910060676
3969,10.431591289903
3970,9.80147464483974
3971,8.698927365173535
3972,8.460185987056816
3973,11.88298555188063
3974,13.790273359437514
3975,10.802706220806144
3976,8.689602219309446
3977,12.729264365467097
3978,14.094386192819776
3979,12.17432703159418
3980,8.83987391485188
3981,11.65689477754258
3982,10.677827350922476
3983,12.338913515407045
3984,7.779078114743849
3985,9.392073843270657
3986,11.797070218105068
3987,6.539894531255657
3988,10.18245331628125
3989,12.30938601189698
3990,6.51404864144462
3991,12.243874587084266
3992,11.330083305886129
3993,9.313823940117747
3994,12.741787129465271
3995,8.165932023973193
3996,9.41980822815956
3997,11.341816776640243
3998,10.875028977766851
3999,10.960182359568522
4000,12.73850615663035
4001,8.338931009514607
4002,10.960430522756317
4003,8.589577574339659
4004,13.204388412246594
4005,9.489450506420058
4006,14.379098782251518
4007,10.430527944197241
4008,14.880886447791454
4009,8.835955180590886
4010,11.263253337947617
4011,13.180341590850993
4012,11.594545110802079
4013,11.386669663889592
4014,8.470066256849798
4015,11.302290394091864
4016,13.23331616341771
4017,9.010660498581363
4018,13.622565605610244
4019,15.325800891621258
4020,11.268933544746226
4021,8.55672135935137
4022,12.793989407382936
4023,10.258626261090027
4024,13.204388412246594
4025,12.73850615663035
4026,6.928520171167327
4027,10.960182359568522
4028,11.795608823031841
4029,11.828054767424852
4030,8.589577574339659
4031,6.539894531255657
4032,14.324798227764632
4033,6.338068936443078
4034,12.917354722718473
4035,8.27492820951687
4036,12.917354722718473
4037,8.267694155409826
4038,13.753724391797098
4039,13.856936582149322
4040,11.302290394091864
4041,10.44872423759123
4042,10.677827350922476
4043,11.909921345751592
4044,8.27492820951687
4045,13.047631967769656
4046,9.940737471317297
4047,7.820137626467914
4048,14.324798227764632
4049,13.093267112705982
4050,9.163873360840837
4051,6.546599548894599
4052,9.231733878194635
4053,10.430527944197241
4054,13.632359029561739
4055,10.042506052498931
4056,10.641790180217734
4057,9.489450506420058
4058,12.047068634814917
4059,10.455893168227378
4060,10.912778798028727
4061,8.847793831719128
4062,11.042147765149304
4063,8.509710505885685
4064,11.302290394091864
4065,10.455893168227378
4066,10.455893168227378
4067,11.302290394091864
4068,6.928520171167327
4069,12.347593935705772
4070,12.133892931265363
4071,11.977318786804842
4072,15.016259416551003
4073,10.430527944197241
4074,8.68000875390677
4075,11.772374472369316
4076,13.017977385280401
4077,9.18430989311294
4078,10.641790180217734
4079,10.554099880132384
4080,12.767948801358669
4081,14.556518995219061
4082,6.51404864144462
4083,10.657877481938675
4084,4.5930593327377
4085,12.853385444377356
4086,12.078209048618904
4087,8.835955180590886
4088,9.104114683426332
4089,8.166136053450655
4090,5.203714206559242
4091,13.946471373119026
4092,9.557544553451864
4093,9.104114683426332
4094,12.501243493990128
4095,7.779905233068269
4096,10.641790180217734
4097,11.042147765149304
4098,11.019520546731899
4099,12.917354722718473
4100,9.796977506563204
4101,9.729624076039608
4102,11.413861408946204
4103,13.103485907337834
4104,10.350946482720925
4105,6.1600063353706505
4106,10.991178562089317
4107,11.585063103886037
4108,8.589577574339659
4109,5.511973894588921
4110,9.623349748565026
4111,13.03974342189441
4112,11.322993491694637
4113,11.228970761923714
4114,12.020885092481057
4115,15.376670760305988
4116,14.534893796965918
4117,10.455893168227378
4118,5.863720933907853
4119,7.429051107741587
4120,6.51404864144462
4121,7.807981222585405
4122,9.163873360840837
4123,5.390440989987195
4124,8.57079429732338
4125,11.901497245227395
4126,10.455893168227378
4127,8.166136053450655
4128,7.768133053848068
4129,13.684006753357124
4130,9.392073843270657
4131,6.486241530277918
4132,8.470066256849798
4133,9.33806890519982
4134,16.089397700515885
4135,12.741787129465271
4136,6.486241530277918
4137,10.86038784168544
4138,9.489450506420058
4139,9.661674194489226
4140,8.235219709268634
4141,12.839866062012854
4142,10.239154472812409
4143,10.288145966012157
4144,13.753724391797098
4145,7.429051107741587
4146,14.566418030859934
4147,6.491761231568549
4148,12.917354722718473
4149,7.8968519569882885
4150,5.552775952851472
4151,17.687471221901763
4152,12.917354722718473
4153,4.9634567259902855
4154,9.313823940117747
4155,6.842392240041356
4156,11.099120545235293
4157,7.8968519569882885
4158,12.862030958596286
4159,12.839866062012854
4160,10.288145966012157
4161,10.430527944197241
4162,13.517431005605152
4163,14.357909615863106
4164,8.747451786860827
4165,12.853385444377356
4166,13.407504084861152
4167,12.013341232202867
4168,14.086548563394848
4169,14.188955690601519
4170,15.270454856867254
4171,12.48698725422151
4172,17.836810990164494
4173,13.81888007180883
4174,12.899693840682323
4175,15.310643192832016
4176,15.884587221029152
4177,15.814585262345735
4178,13.790679939456897
4179,9.98141902077207
4180,13.893114172182331
4181,14.252758444864872
4182,15.089923081180387
4183,15.930960937908946
4184,19.13145122311883
4185,12.939807820208465
4186,12.939807820208465
4187,12.541491753142507
4188,14.673089934915053
4189,14.602822061262417
4190,14.38931461666346
4191,15.310643192832016
4192,19.255611823958354
4193,12.496256176237196
4194,12.462517029231327
4195,9.692364658634936
4196,13.938147942216304
4197,14.329755111057342
4198,7.522227025199992
4199,14.480605610932681
4200,15.270454856867254
4201,12.745583422712604
4202,13.928454120408103
4203,15.500308952150906
4204,14.632034945366351
4205,13.302232604612925
4206,13.384278568897518
4207,14.18288311537114
4208,12.939807820208465
4209,14.482237871545523
4210,11.85698728929686
4211,13.411166534644668
4212,13.599963503216097
4213,7.961645250723906
4214,11.220263261571416
4215,13.395997276295818
4216,17.299436819453256
4217,16.930414463318947
4218,13.617416112249208
4219,20.04091540088085
4220,15.814585262345735
4221,17.035315842587444
4222,12.470484876869122
4223,17.356888860881558
4224,14.03974637836632
4225,15.380389642101942
4226,14.673089934915053
4227,10.473628044604514
4228,7.522227025199992
4229,12.449046143028271
4230,9.692364658634936
4231,14.17817221160074
4232,17.63082145196815
4233,14.696432457134218
4234,17.250198826512502
4235,13.928454120408103
4236,16.930414463318947
4237,14.993871195754595
4238,13.458272210704012
4239,14.724680215291736
4240,15.930960937908946
4241,11.220263261571416
4242,18.040767485575884
4243,15.930960937908946
4244,13.265662466172078
4245,12.933614482034798
4246,12.70764331042351
4247,13.747766735944786
4248,15.557829963364497
4249,18.827011215087033
4250,14.842441861320925
4251,14.673089934915053
4252,14.482237871545523
4253,14.066678672691221
4254,15.309460634673032
4255,16.34085270101703
4256,14.641355811333678
4257,14.169636139370038
4258,12.16117754382375
4259,14.524435196567435
4260,13.015370780820039
4261,19.160191088766275
4262,11.883462639123495
4263,13.661245697883961
4264,13.165449278678855
4265,13.81888007180883
4266,15.790563244269267
4267,13.747766735944786
4268,14.480605610932681
4269,13.993957288210247
4270,18.351172397611144
4271,11.459654479408995
4272,13.328928694002196
4273,15.87542460072766
4274,20.04091540088085
4275,14.716484834778297
4276,15.930960937908946
4277,13.750963436957049
4278,14.17817221160074
4279,14.346412262303316
4280,14.17817221160074
4281,15.270454856867254
4282,13.328928694002196
4283,14.689873548439028
4284,14.716484834778297
4285,13.636602820646058
4286,13.599963503216097
4287,13.893114172182331
4288,8.958763171246359
4289,15.156354775717235
4290,9.98141902077207
4291,16.48915296855487
4292,13.380032541328895
4293,15.49045689323473
4294,13.616400051680575
4295,12.694604292714677
4296,13.475623372054269
4297,13.16123800981222
4298,11.995418592067866
4299,13.993957288210247
4300,12.47395637516929
4301,14.64665164689717
4302,13.993957288210247
4303,13.790679939456897
4304,14.19807416107175
4305,12.50970925432501
4306,16.12386288719704
4307,13.182225514769012
4308,9.49577711239031
4309,14.64665164689717
4310,13.150803270179255
4311,14.64665164689717
4312,12.648346640112385
4313,11.220263261571416
4314,13.636602820646058
4315,13.790679939456897
4316,18.827011215087033
4317,13.741471957652674
4318,13.52042902074795
4319,12.47395637516929
4320,14.274544932759515
4321,9.16292278896184
4322,9.553181978463623
4323,13.276177708913549
4324,14.497130190452031
4325,13.237794501205581
4326,11.90781604263727
4327,13.58658594261477
4328,13.276177708913549
4329,10.021325825096023
4330,14.610550393634902
4331,18.31026932400375
4332,10.507098528627463
4333,14.217522687111556
4334,13.40775162762561
4335,13.959258446042448
4336,16.870594542753196
4337,23.331682818575647
4338,15.110491617171057
4339,19.54562702300154
4340,14.870211099285882
4341,12.141822281836404
4342,14.559572413699284
4343,14.998673650661901
4344,16.908690838273376
4345,13.50141834715074
4346,17.513956938375767
4347,13.482693471689874
4348,13.025395633829845
4349,13.424365510682296
4350,11.482159325049404
4351,8.923133246968582
4352,8.001785121003486
4353,11.379945111076369
4354,15.27112663538698
4355,12.415349761232273
4356,14.43913219215952
4357,14.626511205586214
4358,19.54562702300154
4359,8.06943103234055
4360,13.658059618753343
4361,9.718584600618845
4362,11.843476765497806
4363,8.06943103234055
4364,13.338799364734376
4365,13.991848447215737
4366,11.248435509711992
4367,12.802065800317513
4368,12.141822281836404
4369,11.945815823177446
4370,10.583975428816908
4371,7.364176141491735
4372,18.451867335404415
4373,11.482159325049404
4374,13.881621201038685
4375,13.598694228872864
4376,13.025395633829845
4377,13.741277504693715
4378,18.096437322649194
4379,18.451867335404415
4380,14.805470926143693
4381,16.051716026924353
4382,17.220696990722374
4383,13.50141834715074
4384,14.626511205586214
4385,7.1115662515712055
4386,19.54562702300154
4387,10.3625649171521
4388,13.276177708913549
4389,22.95140942327937
4390,9.707476498899252
4391,15.768534361624262
4392,8.523927437050922
4393,10.625435669019293
4394,9.615853836656514
4395,7.66293707930789
4396,13.083553983167588
4397,10.93855719019787
4398,14.42175173123445
4399,13.269679203781433
4400,16.938996469792958
4401,8.431152410642758
4402,7.944270133513045
4403,15.21775333302228
4404,14.31193436990716
4405,13.074282139068453
4406,12.675993791526592
4407,16.870594542753196
4408,12.617545256582467
4409,14.497130190452031
4410,12.141822281836404
4411,15.914591652143415
4412,13.799323819902067
4413,18.114830076807856
4414,13.269314150591404
4415,19.54562702300154
4416,13.899519316713889
4417,13.319984550690306
4418,13.813150830875617
4419,14.31193436990716
4420,7.567336058975325
4421,13.969892676538285
4422,21.908872826772047
4423,10.021325825096023
4424,19.54562702300154
4425,14.655582138510686
4426,15.768534361624262
4427,10.2454508721197
4428,14.005773163004042
4429,13.535191111489409
4430,15.66387559941604
4431,16.536764998963985
4432,12.716022880909954
4433,9.475542918903514
4434,13.598694228872864
4435,10.625435669019293
4436,16.382481582889802
4437,9.16292278896184
4438,10.2454508721197
4439,11.90781604263727
4440,10.68272586495005
4441,13.002542554440048
4442,11.820686419495866
4443,10.845638234112643
4444,10.49418146626875
4445,13.279235412997995
4446,12.188908995208713
4447,13.50141834715074
4448,15.258761927325224
4449,9.553181978463623
4450,8.509286639296235
4451,8.59124668087613
4452,13.060464960316853
4453,17.29183306693775
4454,14.576185850459535
4455,12.219080950118272
4456,13.881621201038685
4457,13.443664756495892
4458,13.700804973083988
4459,12.5200791134765
4460,14.41525497313715
4461,13.906021298215963
4462,10.832272449776115
4463,8.335654263442205
4464,10.462873949200477
4465,17.074392430019376
4466,12.205328560937556
4467,13.864833414860852
4468,13.517974673063978
4469,8.923133246968582
4470,20.601917798681527
4471,11.379945111076369
4472,12.187032943335355
4473,12.141822281836404
4474,10.625435669019293
4475,10.703256919110116
4476,10.208384300185264
4477,8.591248956528784
4478,16.079114682950554
4479,15.110491617171057
4480,13.060464960316853
4481,14.497130190452031
4482,9.718584600618845
4483,13.655119550469918
4484,10.703256919110116
4485,13.319984550690306
4486,19.54562702300154
4487,9.475542918903514
4488,13.775911151256818
4489,9.930589947222309
4490,9.924834377658229
4491,14.870211099285882
4492,11.097551995395024
4493,9.553181978463623
4494,13.120767612610539
4495,17.634914643933985
4496,12.509436818591512
4497,12.029361621044746
4498,10.618219895714716
4499,9.707476498899252
4500,8.591248956528784
4501,9.707476498899252
4502,12.054640868394157
4503,13.775911151256818
4504,13.655119550469918
4505,15.933909127720105
4506,13.074282139068453
4507,16.938996469792958
4508,15.933909127720105
4509,10.615190306209016
4510,10.151175097306325
4511,16.829255670401086
4512,13.404874862872171
4513,10.599913692535413
4514,13.211673534300992
4515,15.084570014444495
4516,12.540216491624891
4517,18.50614359253074
4518,12.993011691271558
4519,9.204340733928381
4520,10.340649817075322
4521,14.53530050987581
4522,13.279831564748752
4523,16.022712373498816
4524,17.679466710269924
4525,17.58775575191341
4526,12.627439540327936
4527,16.22600932880697
4528,15.076789116126628
4529,16.38282983654355
4530,12.515406477596484
4531,13.46834461220424
4532,14.466482156940089
4533,12.540216491624891
4534,9.345684520522719
4535,15.345521842563793
4536,14.218621152508849
4537,12.331931574733067
4538,18.349753041677147
4539,15.166822457037311
4540,14.218621152508849
4541,11.829096288570572
4542,13.000092371702552
4543,16.848129938443556
4544,17.74753416243797
4545,11.073432527575871
4546,18.007829770268827
4547,10.288264950804809
4548,11.450009982495224
4549,13.697531752322693
4550,13.112241556771211
4551,18.349753041677147
4552,13.483101412890756
4553,18.3077484582889
4554,10.340649817075322
4555,12.225289242779754
4556,11.163077632459052
4557,18.51157538263287
4558,17.94573391212073
4559,13.59355662249294
4560,15.17296246972047
4561,15.583764056683878
4562,20.296581353066323
4563,7.91553517486123
4564,11.186608842519902
4565,17.17934065594037
4566,15.583764056683878
4567,12.196484908029506
4568,7.91553517486123
4569,12.60216923625873
4570,13.892982283737965
4571,18.3077484582889
4572,14.95635268304209
4573,15.086586619628473
4574,15.3650285315988
4575,14.640427989974054
4576,17.679466710269924
4577,19.13044227829589
4578,15.981514793271039
4579,11.594492596030854
4580,15.470145697975948
4581,13.242314575601469
4582,12.668394508878839
4583,13.790820747302629
4584,13.411456831155252
4585,13.53469988446919
4586,12.353386844327698
4587,16.00504388998429
4588,15.700325127743517
4589,13.203918133354698
4590,13.59355662249294
4591,7.91553517486123
4592,12.753071583973762
4593,13.232670456136907
4594,11.618208473619914
4595,13.23501301023747
4596,13.114218377184569
4597,12.753071583973762
4598,13.433585333185448
4599,17.867719241922806
4600,15.272066226368255
4601,11.594492596030854
4602,9.905631189045593
4603,12.741940719688744
4604,11.736388685456147
4605,18.086232966463516
4606,13.822709986760401
4607,12.760437562585487
4608,10.873259770869756
4609,11.654666928958472
4610,9.833936115382551
4611,12.60216923625873
4612,14.215677798786073
4613,17.368976150489527
4614,11.932307514115454
4615,13.390105611586987
4616,13.203918133354698
4617,14.222604559090383
4618,11.559737051026604
4619,13.987532555266053
4620,14.059050152249021
4621,8.543812221846753
4622,13.433585333185448
4623,15.446366253609996
4624,16.00504388998429
4625,14.466482156940089
4626,12.38490279943647
4627,12.084010019282422
4628,12.324249366591795
4629,13.57915054533336
4630,13.549974726644022
4631,11.109366445568448
4632,16.240401353790485
4633,14.119849200961387
4634,12.331931574733067
4635,14.119324191087845
4636,18.288468082204833
4637,13.071476578307362
4638,18.860793409669558
4639,11.829096288570572
4640,15.3650285315988
4641,8.543812221846753
4642,13.987532555266053
4643,15.14946247727733
4644,12.311842881246395
4645,18.066877313529144
4646,13.697531752322693
4647,13.525574629466744
4648,13.784730682799191
4649,13.23501301023747
4650,13.110898490511214
4651,15.700325127743517
4652,11.618208473619914
4653,12.926443992825897
4654,12.926443992825897
4655,13.982666606346314
4656,12.762414968685805
4657,12.746618152273253
4658,12.704366234275682
4659,13.681306091955044
4660,12.454323773618727
4661,17.964790246653013
4662,9.262106280699781
4663,11.186608842519902
4664,13.53469988446919
4665,16.85616211402743
4666,16.137052561561905
4667,12.353386844327698
4668,12.454323773618727
4669,11.736388685456147
4670,12.280837194431196
4671,12.57953179607317
4672,12.48915394528002
4673,18.57784641759056
4674,15.084570014444495
4675,10.617703245494349
4676,12.665424514079334
4677,13.697531752322693
4678,15.078781366213015
4679,14.53530050987581
4680,11.829096288570572
4681,13.195231358049591
4682,14.215677798786073
4683,20.106594215324563
4684,11.186608842519902
4685,11.828444493641658
4686,14.53530050987581
4687,18.066877313529144
4688,12.760437562585487
4689,12.572430684781901
4690,11.559737051026604
4691,15.373514750535774
4692,12.331931574733067
4693,15.446366253609996
4694,13.23501301023747
4695,18.349753041677147
4696,12.540216491624891
4697,18.92474038448288
4698,13.081637394691825
4699,13.11853428159641
4700,13.55162132828394
4701,15.768752333193241
4702,16.957744207318605
4703,13.93844423171444
4704,13.812204952222865
4705,13.093056367151366
4706,12.996916058670262
4707,12.61673586998002
4708,14.228669857148384
4709,17.331442665696315
4710,14.802422524869371
4711,19.023641053456736
4712,16.71849300483307
4713,14.999465375230528
4714,19.48951566399287
4715,11.105652751110187
4716,8.9790004625641
4717,14.108271166088509
4718,16.452855967101566
4719,12.1472933379903
4720,16.032403650450814
4721,13.568900867597868
4722,12.082364580011893
4723,13.014958301351161
4724,15.768752333193241
4725,16.35514288874123
4726,13.737319035941624
4727,15.16138597810527
4728,11.828769424925351
4729,7.493164328790938
4730,14.183232093339223
4731,14.67141231084324
4732,14.015952602792629
4733,14.544607362511753
4734,13.093056367151366
4735,14.705044327252027
4736,18.74806111991889
4737,13.885754250200364
4738,14.442218287669672
4739,9.987710515751935
4740,14.097139585833684
4741,10.811202721272991
4742,12.683011414748727
4743,16.046270754289033
4744,15.494072217134374
4745,13.320897688102104
4746,15.879077920661937
4747,15.92388712542473
4748,12.96002878612485
4749,15.449969102306497
4750,13.475464397943378
4751,13.555966599229922
4752,14.9990069022704
4753,12.765028752379399
4754,16.004641006676227
4755,15.412953859118502
4756,15.764261799273838
4757,14.920441312885663
4758,12.498621575030677
4759,14.108271166088509
4760,13.220983801839868
4761,13.101708720691239
4762,15.54921486491331
4763,5.502574039366563
4764,13.737788085769774
4765,17.31661942568286
4766,12.678496714775571
4767,11.52868773053131
4768,13.765682632208927
4769,8.594972889973636
4770,15.46289586976125
4771,13.081637394691825
4772,17.197310842159542
4773,13.11853428159641
4774,15.1219959702556
4775,15.275899019750195
4776,14.608063975397858
4777,14.009087614289529
4778,12.889750278896718
4779,16.54819500412551
4780,12.434274756256679
4781,15.554254832584734
4782,12.754727806077344
4783,15.044847440945263
4784,15.044847440945263
4785,16.0386380339827
4786,14.999465375230528
4787,15.134477940516085
4788,14.108271166088509
4789,15.122804719391356
4790,14.211178961962043
4791,15.004524971425651
4792,13.737788085769774
4793,12.60988981913131
4794,15.494072217134374
4795,19.023641053456736
4796,13.549905529106798
4797,13.252644497449523
4798,12.098928036491476
4799,13.784393966842627
4800,14.67141231084324
4801,16.64646226019798
4802,14.097139585833684
4803,10.34540025736448
4804,12.498621575030677
4805,20.099652759476264
4806,14.228669857148384
4807,16.363445246574628
4808,13.00755328172938
4809,15.554254832584734
4810,16.14206554487083
4811,14.796011028609035
4812,14.334661427772893
4813,14.608063975397858
4814,14.228669857148384
4815,18.552069040680014
4816,15.449969102306497
4817,15.307823214530467
4818,16.363445246574628
4819,16.599445978393174
4820,15.494072217134374
4821,15.879077920661937
4822,14.31938489368212
4823,12.443593343416527
4824,13.764733498397707
4825,14.028115445857638
4826,17.042365797812195
4827,12.80864187718521
4828,13.446479692487864
4829,11.863446554498434
4830,13.475464397943378
4831,13.99205374251751
4832,5.502574039366563
4833,12.889750278896718
4834,12.765028752379399
4835,10.731435124755757
4836,13.502107226936914
4837,13.626006006446126
4838,13.014958301351161
4839,17.042365797812195
4840,13.765682632208927
4841,13.391367657787008
4842,15.134477940516085
4843,13.568900867597868
4844,13.391367657787008
4845,18.86872260965171
4846,15.025394998627712
4847,13.99594021721128
4848,14.108271166088509
4849,15.134477940516085
4850,14.705044327252027
4851,13.787548488554767
4852,14.796011028609035
4853,14.661455118555214
4854,14.183232093339223
4855,14.211178961962043
4856,18.295420965723658
4857,12.723567945623742
4858,11.314596703799353
4859,14.544607362511753
4860,17.331442665696315
4861,18.92474038448288
4862,16.452855967101566
4863,11.52868773053131
4864,16.351577513611677
4865,18.86872260965171
4866,15.45254363209533
4867,14.705044327252027
4868,14.999465375230528
4869,15.78562430239348
4870,15.78562430239348
4871,15.168959076803784
4872,14.705044327252027
4873,14.228669857148384
4874,16.363445246574628
4875,17.065351858460044
4876,12.73611463217542
4877,12.96002878612485
4878,13.737788085769774
4879,10.926091606668958
4880,11.286621808582291
4881,14.706324491608328
4882,11.01183172920568
4883,13.546360695260942
4884,14.7779113773972
4885,12.443462704846787
4886,7.59962914134486
4887,10.412755089922415
4888,9.25191046238317
4889,13.494005609866496
4890,10.452856506336598
4891,8.63831661293964
4892,21.42422041706592
4893,9.16787974333817
4894,13.46701718071543
4895,7.010736935094006
4896,15.080037657568734
4897,8.247459456085544
4898,12.288848486318747
4899,13.64787622039751
4900,10.248935236265272
4901,12.939278570197368
4902,10.925028131234333
4903,10.352211742681547
4904,14.36119793126029
4905,10.273720176103762
4906,9.97515950825268
4907,10.03090480283637
4908,12.60005384573359
4909,9.612657144520488
4910,9.981853263159982
4911,11.01183172920568
4912,11.746204823430524
4913,7.355639044518226
4914,10.412755089922415
4915,14.3230717562422
4916,7.9719523168774264
4917,11.973842980042967
4918,16.842514800223586
4919,10.622909419080612
4920,11.81497935603611
4921,10.728856977114225
4922,10.005590425931976
4923,14.36119793126029
4924,12.80905353095737
4925,13.224356093913467
4926,10.273720176103762
4927,13.992459849818315
4928,10.318576468679215
4929,9.437206021409601
4930,12.480946524827411
4931,10.516171169342991
4932,14.7779113773972
4933,6.783098778481562
4934,12.797039091262311
4935,10.71580904782697
4936,10.697514714689033
4937,11.338047514326458
4938,9.331106053591078
4939,13.327324677241496
4940,13.23661274984473
4941,10.981235412328125
4942,10.622909419080612
4943,13.738602249731601
4944,10.947949773967899
4945,11.939165559642358
4946,17.583491629426966
4947,16.113654160847283
4948,9.437206021409601
4949,15.955409552260319
4950,10.806851176962747
4951,8.53443134770769
4952,13.43692680314058
4953,10.352211742681547
4954,10.243482786821353
4955,11.114192740132466
4956,10.71580904782697
4957,9.795398250009752
4958,7.9719523168774264
4959,13.611445998231769
4960,10.92312581469822
4961,11.00848584221759
4962,13.773028707960277
4963,6.1510866951835
4964,16.709193852591643
4965,13.738602249731601
4966,9.862973287724763
4967,11.81497935603611
4968,11.538487977575347
4969,11.115997714062233
4970,14.974355819801485
4971,15.608126325531195
4972,9.798861903554181
4973,12.367023852891993
4974,12.130619024816376
4975,13.691311739641
4976,15.608126325531195
4977,11.658368952805645
4978,9.10033733960719
4979,14.167097767863067
4980,9.10033733960719
4981,12.55808455245366
4982,11.422266163661384
4983,11.927121672498437
4984,12.443462704846787
4985,10.816870780728344
4986,10.97178343210782
4987,11.537854174732
4988,7.061665028473164
4989,12.60005384573359
4990,11.284734337452626
4991,15.043111629824102
4992,10.318576468679215
4993,8.989358362611648
4994,13.224356093913467
4995,16.19020313408848
4996,13.568798415218781
4997,14.652577263298168
4998,10.71580904782697
4999,11.941203677942339
5000,13.993477714172124
5001,13.327324677241496
5002,11.207620717016834
5003,11.315217827999152
5004,11.115997714062233
5005,11.338047514326458
5006,14.7779113773972
5007,8.70095621502379
5008,9.25191046238317
5009,8.247459456085544
5010,13.084208008752583
5011,11.154829823692173
5012,10.52403988422373
5013,10.816870780728344
5014,11.01183172920568
5015,9.25191046238317
5016,9.680221810027236
5017,5.5898796863305
5018,9.25191046238317
5019,14.967121677583654
5020,13.972941129105626
5021,13.23661274984473
5022,10.387105277061611
5023,11.794326222340398
5024,11.115997714062233
5025,15.951116355544443
5026,12.184098198995978
5027,12.678994338685577
5028,10.199303808626597
5029,10.728856977114225
5030,10.97178343210782
5031,10.67863137155236
5032,11.467236249630858
5033,22.171355880230717
5034,10.764147370745636
5035,13.43692680314058
5036,7.46897148777944
5037,10.318576468679215
5038,13.321570923576045
5039,17.480556010069947
5040,11.454127576641687
5041,11.286621808582291
5042,10.398529571384419
5043,13.111389000140848
5044,15.848473994536134
5045,7.440952899263115
5046,14.411645781519198
5047,11.454127576641687
5048,9.679775459585334
5049,13.568798415218781
5050,10.318576468679215
5051,13.992459849818315
5052,14.127300544951966
5053,10.412755089922415
5054,10.758371135267302
5055,14.861566064281162
5056,13.972941129105626
5057,9.774922131916297
5058,14.229161438023837
5059,10.552856840510492
5060,10.552856840510492
5061,14.3230717562422
5062,11.741936404033511
5063,11.346533856773995
5064,9.868087958649445
5065,9.932518679028906
5066,11.951521769675715
5067,11.454127576641687
5068,11.815093768386342
5069,11.572004322983734
5070,11.154829823692173
5071,19.988006009884906
5072,18.083922820680023
5073,16.421442508649243
5074,19.31786193020388
5075,16.920346606057187
5076,13.655496619730474
5077,15.594112989679111
5078,13.771330042398267
5079,13.53633815414861
5080,14.015113469388586
5081,14.897803728995687
5082,18.571709033303232
5083,11.787502818962903
5084,14.578795958098112
5085,10.85874730782649
5086,13.956751470289378
5087,16.731749258038665
5088,15.695726846373105
5089,26.197013385591234
5090,17.473114526755587
5091,19.332129908994947
5092,16.05199383936203
5093,17.52284534167103
5094,16.05556142636692
5095,19.256162291557388
5096,13.74314650446634
5097,15.346767383322254
5098,12.355235631754734
5099,14.504206554378644
5100,17.8841702153351
5101,14.578795958098112
5102,20.390204723315282
5103,14.296457870913494
5104,16.771501498642728
5105,17.85353596518502
5106,19.100832758066723
5107,9.736426786379024
5108,13.81845790177222
5109,19.901528128450913
5110,15.296073678544634
5111,16.490851085997047
5112,11.595519813921184
5113,6.886955314146199
5114,11.474211623806212
5115,14.042679171576221
5116,17.628420356287936
5117,15.685746735851694
5118,11.787502818962903
5119,16.921438855373967
5120,13.463940727851229
5121,17.283943583584577
5122,17.519963889470286
5123,23.472587635300957
5124,16.629787625683868
5125,6.042305562219903
5126,14.55831408968185
5127,18.093769047584736
5128,15.730686896023682
5129,19.13333535882884
5130,18.789209024208816
5131,14.312562236086293
5132,17.087018905027893
5133,17.519963889470286
5134,8.196463164306618
5135,17.20721151391122
5136,18.287551338487344
5137,17.20721151391122
5138,14.104677019959825
5139,14.578795958098112
5140,13.53633815414861
5141,16.527677909235454
5142,9.8050258412365
5143,16.551255230367957
5144,15.035607545480444
5145,12.308238889178128
5146,20.497341204680936
5147,15.838633077391995
5148,15.04272367509665
5149,17.473114526755587
5150,8.356320070651
5151,16.527677909235454
5152,23.101959349992825
5153,18.634033038303997
5154,20.142499081664443
5155,12.897124470153788
5156,22.16534504360455
5157,22.06986955476884
5158,16.05556142636692
5159,16.05556142636692
5160,19.297714745211664
5161,17.926488362645834
5162,15.695726846373105
5163,18.652549507836433
5164,16.268920139132803
5165,19.571937977960786
5166,18.083922820680023
5167,18.73097514239896
5168,19.295152027343875
5169,19.571937977960786
5170,13.405635360192765
5171,18.031005540525285
5172,16.91784950216018
5173,16.50998733009147
5174,17.50371235805974
5175,15.687509985398822
5176,14.312562236086293
5177,16.603523878855416
5178,18.086206363344175
5179,14.382449487504857
5180,16.08621660454457
5181,9.610481887290756
5182,21.571111933389712
5183,18.225779733906172
5184,19.789897481298308
5185,16.22706059191133
5186,16.515584106808273
5187,14.59854948288258
5188,17.838851596000037
5189,16.261469647235984
5190,13.74314650446634
5191,14.808920356027915
5192,15.775532625094185
5193,20.390204723315282
5194,25.39900220449463
5195,14.064969291374103
5196,16.934780016772542
5197,19.297714745211664
5198,14.654363575586133
5199,13.53633815414861
5200,23.472587635300957
5201,13.093435257851072
5202,16.72531124748181
5203,14.578795958098112
5204,18.571709033303232
5205,19.789897481298308
5206,15.859760357608275
5207,12.830920730151163
5208,14.312562236086293
5209,9.736426786379024
5210,16.921438855373967
5211,18.412669866033937
5212,16.629787625683868
5213,15.346767383322254
5214,17.784970316026463
5215,19.398756994155903
5216,14.015113469388586
5217,14.015113469388586
5218,18.40327859476099
5219,23.101959349992825
5220,16.6645586421782
5221,14.128383442850216
5222,18.73097514239896
5223,16.319178730156423
5224,17.280597934241552
5225,13.644973503582829
5226,8.196463164306618
5227,17.92858044812085
5228,14.499848632272695
5229,14.258224847459251
5230,19.256162291557388
5231,19.006327296400798
5232,13.956751470289378
5233,14.312562236086293
5234,17.103537081405438
5235,11.474211623806212
5236,13.654478556493492
5237,18.352255446215505
5238,17.510684904158982
5239,15.582289685731398
5240,14.104677019959825
5241,20.173000022025732
5242,16.921438855373967
5243,13.956751470289378
5244,19.571937977960786
5245,17.083221147491482
5246,8.605936801200418
5247,15.288879626075433
5248,15.664444614884786
5249,16.596711130432837
5250,16.348034968913147
5251,14.104677019959825
5252,15.417879033099311
5253,16.143711812617138
5254,12.849798827032107
5255,16.486582666600032
5256,23.36895641449813
5257,17.784970316026463
5258,14.310765366712507
5259,15.035607545480444
5260,14.312562236086293
5261,16.104368578586072
5262,11.815355191778586
5263,13.720549550173539
5264,11.281065987734591
5265,9.699427905280231
5266,12.593459596298466
5267,14.94925441184969
5268,12.994623323316533
5269,14.673753349336321
5270,12.89057371263603
5271,13.936326703397455
5272,11.309735526931696
5273,15.75844364460203
5274,12.364525284572515
5275,13.511205925221631
5276,10.680529833561199
5277,15.009012896352328
5278,9.699427905280231
5279,11.129763154402614
5280,8.879428502902922
5281,13.030561239352615
5282,13.748299787527865
5283,12.570602219207135
5284,9.699427905280231
5285,14.02287293584246
5286,10.580728209795236
5287,16.354898574037875
5288,10.538251451736013
5289,11.245334278361169
5290,14.351253702006035
5291,9.23209946575665
5292,13.639893758278895
5293,13.568459601445419
5294,15.047022595393564
5295,9.411630939765534
5296,14.334617646418884
5297,11.844437061997853
5298,11.125187135130847
5299,13.67392592990435
5300,9.817692744139622
5301,13.325330441901825
5302,11.27976198143123
5303,12.584632437483519
5304,11.59498347695235
5305,10.538251451736013
5306,9.817692744139622
5307,12.509986037494096
5308,10.538251451736013
5309,16.09489652130266
5310,11.245334278361169
5311,14.0730535387994
5312,11.845187769701406
5313,10.680529833561199
5314,14.43411093318751
5315,11.732405825971512
5316,11.617521749965977
5317,14.703702020640039
5318,13.226350063939543
5319,14.949714876237579
5320,13.131577330893348
5321,11.281065987734591
5322,16.388898630618147
5323,11.129763154402614
5324,11.994314659834213
5325,11.081478084384091
5326,15.009598410291794
5327,10.979961769109252
5328,7.93302645200504
5329,14.393075376840724
5330,14.612933970996965
5331,13.297224188799525
5332,15.207982144271112
5333,11.125187135130847
5334,11.479345658852797
5335,10.700662169481891
5336,11.125187135130847
5337,11.125187135130847
5338,13.130111039983912
5339,13.252473682800312
5340,12.646246975898078
5341,14.510900768345673
5342,13.559672306922238
5343,13.639893758278895
5344,13.105737158620155
5345,14.703702020640039
5346,9.699427905280231
5347,10.680529833561199
5348,12.593459596298466
5349,11.15705089041964
5350,13.936326703397455
5351,11.59467141203893
5352,12.550136338478362
5353,9.817692744139622
5354,15.42654479556965
5355,11.281065987734591
5356,10.979961769109252
5357,13.347826039931606
5358,11.135268559818687
5359,11.994314659834213
5360,12.605678617284969
5361,13.468822777233877
5362,13.511205925221631
5363,16.55344487710538
5364,9.411630939765534
5365,12.043755300092945
5366,13.249318750689909
5367,12.775540128032587
5368,11.281065987734591
5369,13.563636706944003
5370,12.797270147443792
5371,10.979961769109252
5372,9.411630939765534
5373,14.94884040805877
5374,13.67392592990435
5375,13.144820841616033
5376,11.686249472478233
5377,8.879428502902922
5378,15.207982144271112
5379,13.854819345286769
5380,12.593459596298466
5381,14.039887801789499
5382,11.135268559818687
5383,11.15705089041964
5384,8.879428502902922
5385,12.700554887980008
5386,11.844437061997853
5387,13.249318750689909
5388,11.994314659834213
5389,13.278395327078224
5390,11.845187769701406
5391,12.509986037494096
5392,14.727288322432736
5393,12.904084259929146
5394,13.062760972859788
5395,15.230431320446668
5396,14.294559509036757
5397,12.99164695220938
5398,12.775540128032587
5399,12.771277961326362
5400,9.01242132430861
5401,13.055427277968295
5402,9.699427905280231
5403,12.906339935375005
5404,9.699427905280231
5405,14.879418430944243
5406,9.01242132430861
5407,12.043755300092945
5408,13.623736084546001
5409,11.479345658852797
5410,7.93302645200504
5411,11.245334278361169
5412,12.775540128032587
5413,13.030561239352615
5414,13.249318750689909
5415,12.833171688249172
5416,13.751313139615593
5417,12.964325795925498
5418,12.775540128032587
5419,12.822016867349067
5420,11.866206524635258
5421,14.996641367662582
5422,13.226350063939543
5423,14.323672326962381
5424,11.217580439427579
5425,13.030561239352615
5426,11.129763154402614
5427,12.452194015385777
5428,10.538251451736013
5429,13.991634669221096
5430,13.854819345286769
5431,11.217580439427579
5432,14.510900768345673
5433,8.879428502902922
5434,14.688330461319072
5435,16.35815642641739
5436,16.15491360312891
5437,20.284023910541148
5438,17.814552953039183
5439,17.673584003607683
5440,16.301371017685888
5441,17.320222587498726
5442,14.705420039158183
5443,15.266742224506391
5444,16.35815642641739
5445,22.268800730376917
5446,11.429641765933956
5447,17.666226179918542
5448,20.247058480418442
5449,17.666226179918542
5450,17.021293410585773
5451,14.846670630216893
5452,14.498903634346073
5453,17.814552953039183
5454,22.268800730376917
5455,16.393186362666896
5456,17.83258078448612
5457,16.48316142734044
5458,11.903370003251727
5459,17.164628496027703
5460,11.393535407784642
5461,20.409464018572674
5462,18.859002566659058
5463,16.975784460802537
5464,14.498903634346073
5465,11.903370003251727
5466,13.20976663522146
5467,16.393186362666896
5468,14.51663444702888
5469,18.603587558645724
5470,15.673823125405466
5471,19.030233354708642
5472,19.52462271704955
5473,23.615449289619526
5474,18.809014107797648
5475,15.342556501148234
5476,20.284023910541148
5477,15.777224691344923
5478,17.345756986309794
5479,16.37425204148097
5480,17.756613132024803
5481,15.42122075031343
5482,13.929519599271515
5483,14.798561901829677
5484,14.197282201358853
5485,21.172171840310156
5486,19.260335792658932
5487,11.903370003251727
5488,14.705420039158183
5489,13.349095300317686
5490,15.800097996818327
5491,19.260335792658932
5492,14.4480920410463
5493,19.519361135376293
5494,16.773035514790905
5495,15.393990567022723
5496,14.666860670121096
5497,17.374456356851002
5498,12.27383812805984
5499,17.889077227869514
5500,9.492756681616722
5501,23.490432389202226
5502,15.85994579653566
5503,11.5074639311121
5504,19.572618249206034
5505,18.40554973373394
5506,16.7880375144861
5507,16.48176934861884
5508,18.469242494150716
5509,18.469242494150716
5510,17.673584003607683
5511,11.903370003251727
5512,12.27383812805984
5513,20.44305781012945
5514,15.071252050875643
5515,22.85477662041142
5516,17.591150410787137
5517,17.174773435984907
5518,17.814552953039183
5519,15.85994579653566
5520,12.27383812805984
5521,17.673584003607683
5522,15.943604192410334
5523,20.409464018572674
5524,13.819887171232063
5525,19.030233354708642
5526,16.35815642641739
5527,16.619683649931684
5528,19.453619318657907
5529,20.284023910541148
5530,18.97200570138022
5531,13.635832492711614
5532,18.193851896255012
5533,16.15491360312891
5534,15.393990567022723
5535,14.51663444702888
5536,14.4480920410463
5537,20.584308401188146
5538,14.846670630216893
5539,15.698036094362479
5540,19.38790975168527
5541,16.301371017685888
5542,14.683235792794623
5543,16.21179172136463
5544,15.777224691344923
5545,11.5074639311121
5546,15.649945048047789
5547,14.688330461319072
5548,14.926018053400542
5549,16.140141862217465
5550,16.35815642641739
5551,24.967226859996245
5552,22.85477662041142
5553,14.305792116124291
5554,16.407328536732
5555,17.814552953039183
5556,21.74832349637522
5557,17.400489382483634
5558,17.817781503259464
5559,12.292053904457731
5560,18.291570460020445
5561,27.237147700148466
5562,14.683235792794623
5563,16.63643125762486
5564,14.51501150676333
5565,16.56109543276195
5566,21.742301083626973
5567,14.212609780305405
5568,20.78578520136918
5569,19.38790975168527
5570,20.247058480418442
5571,21.135305885227595
5572,17.374456356851002
5573,14.354950178374805
5574,17.11999230522738
5575,16.059220063137154
5576,15.019342090955403
5577,14.51663444702888
5578,17.037735705838926
5579,16.15491360312891
5580,16.15491360312891
5581,16.35815642641739
5582,15.545159338501986
5583,12.292053904457731
5584,17.374456356851002
5585,17.11999230522738
5586,10.408885118136334
5587,14.926018053400542
5588,16.140141862217465
5589,15.649945048047789
5590,14.406342725168335
5591,15.29196580716213
5592,22.03127278465695
5593,16.15491360312891
5594,21.190736524488482
5595,17.83258078448612
5596,17.900388871299096
5597,14.400763468637882
5598,17.211385421066403
5599,18.036427779138823
5600,15.943604192410334
5601,16.982705270567365
5602,17.021293410585773
5603,13.819887171232063
5604,19.030233354708642
5605,23.490432389202226
5606,14.212609780305405
5607,22.268800730376917
5608,16.619683649931684
5609,20.584308401188146
5610,18.291570460020445
5611,13.949571554308132
5612,17.814552953039183
5613,16.56109543276195
5614,16.301371017685888
5615,10.368457060170646
5616,21.172171840310156
5617,18.57196398555249
5618,18.603587558645724
5619,18.180334972071805
5620,20.555480438746482
5621,16.15491360312891
5622,16.05962509081406
5623,13.349095300317686
5624,16.15491360312891
5625,13.156619365154532
5626,18.701742012973916
5627,17.507143161993223
5628,20.576867588440646
5629,17.73864058513722
5630,15.032572499204893
5631,15.853332546673778
5632,15.845882423237143
5633,14.009386313957945
5634,20.764985883840648
5635,22.047592429229056
5636,23.23774497154647
5637,16.116610597409732
5638,18.997376752997035
5639,13.497151292717932
5640,16.571410578242176
5641,17.50045817625195
5642,18.874167873567202
5643,18.997376752997035
5644,21.551281126311114
5645,12.48956852099817
5646,14.778800963846804
5647,17.943625324234176
5648,18.981892724337143
5649,14.676420621351244
5650,21.551281126311114
5651,19.843819972735332
5652,16.20583168798486
5653,15.400293849109783
5654,14.356317897735705
5655,16.200509688525543
5656,22.685691258466523
5657,7.888543527297128
5658,12.624110598614298
5659,10.638406893331112
5660,13.899269016836058
5661,22.775016808404303
5662,15.845882423237143
5663,19.421559247992658
5664,22.699068513289248
5665,17.352296537876708
5666,14.329084938699399
5667,18.58522185913636
5668,16.116610597409732
5669,12.881758103353873
5670,16.366663470693553
5671,14.126807741842635
5672,17.868158424392824
5673,15.772805273876251
5674,19.843819972735332
5675,14.712896144629909
5676,16.224209168149002
5677,17.73864058513722
5678,13.919015564287195
5679,19.773907866239593
5680,16.52717045788303
5681,16.238539932488678
5682,16.200509688525543
5683,15.625285126885949
5684,13.360883404015128
5685,16.689646203943784
5686,18.332039476713085
5687,14.299883673171655
5688,18.205496900780165
5689,17.451903779918727
5690,27.670244211569646
5691,14.49818343438474
5692,15.109002137911457
5693,19.99532182351716
5694,19.063272746110556
5695,16.238539932488678
5696,12.970626526314147
5697,20.764985883840648
5698,18.664581207856287
5699,18.68179190356098
5700,15.346229719138277
5701,16.468655299165324
5702,9.8135951377835
5703,17.022880485634587
5704,14.803027849168158
5705,18.985088171107996
5706,14.090790382836758
5707,16.366663470693553
5708,20.182760705682693
5709,12.624110598614298
5710,14.217604261876557
5711,16.463126525109566
5712,8.525556814210683
5713,18.874167873567202
5714,19.240656569965697
5715,7.471929497391105
5716,17.835842980910932
5717,15.346229719138277
5718,14.501564165679873
5719,18.15541361059068
5720,18.664581207856287
5721,16.689646203943784
5722,15.997457693787405
5723,20.025331644238427
5724,7.8096141205511405
5725,13.411430116884386
5726,15.327998203567644
5727,22.685691258466523
5728,8.690244594507446
5729,21.956538432083356
5730,17.73864058513722
5731,16.680314192394224
5732,14.82447472392239
5733,7.471929497391105
5734,19.21803654531618
5735,15.074002559572133
5736,15.074002559572133
5737,19.89536418295286
5738,16.894692412304977
5739,8.175704085691901
5740,15.346229719138277
5741,19.075932792845958
5742,17.128062005606395
5743,10.638406893331112
5744,18.58522185913636
5745,17.992454012416257
5746,14.329084938699399
5747,19.99532182351716
5748,19.768075175692502
5749,19.368088310330286
5750,17.618983342103565
5751,18.874167873567202
5752,15.625285126885949
5753,14.646399600871504
5754,10.058725787496542
5755,20.429052333942277
5756,17.94408163164065
5757,15.346229719138277
5758,18.15541361059068
5759,14.442668034738373
5760,18.433850665209775
5761,14.384444395768574
5762,21.956538432083356
5763,8.903025461061686
5764,15.853332546673778
5765,18.347524462346534
5766,18.981892724337143
5767,17.352296537876708
5768,13.81008110299255
5769,12.970626526314147
5770,15.648390042961601
5771,25.564981686748016
5772,17.43605667850186
5773,19.89536418295286
5774,15.48368521249503
5775,14.10622342432475
5776,16.366663470693553
5777,20.182760705682693
5778,15.435460788172474
5779,17.507143161993223
5780,15.346229719138277
5781,18.997376752997035
5782,17.75405357958629
5783,16.591263077439812
5784,12.874163471898129
5785,16.222617785704074
5786,24.36182852331046
5787,17.50045817625195
5788,17.128062005606395
5789,15.709681138245214
5790,12.934694705274572
5791,24.36182852331046
5792,19.153992094783778
5793,21.956538432083356
5794,18.793400342574515
5795,18.664581207856287
5796,16.565433950217297
5797,13.323147444690106
5798,18.048445466461654
5799,21.0825392893114
5800,15.284263823591552
5801,16.20583168798486
5802,15.327998203567644
5803,14.49818343438474
5804,18.205496900780165
5805,15.135548587518135
5806,16.597983506701166
5807,12.839546537299261
5808,16.873026352771188
5809,17.665324098241555
5810,15.558694803127112
5811,18.156358798211485
5812,13.062356864657149
5813,16.691997863634747
5814,15.581023506725483
5815,16.7266383006314
5816,16.867689738470723
5817,17.88977510821626
5818,15.685699477031372
5819,20.289924036193494
5820,17.724472538939796
5821,8.4419573531067
5822,13.959187308609902
5823,11.138953928547162
5824,13.022553726842029
5825,15.986320985424822
5826,17.194669106713555
5827,16.63226501455386
5828,15.444743852561698
5829,14.859835073973274
5830,10.39178551654665
5831,15.718909810257687
5832,15.58762473693141
5833,19.449828857091088
5834,17.891383303243863
5835,15.640675315880015
5836,13.937529587509818
5837,17.3139726830068
5838,14.647914297898893
5839,10.820254390189856
5840,11.961543364290357
5841,18.15359178446353
5842,15.570213513398585
5843,18.22069657787881
5844,12.514938525440021
5845,13.959187308609902
5846,13.686995928302116
5847,15.685699477031372
5848,15.789380575568272
5849,14.335271055164323
5850,12.730133117341587
5851,17.73612193625175
5852,17.54992683558689
5853,16.656816978672207
5854,15.580469894294309
5855,15.459560249416258
5856,16.262706030407347
5857,14.700786820771203
5858,8.22352551718173
5859,14.728954287723923
5860,15.986320985424822
5861,14.522590057666514
5862,15.626347435412047
5863,14.971552712202582
5864,15.580469894294309
5865,13.279671052359104
5866,10.39178551654665
5867,15.255952283007309
5868,11.142666127879307
5869,16.72692171725772
5870,14.966773979482989
5871,13.81714013282942
5872,18.1654068207308
5873,15.417950763812986
5874,11.142666127879307
5875,15.105886257217476
5876,15.444743852561698
5877,14.271295752727937
5878,14.647914297898893
5879,15.93464210112808
5880,14.871761570037354
5881,15.789380575568272
5882,14.677512889411146
5883,16.17050557162399
5884,16.211707301600974
5885,12.304000524702882
5886,17.884525824270394
5887,15.994733591492725
5888,15.640675315880015
5889,7.597254048953941
5890,12.634076535386098
5891,8.469324782855464
5892,14.270507448713449
5893,19.435867386276907
5894,17.639142687114166
5895,15.255952283007309
5896,11.961543364290357
5897,13.81714013282942
5898,15.286601538036434
5899,14.966773979482989
5900,12.899319907424237
5901,16.19796617250591
5902,17.3139726830068
5903,18.22069657787881
5904,8.393627628809929
5905,23.705492504880894
5906,11.961543364290357
5907,12.972854978231178
5908,13.493885933162026
5909,15.444743852561698
5910,13.959187308609902
5911,15.566927569367468
5912,12.304000524702882
5913,15.402803781419044
5914,17.139717785563402
5915,17.54992683558689
5916,14.992474960785717
5917,5.543980834668936
5918,16.63226501455386
5919,14.443842255390996
5920,15.164385087706698
5921,14.12507368123366
5922,17.884525824270394
5923,17.88977510821626
5924,13.937529587509818
5925,16.060157546876326
5926,20.917100781402826
5927,11.961543364290357
5928,15.132736750210146
5929,17.488536162967062
5930,18.76606762537082
5931,13.316649405719298
5932,13.959187308609902
5933,14.809824572552113
5934,15.718909810257687
5935,15.53230589664167
5936,16.81358814208828
5937,16.060157546876326
5938,15.132736750210146
5939,14.142335845739014
5940,14.971552712202582
5941,17.48588929676203
5942,14.677512889411146
5943,18.693039521778623
5944,10.820254390189856
5945,16.3744989729426
5946,16.691997863634747
5947,11.527872744339993
5948,14.700786820771203
5949,15.570213513398585
5950,17.21086961000679
5951,12.514938525440021
5952,11.82513226115552
5953,11.961543364290357
5954,17.013496024949465
5955,14.12507368123366
5956,16.32394832784565
5957,14.481981259904295
5958,16.70253479044892
5959,14.481981259904295
5960,14.966773979482989
5961,13.650028188848053
5962,10.372743096980564
5963,7.654817868281905
5964,15.640675315880015
5965,15.894424221849269
5966,16.779073610765824
5967,15.741702530979758
5968,18.927136226049907
5969,14.971552712202582
5970,14.696329225594381
5971,8.22352551718173
5972,14.894932843785757
5973,15.685699477031372
5974,17.88977510821626
5975,18.175464266983905
5976,8.4419573531067
5977,15.570213513398585
5978,14.995818819847164
5979,11.82513226115552
5980,15.054240159255823
5981,17.639142687114166
5982,14.335271055164323
5983,13.6717745045935
5984,18.156358798211485
5985,17.69771287056858
5986,18.15359178446353
5987,16.779073610765824
5988,15.580469894294309
5989,18.968385782535147
5990,13.965222546571168
5991,14.246709212914993
5992,16.346940223278857
5993,15.29682369387613
5994,19.279938517922375
5995,13.793541544330571
5996,17.890679621829435
5997,11.026643172747276
5998,15.309563885489096
5999,13.981326914585152
6000,17.876818342535298
6001,13.981326914585152
6002,14.820546127699265
6003,14.927430009304222
6004,12.275738775207039
6005,16.44181783540403
6006,15.297878755692144
6007,13.086559630912937
6008,16.47945705067074
6009,10.640601678417653
6010,14.596847060740009
6011,14.809815806038038
6012,20.70571648956841
6013,14.055270245749847
6014,17.645319641224503
6015,14.909642455494073
6016,16.71418248591943
6017,13.873540285025562
6018,15.07886816257544
6019,19.26737584475421
6020,14.294798612742946
6021,16.730464010648216
6022,13.69491141107746
6023,14.900590479692559
6024,11.717443983853329
6025,13.212990691801702
6026,14.596847060740009
6027,12.909957667945477
6028,19.197218570822074
6029,16.388657720054873
6030,13.427210538780901
6031,15.143712964224468
6032,12.220239518213642
6033,14.020362057823972
6034,12.245848341371232
6035,19.044272262922515
6036,13.059524267040567
6037,14.294798612742946
6038,14.181934856733772
6039,16.71418248591943
6040,10.000833136108366
6041,13.099625719510088
6042,12.220239518213642
6043,14.464929897503986
6044,14.464929897503986
6045,11.948288597454315
6046,14.041640514531473
6047,13.102396424458025
6048,16.71418248591943
6049,16.407462443353232
6050,8.427874282473297
6051,16.812266581791953
6052,11.174812669344579
6053,17.15265295199833
6054,13.656463277631664
6055,18.737970845846746
6056,16.99862886763294
6057,14.902245333036133
6058,18.07022537809011
6059,14.763813306961552
6060,15.040708366343813
6061,18.54760510489561
6062,9.398090954946541
6063,15.45417542565913
6064,19.185936247774382
6065,18.07022537809011
6066,13.749048034215402
6067,13.693378035816044
6068,14.968078718597141
6069,18.863515341519914
6070,17.15265295199833
6071,13.547391668275901
6072,12.72297862538429
6073,19.58282410399664
6074,16.528736625112256
6075,15.309563885489096
6076,13.171991323039215
6077,13.860269321404656
6078,19.958170654030315
6079,16.347715566418497
6080,18.07022537809011
6081,14.968078718597141
6082,16.72208743980033
6083,23.825564432120537
6084,14.59595996977468
6085,15.966340571237744
6086,14.261573903393762
6087,13.099625719510088
6088,11.948288597454315
6089,20.90259132849944
6090,14.21971442990726
6091,9.398090954946541
6092,14.307541835721103
6093,16.272289907238594
6094,16.495660129861225
6095,12.666106514768034
6096,18.639866477475035
6097,12.43552236920907
6098,18.22532527905253
6099,14.820546127699265
6100,18.310315251085402
6101,13.981326914585152
6102,13.69491141107746
6103,14.59595996977468
6104,16.181833759140343
6105,14.968078718597141
6106,14.020362057823972
6107,16.730464010648216
6108,15.627762779566712
6109,14.246709212914993
6110,15.854448531663106
6111,17.645319641224503
6112,11.174812669344579
6113,13.427210538780901
6114,13.059524267040567
6115,12.69909739824978
6116,16.469897320822433
6117,16.730464010648216
6118,19.044272262922515
6119,14.131653791652557
6120,13.212990691801702
6121,14.866433953080191
6122,14.246709212914993
6123,18.34849760895204
6124,14.041640514531473
6125,12.633271397839634
6126,14.629618939355252
6127,14.131653791652557
6128,15.479052166284543
6129,14.914156339227112
6130,11.674944496965391
6131,11.816778172930393
6132,10.268987014468784
6133,17.645319641224503
6134,14.06596582445603
6135,15.529675282445567
6136,12.67945545277428
6137,13.913164470008724
6138,14.527914486139537
6139,27.909327923981166
6140,20.70571648956841
6141,11.674944496965391
6142,13.658194647524324
6143,15.29682369387613
6144,14.80973854969932
6145,11.469171032929484
6146,11.032902436207996
6147,15.297878755692144
6148,17.567837478821353
6149,13.059524267040567
6150,14.193687926032105
6151,16.402507192609768
6152,11.032902436207996
6153,16.820169094251632
6154,12.13014663469146
6155,12.268829408864462
6156,14.045675289413511
6157,19.279938517922375
6158,16.469897320822433
6159,15.485157915028385
6160,15.040708366343813
6161,12.407021879478275
6162,15.260907036643754
6163,13.1740577675238
6164,14.045675289413511
6165,16.364337608533116
6166,13.65689583869288
6167,13.099625719510088
6168,12.904207090362064
6169,14.226998333324378
6170,14.968078718597141
6171,13.172986979320127
6172,13.099625719510088
6173,12.759248377439528
6174,10.423327838159503
6175,13.368298159334389
6176,14.433853505583084
6177,18.07022537809011
6178,10.942612890473768
6179,14.317181190795822
6180,14.729035479328171
6181,11.031902294522578
6182,15.467145364779112
6183,9.819940253715915
6184,17.448101507194185
6185,9.143702524780032
6186,14.506855665713662
6187,15.779665589596686
6188,19.168743471316574
6189,12.499862547756834
6190,11.202030665088314
6191,13.962982623856623
6192,12.17112801140753
6193,14.588203071489975
6194,11.320007992996233
6195,16.884635167920106
6196,6.427464768944456
6197,15.21840003374065
6198,11.515641503198442
6199,11.147630428895226
6200,10.956199237624755
6201,16.311958965449374
6202,13.699586270424174
6203,13.959434346136758
6204,13.280515651031681
6205,9.961733834720134
6206,13.430065700094703
6207,16.736955448348258
6208,13.180565820148669
6209,10.94703639856325
6210,9.143702524780032
6211,11.527665706164978
6212,9.666193026648857
6213,14.37646353569945
6214,11.678816681765271
6215,14.938240019839968
6216,13.109592099926966
6217,14.938240019839968
6218,10.072544202590754
6219,13.393279530252833
6220,16.252224960643115
6221,13.959434346136758
6222,15.541197842407529
6223,13.699586270424174
6224,16.340281676210225
6225,13.920113420095854
6226,13.13409642348767
6227,10.770753539050647
6228,12.044121284371215
6229,13.959434346136758
6230,11.515641503198442
6231,15.37409232303792
6232,12.361161657603438
6233,13.393279530252833
6234,15.177962538037438
6235,9.228869102162435
6236,14.317181190795822
6237,18.42812773342212
6238,9.859925896914215
6239,12.250021334720111
6240,11.33041838971542
6241,14.383434989276644
6242,15.093048812060935
6243,13.20895740002567
6244,15.987721861484866
6245,15.796458828003546
6246,17.27329012168893
6247,14.267655630041698
6248,13.3737350462116
6249,13.964475447503341
6250,11.320007992996233
6251,9.666193026648857
6252,16.911772824873825
6253,15.119308502673276
6254,17.483432437813352
6255,14.267655630041698
6256,13.579140739614845
6257,19.168743471316574
6258,11.320007992996233
6259,9.143702524780032
6260,14.518446864292248
6261,14.60712323994409
6262,15.267625503447583
6263,13.180565820148669
6264,10.483674781009055
6265,14.196731151629626
6266,14.861231216356229
6267,19.816940108636373
6268,11.515641503198442
6269,12.704185704052835
6270,13.802445240574361
6271,14.593145710981732
6272,14.250152589974752
6273,15.1352079881277
6274,13.917499461381222
6275,13.699586270424174
6276,11.42991706879872
6277,13.208155648328264
6278,11.250586835392447
6279,16.311958965449374
6280,14.861231216356229
6281,18.535922649504595
6282,11.050207850925645
6283,6.9993753537583965
6284,15.228436080956316
6285,13.363285929139682
6286,16.283982593235276
6287,10.108376349979373
6288,6.427464768944456
6289,13.3737350462116
6290,16.617444903558283
6291,15.040460813861266
6292,18.994451098858683
6293,9.015518583988461
6294,15.987721861484866
6295,14.317181190795822
6296,17.179070509351618
6297,6.427464768944456
6298,11.079975098680753
6299,11.147630428895226
6300,9.228869102162435
6301,15.517070538851883
6302,14.549757907403315
6303,14.861231216356229
6304,11.598933971147158
6305,12.007183526195552
6306,10.307381149796079
6307,11.650908835888707
6308,15.232978603994708
6309,10.728766564885168
6310,14.505652271003848
6311,12.250021334720111
6312,11.512715884096663
6313,15.701930008193939
6314,12.007183526195552
6315,15.16827587191048
6316,10.483674781009055
6317,16.33765252760351
6318,11.320007992996233
6319,11.62143183844192
6320,10.887768317995025
6321,13.496118048005764
6322,15.228436080956316
6323,10.94703639856325
6324,12.500341617554476
6325,14.243301675365878
6326,16.340281676210225
6327,17.177791838863048
6328,6.9993753537583965
6329,11.320007992996233
6330,11.079975098680753
6331,12.694820285933424
6332,13.34293354248316
6333,13.26005567252634
6334,12.710111140023121
6335,18.535922649504595
6336,13.393279530252833
6337,12.357333822720276
6338,14.509773563078317
6339,16.6849913195887
6340,12.293531651190923
6341,12.289480252707438
6342,13.361788219786522
6343,15.411587100783839
6344,9.666193026648857
6345,13.740258513817384
6346,14.708657803373963
6347,9.015518583988461
6348,11.031902294522578
6349,13.964475447503341
6350,13.090753474250247
6351,14.267655630041698
6352,13.430065700094703
6353,14.527294462307218
6354,14.032519036837606
6355,10.942612890473768
6356,13.26005567252634
6357,12.704185704052835
6358,14.729035479328171
6359,13.477435730339932
6360,18.42812773342212
6361,14.861231216356229
6362,13.432677063372568
6363,15.45670499995074
6364,16.6104399115345
6365,11.031902294522578
6366,9.902122855255392
6367,8.607693878237775
6368,14.059150187076767
6369,14.861231216356229
6370,14.65361051664251
6371,15.560437173425067
6372,6.9993753537583965
6373,14.522534467684718
6374,16.276330740478933
6375,15.903362503252136
6376,14.077113376936207
6377,10.011049615660339
6378,14.014830495228443
6379,17.486920938045145
6380,11.090080921438728
6381,17.35243951825202
6382,14.188227114062908
6383,13.1296938144159
6384,16.260646277018484
6385,11.813883706045619
6386,14.057507509389572
6387,16.083849205979732
6388,14.901941985722424
6389,18.32285634290428
6390,15.37250589354113
6391,17.35243951825202
6392,17.376346884724086
6393,15.714716830838464
6394,9.307701274638125
6395,10.572582611893367
6396,10.597759769695042
6397,14.188227114062908
6398,14.188227114062908
6399,15.719758675531777
6400,13.682802483458408
6401,15.017937246733682
6402,12.991208242297523
6403,11.813883706045619
6404,16.49818899553018
6405,13.550259925018693
6406,17.262448473984406
6407,12.830021277646106
6408,16.421484142003223
6409,14.901941985722424
6410,14.59251821128707
6411,12.330036969755644
6412,12.10289271001724
6413,11.468507360971387
6414,13.682802483458408
6415,17.262448473984406
6416,9.235147206620013
6417,12.54679699834638
6418,19.025123082474316
6419,14.549019353059029
6420,16.909209275042354
6421,12.775235861312066
6422,14.014830495228443
6423,13.966531611122821
6424,13.505453339218016
6425,13.525255818783862
6426,15.595132840829402
6427,9.307701274638125
6428,16.386557206016903
6429,14.540888785749177
6430,8.618556971787154
6431,13.529265155647542
6432,13.525255818783862
6433,13.850168461237367
6434,12.54679699834638
6435,15.944786469371449
6436,13.955805197681773
6437,11.718336281007684
6438,18.339844327862583
6439,11.813883706045619
6440,13.197153555423958
6441,17.486920938045145
6442,11.090080921438728
6443,13.997774490961703
6444,13.1296938144159
6445,12.2409765422687
6446,14.59251821128707
6447,14.94511736450628
6448,14.94511736450628
6449,13.571953580237457
6450,12.22582662518842
6451,13.124000901654023
6452,14.057507509389572
6453,12.22582662518842
6454,16.386557206016903
6455,14.26007391407777
6456,13.673231665840701
6457,15.944786469371449
6458,13.525255818783862
6459,9.317255814524291
6460,13.29893917132076
6461,14.554949257419924
6462,15.144180333267308
6463,10.02815814457914
6464,16.622130385431152
6465,14.188227114062908
6466,14.188227114062908
6467,19.40051516208633
6468,13.673199103400398
6469,14.688690188911888
6470,14.542600985661094
6471,11.468507360971387
6472,10.448199218978733
6473,10.642566355495719
6474,16.701259806427107
6475,19.042904972425358
6476,18.68844427357668
6477,14.188227114062908
6478,12.822633507675928
6479,12.481391174851058
6480,11.270556562140374
6481,15.621844015068437
6482,13.032661003866444
6483,11.090080921438728
6484,14.64601317475076
6485,13.673231665840701
6486,16.675417186353194
6487,13.463484045938086
6488,13.571953580237457
6489,19.23857310289785
6490,15.944786469371449
6491,14.767253855537025
6492,19.910259763286845
6493,12.303378841902548
6494,15.798508662974447
6495,17.376346884724086
6496,12.303378841902548
6497,17.497695044216094
6498,15.090365415336745
6499,11.090080921438728
6500,15.223873046832324
6501,16.40278514924087
6502,11.468507360971387
6503,13.715193060332997
6504,21.202620472169514
6505,13.197153555423958
6506,13.997774490961703
6507,12.70187217316486
6508,15.015151808459015
6509,10.798175955106492
6510,13.160193022483238
6511,15.714716830838464
6512,11.468507360971387
6513,13.101710298874153
6514,15.003795072668579
6515,14.411501346162694
6516,16.462885325139037
6517,15.705532906650575
6518,13.529265155647542
6519,15.621844015068437
6520,9.235147206620013
6521,13.6971616026919
6522,19.467382848295852
6523,15.017937246733682
6524,13.103035686562803
6525,14.031186930954036
6526,12.678851110687466
6527,19.98021070099305
6528,14.771041050506104
6529,16.085009998480803
6530,16.35281046486061
6531,15.090365415336745
6532,15.427737666473638
6533,15.719758675531777
6534,13.517563738720424
6535,13.0923449654725
6536,17.596775072197076
6537,16.276330740478933
6538,12.251003782990095
6539,11.426202177008085
6540,14.771041050506104
6541,10.597759769695042
6542,15.769398449913398
6543,14.575677480912125
6544,12.09928243240337
6545,13.257850664729316
6546,14.152111574989872
6547,14.895054673939143
6548,22.098085811961678
6549,15.824064064755689
6550,19.932034119774347
6551,21.451475227371173
6552,14.963786114742724
6553,12.850858292395907
6554,17.00900483580311
6555,15.778763993850431
6556,16.467106929312582
6557,16.302633091463502
6558,8.3840328812048
6559,17.666463332939443
6560,17.218706132538514
6561,14.895054673939143
6562,17.00900483580311
6563,16.0244683031427
6564,20.064616173971785
6565,16.702086307273373
6566,15.729696056115168
6567,25.432274666352935
6568,19.23262445407073
6569,12.30536045821562
6570,23.433040221089477
6571,13.226410611373456
6572,14.866432084842913
6573,16.702086307273373
6574,17.618012839201455
6575,17.812976045417766
6576,16.302633091463502
6577,20.58986638935636
6578,16.85304351925508
6579,18.177685083692946
6580,18.097755956908852
6581,17.812976045417766
6582,16.46202151640479
6583,16.27030771820412
6584,17.67593800242945
6585,17.386722419645235
6586,20.227695539232222
6587,15.824064064755689
6588,15.163837752453633
6589,6.859701841617979
6590,15.339822853508956
6591,22.098085811961678
6592,14.62818057882947
6593,16.641953492533915
6594,14.963786114742724
6595,15.65673359022452
6596,16.54515910421986
6597,11.862322057322617
6598,13.423353516680242
6599,17.965835834408157
6600,10.184733194188569
6601,16.876118165922843
6602,16.876118165922843
6603,13.980316345147598
6604,17.44086360911854
6605,9.2016384275167
6606,17.982399640154675
6607,15.651290267253199
6608,20.064616173971785
6609,14.338338564777077
6610,14.866432084842913
6611,17.618012839201455
6612,15.97025811206486
6613,17.965835834408157
6614,14.338338564777077
6615,11.862322057322617
6616,28.36107505038667
6617,13.423353516680242
6618,12.49523671236226
6619,16.510534537442194
6620,18.724775314910996
6621,17.14781345420631
6622,17.126141284475302
6623,17.965835834408157
6624,19.636437223617946
6625,12.192920956558845
6626,16.26477123041495
6627,10.405874142180119
6628,17.71289477269948
6629,17.9490920065401
6630,19.20291582186067
6631,15.62016636980497
6632,15.65911592466632
6633,16.73821827964142
6634,17.05878396334848
6635,21.754196713369378
6636,24.277115943309692
6637,12.946035364172147
6638,15.651095244514662
6639,12.192920956558845
6640,13.980316345147598
6641,17.14781345420631
6642,18.46500915317448
6643,13.423353516680242
6644,27.694547201885857
6645,10.184733194188569
6646,17.14781345420631
6647,22.098085811961678
6648,16.641953492533915
6649,17.9490920065401
6650,19.05788398990318
6651,17.7528969354459
6652,17.797178022434522
6653,17.00900483580311
6654,16.0244683031427
6655,20.30916515756643
6656,19.13404850197519
6657,17.797178022434522
6658,18.395889783986807
6659,18.724775314910996
6660,19.310021933216348
6661,18.572837292336867
6662,10.444267197181146
6663,15.65673359022452
6664,15.487861738237982
6665,15.62016636980497
6666,15.628743916229304
6667,8.549847772717246
6668,17.932845697543318
6669,15.270214485240738
6670,16.467106929312582
6671,15.758055523264632
6672,13.268924810748347
6673,13.091570185801393
6674,13.979327677782123
6675,18.572837292336867
6676,14.866432084842913
6677,19.260206736344724
6678,17.00900483580311
6679,16.54515910421986
6680,12.55879377606478
6681,19.20291582186067
6682,19.072795738838593
6683,9.18358318764412
6684,18.913183789685295
6685,19.310021933216348
6686,14.866432084842913
6687,25.432274666352935
6688,18.193263863099528
6689,10.557451793171508
6690,20.828889637716934
6691,19.021012647950496
6692,18.204654851466206
6693,18.82336292118225
6694,18.30246159678166
6695,20.78602655904631
6696,17.126141284475302
6697,16.85304351925508
6698,18.572837292336867
6699,20.00451612801619
6700,19.54179882135138
6701,16.73821827964142
6702,16.641953492533915
6703,17.492792450266492
6704,14.815319003176599
6705,13.268924810748347
6706,11.220391361766053
6707,15.824064064755689
6708,21.21280708390808
6709,16.82660114310406
6710,12.30536045821562
6711,19.42741485710449
6712,14.62818057882947
6713,12.30536045821562
6714,11.302761800648206
6715,18.097755956908852
6716,16.619474867383026
6717,13.980316345147598
6718,17.875398968675935
6719,12.55879377606478
6720,17.333245158847234
6721,12.946035364172147
6722,16.02509430844247
6723,12.850858292395907
6724,15.853133865021773
6725,15.986183793429383
6726,14.240030382389248
6727,14.866432084842913
6728,19.072795738838593
6729,16.876118165922843
6730,13.863990657226235
6731,20.696187980909656
6732,17.71289477269948
6733,13.863990657226235
6734,18.572837292336867
6735,15.121594431627662
6736,11.992748104718661
6737,13.812929344054595
6738,11.218649610839474
6739,11.731067411077998
6740,9.607710269159579
6741,8.325390889417134
6742,14.835545541697712
6743,14.203148227534733
6744,15.463925071938826
6745,15.296318653850726
6746,14.936684057857613
6747,13.36424280837165
6748,18.310723923411953
6749,12.474987568677829
6750,20.399778008037284
6751,8.93707749083258
6752,12.68407815673208
6753,9.852462489019066
6754,10.710600665220504
6755,15.37950160932814
6756,18.176766329665785
6757,12.59448652885507
6758,17.3439806680283
6759,13.503640004085858
6760,12.603091676212685
6761,10.493408582491734
6762,11.691043885642143
6763,19.79095889187661
6764,12.423369379563583
6765,12.108168465091149
6766,14.140940288908947
6767,12.040350031776688
6768,10.433813896944867
6769,9.329374487856906
6770,17.69529996599068
6771,13.499424385491759
6772,17.850108504385535
6773,14.12192952264256
6774,15.193521407844216
6775,16.269190219414178
6776,13.945575123330633
6777,10.534952413104769
6778,13.608207327874432
6779,10.997696944149652
6780,17.850108504385535
6781,13.866194698452803
6782,13.208573024297575
6783,14.369307552747006
6784,17.087179941069504
6785,14.178582228596827
6786,17.69529996599068
6787,17.058728597178625
6788,26.31291723333334
6789,15.643473246395853
6790,10.656852683747493
6791,16.6461147673813
6792,11.391309971117474
6793,15.643473246395853
6794,18.08340900072364
6795,14.1309566863387
6796,15.706159040981905
6797,17.585846540268392
6798,9.491321166496549
6799,20.598837708446542
6800,13.009545514320674
6801,14.359693242926749
6802,9.491321166496549
6803,8.872458379114315
6804,12.416490288403104
6805,11.731067411077998
6806,8.872458379114315
6807,8.872458379114315
6808,20.399778008037284
6809,15.663969147998957
6810,12.108168465091149
6811,17.850108504385535
6812,18.220783934493593
6813,14.735932381115656
6814,13.05428260915035
6815,14.140940288908947
6816,10.621707115042817
6817,23.04724377617309
6818,13.885189062949829
6819,9.894116217274075
6820,14.443056303619363
6821,14.063763552001225
6822,11.25785564032319
6823,11.29982493360312
6824,10.433813896944867
6825,12.787221325313201
6826,15.296318653850726
6827,13.608207327874432
6828,12.416490288403104
6829,12.55251723557514
6830,11.391309971117474
6831,19.41960163602938
6832,10.866572629290326
6833,12.570133528706888
6834,16.042722982901434
6835,15.296318653850726
6836,14.901276983523271
6837,16.390633192137898
6838,12.495519020247587
6839,14.170920518429401
6840,16.50604028346442
6841,12.880397055961078
6842,12.68407815673208
6843,14.805954582712928
6844,12.53948192140443
6845,14.897496676071903
6846,13.762323046367705
6847,10.983887340112775
6848,15.193521407844216
6849,14.063763552001225
6850,21.357783242371273
6851,14.805954582712928
6852,11.19350224699165
6853,9.565282313610316
6854,15.845228145586999
6855,14.140940288908947
6856,14.203148227534733
6857,15.193521407844216
6858,21.908542560003653
6859,14.805954582712928
6860,8.325390889417134
6861,11.845121171162564
6862,12.453700395510651
6863,19.937037511187285
6864,9.852462489019066
6865,8.329707509434414
6866,20.121714509439506
6867,15.341870494477218
6868,11.691043885642143
6869,14.484147377212373
6870,17.77846784174459
6871,18.310723923411953
6872,15.764904631075037
6873,19.912466903231632
6874,12.845824699119063
6875,17.6530161272157
6876,10.532516501929555
6877,13.937314399517058
6878,15.658638133210568
6879,12.68407815673208
6880,14.897496676071903
6881,18.021379537246396
6882,15.032037402316199
6883,15.908037009856137
6884,18.176766329665785
6885,21.259726698929462
6886,19.79095889187661
6887,14.203148227534733
6888,14.835545541697712
6889,11.731067411077998
6890,8.325390889417134
6891,14.591440485652061
6892,15.309343035850196
6893,14.473211660557745
6894,13.926931288622553
6895,12.167957171837914
6896,13.727219319587872
6897,9.607710269159579
6898,11.561044069612569
6899,15.37950160932814
6900,14.77240965161016
6901,12.845824699119063
6902,13.503640004085858
6903,14.443056303619363
6904,14.897496676071903
6905,13.215332191888889
6906,10.997696944149652
6907,14.223068038802461
6908,13.945575123330633
6909,9.565282313610316
6910,13.945575123330633
6911,13.718245094808754
6912,13.885189062949829
6913,17.087179941069504
6914,14.063763552001225
6915,8.105419348707056
6916,12.54992595051016
6917,15.296318653850726
6918,12.68407815673208
6919,14.77240965161016
6920,13.05428260915035
6921,14.841869613859876
6922,14.484147377212373
6923,19.79095889187661
6924,11.927875982897335
6925,13.69425387768805
6926,19.298694487649787
6927,14.258514334883015
6928,17.641092282895787
6929,14.931850152804302
6930,15.907421716580235
6931,18.453717181796833
6932,17.881975519926836
6933,16.08600313185351
6934,14.492300085620533
6935,19.412997189087335
6936,16.316349440140296
6937,19.075748925509043
6938,24.087590410388575
6939,14.683073525270663
6940,14.768005223744499
6941,14.34267489109967
6942,12.429577454256128
6943,10.765459300635177
6944,19.240711908525014
6945,17.130912969979327
6946,18.642982129884512
6947,13.78061014984229
6948,13.061386709998104
6949,22.73082225823799
6950,16.16439486887767
6951,21.226420507649944
6952,15.655606681984768
6953,17.4053422147924
6954,16.30829521054805
6955,18.908968077868934
6956,18.14601513736631
6957,16.048738468864105
6958,12.429577454256128
6959,13.903809031765999
6960,17.526410391874087
6961,17.628660730596344
6962,16.158122251176525
6963,17.24415364526188
6964,16.441871700058023
6965,16.30829521054805
6966,18.281305564155804
6967,21.7165619226715
6968,22.73082225823799
6969,15.655606681984768
6970,18.712104358626792
6971,14.960608599513861
6972,18.249339175027593
6973,12.709686746181177
6974,15.815005161048438
6975,14.927150423649653
6976,5.713588135686526
6977,16.048738468864105
6978,16.115604564417882
6979,15.39535578458448
6980,14.908066189325128
6981,21.226420507649944
6982,18.599031806561182
6983,13.355812114628007
6984,18.459971658281265
6985,19.438846615717804
6986,17.160004632946013
6987,19.79992108750718
6988,13.516600428940574
6989,16.491350003764975
6990,19.216201612862505
6991,16.67336588234668
6992,24.087590410388575
6993,17.160004632946013
6994,15.786667506420685
6995,18.280586841153124
6996,14.311209747075608
6997,19.195161669443703
6998,16.67336588234668
6999,21.7165619226715
7000,15.465724116532854
7001,14.785883572513688
7002,16.3797345625614
7003,9.621040434673837
7004,22.344593061324293
7005,24.486940017180853
7006,17.189354361309963
7007,15.437225841300666
7008,13.043122518132208
7009,14.4443472980477
7010,24.486940017180853
7011,19.578374250251457
7012,24.087590410388575
7013,14.258514334883015
7014,17.378155567813543
7015,14.34267489109967
7016,18.842992307325364
7017,16.048738468864105
7018,15.66005300026566
7019,18.279744324799875
7020,16.30829521054805
7021,22.18619820912725
7022,13.57445093308795
7023,13.355812114628007
7024,20.815426881208793
7025,24.721952940121948
7026,15.417709094987032
7027,19.625027360457015
7028,18.40987273785334
7029,14.4443472980477
7030,19.277652735989626
7031,14.847579239252234
7032,13.85870217506018
7033,5.713588135686526
7034,14.283266964229863
7035,15.721440942517715
7036,13.865827224252238
7037,15.142704393175594
7038,15.050408664360017
7039,12.250801246822434
7040,18.009649904043535
7041,19.82630068182148
7042,7.447723550755192
7043,17.160004632946013
7044,17.66223103807173
7045,18.842992307325364
7046,19.277652735989626
7047,15.66005300026566
7048,7.931607182831897
7049,10.549125170569852
7050,18.653691152635982
7051,18.68611062897349
7052,19.298694487649787
7053,18.95648168866456
7054,8.894307288072936
7055,12.904780101955359
7056,18.049391737114
7057,12.19974327591669
7058,16.228776877658714
7059,22.18619820912725
7060,14.683073525270663
7061,19.79992108750718
7062,16.16439486887767
7063,17.718853729571
7064,16.67336588234668
7065,11.927875982897335
7066,18.049391737114
7067,15.585004879153201
7068,13.562164820516276
7069,19.147982567131915
7070,16.620714229438114
7071,13.69425387768805
7072,16.728735413631096
7073,13.1296553490457
7074,14.354131882928568
7075,16.620714229438114
7076,17.60201484930758
7077,14.805428423603063
7078,8.839480353595139
7079,16.720049805336046
7080,21.7165619226715
7081,8.081985460421116
7082,18.642982129884512
7083,17.189354361309963
7084,16.08600313185351
7085,16.67336588234668
7086,19.417900943733272
7087,15.673712726700609
7088,18.599031806561182
7089,9.986528913148227
7090,11.927875982897335
7091,15.363244232957465
7092,18.908968077868934
7093,13.043122518132208
7094,19.578374250251457
7095,19.282567076297017
7096,12.67919557000462
7097,19.075748925509043
7098,20.196222235998807
7099,13.170525245413263
7100,15.226987310183578
7101,19.075748925509043
7102,21.7165619226715
7103,14.683073525270663
7104,17.628660730596344
7105,13.786212437949454
7106,17.827515497727546
7107,13.958256035165213
7108,8.270883708399257
7109,7.706840308952833
7110,15.319655356312625
7111,13.737748282667054
7112,13.60458972051794
7113,12.336021550292608
7114,11.26066921742365
7115,14.877476143348394
7116,17.102699900065097
7117,21.925836442760897
7118,16.139706550265046
7119,11.318534443992917
7120,5.26788789963771
7121,13.235043361430572
7122,12.078498000294584
7123,15.40820511452339
7124,12.156691002097359
7125,9.174300483208683
7126,13.505470314320288
7127,8.893768946903359
7128,16.196753963701408
7129,16.577031817814284
7130,21.24708802759053
7131,6.455108936218201
7132,11.20670908467853
7133,13.578465683179417
7134,11.851875348215112
7135,17.437916280874752
7136,5.798607175335828
7137,14.523795911301725
7138,13.463043411591737
7139,20.456083893407627
7140,17.84983242145497
7141,8.581716570542726
7142,10.891242583125196
7143,14.269973111113371
7144,12.519196848503265
7145,13.958256035165213
7146,12.66038534243543
7147,14.37717778681124
7148,17.102699900065097
7149,12.078498000294584
7150,9.754390558488453
7151,14.213533333686026
7152,10.68558787120801
7153,12.6666207312563
7154,7.69629308594487
7155,14.213533333686026
7156,8.514011454332817
7157,8.270883708399257
7158,12.078498000294584
7159,11.318534443992917
7160,17.72166630967403
7161,11.284273442323597
7162,19.529364621944453
7163,15.928836114295887
7164,8.047102722512717
7165,12.6666207312563
7166,14.523795911301725
7167,12.092429155488196
7168,8.415525606164513
7169,13.275422525347603
7170,13.463043411591737
7171,11.318534443992917
7172,12.74429930665792
7173,12.822371197097306
7174,3.0833892622505843
7175,6.0016950433042
7176,17.84983242145497
7177,8.893768946903359
7178,13.242636314645068
7179,15.40820511452339
7180,16.842332597830847
7181,10.80075037091354
7182,25.34515458228538
7183,13.141128863862358
7184,14.012046370392271
7185,14.489879634586206
7186,10.336633174817928
7187,13.6322749716725
7188,8.107691866504455
7189,11.206475260377937
7190,12.313313121260027
7191,4.441727069263995
7192,8.244943317794766
7193,19.427271910050848
7194,12.822371197097306
7195,9.882363000980918
7196,12.618263926553775
7197,14.012046370392271
7198,16.21660976045345
7199,21.13403469374195
7200,10.336633174817928
7201,14.21241314363069
7202,8.107691866504455
7203,20.456083893407627
7204,12.310212752115794
7205,17.786608687844634
7206,18.81310374761669
7207,13.996827341768277
7208,11.193383314535295
7209,17.918155784611873
7210,15.761024013396137
7211,10.743987333336177
7212,10.336633174817928
7213,16.89063475702551
7214,13.15660773659815
7215,20.456083893407627
7216,20.456083893407627
7217,14.802028930930774
7218,11.128963193088978
7219,8.514011454332817
7220,16.21660976045345
7221,12.309762103933798
7222,6.3755027576926295
7223,15.319655356312625
7224,9.808027510282813
7225,15.275720159180187
7226,13.212233618800479
7227,12.479119976819163
7228,10.68558787120801
7229,11.206475260377937
7230,5.250449401300868
7231,14.14516624647654
7232,11.922839470274987
7233,12.083939181752699
7234,10.336633174817928
7235,10.192410778186288
7236,11.112620791078596
7237,10.743987333336177
7238,13.996827341768277
7239,13.500252633310081
7240,11.083128872529512
7241,13.683855187808662
7242,19.805288676906788
7243,8.047102722512717
7244,6.455108936218201
7245,11.155423770680805
7246,14.523795911301725
7247,17.655305202688027
7248,15.691034248327009
7249,7.69629308594487
7250,19.427271910050848
7251,8.244943317794766
7252,13.775232867927507
7253,13.149003973460635
7254,13.195975674984988
7255,10.743987333336177
7256,8.893768946903359
7257,14.005371501448153
7258,12.642898071119662
7259,9.625291814746438
7260,21.02299971057372
7261,14.492923646511407
7262,10.336633174817928
7263,14.492923646511407
7264,17.786608687844634
7265,12.479119976819163
7266,13.275422525347603
7267,14.2338984516148
7268,13.195975674984988
7269,14.279473609839648
7270,8.893768946903359
7271,8.968055050382937
7272,9.374470596310262
7273,14.489879634586206
7274,16.16231153388064
7275,13.917607545692286
7276,13.275422525347603
7277,20.470369265188644
7278,13.193378402714105
7279,11.193383314535295
7280,10.52847466809523
7281,12.608928292769972
7282,14.012046370392271
7283,13.775232867927507
7284,8.047102722512717
7285,8.581716570542726
7286,10.79276869341142
7287,16.842332597830847
7288,14.14516624647654
7289,8.893768946903359
7290,15.319655356312625
7291,10.52847466809523
7292,16.89063475702551
7293,6.3755027576926295
7294,12.219039547267926
7295,15.975746725500583
7296,16.02075926225047
7297,15.693373106001044
7298,18.744433372825966
7299,12.776288678710298
7300,13.542997235314024
7301,18.93635321519822
7302,14.327460556389191
7303,17.70398013680792
7304,13.542997235314024
7305,19.757494823753408
7306,15.325515573677665
7307,16.119789361066047
7308,14.323398249791182
7309,17.209711961642157
7310,13.850951448893623
7311,15.280669890970255
7312,15.915226317201611
7313,15.976692634133311
7314,15.027718535863691
7315,15.250082586765787
7316,9.06966850938869
7317,11.178367097026713
7318,18.333065930388297
7319,16.0635304291704
7320,17.712049439879525
7321,19.694708202978276
7322,14.709840148464911
7323,14.16159790784606
7324,13.542997235314024
7325,14.440881026374692
7326,15.740645598137686
7327,12.955319709617532
7328,12.661356029260629
7329,15.769441090398717
7330,13.226654601104622
7331,13.966860937579574
7332,16.349139346145794
7333,13.26323141944051
7334,17.00308587814043
7335,15.097744338870902
7336,14.28981164295102
7337,15.482071531155775
7338,17.03393335517391
7339,15.631723160242789
7340,18.038038325554595
7341,16.316373821696914
7342,15.846886188804179
7343,12.116895757799995
7344,18.93635321519822
7345,15.11225724472969
7346,17.70398013680792
7347,16.109056619357805
7348,18.396694022086173
7349,16.57064053360314
7350,15.539548123584083
7351,11.501621878528102
7352,15.821740808814724
7353,12.907504072183517
7354,8.858818144274087
7355,13.543866164011462
7356,16.35862346610132
7357,16.067907428978668
7358,17.03393335517391
7359,16.055957422290316
7360,17.63409381363332
7361,18.94155967839638
7362,15.11225724472969
7363,16.079843735253867
7364,15.532302512282461
7365,11.178367097026713
7366,14.873460712256684
7367,15.03444294540441
7368,15.928675175582004
7369,14.16159790784606
7370,16.09393923509646
7371,14.972651433884021
7372,16.442985134528545
7373,14.82161476187899
7374,13.425750713498038
7375,18.540275837404522
7376,13.657825423977835
7377,14.84861783940669
7378,15.821740808814724
7379,9.975744355963446
7380,13.034523567474453
7381,18.29198062319038
7382,15.614174278850506
7383,12.899250914199715
7384,17.780623685660235
7385,16.598322322819797
7386,18.118501725355987
7387,15.832692723067103
7388,15.318333896473002
7389,12.116895757799995
7390,17.712049439879525
7391,15.113503135449838
7392,7.515407230022643
7393,16.302034151453228
7394,15.10292737611246
7395,12.171964353054694
7396,13.873569731772587
7397,15.324007975014894
7398,18.038038325554595
7399,15.11225724472969
7400,18.536616648147575
7401,19.04071785464142
7402,8.458513777258252
7403,17.06918918027081
7404,16.287751232600677
7405,17.268160750545213
7406,15.027718535863691
7407,18.301968781753416
7408,18.41888967878467
7409,18.121709877738805
7410,15.846886188804179
7411,12.807136155743775
7412,17.341711277136156
7413,8.810374199744288
7414,16.168151195433996
7415,16.39454502309838
7416,12.116895757799995
7417,18.989418946851313
7418,15.250082586765787
7419,17.521680571183612
7420,14.16159790784606
7421,8.458513777258252
7422,17.618263367685724
7423,20.83052829309215
7424,17.81259363211464
7425,16.398313032351403
7426,18.121709877738805
7427,14.855213590943771
7428,8.650859550494612
7429,16.0635304291704
7430,17.58208184415695
7431,16.119789361066047
7432,13.542997235314024
7433,19.076921938590097
7434,10.706949966549042
7435,15.571156655671308
7436,18.041120121517483
7437,12.385708531603747
7438,13.052162850234774
7439,18.123706597372333
7440,15.65786395927313
7441,16.042680926370895
7442,14.323398249791182
7443,15.097744338870902
7444,12.63199856922382
7445,17.530399437275968
7446,15.892074932571356
7447,13.657825423977835
7448,13.924907132734909
7449,16.079843735253867
7450,14.029411514738662
7451,15.821740808814724
7452,18.041120121517483
7453,12.351820294746505
7454,12.13418197346559
7455,16.78673015963975
7456,16.73792222532886
7457,16.29995985594624
7458,8.102185387268998
7459,18.32836979454757
7460,13.699498347006735
7461,16.86153019078249
7462,18.744433372825966
7463,18.51017722662515
7464,15.589870116842668
7465,17.195611214904137
7466,15.532302512282461
7467,13.052162850234774
7468,16.78673015963975
7469,16.377763842542063
7470,15.846886188804179
7471,19.816430563512167
7472,15.24203504107943
7473,19.371991927945523
7474,13.425750713498038
7475,18.301968781753416
7476,16.35862346610132
7477,18.53950540133251
7478,16.35862346610132
7479,10.895761241304367
7480,17.480432965695712
7481,10.634558669160121
7482,11.75006220123007
7483,12.649633231494148
7484,10.334880980637175
7485,10.292956478259168
7486,11.838760492730842
7487,11.053935133689258
7488,12.112107679896127
7489,12.976664023581224
7490,12.653341764309914
7491,12.550514276869247
7492,12.319207518249238
7493,12.824109751607367
7494,13.992992719672984
7495,10.457139786868975
7496,13.717241748779585
7497,8.856236291114023
7498,10.634558669160121
7499,13.388244846580076
7500,11.707674567685645
7501,11.553555240497632
7502,9.51229518126367
7503,11.523931227090221
7504,13.077384853151205
7505,12.824158070316223
7506,12.447159840737912
7507,10.710401106260855
7508,12.109294492839986
7509,12.85174103944314
7510,13.924793832589037
7511,10.904273399164149
7512,12.150220507945793
7513,10.793301746160523
7514,15.137485031067866
7515,13.478926110842204
7516,10.189350202271198
7517,13.388244846580076
7518,11.943488735157718
7519,12.316870612294485
7520,14.033192956349607
7521,13.663207133239931
7522,15.312555163957018
7523,10.793094617593752
7524,11.563260727904193
7525,14.182191294028435
7526,14.82767580175503
7527,12.42560434517262
7528,11.334174889897438
7529,15.003120952467356
7530,11.981377416820074
7531,11.325396866703775
7532,12.678000586514754
7533,12.188396011693953
7534,13.066994554633336
7535,11.106890118409428
7536,11.053935133689258
7537,15.102259196479263
7538,15.891511101815743
7539,11.34973904177235
7540,14.08963027325466
7541,11.523931227090221
7542,10.457139786868975
7543,10.793301746160523
7544,9.709336761657037
7545,9.709336761657037
7546,15.312555163957018
7547,8.856236291114023
7548,12.03703892041912
7549,12.341619012072934
7550,12.976664023581224
7551,11.34973904177235
7552,12.564764012230555
7553,13.307439926678022
7554,11.692856015538016
7555,14.033192956349607
7556,12.665205779367977
7557,15.280258182924904
7558,13.209082240227216
7559,11.905404835041711
7560,11.193031505620185
7561,10.793094617593752
7562,10.710401106260855
7563,11.545539817574141
7564,11.563260727904193
7565,14.718413048106767
7566,11.053935133689258
7567,14.82767580175503
7568,11.523931227090221
7569,12.610778694075817
7570,13.323242186633355
7571,12.848006430601776
7572,14.071774093792888
7573,12.601657154555365
7574,11.75006220123007
7575,11.648520412878423
7576,13.98561129996663
7577,9.709336761657037
7578,11.932231094676837
7579,12.03703892041912
7580,10.634558669160121
7581,13.143823293644543
7582,12.185427288845366
7583,11.46028818183755
7584,11.75006220123007
7585,9.51229518126367
7586,12.263677812177773
7587,12.680696449372103
7588,9.709336761657037
7589,11.34973904177235
7590,12.341619012072934
7591,11.943488735157718
7592,11.325396866703775
7593,13.028280816767209
7594,12.364524650456815
7595,10.457139786868975
7596,12.399852100562422
7597,12.252530061531996
7598,9.20381460426161
7599,11.325396866703775
7600,12.550514276869247
7601,13.531301920388612
7602,10.189350202271198
7603,12.399023139632837
7604,11.053935133689258
7605,11.686537744766431
7606,12.117618245444403
7607,11.264636673711749
7608,16.252070743605493
7609,11.974195036871398
7610,10.896017933551851
7611,12.900028473152942
7612,11.822564963864265
7613,11.066521794759193
7614,9.51229518126367
7615,15.137485031067866
7616,14.82767580175503
7617,10.793094617593752
7618,11.053935133689258
7619,11.264636673711749
7620,12.834998405864908
7621,11.545539817574141
7622,10.292956478259168
7623,11.900712436630515
7624,15.102259196479263
7625,11.053935133689258
7626,12.610778694075817
7627,12.534189111980268
7628,13.112365081238618
7629,12.35466837204101
7630,10.793301746160523
7631,12.185427288845366
7632,11.838760492730842
7633,10.334880980637175
7634,12.565437913005423
7635,11.545539817574141
7636,14.550216378245787
7637,12.80276026154592
7638,11.209333412895786
7639,12.386882477302674
7640,12.137567359653655
7641,9.827273190886883
7642,12.549122380048491
7643,10.793094617593752
7644,11.563260727904193
7645,8.856236291114023
7646,13.799095626546409
7647,13.162529741912772
7648,14.788751285929095
7649,18.186174034920057
7650,15.283466618370568
7651,13.417220530527901
7652,16.274513941166415
7653,14.542114195158865
7654,14.566524659363917
7655,14.753572959875399
7656,15.283466618370568
7657,14.102402870990709
7658,12.453157256935034
7659,15.053347241056859
7660,15.236687382916562
7661,11.504056103898508
7662,10.793519048342052
7663,14.730596661953095
7664,13.341866792785385
7665,12.47009202110864
7666,13.769427120219131
7667,13.862482451760863
7668,13.49937636662809
7669,12.122299740150947
7670,13.221026505583382
7671,16.82512910518112
7672,14.958599847779885
7673,12.122299740150947
7674,12.73378183184977
7675,13.727419317958027
7676,13.295568740464187
7677,13.295568740464187
7678,13.456014049704494
7679,13.426394567151936
7680,13.49543545087382
7681,14.84053042351201
7682,14.881596595694047
7683,14.768050723326505
7684,13.197430584548679
7685,12.934236090762848
7686,14.366013813348525
7687,13.769427120219131
7688,12.987884638699938
7689,13.197430584548679
7690,12.474734273576177
7691,15.060684533171557
7692,10.591719267738995
7693,14.01553070311283
7694,13.426394567151936
7695,15.311378751140866
7696,13.926155625467334
7697,13.412800253927207
7698,13.441686014622599
7699,14.566524659363917
7700,12.802680437741616
7701,12.47009202110864
7702,12.166315835155055
7703,13.198408853657712
7704,13.65680078835207
7705,14.862248852594806
7706,12.73378183184977
7707,14.784868901947881
7708,12.0849851237857
7709,11.028329206062581
7710,12.73378183184977
7711,13.341866792785385
7712,12.122299740150947
7713,13.49543545087382
7714,10.591719267738995
7715,12.73378183184977
7716,12.323734339835225
7717,15.354645742010248
7718,13.635316159942848
7719,14.788751285929095
7720,14.4971829926006
7721,14.778515208093342
7722,11.817704460094367
7723,14.620103687899114
7724,14.800729793733018
7725,12.242870627923983
7726,13.664132018489385
7727,12.167461459435772
7728,13.043302846656166
7729,15.015128263106385
7730,14.217399188808335
7731,13.862482451760863
7732,12.987884638699938
7733,15.43829227182989
7734,12.654498704353056
7735,13.111331771841078
7736,14.729639781644945
7737,11.504056103898508
7738,11.475204702760887
7739,13.10002670839231
7740,13.664132018489385
7741,13.585019489060919
7742,15.546997132165524
7743,13.664132018489385
7744,13.56092506440349
7745,14.804049609739558
7746,14.955655642805066
7747,14.247584013967245
7748,14.031323479674585
7749,13.10002670839231
7750,15.236687382916562
7751,13.49543545087382
7752,13.664132018489385
7753,13.89867318668215
7754,10.793519048342052
7755,11.780395141317632
7756,13.46352396975999
7757,16.274513941166415
7758,15.017949910183019
7759,16.099543058766876
7760,16.73314626180863
7761,12.575137677852467
7762,13.363799036163504
7763,11.504056103898508
7764,14.468656734333338
7765,12.375672613718121
7766,11.504056103898508
7767,13.769427120219131
7768,14.613350535073407
7769,15.546997132165524
7770,14.613350535073407
7771,11.028329206062581
7772,16.274513941166415
7773,13.098429848192996
7774,12.871155442811103
7775,13.769427120219131
7776,12.323734339835225
7777,14.868038824983381
7778,13.111331771841078
7779,15.236687382916562
7780,11.475204702760887
7781,14.268812079273278
7782,13.49937636662809
7783,12.934236090762848
7784,15.283466618370568
7785,13.276653685508819
7786,12.856721728754808
7787,11.483150172873223
7788,14.067097846396408
7789,13.146003007591656
7790,13.341866792785385
7791,11.997444705004112
7792,12.252341812635416
7793,13.727419317958027
7794,12.710136184921717
7795,11.84961797710442
7796,14.955655642805066
7797,14.380678701914388
7798,12.987884638699938
7799,11.504056103898508
7800,13.412800253927207
7801,14.896417727184357
7802,14.682813201477417
7803,16.786982059798294
7804,14.01553070311283
7805,11.361138339190726
7806,14.015178106210278
7807,15.283466618370568
7808,12.584651356191603
7809,15.019038758724333
7810,14.468656734333338
7811,14.189947039911218
7812,12.930218832542998
7813,11.028329206062581
7814,13.10002670839231
7815,14.696789061922058
7816,13.926155625467334
7817,11.504056103898508
7818,13.417220530527901
7819,15.235930779822395
7820,10.45422540509354
7821,14.908343355466009
7822,13.501435248709585
7823,20.306706223734242
7824,13.035454267870351
7825,15.16304698231273
7826,14.143542376244312
7827,12.367692208491992
7828,14.335643690049574
7829,13.957555278956555
7830,15.679954018934508
7831,14.713713146672944
7832,15.907070536514121
7833,14.978741232635803
7834,13.255546347032
7835,17.955497421844843
7836,15.787906292830847
7837,17.881197166873324
7838,13.320733500001074
7839,12.55049899937656
7840,15.827092453083212
7841,15.058336154428034
7842,16.157723830180473
7843,11.474426432592848
7844,12.623078486504044
7845,11.874244931768017
7846,13.537044764231599
7847,14.447743723552984
7848,15.27094391576468
7849,13.197909127071522
7850,13.422685542656229
7851,14.334761400246272
7852,11.861263047389656
7853,13.99820446858724
7854,13.55846786586002
7855,16.59798829702244
7856,16.783404364228428
7857,15.0366907882424
7858,15.27094391576468
7859,12.367692208491992
7860,15.240621675046217
7861,15.801359638559699
7862,19.262057918034913
7863,14.279119255448615
7864,15.30030161155188
7865,12.542884969731913
7866,12.542884969731913
7867,16.812078348382656
7868,15.633859516063305
7869,12.55049899937656
7870,18.98721588517896
7871,14.34625804918727
7872,16.78231909562093
7873,12.233595961464726
7874,17.361159497636116
7875,12.105267470406641
7876,13.4220393651353
7877,15.0366907882424
7878,10.45422540509354
7879,16.353485372175182
7880,15.004694350651087
7881,15.546443239435739
7882,14.005675234175913
7883,13.197909127071522
7884,11.76134049281845
7885,12.367692208491992
7886,16.2053088221524
7887,12.187501458593523
7888,11.861263047389656
7889,13.035454267870351
7890,15.240621675046217
7891,18.286054568720484
7892,11.191065113903798
7893,16.507410926152065
7894,15.787906292830847
7895,20.306706223734242
7896,15.443318440626554
7897,14.437689562375704
7898,18.98721588517896
7899,12.187501458593523
7900,11.891344021486006
7901,14.511056654139685
7902,15.023465539510207
7903,10.399237695518265
7904,13.818021438723662
7905,12.997115114923442
7906,14.078014728822955
7907,13.501435248709585
7908,17.955497421844843
7909,18.286054568720484
7910,14.338396443161567
7911,11.76134049281845
7912,11.474426432592848
7913,16.297775131279078
7914,14.717560895196256
7915,16.59798829702244
7916,16.353485372175182
7917,15.67376301647953
7918,13.241930958149126
7919,16.11227492048913
7920,12.217136855752031
7921,18.780405848753873
7922,14.818685593457358
7923,13.327087274785343
7924,13.474724303458538
7925,13.197909127071522
7926,16.24656339078909
7927,15.2467984275451
7928,16.67895457453425
7929,15.059588423142584
7930,15.0395144141465
7931,12.55049899937656
7932,14.637810116876212
7933,13.409582163316514
7934,18.67451183535331
7935,13.373641780634063
7936,15.787906292830847
7937,17.682898115935107
7938,15.111523283532556
7939,15.145436436864353
7940,14.078014728822955
7941,14.005675234175913
7942,15.812546518828087
7943,13.4220393651353
7944,14.810573630709257
7945,13.820574196123905
7946,18.98721588517896
7947,17.041829467140225
7948,13.501435248709585
7949,13.409582163316514
7950,14.935240810508168
7951,15.2467984275451
7952,18.709277644583064
7953,12.389571493931541
7954,13.196818639709837
7955,14.744142735217062
7956,15.026683325561834
7957,17.24390688914248
7958,13.190127249269265
7959,13.56501332677739
7960,18.67451183535331
7961,15.004577235642493
7962,13.816896336807734
7963,15.059588423142584
7964,12.748864672366214
7965,15.27094391576468
7966,13.409582163316514
7967,12.283002103133146
7968,13.820574196123905
7969,14.984870067531725
7970,13.105997909952197
7971,15.026683325561834
7972,13.074696321263737
7973,18.780405848753873
7974,13.035454267870351
7975,15.150049704719546
7976,14.344760584755159
7977,16.812078348382656
7978,15.200703924673897
7979,14.20103369209334
7980,15.0395144141465
7981,13.874365598191224
7982,14.005675234175913
7983,11.874244931768017
7984,15.638577817740524
7985,14.713713146672944
7986,16.157723830180473
7987,13.129337390515321
7988,14.532183158739073
7989,15.2467984275451
7990,13.150172168672217
7991,10.399237695518265
7992,13.119801952260351
7993,15.463783339143655
7994,17.24390688914248
7995,14.778238497116407
7996,13.32247400693015
7997,11.474426432592848
7998,16.59798829702244
7999,15.045956886987621
8000,11.861263047389656
8001,11.500214178168576
8002,15.463783339143655
8003,13.482019438233277
8004,12.598220975540443
8005,14.562102945128354
8006,14.916619219329736
8007,18.146713336587766
8008,13.213881849330827
8009,13.884479672835525
8010,12.37566703995027
8011,13.642292833373123
8012,14.656545649173605
8013,11.374594847972196
8014,9.198956238603389
8015,13.712564349481553
8016,13.693402570796728
8017,12.242505509338406
8018,12.024178516303165
8019,16.175907797446893
8020,14.10611706984718
8021,9.198956238603389
8022,14.781277829910499
8023,16.497472099820676
8024,14.319077571090688
8025,11.919217427485252
8026,11.96410659901923
8027,11.23759771758331
8028,10.662918511364786
8029,14.709801616367715
8030,14.709801616367715
8031,10.662918511364786
8032,14.880414220461581
8033,10.202109900690775
8034,12.831266826163644
8035,12.231876482320223
8036,13.712564349481553
8037,16.18436812851188
8038,12.751571411795512
8039,10.053272581272699
8040,10.517134554578886
8041,12.821099489400256
8042,11.912667681437703
8043,12.089724495555506
8044,12.078812332411164
8045,11.919217427485252
8046,13.822933525043108
8047,13.470061251449692
8048,12.024178516303165
8049,12.476376880817428
8050,11.733031658194017
8051,18.280961106015678
8052,11.74513993662553
8053,10.202109900690775
8054,10.476361114488274
8055,12.18743419281552
8056,12.515663308066461
8057,12.179057657098976
8058,11.043867545887466
8059,12.177740892170915
8060,22.877860897011516
8061,12.821099489400256
8062,12.29023165901332
8063,20.549120363012516
8064,13.642292833373123
8065,12.275624216295775
8066,10.517134554578886
8067,22.877860897011516
8068,11.511435317623633
8069,14.614450775174149
8070,11.043867545887466
8071,11.329808087849107
8072,13.221276046537461
8073,12.63260373368106
8074,13.632914525336744
8075,16.324108944809304
8076,13.155235341421374
8077,10.912879657345798
8078,13.8089127596673
8079,13.928319595930194
8080,12.078812332411164
8081,11.72880175075646
8082,12.03051068713746
8083,10.077847706833154
8084,16.425247460969196
8085,11.646096275187267
8086,10.912879657345798
8087,13.439163325757967
8088,11.995447392200294
8089,10.907450571880128
8090,18.146713336587766
8091,11.912667681437703
8092,13.86568710929153
8093,14.367281316998941
8094,13.949268737360631
8095,12.79894282725825
8096,12.236425291956618
8097,13.517533836943336
8098,11.593155484872788
8099,13.8780237817671
8100,13.256245126118836
8101,11.24026278417668
8102,12.024178516303165
8103,15.420407992225286
8104,12.366894886716432
8105,14.415636615925388
8106,12.549456707159703
8107,10.718203370940152
8108,12.751571411795512
8109,10.479071384962914
8110,14.614450775174149
8111,8.863706009918962
8112,12.698168446903676
8113,15.756731244859802
8114,13.769469260785389
8115,10.202109900690775
8116,11.532356363093315
8117,12.29023165901332
8118,12.03051068713746
8119,13.637559696878455
8120,11.84265060863155
8121,22.877860897011516
8122,14.923550372248231
8123,13.169158492532599
8124,22.877860897011516
8125,10.59316356354051
8126,11.627305144834759
8127,11.329808087849107
8128,13.562103458643659
8129,11.919217427485252
8130,16.294123923719752
8131,11.09306492278746
8132,11.293893347272999
8133,14.709801616367715
8134,13.642292833373123
8135,11.995447392200294
8136,18.227801511482067
8137,10.912879657345798
8138,11.919217427485252
8139,8.863706009918962
8140,12.861713373176363
8141,15.856802576773788
8142,13.398898230636163
8143,12.405322579748807
8144,14.73490303543322
8145,13.213881849330827
8146,13.169158492532599
8147,11.756820301005174
8148,14.811407118712573
8149,13.118571834091004
8150,16.294123923719752
8151,14.656545649173605
8152,13.814213043558059
8153,18.272910610720167
8154,11.593155484872788
8155,15.614300051954938
8156,14.6314299684535
8157,13.09508725885746
8158,12.389377908914565
8159,13.751380153687995
8160,10.045272089845279
8161,16.324108944809304
8162,13.169158492532599
8163,12.55399483769098
8164,12.881580228983724
8165,12.515663308066461
8166,13.2396855301691
8167,12.03051068713746
8168,13.836008860423355
8169,13.974497250407511
8170,11.949808634914591
8171,13.245296535884403
8172,13.183517070589444
8173,13.712265821446262
8174,9.741096644236523
8175,12.024178516303165
8176,13.183517070589444
8177,10.476361114488274
8178,13.141506730873934
8179,12.55399483769098
8180,12.424338875543322
8181,15.856802576773788
8182,11.05032568666094
8183,14.438151421931364
8184,12.616938282567743
8185,11.96410659901923
8186,13.828849058811008
8187,13.225566102691424
8188,12.570707134971306
8189,13.426239058889191
8190,10.053272581272699
8191,11.93312057745039
8192,12.55399483769098
8193,15.06730459246757
8194,12.515663308066461
8195,11.337941341759826
8196,13.880407616133626
8197,12.79894282725825
8198,13.669531356964875
8199,12.13458612868594
8200,14.914143132167402
8201,14.034779886519305
8202,14.101394725815357
8203,12.685809870471177
8204,12.92569805123706
8205,13.669531356964875
8206,12.86822221163137
8207,13.76909245054197
8208,13.847019946734408
8209,13.896316223217095
8210,14.607709261126688
8211,14.101394725815357
8212,13.183868749678199
8213,13.484569817630085
8214,13.764836391955674
8215,14.914143132167402
8216,14.598984541293412
8217,15.32038877582209
8218,14.64174780615926
8219,11.17325676815188
8220,12.262859181238671
8221,14.185298264437963
8222,16.048029700866167
8223,14.231753103892895
8224,14.800449435400584
8225,12.1015997245116
8226,15.259585337842902
8227,12.499690092047864
8228,11.945110485384134
8229,13.309343412269218
8230,11.462906606187728
8231,13.104827260242946
8232,11.850441901254108
8233,12.20455715379451
8234,13.575819963301715
8235,14.030025363257094
8236,13.492803397018669
8237,13.669531356964875
8238,13.149147280011743
8239,13.260584245486939
8240,13.324545437987815
8241,12.12292773282332
8242,13.056222154685255
8243,14.225473436858298
8244,15.051719963938874
8245,14.393655732229366
8246,13.404945379104966
8247,10.668189005998522
8248,11.462906606187728
8249,11.299451991846942
8250,14.123110148305194
8251,14.46412039328586
8252,14.26205422102129
8253,14.020062811006976
8254,15.001344358928646
8255,14.24442757772919
8256,13.67526858471041
8257,13.472900562217582
8258,15.17782068498868
8259,13.76843517093347
8260,13.575819963301715
8261,14.439164432598886
8262,13.550417905307022
8263,9.937776453747656
8264,13.512045464090866
8265,13.638185394341171
8266,13.150434718100533
8267,14.598984541293412
8268,13.65002184163017
8269,13.424207075845153
8270,12.427113581710875
8271,13.62961723854725
8272,13.76843517093347
8273,15.276494834334269
8274,13.49869058573262
8275,13.41349565832505
8276,15.185058696445852
8277,14.24442757772919
8278,14.034779886519305
8279,14.268187231721127
8280,14.074121259855467
8281,14.030025363257094
8282,13.41349565832505
8283,12.66633301967806
8284,14.649800804631473
8285,14.25391980563279
8286,13.142607539947779
8287,14.691435129451124
8288,13.173972680883708
8289,13.142607539947779
8290,12.798380639545607
8291,13.884844986020628
8292,13.67526858471041
8293,13.987811310696157
8294,13.117812215314254
8295,13.62961723854725
8296,13.309343412269218
8297,14.44671817932909
8298,14.78038820143801
8299,13.62961723854725
8300,13.190411239778074
8301,15.306115844012233
8302,14.842723696794792
8303,13.683080931939108
8304,12.008703813231973
8305,14.871798947385246
8306,14.076163812228558
8307,14.193647829768171
8308,13.669531356964875
8309,13.190411239778074
8310,14.800449435400584
8311,12.996083060029374
8312,15.087891669046755
8313,15.65604354332364
8314,15.709701720223192
8315,14.193647829768171
8316,11.607669857545023
8317,13.229246024208608
8318,14.24442757772919
8319,14.598984541293412
8320,15.306115844012233
8321,14.101394725815357
8322,13.652608547667763
8323,13.076937600919784
8324,13.41349565832505
8325,13.471794579184051
8326,13.669531356964875
8327,15.061012266934492
8328,14.688444926632588
8329,13.471794579184051
8330,13.65002184163017
8331,14.439164432598886
8332,13.76843517093347
8333,13.836195883405034
8334,12.13458612868594
8335,13.095825049418638
8336,14.225473436858298
8337,14.034779886519305
8338,14.445860539244864
8339,13.699478651671917
8340,13.335177011071378
8341,14.81700438302909
8342,13.987811310696157
8343,13.675149585696923
8344,13.764836391955674
8345,14.209306392876453
8346,14.26205422102129
8347,15.306115844012233
8348,12.847144292973525
8349,13.432773273775194
8350,12.499690092047864
8351,13.76843517093347
8352,14.914143132167402
8353,14.72526417913527
8354,13.10851357547755
8355,12.34531787988254
8356,12.685809870471177
8357,13.751072968547511
8358,12.486283186203766
8359,13.951252429622054
8360,17.87773276383519
8361,15.698308776830142
8362,13.472900562217582
8363,15.306115844012233
8364,14.439164432598886
8365,13.62961723854725
8366,14.24442757772919
8367,13.751072968547511
8368,12.86822221163137
8369,13.039993952485291
8370,11.951514908389509
8371,12.486283186203766
8372,14.25507400329855
8373,12.975657679780621
8374,14.78780413005406
8375,13.383048478744463
8376,14.030025363257094
8377,13.24052426086682
8378,14.538349635628846
8379,14.138739984815267
8380,14.125439980288153
8381,12.834956163030695
8382,14.792909354379283
8383,13.22865570049039
8384,11.507628250798673
8385,15.652389129448327
8386,14.392032073706622
8387,16.267310296156225
8388,11.474582525856137
8389,14.05935191467559
8390,11.979356693540414
8391,16.485779759810644
8392,11.474582525856137
8393,14.518158356731394
8394,12.618165791060232
8395,15.046702202251868
8396,14.095942539683588
8397,13.150857372926748
8398,11.799984348797608
8399,14.237765346528338
8400,14.446478880494402
8401,16.485779759810644
8402,14.033834481832992
8403,12.35170916482655
8404,14.267539646564222
8405,14.095942539683588
8406,12.147143027328655
8407,13.045062320858147
8408,12.949940790380035
8409,14.110043859939232
8410,13.092541252502247
8411,14.015120208080234
8412,12.294743545530146
8413,13.159820830238418
8414,13.110078372643365
8415,12.943531609814457
8416,15.764555864068834
8417,13.98623495319208
8418,14.04128317772466
8419,13.455626943734822
8420,14.94343800993411
8421,13.407391236168314
8422,15.233887373733753
8423,11.29608992276794
8424,14.617636648860367
8425,14.110043859939232
8426,12.147143027328655
8427,12.637723600465389
8428,13.508590478057377
8429,13.554057523431862
8430,14.890490237613742
8431,18.1454769982374
8432,11.434150922125628
8433,12.872460263474379
8434,13.554057523431862
8435,14.015120208080234
8436,12.993842977271447
8437,14.569292155571635
8438,13.636668257094072
8439,13.84110433567051
8440,12.949940790380035
8441,15.692757676369903
8442,16.485779759810644
8443,13.930054687477258
8444,14.634436661701455
8445,12.897239357132369
8446,13.107779516309432
8447,12.949940790380035
8448,14.322253859557623
8449,13.045062320858147
8450,15.019313036265757
8451,13.414027355521867
8452,12.344078226007277
8453,15.572159548811074
8454,13.84110433567051
8455,12.897602012140164
8456,14.42820238899709
8457,11.868989851206841
8458,14.181883799201007
8459,13.805822982909591
8460,13.930054687477258
8461,13.84110433567051
8462,13.17716212440961
8463,12.675415536247373
8464,14.346711216032343
8465,17.683011952881746
8466,11.799984348797608
8467,14.015120208080234
8468,12.41015399916898
8469,11.29608992276794
8470,14.034365996632529
8471,13.098953887017192
8472,10.888315062715094
8473,11.507628250798673
8474,13.84110433567051
8475,11.899071954461077
8476,11.474582525856137
8477,14.40974637874568
8478,16.431880928311653
8479,13.098953887017192
8480,11.468678904422822
8481,13.357981494242164
8482,13.06481669749315
8483,12.911996771523674
8484,13.357981494242164
8485,13.930345177752912
8486,17.209518369909354
8487,12.442466910516474
8488,15.473986890311668
8489,15.473986890311668
8490,14.095942539683588
8491,12.664641871184912
8492,13.543332910774575
8493,12.949940790380035
8494,12.35170916482655
8495,10.682614228684738
8496,12.280351313326777
8497,12.344078226007277
8498,16.431880928311653
8499,14.109308828457118
8500,12.834956163030695
8501,13.407391236168314
8502,13.55454974856283
8503,13.688479506485823
8504,13.407391236168314
8505,12.587077683437741
8506,13.837444082535848
8507,13.17658660584656
8508,12.26937379885491
8509,12.587077683437741
8510,13.06728273937439
8511,14.014892820884851
8512,14.85046396715023
8513,12.637723600465389
8514,13.508590478057377
8515,15.255975911520025
8516,12.41015399916898
8517,14.345174782883435
8518,14.800523027275071
8519,12.717925606977625
8520,12.26937379885491
8521,12.566255634182841
8522,13.045062320858147
8523,14.873465936319876
8524,12.688432854591456
8525,11.512874979103795
8526,13.045062320858147
8527,13.357981494242164
8528,11.962782317753035
8529,13.626748059340867
8530,12.993842977271447
8531,14.960708457053176
8532,14.915829445872154
8533,14.346711216032343
8534,15.5288084331033
8535,11.29608992276794
8536,13.098953887017192
8537,12.949940790380035
8538,11.165784249076482
8539,11.474582525856137
8540,11.880030049334287
8541,15.572159548811074
8542,12.949940790380035
8543,11.512874979103795
8544,9.529078652784245
8545,11.945419585726038
8546,14.109308828457118
8547,11.422907528645515
8548,12.543985697220458
8549,14.725053070056534
8550,14.536035695792677
8551,12.618165791060232
8552,14.188593751284115
8553,14.144248193449332
8554,13.809409702566715
8555,16.267310296156225
8556,13.655066667877911
8557,14.392032073706622
8558,11.434150922125628
8559,14.60435613691924
8560,12.494136107707355
8561,11.389936124465262
8562,8.400094660176746
8563,11.318977037593486
8564,13.037911704790595
8565,11.775971967423995
8566,10.833936164023724
8567,11.285305362392709
8568,11.491037577107544
8569,12.397133106101434
8570,14.254155218987428
8571,11.81308661561092
8572,14.19433844208177
8573,9.834882444749233
8574,10.508290916792284
8575,11.779632753121298
8576,12.618028734688766
8577,12.596487210499328
8578,12.859314534911427
8579,13.584715449819058
8580,11.395918247610524
8581,14.937048707488284
8582,11.389936124465262
8583,11.198113248565923
8584,11.187412154542697
8585,12.528859445183823
8586,11.434943754731545
8587,10.498764842757954
8588,12.965216625640698
8589,11.285891300043053
8590,11.287442887182273
8591,11.584279495107664
8592,12.397133106101434
8593,14.836460943179286
8594,14.449546179740794
8595,13.79627444703509
8596,10.632842642481318
8597,14.708211666899096
8598,12.704179722284124
8599,10.515070544035375
8600,11.491037577107544
8601,9.29494574451922
8602,14.254155218987428
8603,11.914849534294474
8604,8.429409204936892
8605,13.175488751104151
8606,13.285747005720335
8607,8.28891992276833
8608,11.346277914917875
8609,13.243656181336686
8610,10.095282633498767
8611,10.354117011919397
8612,10.144784058912213
8613,10.498764842757954
8614,11.08652630463556
8615,10.508290916792284
8616,12.03411831963
8617,12.321052655184173
8618,12.895083369505219
8619,10.126490935905423
8620,12.674543592534079
8621,14.254155218987428
8622,14.19433844208177
8623,10.632842642481318
8624,11.74072504173763
8625,13.285747005720335
8626,13.000691125186702
8627,12.456255366057608
8628,14.53825432398658
8629,11.900433686777433
8630,12.57939865582373
8631,13.842904797305975
8632,14.836496129633105
8633,12.706039243399378
8634,12.729269246311585
8635,10.701137971485888
8636,12.49800731735482
8637,10.20844278168495
8638,13.243656181336686
8639,11.570949418753948
8640,7.705106919157462
8641,8.429409204936892
8642,8.429409204936892
8643,10.508290916792284
8644,12.084772479729114
8645,13.584715449819058
8646,13.549587374436264
8647,17.845603533788463
8648,12.706483999693878
8649,11.406547072300032
8650,13.177980900702048
8651,14.63788344994665
8652,12.685431579817124
8653,8.429409204936892
8654,12.397133106101434
8655,11.965470270100104
8656,16.58128862015165
8657,12.313635636781143
8658,14.498748551269989
8659,12.192867678431869
8660,9.923977462560709
8661,13.395934740305822
8662,13.365825642652746
8663,12.689759814329852
8664,13.79627444703509
8665,11.972323854210904
8666,10.779347445366186
8667,9.643275810930449
8668,10.60411186765328
8669,13.499478803734716
8670,11.285305362392709
8671,12.957006399917676
8672,10.654077900730359
8673,9.834882444749233
8674,13.446274857812439
8675,14.658392196959857
8676,10.508290916792284
8677,11.89655005618793
8678,11.965470270100104
8679,10.498764842757954
8680,11.671333255804214
8681,11.360730887694684
8682,12.706039243399378
8683,11.5421712709582
8684,17.845603533788463
8685,11.210584077141199
8686,11.572913104870745
8687,11.187412154542697
8688,10.918300493692014
8689,10.215408536881636
8690,11.346492353958105
8691,11.318977037593486
8692,9.748958729121108
8693,12.662623383481899
8694,14.658392196959857
8695,11.064585789330534
8696,10.095282633498767
8697,9.29494574451922
8698,12.785917285727828
8699,11.74072504173763
8700,10.654384822129819
8701,10.28472126927157
8702,14.53825432398658
8703,15.156921327140067
8704,12.858115678666781
8705,11.937781485433675
8706,11.900433686777433
8707,12.58061417363034
8708,12.858115678666781
8709,14.768025579100296
8710,8.429409204936892
8711,11.775971967423995
8712,12.803724832698547
8713,11.395375554534093
8714,13.394415853653706
8715,13.119695324211635
8716,8.28891992276833
8717,11.285891300043053
8718,14.449546179740794
8719,12.791505260368378
8720,11.318977037593486
8721,11.990591075963605
8722,9.29494574451922
8723,12.706039243399378
8724,12.353017728180536
8725,13.650299051708231
8726,9.923977462560709
8727,10.095282633498767
8728,13.050244352111624
8729,11.605816503219243
8730,12.01032372514869
8731,11.198113248565923
8732,11.285891300043053
8733,11.605816503219243
8734,12.785917285727828
8735,13.543867961858673
8736,9.071614839231326
8737,10.508290916792284
8738,11.953437025990942
8739,10.20844278168495
8740,11.570949418753948
8741,13.696722757313584
8742,13.419280447036305
8743,14.616880478823479
8744,12.25395284048008
8745,10.555295038912922
8746,12.704179722284124
8747,12.946962296030122
8748,12.30909865660393
8749,13.03352657277655
8750,12.8696377278915
8751,12.965216625640698
8752,13.58065122164658
8753,11.74392847118878
8754,10.811434080988276
8755,9.628768963726658
8756,13.797392081041886
8757,15.209908359066437
8758,13.19719553682436
8759,14.484709174651636
8760,15.209908359066437
8761,15.602981103420774
8762,13.887437540658123
8763,12.172999524232898
8764,14.280442642718002
8765,14.424853087299402
8766,10.038716739925528
8767,13.808259292255476
8768,11.64563134129032
8769,18.735628562311987
8770,12.982087571779802
8771,13.74887501261617
8772,10.038716739925528
8773,15.930358529232924
8774,12.421689792940066
8775,11.929303831433305
8776,11.881918044952766
8777,13.697051908402246
8778,13.955375886766948
8779,11.844859643412622
8780,14.252456290645144
8781,12.51320886770954
8782,9.418765173298624
8783,12.776681899851997
8784,10.3979583095835
8785,11.741673855909552
8786,13.168916479863602
8787,13.74887501261617
8788,13.033966843465386
8789,13.26391177308859
8790,14.33262310233044
8791,13.755392091205435
8792,11.17964797607245
8793,13.415001113643637
8794,10.708457188183578
8795,13.835160902302254
8796,12.7966163974197
8797,12.197399621410176
8798,11.519409342620248
8799,15.40780901705432
8800,12.475136056651037
8801,15.77214776035027
8802,15.930358529232924
8803,14.914221122616588
8804,13.943738718697572
8805,12.255354840639393
8806,13.762714657894335
8807,12.605308672615609
8808,9.628768963726658
8809,14.359179670828611
8810,12.97288633606721
8811,14.025239241290112
8812,12.421689792940066
8813,15.462668156859992
8814,12.724814826375125
8815,15.643180817045966
8816,15.358090074671768
8817,14.33262310233044
8818,11.0086758285582
8819,13.608743247188038
8820,11.929303831433305
8821,15.857372031285891
8822,11.428468486010232
8823,11.519409342620248
8824,14.656787155362236
8825,12.097263965432093
8826,10.811434080988276
8827,20.91745110965731
8828,14.33262310233044
8829,15.126425946559335
8830,14.461104157877841
8831,12.597242179960611
8832,11.929303831433305
8833,12.99242731996301
8834,9.418765173298624
8835,15.643180817045966
8836,14.656787155362236
8837,9.628768963726658
8838,11.51318074753472
8839,11.297400540713127
8840,13.415971653325867
8841,12.609675446856142
8842,11.51318074753472
8843,14.119928740944175
8844,13.736092831540514
8845,11.597093993176875
8846,12.601770268501967
8847,12.097263965432093
8848,11.17964797607245
8849,13.387829592923326
8850,13.415001113643637
8851,14.21172917961451
8852,13.736603656184705
8853,13.112156584119429
8854,15.358090074671768
8855,14.080458847156489
8856,12.439636701740262
8857,12.255354840639393
8858,12.982087571779802
8859,11.532821228224222
8860,13.387829592923326
8861,12.421689792940066
8862,13.692049571974554
8863,11.844038506868655
8864,14.813104360475366
8865,13.733467607950725
8866,10.869112514235608
8867,14.396910784737715
8868,12.576044706288707
8869,14.367491888525196
8870,11.51318074753472
8871,11.833818796878246
8872,11.229219318143132
8873,12.152299058315679
8874,14.280442642718002
8875,13.097752665047782
8876,12.9002145287006
8877,9.94440423888601
8878,11.17964797607245
8879,15.662180301367615
8880,12.97288633606721
8881,14.080458847156489
8882,13.563531501018968
8883,10.869112514235608
8884,11.843984272824335
8885,13.21095985006362
8886,13.563531501018968
8887,13.028806304340863
8888,12.235709186876726
8889,12.597242179960611
8890,12.41821285269183
8891,11.920989628746108
8892,12.995586507481294
8893,11.929303831433305
8894,10.899334247300425
8895,20.91745110965731
8896,17.055412230223602
8897,13.19719553682436
8898,14.390268667270673
8899,11.17964797607245
8900,11.929303831433305
8901,15.28896532808422
8902,10.869112514235608
8903,11.814359899240527
8904,12.804029492260414
8905,11.950248628217
8906,14.087421336219636
8907,11.91129618129207
8908,13.564341766763949
8909,12.826924241207555
8910,13.93097578958967
8911,13.213805497934752
8912,15.602981103420774
8913,11.17964797607245
8914,14.656787155362236
8915,11.519409342620248
8916,15.358090074671768
8917,13.678715355672288
8918,12.097263965432093
8919,14.047444770813659
8920,13.797392081041886
8921,11.734730958983578
8922,11.920989628746108
8923,11.17964797607245
8924,10.869112514235608
8925,11.64218378288465
8926,13.19719553682436
8927,10.609381598371165
8928,15.398166619738591
8929,12.804029492260414
8930,9.94440423888601
8931,16.41776644427816
8932,12.014276236454064
8933,13.545091175111756
8934,15.398166619738591
8935,14.280442642718002
8936,13.692049571974554
8937,13.0891628562746
8938,12.475136056651037
8939,12.605308672615609
8940,10.899334247300425
8941,14.384101849635588
8942,13.033966843465386
8943,10.358676380179686
8944,13.614654571076995
8945,14.110845703713084
8946,10.662642216896584
8947,11.97806849590488
8948,11.411527469290704
8949,12.002952093935722
8950,12.85817599142969
8951,10.257201886601605
8952,13.34598907670419
8953,11.711201963153101
8954,14.073661585746722
8955,13.997554272637283
8956,11.304270369354624
8957,13.34598907670419
8958,12.786409008842575
8959,13.630617595108058
8960,9.73965989989773
8961,10.219049775946328
8962,14.552269937082407
8963,11.493041498270776
8964,11.555193652242748
8965,13.866135322126029
8966,11.245919107659729
8967,11.616669751118874
8968,12.507691715310589
8969,10.125701683347195
8970,12.916137415877412
8971,13.400860884623874
8972,11.098229588283637
8973,14.18106546219464
8974,12.785984885042897
8975,8.981385520813644
8976,12.84831436725005
8977,15.598125629031506
8978,11.57767598320239
8979,11.591175397304381
8980,9.978597033511013
8981,10.336111718859438
8982,11.493041498270776
8983,11.394579401505577
8984,10.834640721576983
8985,10.834640721576983
8986,12.081376662848212
8987,13.637486153518983
8988,13.553975747492872
8989,10.016333926070379
8990,11.40549310302226
8991,9.520970062104567
8992,11.867494769458625
8993,11.733045678255479
8994,13.88118189712835
8995,12.790581285963881
8996,14.073661585746722
8997,11.991249995130776
8998,13.723522871054584
8999,8.981385520813644
9000,9.864742341837987
9001,13.802228467481429
9002,13.964692659319212
9003,13.186084704358644
9004,11.051766996388011
9005,19.90171397241643
9006,12.624386512170073
9007,12.928809452687474
9008,12.951187468237311
9009,11.331014320277953
9010,11.304270369354624
9011,16.73697542904636
9012,12.67988031400845
9013,10.69588827963037
9014,10.651375169888794
9015,7.963163805048514
9016,10.81588208658681
9017,12.519125059429864
9018,10.278170980594451
9019,15.598125629031506
9020,11.597547446342448
9021,11.763390544415772
9022,11.051766996388011
9023,12.992939315652631
9024,13.273874889394563
9025,10.81588208658681
9026,12.206622013297405
9027,13.33961797589734
9028,21.281328772001277
9029,10.125701683347195
9030,15.51648078879025
9031,11.57767598320239
9032,14.073661585746722
9033,12.938316405713046
9034,12.916137415877412
9035,15.396096066441018
9036,11.59327747445902
9037,12.598641124071062
9038,11.59327747445902
9039,12.406308736695191
9040,14.347550530904803
9041,11.493041498270776
9042,13.939953712351379
9043,12.421713455379978
9044,14.073661585746722
9045,9.864742341837987
9046,11.492014110158953
9047,11.304270369354624
9048,13.145915180737669
9049,13.624661180910916
9050,8.981385520813644
9051,10.544469450725623
9052,11.59327747445902
9053,10.302687819918258
9054,10.905711835331912
9055,12.43483435902097
9056,13.053976254262816
9057,13.067482652384488
9058,13.34598907670419
9059,13.691425594093628
9060,13.630617595108058
9061,14.341640195280734
9062,13.99569646693915
9063,11.743816290465984
9064,10.662642216896584
9065,11.66888658956826
9066,11.304270369354624
9067,10.834640721576983
9068,12.916137415877412
9069,8.981385520813644
9070,11.867494769458625
9071,15.598125629031506
9072,13.99569646693915
9073,9.339025791254011
9074,10.742031710423719
9075,9.73965989989773
9076,14.209320616646087
9077,11.711201963153101
9078,11.493041498270776
9079,10.905711835331912
9080,11.22547946155416
9081,12.372191366833604
9082,11.394579401505577
9083,11.991249995130776
9084,12.263255043405767
9085,11.59327747445902
9086,11.991249995130776
9087,7.963163805048514
9088,15.353381630745261
9089,9.339025791254011
9090,11.263397115869253
9091,14.341640195280734
9092,12.43483435902097
9093,12.674962812017256
9094,10.278170980594451
9095,14.598352740276328
9096,14.743861317620876
9097,12.28073971832162
9098,11.902842946691438
9099,12.308586999356086
9100,10.54150720928751
9101,12.916137415877412
9102,13.33961797589734
9103,13.939953712351379
9104,14.073661585746722
9105,8.981385520813644
9106,14.215295228280011
9107,10.829641137230924
9108,11.991249995130776
9109,12.308586999356086
9110,11.59166141474402
9111,7.963163805048514
9112,11.255882494421568
9113,12.849169628845651
9114,11.59327747445902
9115,12.828254940579281
9116,13.273874889394563
9117,12.734801753449005
9118,13.362252385518744
9119,14.062773005273824
9120,14.954803397153992
9121,11.774038428608472
9122,10.834640721576983
9123,12.339201182418584
9124,13.802228467481429
9125,10.834640721576983
9126,13.053976254262816
9127,9.246900764605376
9128,12.833466509779297
9129,15.634794396063109
9130,17.60037350416051
9131,15.465802700276194
9132,14.942815248612597
9133,13.43931743637958
9134,16.773204083821383
9135,14.218096531154558
9136,16.671683293637404
9137,12.41644837810428
9138,16.773204083821383
9139,11.690572628535726
9140,11.528311726470765
9141,12.329517567797366
9142,14.082408968189258
9143,14.261956089561624
9144,15.809267709845184
9145,13.291062753149916
9146,11.42760142562811
9147,11.4689422165122
9148,13.19462347638274
9149,13.39148310420918
9150,13.40576061964562
9151,17.313592895952514
9152,17.60037350416051
9153,17.219584918989234
9154,8.913071848926796
9155,17.119133157375895
9156,11.876723120529727
9157,13.51723192251539
9158,20.034348776950036
9159,14.198845870675477
9160,15.809267709845184
9161,15.7043576259635
9162,16.604168672368477
9163,14.13706235296171
9164,15.299525591892511
9165,12.013349314464316
9166,15.364782449376726
9167,15.299525591892511
9168,12.886228014193742
9169,13.947486251716562
9170,17.07306830811862
9171,11.528311726470765
9172,14.377295720689935
9173,11.690572628535726
9174,16.604168672368477
9175,17.591865843688275
9176,15.71802764639541
9177,11.932093875600403
9178,16.64626374280356
9179,14.238478968594023
9180,17.219584918989234
9181,17.60037350416051
9182,16.440077636830377
9183,16.50198914807536
9184,13.516238762631025
9185,13.245715104705726
9186,14.442188100285138
9187,10.595042424293782
9188,13.19462347638274
9189,14.825271397265963
9190,14.13706235296171
9191,16.604168672368477
9192,13.105529768874948
9193,17.60037350416051
9194,13.669849270993334
9195,11.42760142562811
9196,16.773204083821383
9197,13.368532242614378
9198,14.921149701814583
9199,14.154581034089707
9200,10.836009699150063
9201,16.29509674647768
9202,16.615241048586867
9203,16.983258135575724
9204,11.596922904201953
9205,11.237857152811806
9206,14.334190243526638
9207,13.777356999988283
9208,16.024023774180247
9209,13.72233143041125
9210,17.313592895952514
9211,11.4689422165122
9212,17.980374016093222
9213,14.082408968189258
9214,13.975117591592168
9215,11.584186635411864
9216,18.512312728547446
9217,14.254234834030743
9218,10.146982781352305
9219,10.595042424293782
9220,13.434649439671935
9221,13.728325938349368
9222,11.833048775577556
9223,12.909967224524122
9224,12.790319465089036
9225,15.354130765799594
9226,14.118236429966457
9227,12.767167515531241
9228,16.76516680613081
9229,13.64823652075222
9230,14.16611683061405
9231,11.837700652714254
9232,15.807722080853477
9233,14.238013606381172
9234,15.441162306944008
9235,12.633856626771236
9236,12.329517567797366
9237,14.16565341030809
9238,10.410246886964863
9239,15.056173033035115
9240,14.248186148154636
9241,13.403235610358209
9242,15.128991815178132
9243,12.710722159197903
9244,13.64823652075222
9245,16.027372888282382
9246,11.690572628535726
9247,12.495477410854361
9248,17.0267429625721
9249,17.601512594954418
9250,10.595042424293782
9251,12.013349314464316
9252,14.768327603075413
9253,17.591865843688275
9254,14.552926477556875
9255,14.429451831495049
9256,17.591865843688275
9257,13.39148310420918
9258,14.341574312138562
9259,17.0267429625721
9260,14.069004669897136
9261,16.671683293637404
9262,19.390858926534907
9263,13.523121261492214
9264,8.913071848926796
9265,19.305265372491608
9266,10.410246886964863
9267,14.218096531154558
9268,17.60037350416051
9269,14.174468792664364
9270,14.1641488154101
9271,13.435309747553088
9272,14.254234834030743
9273,13.06815094698763
9274,14.156632229180412
9275,13.564874572560733
9276,11.837700652714254
9277,16.604168672368477
9278,20.034348776950036
9279,13.985873553440332
9280,13.482149750481058
9281,15.14935588922972
9282,14.628623736757394
9283,14.15141254662001
9284,17.07306830811862
9285,13.932242990344013
9286,13.651056015293948
9287,14.628623736757394
9288,14.023039458230693
9289,13.587707711343834
9290,11.876723120529727
9291,14.154581034089707
9292,18.512312728547446
9293,16.604168672368477
9294,14.169521144974738
9295,15.081927281866738
9296,13.0140689543507
9297,13.303977436045209
9298,11.584186635411864
9299,11.833048775577556
9300,13.564874572560733
9301,12.790319465089036
9302,14.238478968594023
9303,14.110526755127953
9304,17.0267429625721
9305,13.956564077727029
9306,15.63572348412435
9307,17.0267429625721
9308,10.410246886964863
9309,15.7043576259635
9310,13.651056015293948
9311,13.560304282678684
9312,11.42760142562811
9313,17.119133157375895
9314,9.948890016463476
9315,10.446837904714444
9316,11.765864889449404
9317,13.596485706087654
9318,7.129921280330509
9319,12.341158228611576
9320,12.163940619230635
9321,10.465007648932366
9322,10.446837904714444
9323,13.966611340097925
9324,11.061828206268787
9325,10.446837904714444
9326,8.771807118334735
9327,8.686402481730845
9328,10.939280266446103
9329,14.194803884789502
9330,12.71813192066233
9331,10.018364093860376
9332,12.467532956328172
9333,9.28633210771056
9334,9.98593284266489
9335,11.898023784395534
9336,10.242994866224999
9337,12.541982638018789
9338,8.98338985049783
9339,15.306591066765696
9340,10.767575512022661
9341,10.242994866224999
9342,9.418052423206294
9343,10.971084744841074
9344,12.857516157284547
9345,12.162354265004932
9346,9.565138416077218
9347,13.94615515541421
9348,10.770831867480092
9349,12.387708750957767
9350,7.542023380184447
9351,13.519442024842476
9352,10.465007648932366
9353,11.29310606534878
9354,10.45281388874086
9355,7.542023380184447
9356,10.465007648932366
9357,12.162354265004932
9358,11.56310402308712
9359,9.89514266006334
9360,13.925079408908534
9361,10.955547446269634
9362,6.529540684534411
9363,12.292531752028728
9364,9.354317592454175
9365,10.940440571567239
9366,9.651656614762786
9367,11.898023784395534
9368,6.985077978954577
9369,12.732009182015751
9370,8.156694874616015
9371,10.608710227259293
9372,10.940440571567239
9373,8.156694874616015
9374,10.955547446269634
9375,10.980448995174262
9376,11.558842427371555
9377,12.855217598357017
9378,7.129921280330509
9379,10.297548641708463
9380,13.966611340097925
9381,12.541982638018789
9382,13.667526096503051
9383,9.92874326704311
9384,10.527476971718
9385,6.529540684534411
9386,9.844709602759906
9387,7.26361217165129
9388,10.801699236518298
9389,12.600629938021674
9390,11.29310606534878
9391,9.501135616079482
9392,12.165756913679207
9393,10.098669618734373
9394,11.56310402308712
9395,10.783333839761987
9396,10.446837904714444
9397,10.446837904714444
9398,10.216998639889232
9399,7.129921280330509
9400,7.6513758801649105
9401,11.085606876082092
9402,10.541457256112217
9403,10.242994866224999
9404,15.306591066765696
9405,7.6513758801649105
9406,10.783333839761987
9407,12.767467653142644
9408,10.219960999483968
9409,10.242994866224999
9410,8.921460131038248
9411,14.493794304528917
9412,10.01447386139534
9413,12.26536061502868
9414,13.596485706087654
9415,10.715629722322657
9416,7.26361217165129
9417,9.418052423206294
9418,11.25819621604917
9419,6.210986367577282
9420,6.210986367577282
9421,10.557637631272518
9422,10.973701914876424
9423,13.966611340097925
9424,8.001463317940011
9425,9.646875294483001
9426,9.175433383069082
9427,12.461050535167672
9428,9.98593284266489
9429,10.801699236518298
9430,9.354317592454175
9431,9.586176038208158
9432,9.610040680783749
9433,12.591101804216558
9434,12.470760676354244
9435,7.542023380184447
9436,10.096051879972071
9437,12.256327156869807
9438,8.49234680814923
9439,10.231195548350794
9440,12.423821733683445
9441,14.717021058733692
9442,12.26536061502868
9443,11.3182896561466
9444,13.966611340097925
9445,13.284240851516891
9446,13.667526096503051
9447,7.41145994489169
9448,12.663614676008516
9449,7.6513758801649105
9450,10.446837904714444
9451,10.929627207282776
9452,11.885456605823041
9453,10.443188668993338
9454,11.015028752272242
9455,6.210986367577282
9456,8.001463317940011
9457,8.001463317940011
9458,9.418052423206294
9459,9.95865609784803
9460,9.871649290753911
9461,9.98593284266489
9462,7.736831821682574
9463,6.210986367577282
9464,9.844709602759906
9465,14.194803884789502
9466,11.696339537425105
9467,10.36206417161654
9468,10.242994866224999
9469,7.657259643630806
9470,9.240566487935924
9471,14.194803884789502
9472,10.730269504200203
9473,10.447451044181598
9474,12.165756913679207
9475,11.682892464982197
9476,9.408397343723296
9477,8.98338985049783
9478,11.085606876082092
9479,8.49234680814923
9480,10.791991776095797
9481,10.687050369614045
9482,10.570514063187307
9483,11.882652996940777
9484,10.86616752490187
9485,12.731733836079496
9486,10.955547446269634
9487,12.162354265004932
9488,12.34839160210772
9489,11.558842427371555
9490,11.87863282171121
9491,11.061828206268787
9492,7.26361217165129
9493,11.096745994665229
9494,10.791991776095797
9495,10.910385806214236
9496,9.418052423206294
9497,10.892893447434563
9498,8.300724950621024
9499,8.621512251454307
9500,8.158833986341293
9501,7.736831821682574
9502,12.341158228611576
9503,10.7124757114546
9504,10.598958633923054
9505,13.49697737502128
9506,11.601195686887362
9507,10.32152242052345
9508,11.832787483514842
9509,10.790235117681146
9510,11.328155507489258
9511,12.652273453773011
9512,13.628659665426607
9513,10.469546967281646
9514,13.503252455828628
9515,13.017975589219242
9516,11.601195686887362
9517,12.106706017902429
9518,11.237368745276324
9519,12.699808454411771
9520,12.14167494787171
9521,11.129649485415218
9522,10.469546967281646
9523,10.535865027117646
9524,11.833815089031729
9525,11.987915008496216
9526,14.009460325522822
9527,10.775203854187566
9528,13.081455412038059
9529,11.957746033324712
9530,9.865147281463654
9531,11.34584754933601
9532,12.106706017902429
9533,11.84184478586794
9534,10.407682177606212
9535,10.895803666901788
9536,11.645048167918588
9537,10.870992449972958
9538,12.89779116155055
9539,13.240652524812814
9540,12.304215270873494
9541,10.475482452623922
9542,31.210197164726967
9543,11.513770431603694
9544,12.55453056205568
9545,15.848342768888617
9546,15.015489038323546
9547,11.639786229823521
9548,12.4826213798347
9549,11.80080305294645
9550,11.958985654912281
9551,13.35335603149966
9552,13.081455412038059
9553,12.034494802716583
9554,11.77663216083879
9555,11.93183393682625
9556,12.269859167757996
9557,12.39900567102804
9558,15.870979756105127
9559,15.076339164603057
9560,10.882699669526968
9561,10.902423914734037
9562,10.895803666901788
9563,12.756228382715157
9564,11.939525544605928
9565,12.55453056205568
9566,11.99475950652856
9567,12.799433248720273
9568,12.412206632912607
9569,10.24510329576911
9570,13.162110382785553
9571,12.269859167757996
9572,12.48815987086917
9573,12.39900567102804
9574,11.64799852438678
9575,12.059378651558863
9576,13.503252455828628
9577,9.017065215181017
9578,11.832787483514842
9579,12.802047373244639
9580,13.49697737502128
9581,31.210197164726967
9582,11.784233184414827
9583,11.758159718131699
9584,8.9472182868907
9585,10.535865027117646
9586,10.830787177169187
9587,11.832787483514842
9588,13.087784219362112
9589,9.865147281463654
9590,12.652273453773011
9591,13.017975589219242
9592,13.68850174974952
9593,12.053004462779239
9594,12.08608095803027
9595,31.210197164726967
9596,13.032198126626064
9597,8.999225023095569
9598,11.645048167918588
9599,14.182145924282766
9600,10.35938810313226
9601,12.525845832499224
9602,13.68850174974952
9603,8.0875680469802
9604,13.949675105821521
9605,10.12217353402417
9606,12.139002134993758
9607,14.642105097009425
9608,10.817155290575368
9609,11.939525544605928
9610,12.55453056205568
9611,12.4826213798347
9612,11.506940905061821
9613,10.882699669526968
9614,12.799433248720273
9615,11.77663216083879
9616,13.739452717008072
9617,15.848342768888617
9618,11.961215916430092
9619,9.699962877436255
9620,11.242164103179555
9621,11.601195686887362
9622,12.248203137687993
9623,11.93183393682625
9624,12.066877971358855
9625,10.310592403454097
9626,10.475482452623922
9627,11.493597268363217
9628,12.061639175156683
9629,12.797426383356434
9630,10.790235117681146
9631,13.29881669933032
9632,11.164999032133801
9633,12.106706017902429
9634,10.909023046592225
9635,14.182145924282766
9636,31.210197164726967
9637,12.51904134157346
9638,11.69023293521949
9639,12.730935038903628
9640,11.506940905061821
9641,11.695579099663473
9642,12.648734813973864
9643,13.141836860698586
9644,13.22902647116309
9645,8.9472182868907
9646,10.32152242052345
9647,11.308545567775203
9648,9.88087893126115
9649,14.641841241407947
9650,11.378046468552007
9651,12.501940738414671
9652,8.48573557394514
9653,12.648734813973864
9654,13.693463025938737
9655,11.478171937325305
9656,11.784233184414827
9657,11.34584754933601
9658,13.949675105821521
9659,10.339023876484616
9660,11.120863923450848
9661,10.35593466020855
9662,9.88087893126115
9663,11.946519516250618
9664,12.036531297556738
9665,11.677344285009918
9666,13.35335603149966
9667,11.601195686887362
9668,11.237368745276324
9669,10.909023046592225
9670,13.628659665426607
9671,11.328155507489258
9672,11.447037395837246
9673,10.469546967281646
9674,12.586901697026914
9675,11.378046468552007
9676,13.68850174974952
9677,10.35938810313226
9678,11.116024894112128
9679,10.270987989342075
9680,14.100443254073745
9681,10.951024495295906
9682,12.023709050683703
9683,11.508844564340928
9684,8.48573557394514
9685,12.833837910124364
9686,10.830787177169187
9687,10.79863436607013
9688,10.883243519554345
9689,15.848342768888617
9690,10.56730294690711
9691,13.492325067160527
9692,7.52650736965794
9693,10.468360029567872
9694,10.896823197039357
9695,11.141525592414672
9696,12.36180057333551
9697,11.958864816979437
9698,13.214463920431914
9699,7.52650736965794
9700,12.883926580038452
9701,10.622123093495917
9702,12.234844041498276
9703,13.584298202769332
9704,14.11891755442275
9705,12.685820099159418
9706,11.958864816979437
9707,7.700355043029541
9708,9.223526380926382
9709,15.473506076386661
9710,10.622123093495917
9711,13.937357219342005
9712,14.165360405168794
9713,6.973856387661996
9714,15.473506076386661
9715,12.85199810399216
9716,15.19815257191063
9717,12.696817475806547
9718,12.696817475806547
9719,13.883164631948306
9720,12.21311104466808
9721,12.438809607857605
9722,12.182249089426907
9723,11.766166513675419
9724,9.410722429098849
9725,12.212432438523104
9726,14.165360405168794
9727,13.365833691547886
9728,9.348980016424942
9729,11.775768289184898
9730,8.907678669735008
9731,11.263532158696131
9732,12.234844041498276
9733,15.19815257191063
9734,12.88205285176774
9735,10.468360029567872
9736,11.141525592414672
9737,14.151580776336841
9738,13.708428382832539
9739,11.958864816979437
9740,13.888310017445052
9741,14.61786602842289
9742,15.677095134890314
9743,11.663762127196355
9744,11.594329430009173
9745,12.88205285176774
9746,10.622123093495917
9747,14.83692635848065
9748,12.776417663364285
9749,12.651793804151877
9750,12.5673853279957
9751,13.232560401842692
9752,9.223526380926382
9753,13.846457814517452
9754,9.410722429098849
9755,12.401696046223663
9756,13.880492345541125
9757,11.45060813723975
9758,11.958864816979437
9759,13.151721817514572
9760,13.629835345968493
9761,11.57700757973477
9762,11.79614347703188
9763,6.737132115626153
9764,6.973856387661996
9765,7.52650736965794
9766,12.438809607857605
9767,10.622123093495917
9768,12.792875662352564
9769,14.675564780734371
9770,12.117636293224654
9771,11.68988156608192
9772,11.886092659808163
9773,12.131877472494434
9774,12.182249089426907
9775,11.805120808593934
9776,14.775437977348991
9777,11.766166513675419
9778,7.700355043029541
9779,11.355103083158774
9780,11.71684828892262
9781,12.135947854126458
9782,11.263532158696131
9783,12.438809607857605
9784,14.074862314058194
9785,14.715632232589188
9786,13.705931871545078
9787,13.814043604177694
9788,14.074862314058194
9789,9.410722429098849
9790,6.973856387661996
9791,13.632596417901844
9792,11.707711446243586
9793,12.901482642942407
9794,12.626206683166727
9795,9.410722429098849
9796,13.03514445053141
9797,12.776417663364285
9798,12.135947854126458
9799,11.805120808593934
9800,13.269204026607856
9801,14.165360405168794
9802,7.700355043029541
9803,11.141525592414672
9804,15.19815257191063
9805,13.633700343251395
9806,12.28751564627516
9807,14.165360405168794
9808,12.135947854126458
9809,10.334223848108957
9810,12.724248326995523
9811,6.973856387661996
9812,12.736459606591055
9813,11.210989260244462
9814,11.450399769535075
9815,12.28751564627516
9816,12.776417663364285
9817,10.468360029567872
9818,14.696626497360887
9819,6.973856387661996
9820,9.223526380926382
9821,11.97672169102373
9822,11.342536089215473
9823,13.708428382832539
9824,12.671924366852812
9825,13.561214725666483
9826,11.945163274151563
9827,9.410722429098849
9828,14.61786602842289
9829,11.342536089215473
9830,9.410722429098849
9831,14.224014934675006
9832,14.289098482809788
9833,10.468360029567872
9834,11.263532158696131
9835,11.824584493697504
9836,13.662237256957253
9837,11.263532158696131
9838,12.26212225283705
9839,9.410722429098849
9840,13.662237256957253
9841,11.07672859062546
9842,13.553459188043943
9843,12.317949058288432
9844,12.401696046223663
9845,13.880492345541125
9846,14.355285852892
9847,14.971265537276716
9848,12.671924366852812
9849,13.662237256957253
9850,12.792875662352564
9851,14.984397197855312
9852,17.772690504602902
9853,12.680890266772899
9854,15.873131525942823
9855,13.897385075513998
9856,12.373495611567009
9857,12.237625747052473
9858,14.302588282038052
9859,15.921371535397961
9860,15.675233637856842
9861,13.12034571340189
9862,13.54012975742123
9863,13.449976984820237
9864,12.031099982350169
9865,14.070868339699455
9866,17.80695642116437
9867,15.810940767591447
9868,17.615230347072757
9869,11.851595902834747
9870,13.23824627602388
9871,13.573733751576011
9872,11.720623627145923
9873,13.548398010681801
9874,22.4364012909262
9875,10.174025858236233
9876,11.435890742124085
9877,12.808370482662895
9878,13.807548095676697
9879,15.640727832503043
9880,15.873131525942823
9881,14.984397197855312
9882,16.07631571233207
9883,11.458459122362997
9884,13.02885990971075
9885,14.547455261549466
9886,12.019033647754274
9887,13.13695051124404
9888,15.464588168002786
9889,12.003458774537409
9890,13.341029032150969
9891,15.36459001321084
9892,11.898553491669084
9893,21.431721679238727
9894,14.930018885219168
9895,9.724928680257484
9896,14.352382116761559
9897,11.982894273598182
9898,13.872621920977311
9899,12.677030504424488
9900,13.128479570653054
9901,14.792791841038738
9902,13.101083136841629
9903,11.851595902834747
9904,14.448149548092232
9905,17.80695642116437
9906,12.171415299934047
9907,14.792791841038738
9908,11.9453957540775
9909,14.423265871636763
9910,15.640727832503043
9911,10.174025858236233
9912,17.862157860077563
9913,11.941428155226493
9914,11.825246350998816
9915,15.485917882952599
9916,13.900342349910417
9917,15.196307113634964
9918,11.548752617092239
9919,17.615230347072757
9920,13.125641080721241
9921,13.073714643318294
9922,14.930018885219168
9923,13.461150048411257
9924,11.67646171904042
9925,13.362446683434532
9926,12.951799075930515
9927,12.686621134272043
9928,13.50897516833689
9929,12.865012016840542
9930,10.174025858236233
9931,16.563732571948936
9932,13.231911764058044
9933,15.987716178261332
9934,16.460531625398026
9935,15.549348805600284
9936,12.808370482662895
9937,15.053768174572497
9938,14.934946321266612
9939,15.380470455125067
9940,13.631819078397085
9941,13.872621920977311
9942,15.987716178261332
9943,16.169240848728418
9944,13.974967140677064
9945,16.962449530139097
9946,13.252256636923045
9947,15.71528358339869
9948,13.157945829833267
9949,9.724928680257484
9950,13.175854989092548
9951,12.946443127520787
9952,14.895218245742017
9953,14.713756692982322
9954,13.461150048411257
9955,13.900342349910417
9956,17.80695642116437
9957,16.49053143130152
9958,15.274678464526412
9959,17.862157860077563
9960,15.640727832503043
9961,13.12034571340189
9962,17.21768157712259
9963,13.12034571340189
9964,14.36755913260565
9965,13.228913365895032
9966,14.5498459867028
9967,13.390194316566166
9968,10.174025858236233
9969,13.818347682468305
9970,17.21768157712259
9971,14.346973457928604
9972,14.45472257050522
9973,14.831117451933899
9974,14.33318994786029
9975,15.640727832503043
9976,15.36459001321084
9977,23.437293377612324
9978,15.156195608163367
9979,14.5498459867028
9980,10.174025858236233
9981,12.165267163350512
9982,14.713756692982322
9983,14.378777823957572
9984,13.448933664053959
9985,14.92431196399447
9986,12.219618664985234
9987,13.807548095676697
9988,12.130223400099426
9989,15.684751105090458
9990,13.231911764058044
9991,14.630058905497894
9992,13.93899359387571
9993,16.607769225298146
9994,12.243916718811397
9995,10.979525204660439
9996,13.758885186889536
9997,9.851403274028147
9998,21.684689146996128
9999,11.122296053899621
10000,12.031099982350169
10001,14.73659171868573
10002,12.171415299934047
10003,14.006577019394003
10004,14.910513332935048
10005,13.818347682468305
10006,13.853182535399538
10007,15.735726288125687
10008,12.893713141769283
10009,16.97480998433537
10010,13.492718579280007
10011,12.096906495147964
10012,17.90164478234153
10013,15.684751105090458
10014,16.363525305902957
10015,11.898553491669084
10016,15.80710568695288
10017,15.485917882952599
10018,16.97480998433537
10019,17.279890365369727
10020,15.793501728651298
10021,12.510846609197097
10022,16.22540834060421
10023,16.363525305902957
10024,9.724928680257484
10025,12.019033647754274
10026,13.872621920977311
10027,10.979525204660439
10028,13.003291774617118
10029,14.352382116761559
10030,13.166074071289366
10031,14.551892643807534
10032,14.630058905497894
10033,16.22540834060421
10034,13.13695051124404
10035,14.633291691846017
10036,14.423265871636763
10037,13.967656071962699
10038,12.465007203872245
10039,14.123987633413138
10040,13.957306463253497
10041,12.09824053546624
10042,16.919309039734596
10043,16.46524943487203
10044,16.97664557346307
10045,18.098880395335613
10046,12.271735427459912
10047,14.304289105529541
10048,13.660305094274047
10049,13.997698225255439
10050,14.978252209037619
10051,17.08864411451774
10052,14.115261542140086
10053,11.579540177239192
10054,14.514533028401164
10055,13.168793494158617
10056,18.098880395335613
10057,11.579540177239192
10058,15.299315669538078
10059,14.978252209037619
10060,13.994639310081967
10061,16.919309039734596
10062,14.535816496685433
10063,17.16908389423332
10064,12.235730717405447
10065,10.707632419351725
10066,14.302704923497311
10067,17.233104789781667
10068,13.946124759130957
10069,16.622815150101523
10070,12.132623749924855
10071,12.806129045204067
10072,14.52862609409607
10073,13.405257157837472
10074,12.493490463425465
10075,18.539492337166568
10076,14.381732466195205
10077,14.954068493781598
10078,15.046299153343835
10079,14.186530228714885
10080,12.29898533313754
10081,14.954068493781598
10082,19.538800426496376
10083,19.53754679808079
10084,12.582421411168463
10085,12.09824053546624
10086,12.82103723274578
10087,12.185883556354637
10088,13.653822620865371
10089,14.312502590198605
10090,17.16908389423332
10091,15.102421716059263
10092,15.02854980356453
10093,11.68823838401504
10094,14.254262931914505
10095,14.458274731239323
10096,21.085911441601848
10097,13.021694201489867
10098,14.514896122011278
10099,15.919844121596823
10100,15.452937828508146
10101,11.586957793217525
10102,13.610140166388584
10103,14.115261542140086
10104,12.493490463425465
10105,13.401176507293656
10106,15.433499494096944
10107,15.433499494096944
10108,14.616797148341332
10109,10.024145412722731
10110,12.64397552969166
10111,12.01956267659381
10112,16.622815150101523
10113,12.447303015534626
10114,17.617695447594613
10115,14.206691018833219
10116,17.736632423003208
10117,16.421647876518918
10118,13.094883609327258
10119,14.458274731239323
10120,14.123987633413138
10121,13.32788872599576
10122,14.698095553624825
10123,13.974987946631929
10124,13.2355033974757
10125,14.599357467043163
10126,13.771173708911096
10127,14.123987633413138
10128,15.140938225924577
10129,10.707632419351725
10130,14.582477565153804
10131,13.725906693146893
10132,13.862924690663368
10133,13.570905520910157
10134,13.215825470027198
10135,16.38141290207066
10136,13.114257936694544
10137,15.013215304116653
10138,14.978252209037619
10139,14.610209592512849
10140,11.420153878668973
10141,12.592581966068922
10142,17.617695447594613
10143,12.838533641128917
10144,16.76996016774395
10145,14.535816496685433
10146,16.65956414247781
10147,16.188670296210613
10148,19.53754679808079
10149,13.291448339097244
10150,13.56668433307981
10151,12.72882911927168
10152,13.70304901953749
10153,17.233104789781667
10154,14.678357035682174
10155,13.836293701522115
10156,15.433499494096944
10157,15.6675224723285
10158,17.617695447594613
10159,16.919309039734596
10160,16.289970880153373
10161,13.664574532773099
10162,14.400370875012495
10163,15.267309841934376
10164,11.68823838401504
10165,12.806129045204067
10166,16.23967218122973
10167,14.592411886040384
10168,17.795844837970574
10169,14.069626058894242
10170,14.6400362415124
10171,13.836293701522115
10172,12.447303015534626
10173,13.83835578831613
10174,13.54663484302224
10175,12.132623749924855
10176,17.31567487072647
10177,17.65659483617897
10178,13.561399425298463
10179,13.570905520910157
10180,12.447303015534626
10181,12.805807467522383
10182,16.65956414247781
10183,16.84749118118923
10184,14.463757737980849
10185,16.76996016774395
10186,11.586957793217525
10187,9.764772104602285
10188,12.335208418410678
10189,15.299315669538078
10190,14.599357467043163
10191,14.034524114442414
10192,13.664574532773099
10193,15.418446035911451
10194,14.582477565153804
10195,19.53754679808079
10196,15.418446035911451
10197,15.02854980356453
10198,12.235730717405447
10199,12.09824053546624
10200,17.192229159036344
10201,16.53918626534831
10202,13.00156281595377
10203,12.185883556354637
10204,16.784432803260326
10205,17.65659483617897
10206,15.48126004781341
10207,15.180252804885372
10208,14.55657902941653
10209,13.997698225255439
10210,13.315728498115826
10211,14.208607919580247
10212,13.653822620865371
10213,17.795844837970574
10214,18.098880395335613
10215,18.098880395335613
10216,12.714528280639902
10217,16.97664557346307
10218,9.764772104602285
10219,15.118684454200869
10220,21.698616906105965
10221,12.380194079516961
10222,13.291448339097244
10223,18.539492337166568
10224,15.31610478735193
10225,13.994639310081967
10226,21.085911441601848
10227,26.0696365493786
10228,13.910382495825132
10229,13.939734874269165
10230,13.600964070363016
10231,17.767428368401834
10232,13.642927139156058
10233,15.09896337287227
10234,16.82934263267587
10235,14.798151498203799
10236,17.926178176651504
10237,15.861003380349471
10238,10.979794946392488
10239,14.922064569126302
10240,14.649907873398003
10241,17.492425088969398
10242,14.790886102289488
10243,17.015435543317615
10244,13.516997064662098
10245,12.656629004616565
10246,11.939917261585196
10247,13.392885348241894
10248,14.809133453152171
10249,14.945612510115746
10250,15.438421241610426
10251,16.5588218624371
10252,15.856152517585393
10253,17.492425088969398
10254,15.035596207639193
10255,17.492425088969398
10256,14.128098763277531
10257,18.934480454438226
10258,11.342695292403622
10259,31.743544032406884
10260,13.25834369132792
10261,15.004290148745406
10262,14.337261110668843
10263,16.345607866853754
10264,13.174237304267471
10265,14.733200024883663
10266,11.48097534324214
10267,14.893344232650545
10268,13.604983396106059
10269,15.856152517585393
10270,12.95130785236372
10271,15.075557033243044
10272,17.926178176651504
10273,11.338117253206555
10274,13.428945273365171
10275,12.731340523787342
10276,15.611902260189813
10277,15.463536674805976
10278,19.289990215398372
10279,13.915255042754985
10280,11.014586567923086
10281,13.94346099273706
10282,11.338117253206555
10283,21.56859210020903
10284,12.85807704312356
10285,19.26766947231082
10286,15.901228049549506
10287,14.893344232650545
10288,13.587345661516197
10289,12.731340523787342
10290,15.677061115521592
10291,14.13813362680209
10292,17.015435543317615
10293,15.09896337287227
10294,14.790886102289488
10295,15.611902260189813
10296,12.234529868699154
10297,16.065274487545263
10298,17.555376276270625
10299,16.82934263267587
10300,14.577899625301518
10301,14.953021743171684
10302,14.577899625301518
10303,15.62159287116763
10304,13.428945273365171
10305,21.56859210020903
10306,16.345607866853754
10307,16.703696351266633
10308,14.160584110778984
10309,15.463536674805976
10310,16.852805521610733
10311,15.677061115521592
10312,14.06771577391089
10313,14.197941402197282
10314,14.847038004216483
10315,12.828296937509645
10316,14.701852303673864
10317,14.869895477695819
10318,12.85807704312356
10319,16.347971678556707
10320,14.945612510115746
10321,12.909092803705116
10322,12.113430694612584
10323,16.5588218624371
10324,15.438421241610426
10325,14.945612510115746
10326,12.117559052691046
10327,14.430200513401031
10328,15.89038073971514
10329,14.528016391505837
10330,19.26766947231082
10331,14.945612510115746
10332,21.56859210020903
10333,11.939917261585196
10334,15.383432523000938
10335,19.26766947231082
10336,13.799814807406403
10337,13.392885348241894
10338,12.113430694612584
10339,14.348672799543436
10340,13.767108068845035
10341,12.828296937509645
10342,14.423355637344562
10343,15.753732280945531
10344,13.970556058724624
10345,15.230969308499457
10346,14.065381155678393
10347,16.080873897036856
10348,13.729211503139272
10349,15.042377326381056
10350,16.82934263267587
10351,15.035596207639193
10352,14.608951944172752
10353,15.62159287116763
10354,12.373887626024516
10355,12.357993965135455
10356,11.490960975076066
10357,15.928470193475418
10358,31.743544032406884
10359,15.901228049549506
10360,14.131744508187989
10361,16.995794372194577
10362,15.383432523000938
10363,14.827672459908145
10364,14.132653367564018
10365,16.5588218624371
10366,12.373887626024516
10367,12.990601111509493
10368,18.93291825736471
10369,17.015435543317615
10370,15.856152517585393
10371,13.970556058724624
10372,12.02300143182712
10373,16.03432723357443
10374,15.042377326381056
10375,14.36714906921299
10376,12.036555359732375
10377,15.042377326381056
10378,14.671114179174221
10379,13.826713149809219
10380,14.01674120186358
10381,12.965938016711922
10382,13.23269620677698
10383,10.902675609986376
10384,12.990601111509493
10385,11.939917261585196
10386,16.187464774313753
10387,13.313886641655474
10388,15.383432523000938
10389,15.876014051898618
10390,21.56859210020903
10391,13.237170784638089
10392,12.713330637889754
10393,12.421365302425233
10394,12.442080436682733
10395,14.784696904506415
10396,16.187464774313753
10397,12.990601111509493
10398,19.26766947231082
10399,13.237170784638089
10400,12.731340523787342
10401,12.712394381747277
10402,19.013464363289327
10403,16.82934263267587
10404,15.25653809334732
10405,13.749526236658285
10406,12.113430694612584
10407,12.828296937509645
10408,17.926178176651504
10409,12.036555359732375
10410,16.995794372194577
10411,15.647865220518502
10412,15.643507844566178
10413,15.740268243631245
10414,13.37516079171264
10415,15.34751580420007
10416,11.619791583612557
10417,11.930381023103294
10418,12.427826560992088
10419,11.772935364135673
10420,14.60373274813358
10421,13.036532153747396
10422,17.87514149168491
10423,10.849279333999453
10424,13.588939228762808
10425,11.884104588175523
10426,13.832691842325564
10427,14.126216739701114
10428,17.092420761436205
10429,14.575008201283078
10430,14.223379879842664
10431,16.219772989018374
10432,13.26932671481924
10433,15.336870014780812
10434,16.47231461476123
10435,17.393487495062125
10436,17.20829001272802
10437,12.909833177822714
10438,14.997192024982226
10439,13.599477652231364
10440,16.683945544778595
10441,15.086131488311201
10442,14.227875032889429
10443,11.162511832322506
10444,15.858791167253974
10445,17.87514149168491
10446,12.752072816478323
10447,18.571346788884746
10448,15.675633601867402
10449,10.636822178606542
10450,14.96498177788088
10451,14.329124396115315
10452,17.20829001272802
10453,16.626928317856528
10454,15.643507844566178
10455,12.215678300500587
10456,14.867725754165585
10457,14.00398236407823
10458,13.728629217833337
10459,10.636822178606542
10460,13.939148466469506
10461,12.855490696738812
10462,14.149496108468211
10463,12.642847199647276
10464,11.162511832322506
10465,17.20829001272802
10466,16.198935402446217
10467,13.374026571144766
10468,16.589001777597176
10469,14.434995506273955
10470,12.677449005463654
10471,11.162511832322506
10472,15.476056338417774
10473,11.619791583612557
10474,12.08762922094738
10475,14.885886394493632
10476,17.393487495062125
10477,11.71531653678544
10478,21.175746523185154
10479,15.919460571018258
10480,16.085821550892348
10481,14.615744147426987
10482,14.884278404452758
10483,14.88425808481849
10484,14.706714432176547
10485,13.000691883241895
10486,11.619791583612557
10487,13.259884661481532
10488,11.619791583612557
10489,12.994393861778173
10490,12.175392022493654
10491,14.686230432594282
10492,12.989054120418198
10493,12.216899198802858
10494,15.662118224496094
10495,15.070953750109426
10496,12.92513489574697
10497,14.834937280699515
10498,17.77897439358387
10499,13.54834887174774
10500,15.602425414266081
10501,14.675465175427764
10502,13.54834887174774
10503,15.033658483304645
10504,14.173073150636588
10505,16.807491236606904
10506,16.47231461476123
10507,14.254197292303358
10508,14.58449798184681
10509,15.64180865961308
10510,18.83278383079469
10511,14.834937280699515
10512,13.363558207283505
10513,13.408583379755113
10514,14.903523167932933
10515,12.855490696738812
10516,11.949184276012426
10517,14.993490458113492
10518,13.425565905584387
10519,13.939148466469506
10520,20.371220998915774
10521,15.49058331666826
10522,15.629518227506
10523,13.259884661481532
10524,15.998023060032384
10525,14.951739297850981
10526,17.19417218242461
10527,14.00398236407823
10528,16.22565015971436
10529,14.823350454871406
10530,14.046518281528027
10531,15.157187709482015
10532,12.773286602727277
10533,18.571346788884746
10534,15.562694274161629
10535,13.425565905584387
10536,15.230814505624446
10537,17.20829001272802
10538,13.036532153747396
10539,13.036532153747396
10540,17.923975533986727
10541,13.026517985968907
10542,12.855490696738812
10543,12.235413284014804
10544,11.772935364135673
10545,14.593442887579203
10546,11.966963421974803
10547,16.47231461476123
10548,13.95091427566107
10549,11.884104588175523
10550,11.772935364135673
10551,17.87514149168491
10552,14.924114662252382
10553,15.740268243631245
10554,12.720911202964205
10555,14.379133079200292
10556,14.885886394493632
10557,13.26932671481924
10558,13.713474911041999
10559,15.157187709482015
10560,15.858791167253974
10561,20.371220998915774
10562,14.636517149986643
10563,14.046518281528027
10564,13.036532153747396
10565,14.22078370199762
10566,15.643507844566178
10567,17.393487495062125
10568,14.708938622888185
10569,15.602425414266081
10570,15.740268243631245
10571,16.807491236606904
10572,15.92535280311096
10573,16.390217423097628
10574,16.22565015971436
10575,14.706714432176547
10576,16.412373844629396
10577,14.195387300609031
10578,11.772935364135673
10579,15.336870014780812
10580,15.086131488311201
10581,15.230814505624446
10582,14.011273626774882
10583,21.70655997978693
10584,21.175746523185154
10585,13.097131314274444
10586,11.968920105310094
10587,16.72206618557673
10588,12.808846231523818
10589,14.462074307949258
10590,12.855490696738812
10591,17.77897439358387
10592,13.175858916651723
10593,12.054149202562243
10594,14.223379879842664
10595,15.00021929301486
10596,14.095471192288612
10597,13.538193336923388
10598,16.93093460551255
10599,15.105935258405516
10600,15.068085116256047
10601,12.794825348431791
10602,14.942002309337601
10603,14.317865733002007
10604,14.044794977234712
10605,15.025302719944102
10606,16.123984882196208
10607,15.608272192671244
10608,15.88724458980185
10609,15.488852369266315
10610,15.295763516530037
10611,14.095471192288612
10612,15.497452513336505
10613,18.20843342253883
10614,14.328451940118143
10615,14.715835057236607
10616,14.122105935484988
10617,14.308351966335792
10618,14.830434454190675
10619,16.30689036074268
10620,15.749350083064778
10621,14.567208193980917
10622,16.53710432117655
10623,16.376625657215456
10624,16.94840838964387
10625,15.077595521856528
10626,14.089295402652036
10627,15.88724458980185
10628,20.128647484101403
10629,16.382828941355083
10630,15.182585806491737
10631,13.538193336923388
10632,12.644599904339684
10633,12.33461040598074
10634,14.295706346647178
10635,13.840766931819067
10636,15.668310764466483
10637,14.30700605178772
10638,12.976834803164468
10639,16.004040655576095
10640,14.380589398487935
10641,14.409898026099166
10642,20.128647484101403
10643,12.835271453407094
10644,15.32570213669347
10645,13.474250313435473
10646,13.538193336923388
10647,14.905929231757833
10648,13.661171538408915
10649,16.53710432117655
10650,15.72808937496384
10651,15.381761551390143
10652,12.819540356331377
10653,13.848727174091993
10654,14.617269280760288
10655,13.706167102876421
10656,12.827093469806837
10657,15.747379433062429
10658,15.295763516530037
10659,14.049136333366842
10660,13.848727174091993
10661,16.402822873891928
10662,16.26218565424097
10663,12.835271453407094
10664,15.259250192350283
10665,19.03906507781286
10666,13.474250313435473
10667,14.567019942892394
10668,13.839117551624417
10669,14.902919329288155
10670,14.830434454190675
10671,15.554015386103286
10672,16.548725100857446
10673,13.93325813854954
10674,14.905929231757833
10675,13.686896731581
10676,14.08386058192411
10677,14.767978829671689
10678,12.827093469806837
10679,13.520640045038991
10680,13.022993047891285
10681,14.567208193980917
10682,15.991560570939852
10683,15.688458848589859
10684,11.160400101673998
10685,15.97954213003316
10686,14.936358218735373
10687,14.308351966335792
10688,15.025302719944102
10689,15.32570213669347
10690,14.126724551372044
10691,15.529329277167104
10692,13.593326600130798
10693,18.70858831136672
10694,14.13214756342969
10695,14.409898026099166
10696,15.7053868061654
10697,15.32570213669347
10698,15.374794431423085
10699,14.82865624726124
10700,15.368175869282597
10701,14.409898026099166
10702,15.778401026678853
10703,13.353435190137064
10704,16.30689036074268
10705,15.555065658050067
10706,14.905929231757833
10707,14.571932184415996
10708,14.308351966335792
10709,14.590956421440872
10710,13.93325813854954
10711,15.72808937496384
10712,16.376625657215456
10713,14.126724551372044
10714,16.402822873891928
10715,12.794825348431791
10716,15.800473057947636
10717,21.456505757634638
10718,16.379545188833127
10719,15.014844095389131
10720,14.641942208026292
10721,15.897082096360059
10722,15.72808937496384
10723,14.850809717268874
10724,13.848727174091993
10725,15.025302719944102
10726,14.095471192288612
10727,13.643807016828541
10728,13.538193336923388
10729,14.13214756342969
10730,16.30689036074268
10731,12.835271453407094
10732,12.835271453407094
10733,14.302018852586707
10734,13.957296993757415
10735,15.88724458980185
10736,13.857844384824254
10737,14.329646159210007
10738,13.44792236454228
10739,13.661171538408915
10740,13.774445308330238
10741,14.343191245090752
10742,16.163243925214456
10743,14.11090204840589
10744,14.656962120981389
10745,15.497452513336505
10746,21.456505757634638
10747,17.410388998639835
10748,13.93325813854954
10749,14.763385648411626
10750,20.128647484101403
10751,14.13214756342969
10752,14.659445656611352
10753,12.849839745448275
10754,15.968439193844192
10755,16.376625657215456
10756,14.509484918398206
10757,16.548725100857446
10758,16.047222686366165
10759,15.79135979131903
10760,16.314016482235647
10761,12.055292051682684
10762,15.049009873400708
10763,15.72808937496384
10764,15.581307089835107
10765,14.936358218735373
10766,16.299104750876836
10767,15.529329277167104
10768,14.930186459209509
10769,14.809228964795379
10770,13.746134387809011
10771,13.679077469693802
10772,16.100723777965605
10773,14.909777683618072
10774,16.162312168461742
10775,13.593168745884762
10776,15.607574092889536
10777,14.142383891836387
10778,15.688458848589859
10779,16.004040655576095
10780,14.756339313043378
10781,14.089703723802922
10782,11.972192765703868
10783,16.396139746707497
10784,13.593326600130798
10785,11.977527390719237
10786,13.076505667862516
10787,11.655303555675461
10788,12.831560432132491
10789,11.742340742993791
10790,11.16646442364293
10791,13.468442211556304
10792,11.781755125415911
10793,12.92119775778699
10794,12.870311402914128
10795,12.158098444442803
10796,14.622103680310294
10797,11.372358386719318
10798,14.198912584517997
10799,12.72680045163752
10800,12.72680045163752
10801,14.527624982355277
10802,11.909277200295273
10803,14.622103680310294
10804,10.855165534890231
10805,8.294210552396068
10806,9.980223674571553
10807,12.691013026747754
10808,12.910355140039417
10809,12.890731290124467
10810,12.127061821066237
10811,12.652461096030374
10812,12.740184356157306
10813,11.742340742993791
10814,14.090561814295341
10815,13.973754228938745
10816,14.05642158024006
10817,14.231718924287991
10818,12.870311402914128
10819,13.265472294956965
10820,10.277896534312335
10821,8.715652413814924
10822,14.26243614009106
10823,10.877828893672984
10824,19.031734953893352
10825,13.232023772206773
10826,11.718583815249543
10827,13.519405735224932
10828,13.82749501959842
10829,12.745237920536168
10830,12.136295198094766
10831,11.357911381891316
10832,11.877161125734707
10833,12.566235236781006
10834,13.076505667862516
10835,9.980223674571553
10836,11.854130970434559
10837,13.959856167434499
10838,10.855165534890231
10839,14.091172891334672
10840,14.58949021294253
10841,12.382092947062626
10842,14.231233898917683
10843,12.734203171472553
10844,12.238858326884367
10845,11.977527390719237
10846,11.909277200295273
10847,15.322308072266464
10848,9.856655935232782
10849,9.856655935232782
10850,12.329422285853422
10851,11.938317911622054
10852,13.054644048138172
10853,12.423185356794217
10854,13.196589210314857
10855,12.746483375584916
10856,13.054644048138172
10857,13.755282210852254
10858,11.395386034044352
10859,8.615290043637602
10860,12.748566069235766
10861,12.290705366398345
10862,8.294210552396068
10863,11.877161125734707
10864,12.158098444442803
10865,13.971618907862567
10866,11.372358386719318
10867,12.185232188408278
10868,12.826318748340277
10869,13.602574408644386
10870,14.380219333140358
10871,12.861715492436442
10872,13.609890439728026
10873,10.833197025879686
10874,11.742340742993791
10875,11.189991401359707
10876,15.19799305475883
10877,12.185232188408278
10878,12.929241279881643
10879,11.795560474905848
10880,14.624222801889394
10881,13.294797643028813
10882,12.423185356794217
10883,13.911550927807303
10884,12.870311402914128
10885,10.277896534312335
10886,13.002784172886479
10887,12.479545090579046
10888,15.19799305475883
10889,13.82749501959842
10890,15.391483640657949
10891,11.395386034044352
10892,10.877828893672984
10893,13.48509254966645
10894,13.980760641274987
10895,15.032938229021607
10896,11.708546216073762
10897,12.382092947062626
10898,13.57274199923304
10899,12.764634756066611
10900,13.04358843432313
10901,13.054644048138172
10902,12.608598293297208
10903,10.833197025879686
10904,9.856655935232782
10905,12.929241279881643
10906,12.910355140039417
10907,9.856655935232782
10908,14.656268731058825
10909,11.357911381891316
10910,12.185232188408278
10911,15.55171266574983
10912,13.980760641274987
10913,9.306616773097632
10914,12.300387878382091
10915,12.401843135164857
10916,8.294210552396068
10917,12.566374566021745
10918,13.310150093295997
10919,13.541370020893865
10920,14.769390481403347
10921,14.622103680310294
10922,13.519405735224932
10923,10.277896534312335
10924,8.615290043637602
10925,12.926989278016485
10926,13.526885249669906
10927,12.92119775778699
10928,19.031734953893352
10929,14.091172891334672
10930,8.615290043637602
10931,13.146693217792176
10932,12.525928490222872
10933,13.665933734819804
10934,12.894542776818119
10935,13.232023772206773
10936,12.10667594251678
10937,13.82749501959842
10938,11.655303555675461
10939,9.306616773097632
10940,13.045057665040144
10941,12.740184356157306
10942,12.659863834902913
10943,12.98693872757149
10944,15.913717949803887
10945,14.209880311461824
10946,14.419703833591175
10947,15.015390365092959
10948,12.785831948207765
10949,13.859936902058598
10950,15.226919124110392
10951,14.06814908746279
10952,15.060344639519878
10953,13.921615763042887
10954,12.582965251155823
10955,12.504393791823457
10956,15.060344639519878
10957,14.727357875185563
10958,14.11992510487468
10959,13.951047237513569
10960,14.446422870274915
10961,11.991495052609208
10962,12.785831948207765
10963,14.725914900119493
10964,13.710400864292387
10965,15.673486775326383
10966,14.113798470783411
10967,11.597133519040197
10968,12.245493330670946
10969,12.296056232603476
10970,14.34454067811252
10971,13.973964547685991
10972,13.350517263354625
10973,12.659863834902913
10974,12.990108692268372
10975,12.184399016804864
10976,12.979070921204176
10977,13.407370272593006
10978,12.83901892675558
10979,12.995833187285852
10980,14.334138855186024
10981,11.950525235486255
10982,15.596678235028522
10983,14.783757579866403
10984,13.93986280896082
10985,14.195453910989142
10986,11.832671916646648
10987,13.83979232509575
10988,15.615767024668791
10989,12.785831948207765
10990,14.687565738401412
10991,14.499166785861316
10992,13.007224836520546
10993,12.98693872757149
10994,13.608284370074799
10995,16.007433417563853
10996,12.651160154201932
10997,11.864090955374065
10998,13.213483829702579
10999,12.588435787092312
11000,12.582965251155823
11001,12.980672900256726
11002,15.108600286087006
11003,12.831744130699668
11004,14.198567978013156
11005,12.975190162807742
11006,15.129368781822004
11007,12.161650209172752
11008,12.846112332644434
11009,12.252360159645862
11010,12.418628188743805
11011,12.501408018230695
11012,12.335735405712036
11013,14.350092896997007
11014,12.68751680579451
11015,14.675599952152568
11016,12.13533489405721
11017,12.149565788308776
11018,13.680444682562433
11019,12.79874120812839
11020,12.588435787092312
11021,12.252360159645862
11022,14.619711775849849
11023,15.226919124110392
11024,12.245493330670946
11025,14.512475390901105
11026,14.113798470783411
11027,12.823414994410498
11028,12.409927653556597
11029,12.13533489405721
11030,12.997041280350327
11031,13.654529206889324
11032,11.732577492983157
11033,15.226919124110392
11034,15.337831835054246
11035,13.339670816823359
11036,14.198567978013156
11037,15.63262531344785
11038,12.384046798879655
11039,12.252360159645862
11040,11.950525235486255
11041,15.652260907327967
11042,11.252307651546934
11043,12.462410223452926
11044,15.060344639519878
11045,13.24598686555512
11046,15.226919124110392
11047,14.530674227537908
11048,13.350517263354625
11049,11.950525235486255
11050,12.979070921204176
11051,12.501408018230695
11052,14.246633113226117
11053,15.615767024668791
11054,15.873076936858336
11055,11.732577492983157
11056,13.177678633381099
11057,13.371297451412463
11058,12.995833187285852
11059,13.93986280896082
11060,14.500815061177363
11061,13.608284370074799
11062,12.651160154201932
11063,14.06814908746279
11064,12.296056232603476
11065,12.823414994410498
11066,12.831744130699668
11067,14.198567978013156
11068,12.999979451139998
11069,14.380003952081028
11070,11.041336859977676
11071,14.198567978013156
11072,12.785831948207765
11073,12.588435787092312
11074,14.334138855186024
11075,13.231469403758306
11076,15.572988422360728
11077,13.24598686555512
11078,13.031284399166958
11079,14.202660323815943
11080,14.810492348844248
11081,13.584071911147861
11082,13.134575673450485
11083,13.811675518897042
11084,11.950525235486255
11085,15.147696513101504
11086,10.65519449418548
11087,14.75460136249518
11088,15.012723057435341
11089,14.476755831088006
11090,12.979183948864085
11091,14.62196938905625
11092,15.562886336950656
11093,14.34454067811252
11094,14.419703833591175
11095,13.680444682562433
11096,13.868089646693974
11097,16.92195691582364
11098,16.909153664357696
11099,14.380003952081028
11100,14.981430027773209
11101,10.936610286029703
11102,12.975190162807742
11103,14.454722906502472
11104,12.252360159645862
11105,14.981430027773209
11106,13.797712686086165
11107,11.732577492983157
11108,15.147696513101504
11109,13.874580695624404
11110,13.24598686555512
11111,14.209880311461824
11112,15.060344639519878
11113,13.680444682562433
11114,13.371297451412463
11115,15.718066322327553
11116,13.761431257120844
11117,14.903774678124568
11118,15.226919124110392
11119,12.245493330670946
11120,12.785831948207765
11121,15.005978566492116
11122,15.337831835054246
11123,13.800302346896242
11124,15.522775232919157
11125,14.810492348844248
11126,13.484600626228465
11127,12.384046798879655
11128,10.768080614947806
11129,9.981562153961535
11130,8.152421119811718
11131,12.248708600806557
11132,8.936786990982126
11133,12.950529091775447
11134,13.917142830529365
11135,10.768080614947806
11136,14.043554414862667
11137,10.768080614947806
11138,7.669161432650041
11139,10.457649155746873
11140,12.935275855278597
11141,9.981562153961535
11142,14.080404690746738
11143,13.062555220277043
11144,12.095527364626346
11145,12.407972435939296
11146,13.192097012647498
11147,13.92066818704793
11148,15.082495096738175
11149,12.334492449095192
11150,10.627680648215142
11151,13.468070236060335
11152,12.788050375135226
11153,11.47618409498046
11154,9.033584996735993
11155,11.632838393820244
11156,8.841409291556568
11157,12.705701331524821
11158,13.080126865034693
11159,13.274501015004043
11160,12.03149094993775
11161,12.420446036063801
11162,9.981562153961535
11163,16.164452460358717
11164,12.257201352329627
11165,13.062555220277043
11166,13.08865283686871
11167,7.520279717247643
11168,8.152421119811718
11169,12.076579311124295
11170,10.627680648215142
11171,13.464664910892873
11172,10.596335547888138
11173,10.448110113086797
11174,12.076579311124295
11175,13.140822372073327
11176,7.7482062332664565
11177,8.72262820703555
11178,11.875150210874764
11179,14.421558369433184
11180,13.465424415171567
11181,12.022970659054554
11182,11.65462822422049
11183,11.904598844940072
11184,13.373406428123788
11185,13.67504420168306
11186,9.403246289963564
11187,10.594876888956831
11188,13.062555220277043
11189,13.14345424270312
11190,8.152421119811718
11191,7.520279717247643
11192,13.641578346698962
11193,8.841409291556568
11194,13.374083924766094
11195,7.669161432650041
11196,14.133682041282189
11197,8.936786990982126
11198,12.160532899786395
11199,12.49760777540458
11200,7.531660638447458
11201,12.609512489504894
11202,12.076579311124295
11203,7.669161432650041
11204,12.849520264525784
11205,11.08654523198697
11206,12.705701331524821
11207,15.07550401578974
11208,7.669161432650041
11209,13.617001352309826
11210,12.026125643903889
11211,10.439694392817682
11212,10.457649155746873
11213,12.915220848174195
11214,13.637845193162892
11215,12.738986982972959
11216,12.095527364626346
11217,13.660499540954033
11218,10.226155720049443
11219,11.274825107110324
11220,8.936786990982126
11221,11.511204446812242
11222,11.632838393820244
11223,12.274353376487907
11224,13.528747019690396
11225,14.196332784436422
11226,14.207004923267373
11227,14.442143006170763
11228,12.922663869462404
11229,13.656365545449576
11230,11.680732305426355
11231,11.274825107110324
11232,12.34371932855173
11233,13.362546006225525
11234,8.841409291556568
11235,16.231685310711878
11236,13.521567958568237
11237,12.122002447260002
11238,11.514225419013025
11239,14.233075295860719
11240,12.444897368039044
11241,9.403246289963564
11242,12.122002447260002
11243,10.439694392817682
11244,8.152421119811718
11245,10.439694392817682
11246,13.379305955528434
11247,10.572216955593904
11248,13.919775649003716
11249,10.439694392817682
11250,15.76944925453988
11251,9.981562153961535
11252,14.092744817114474
11253,14.800548280509
11254,12.022970659054554
11255,12.022970659054554
11256,14.099428022899538
11257,12.945101092747189
11258,12.279505621903734
11259,7.7803537699563625
11260,12.002856312041224
11261,6.5820625179141
11262,9.347190352384933
11263,7.7803537699563625
11264,12.705701331524821
11265,12.026125643903889
11266,11.928584035724219
11267,9.347190352384933
11268,12.50951162647442
11269,14.835133666207758
11270,13.528615285710666
11271,15.078125052031655
11272,8.70906213043644
11273,15.455704078356474
11274,11.033060762010638
11275,8.936786990982126
11276,11.47618409498046
11277,12.661910314519128
11278,12.849520264525784
11279,11.47618409498046
11280,11.193280940490506
11281,7.6257532263236065
11282,13.14345424270312
11283,11.769775673770967
11284,7.531660638447458
11285,14.043554414862667
11286,12.076579311124295
11287,12.002856312041224
11288,14.987098341539456
11289,13.758965185112777
11290,10.487122942734619
11291,14.787113168075077
11292,16.612084965760438
11293,11.69330204307292
11294,16.46004982180321
11295,12.404398321549943
11296,15.069967735515393
11297,15.647836530285849
11298,14.779345142326537
11299,14.562750220347603
11300,13.935978465541917
11301,18.42128508698082
11302,8.55545198588548
11303,12.126972072956281
11304,15.771494717750942
11305,13.85521830177477
11306,14.378825649267807
11307,15.45602366818106
11308,13.238506072469216
11309,12.719907843033717
11310,13.731726428631637
11311,19.0766423226924
11312,14.041609022937592
11313,16.824590891883425
11314,13.77055259814391
11315,20.545142148639844
11316,15.27202638856028
11317,15.789533511744512
11318,13.874121108444587
11319,14.741369158096104
11320,14.46511001325102
11321,24.632095808612522
11322,14.305926849348086
11323,13.309570761818865
11324,17.31485628500295
11325,15.182053268309874
11326,12.042206952862728
11327,14.305926849348086
11328,14.058266443224356
11329,15.731672708870459
11330,14.35296992699048
11331,13.987950262096788
11332,12.042206952862728
11333,13.674119013670422
11334,11.436632815163964
11335,14.883546029734129
11336,15.720002524430804
11337,17.63099222064541
11338,15.288286870674714
11339,10.325064389058399
11340,13.489551381666402
11341,13.4362959125493
11342,16.824590891883425
11343,8.55545198588548
11344,13.908848864871088
11345,14.995490769872646
11346,12.674593097949376
11347,24.632095808612522
11348,10.254184593839048
11349,12.930342228762878
11350,13.855200451810335
11351,13.615766664903608
11352,13.773643150030106
11353,13.720271219108081
11354,13.932630097467278
11355,13.926594880942385
11356,15.530359609662115
11357,14.35296992699048
11358,17.48151049207673
11359,14.067469642452563
11360,13.358873694089962
11361,11.490423947934577
11362,14.803770798558237
11363,14.126180123002179
11364,13.72585559031669
11365,17.19321384131964
11366,15.627150498421944
11367,13.075082497738501
11368,16.139582817127252
11369,14.95273622148525
11370,13.737012932317343
11371,13.070117949383008
11372,13.326437804032887
11373,16.824590891883425
11374,17.19321384131964
11375,17.339414560910054
11376,12.674593097949376
11377,12.84074493780549
11378,12.010315893936214
11379,14.434502752810893
11380,16.824590891883425
11381,13.758965185112777
11382,15.17571796938643
11383,16.824590891883425
11384,17.63099222064541
11385,14.779345142326537
11386,13.238160232677961
11387,12.010315893936214
11388,16.616337944448087
11389,15.6056732045675
11390,13.882766935646249
11391,14.096054030664307
11392,13.634248429042344
11393,14.29307476942856
11394,14.709690315188464
11395,13.515851399473446
11396,12.709081638119143
11397,14.196524304022583
11398,12.475970259312831
11399,15.780896667584607
11400,12.205343735379325
11401,14.297887880102811
11402,19.0766423226924
11403,14.255244990710546
11404,12.072896458415302
11405,14.787113168075077
11406,12.508528326190833
11407,13.515851399473446
11408,14.741369158096104
11409,12.042206952862728
11410,12.126972072956281
11411,13.297024398116712
11412,13.926594880942385
11413,14.886625658079996
11414,15.234804140226014
11415,13.987950262096788
11416,12.706184023756261
11417,18.42128508698082
11418,14.37913853992567
11419,13.77055259814391
11420,12.822779143736366
11421,12.16066243167527
11422,12.404398321549943
11423,14.868350750456583
11424,15.447811473958955
11425,11.605652367214669
11426,14.196524304022583
11427,15.771494717750942
11428,16.93269466045095
11429,16.49390641168628
11430,17.438460851447886
11431,14.423844501048473
11432,12.640618110217408
11433,16.718604152698763
11434,13.358873694089962
11435,15.069967735515393
11436,10.254184593839048
11437,18.200076309502077
11438,12.404398321549943
11439,15.860967241262955
11440,17.31485628500295
11441,15.424408346935298
11442,16.92067095498733
11443,14.099450700334147
11444,14.37913853992567
11445,12.82651593722279
11446,12.678427647777038
11447,15.647836530285849
11448,14.255244990710546
11449,15.197764726233215
11450,11.490423947934577
11451,15.62356894030294
11452,12.010315893936214
11453,13.2081190811386
11454,12.832129407745004
11455,15.036626497215266
11456,15.860967241262955
11457,10.325064389058399
11458,15.45602366818106
11459,14.227964448270779
11460,14.103041014825749
11461,15.272913665945568
11462,16.177591612004473
11463,18.42128508698082
11464,14.041609022937592
11465,14.016349721825888
11466,11.749003774014518
11467,12.832129407745004
11468,14.206162516477114
11469,16.93269466045095
11470,15.627150498421944
11471,11.436632815163964
11472,11.050401448579958
11473,15.960524692803958
11474,14.871733602954997
11475,13.126694921173254
11476,13.43062888627535
11477,14.371005992961
11478,14.561113299380128
11479,13.546797386039174
11480,14.40757467527283
11481,15.123974740840456
11482,13.525227945003385
11483,12.309039865415377
11484,17.730315515633947
11485,12.605807969415642
11486,13.996477654170144
11487,14.264513394874163
11488,12.109164948887585
11489,14.927222297673246
11490,15.709191460365753
11491,13.475426883615652
11492,15.821701240310029
11493,15.71172199833413
11494,16.290063199677668
11495,13.075825494654952
11496,12.91972110049888
11497,15.402704872285806
11498,13.466458520065139
11499,14.018998845232643
11500,15.210514544201775
11501,13.511750255382129
11502,13.49804562687601
11503,13.544743388329605
11504,14.375061936105775
11505,14.944786227941396
11506,14.334941527207153
11507,13.251362146507917
11508,13.843007208692498
11509,13.700114356282636
11510,14.416785090529197
11511,14.616904644896449
11512,14.561113299380128
11513,14.08428217302059
11514,12.605807969415642
11515,13.475426883615652
11516,15.664877737246417
11517,16.04690269921175
11518,14.563384673438268
11519,15.68716618252781
11520,13.006663528583049
11521,15.123974740840456
11522,15.404828831563945
11523,12.53377611179181
11524,17.07194823919027
11525,13.926112709871635
11526,15.271013900826318
11527,15.942586408514781
11528,13.438546195136167
11529,13.706868376451391
11530,13.102483622508048
11531,13.439314960460543
11532,14.944786227941396
11533,14.18506944972078
11534,14.04490236052509
11535,13.136883080617507
11536,14.51253183652131
11537,13.560254672732107
11538,15.84857418594115
11539,15.397543928228943
11540,13.469333352485798
11541,12.981290677734819
11542,14.871493562157907
11543,14.03180665939513
11544,17.941572449285648
11545,12.521297958132024
11546,13.662219292189079
11547,14.559763377830775
11548,14.568089429359988
11549,13.330783409521997
11550,13.525227945003385
11551,14.437857441283327
11552,12.605807969415642
11553,13.959464031606585
11554,13.438546195136167
11555,12.546385658577325
11556,16.04690269921175
11557,11.925170031435977
11558,14.725771727192319
11559,13.972742510946395
11560,15.559432482695938
11561,12.109164948887585
11562,13.251362146507917
11563,13.102483622508048
11564,13.546797386039174
11565,14.790056665766329
11566,14.151766375398706
11567,14.290521774635508
11568,14.40757467527283
11569,13.959464031606585
11570,13.330783409521997
11571,14.51658799904692
11572,13.52930385240445
11573,17.766811915632292
11574,13.46646633876104
11575,14.126317041454397
11576,13.831980032729675
11577,12.53377611179181
11578,14.050552476264235
11579,16.036764731065915
11580,17.523965306149638
11581,15.740205956493913
11582,14.51253183652131
11583,13.675191414285605
11584,13.926112709871635
11585,14.632583260058178
11586,13.330783409521997
11587,13.330783409521997
11588,14.178803247109713
11589,14.297802853492591
11590,15.41838749547061
11591,14.101717174404774
11592,12.521297958132024
11593,14.871493562157907
11594,14.916162085088855
11595,15.185845058747802
11596,13.959464031606585
11597,14.06048581149801
11598,11.033886281992858
11599,13.469333352485798
11600,15.005135368801874
11601,12.605807969415642
11602,12.437279521000423
11603,13.330211562442706
11604,12.605807969415642
11605,15.71172199833413
11606,13.451055605061693
11607,13.972742510946395
11608,13.711443983951996
11609,14.165651142639314
11610,12.53377611179181
11611,15.0639246817258
11612,14.178803247109713
11613,12.109164948887585
11614,13.546797386039174
11615,14.03029731748172
11616,12.210611990334321
11617,14.11786451764393
11618,16.03020005012801
11619,12.75227220477322
11620,14.03029731748172
11621,14.264513394874163
11622,15.142055410308126
11623,14.860486618152137
11624,13.546797386039174
11625,13.560514121501251
11626,13.330211562442706
11627,15.210514544201775
11628,14.561113299380128
11629,13.14527083999518
11630,14.093651857114432
11631,17.523965306149638
11632,13.706868376451391
11633,14.264513394874163
11634,14.345828835159326
11635,11.925170031435977
11636,14.98535588702358
11637,13.511750255382129
11638,12.91972110049888
11639,13.251362146507917
11640,13.74355713560328
11641,13.700114356282636
11642,13.475426883615652
11643,13.959464031606585
11644,14.264513394874163
11645,13.29120516283078
11646,18.072063478751335
11647,16.348108813414907
11648,14.892914075488097
11649,14.437857441283327
11650,14.02608965471843
11651,14.618441085993075
11652,13.276539304309592
11653,13.736845213896085
11654,13.700114356282636
11655,11.033886281992858
11656,12.997548445086386
11657,14.11786451764393
11658,16.728947569903013
11659,14.88208455786363
11660,14.142454615449719
11661,13.74055290536106
11662,15.882614896448617
11663,14.88208455786363
11664,12.48952523958432
11665,13.114967276975836
11666,14.142454615449719
11667,13.114967276975836
11668,16.946544670184206
11669,16.261370498358318
11670,14.26129130580886
11671,16.42578426583533
11672,15.5810160132321
11673,14.539366362006994
11674,13.223864432133238
11675,14.891048809619939
11676,14.26129130580886
11677,13.676302279202702
11678,14.792025192952556
11679,14.207766318950748
11680,12.598401773543442
11681,14.82627783878254
11682,13.992226855548019
11683,14.364815367356776
11684,13.21697498912388
11685,15.459203793871264
11686,15.850792176970083
11687,14.24466849434272
11688,18.001772173349956
11689,14.266895632241976
11690,14.533884676067693
11691,12.899160986004109
11692,14.266895632241976
11693,13.860024802125087
11694,16.24727380384595
11695,13.44236784249055
11696,13.516618707081681
11697,14.364815367356776
11698,13.114967276975836
11699,13.90263992260904
11700,17.59690227427158
11701,13.321463623376587
11702,14.88208455786363
11703,14.10199514108957
11704,12.291413747474168
11705,12.48952523958432
11706,11.687796854782887
11707,12.598401773543442
11708,13.282150192760803
11709,11.804617635758355
11710,12.824903399883482
11711,13.267912695353537
11712,15.60493509406771
11713,13.96084254087711
11714,14.203489546292264
11715,13.550087965531752
11716,11.016302370080268
11717,14.539366362006994
11718,13.74055290536106
11719,12.391484156815046
11720,14.363726500704114
11721,12.279190378815976
11722,13.759699189628522
11723,12.279190378815976
11724,12.251196406727127
11725,15.233919511812198
11726,15.850792176970083
11727,14.792025192952556
11728,13.707550191438678
11729,11.469988569309185
11730,12.422637220680933
11731,16.064071444305934
11732,14.449511900675608
11733,14.120227477550463
11734,14.228238212439422
11735,14.360996112744543
11736,14.13280969909994
11737,14.262618859583492
11738,14.262618859583492
11739,15.979315110313285
11740,13.046189584705465
11741,14.647554325489596
11742,14.094098022043998
11743,14.647554325489596
11744,17.22499110256174
11745,14.647554325489596
11746,14.125151410588849
11747,15.325174746577849
11748,15.207276037780652
11749,13.114967276975836
11750,13.115512074199629
11751,13.848232085102161
11752,14.17200025477222
11753,13.161068122534036
11754,13.114967276975836
11755,13.609664996858983
11756,13.516618707081681
11757,15.026924705041317
11758,15.240471441847925
11759,14.4728111846401
11760,13.019072295123863
11761,16.261370498358318
11762,13.516618707081681
11763,14.228353657992225
11764,15.136243480121324
11765,12.431061216545253
11766,15.493255550637162
11767,14.147276164284529
11768,12.782915966704428
11769,13.399457911935189
11770,14.142454615449719
11771,14.554631111824005
11772,14.125151410588849
11773,12.175910082223112
11774,13.110303229896036
11775,13.399457911935189
11776,14.449511900675608
11777,13.321463623376587
11778,12.239909625545582
11779,16.34315449262775
11780,13.683022168828954
11781,12.279190378815976
11782,16.391448900333273
11783,16.152945300410018
11784,13.860024802125087
11785,14.266895632241976
11786,13.956565768218626
11787,13.21697498912388
11788,14.88208455786363
11789,12.239909625545582
11790,14.48993785818581
11791,13.612359260758767
11792,15.026924705041317
11793,13.74055290536106
11794,16.16952430253105
11795,13.110303229896036
11796,14.13280969909994
11797,11.754427643285304
11798,12.391484156815046
11799,14.030113061359016
11800,15.137308789865159
11801,14.266895632241976
11802,13.516618707081681
11803,14.746663405703101
11804,13.267912695353537
11805,13.0700767204129
11806,12.279307074676895
11807,12.48952523958432
11808,14.604417655251279
11809,11.016302370080268
11810,13.707550191438678
11811,14.82627783878254
11812,15.616317079648336
11813,13.472034559650723
11814,12.57147518421194
11815,14.060616182368403
11816,12.987859476170645
11817,13.516618707081681
11818,16.492937578089343
11819,15.830632763416114
11820,13.114967276975836
11821,12.246064111997688
11822,16.152945300410018
11823,12.988967823342662
11824,16.261370498358318
11825,14.415641203449027
11826,13.479862926363708
11827,13.521612404442829
11828,12.279307074676895
11829,14.67813072656237
11830,13.901446253729667
11831,11.711718843671653
11832,13.516618707081681
11833,13.612359260758767
11834,15.233919511812198
11835,13.707550191438678
11836,13.516618707081681
11837,12.899160986004109
11838,12.175910082223112
11839,12.675948780990353
11840,14.180033546462065
11841,14.266895632241976
11842,14.350872627387961
11843,13.707550191438678
11844,13.114967276975836
11845,14.942208129144115
11846,13.084052993886978
11847,16.062057295523374
11848,15.791047202931571
11849,14.460092908902903
11850,12.581985135037874
11851,14.65531079855098
11852,12.743857847371316
11853,11.907646340899895
11854,15.69675563259521
11855,15.084912880975791
11856,13.71775343674675
11857,13.044056031755206
11858,12.716647230370373
11859,14.101364840477773
11860,14.165717888329107
11861,13.102844932255259
11862,13.709653990817557
11863,14.733055033743527
11864,12.190773541482773
11865,12.259130996287924
11866,15.099400902455919
11867,16.062057295523374
11868,12.887127650016472
11869,13.170059211822787
11870,11.515178877726704
11871,14.45907484566592
11872,13.48107705089726
11873,12.44550707048696
11874,16.309001251172756
11875,13.5944307524406
11876,16.063884710668916
11877,14.065221428420468
11878,13.565621358361676
11879,13.826464563940327
11880,13.542920292426762
11881,13.433770146936226
11882,15.791047202931571
11883,20.982299059811144
11884,13.346775598517793
11885,11.809272076616887
11886,15.931381026065628
11887,13.565621358361676
11888,14.26233105596139
11889,16.266301270438962
11890,15.738568929009604
11891,13.507551666953672
11892,12.937262700883766
11893,18.27624219633223
11894,15.32815595938857
11895,14.049802842241096
11896,13.709653990817557
11897,17.061224844427816
11898,12.052884695318774
11899,12.65463814515733
11900,10.900324298324891
11901,13.346775598517793
11902,17.333111768492227
11903,14.705554417417837
11904,14.665007253042583
11905,13.340771573920776
11906,14.204465076619886
11907,14.733055033743527
11908,13.290613941834573
11909,14.733055033743527
11910,13.17980017571261
11911,17.41128886299743
11912,11.907229269969209
11913,11.085008264780573
11914,15.910516957150959
11915,16.194610390992256
11916,13.709653990817557
11917,14.65531079855098
11918,14.13972073526815
11919,14.386630771956378
11920,12.449153111700832
11921,17.781471863904866
11922,12.131646967805196
11923,13.252754259119914
11924,13.633935269291955
11925,15.517879049805918
11926,20.004062601384483
11927,12.730853565026667
11928,12.143601335480517
11929,13.534436813769977
11930,17.242762889330912
11931,14.733055033743527
11932,12.914237234610308
11933,14.201472115479678
11934,16.309001251172756
11935,13.159404779201557
11936,14.65531079855098
11937,10.784717354307004
11938,12.858859069270489
11939,12.581985135037874
11940,14.12736574834661
11941,11.515178877726704
11942,10.784717354307004
11943,14.736398306158854
11944,16.062057295523374
11945,13.177128033025413
11946,12.678219529408727
11947,14.933591676567305
11948,12.858859069270489
11949,12.308420241873357
11950,14.933591676567305
11951,13.340771573920776
11952,14.01174209344556
11953,12.906230216924094
11954,14.458162627416087
11955,17.242762889330912
11956,12.924358746727378
11957,15.390758985787512
11958,12.535943794924597
11959,10.1660051272456
11960,13.072183289381163
11961,16.194610390992256
11962,12.635192916171963
11963,12.881830119746816
11964,14.77567221022649
11965,15.45526566247106
11966,13.586246335440965
11967,14.942208129144115
11968,13.086543360495304
11969,14.181806834629748
11970,11.816071743660531
11971,13.522493563386154
11972,12.961004069012255
11973,12.420814457913432
11974,12.793879913054532
11975,15.198318413445064
11976,15.242890081210287
11977,12.65463814515733
11978,15.11016546476168
11979,14.460092908902903
11980,14.45907484566592
11981,13.905552085290456
11982,20.982299059811144
11983,12.992514580907308
11984,12.89035905867288
11985,12.052884695318774
11986,13.414951568019468
11987,15.141799646267117
11988,11.354674608281982
11989,15.404669485967535
11990,13.170059211822787
11991,17.242762889330912
11992,15.791047202931571
11993,14.736398306158854
11994,17.781471863904866
11995,13.993343454581415
11996,12.928550239384622
11997,12.190773541482773
11998,13.027731842167633
11999,13.148754979413154
12000,14.005202713768028
12001,14.309193338940043
12002,13.044056031755206
12003,14.681005792530174
12004,13.458520936585966
12005,15.69675563259521
12006,16.906362411139064
12007,12.052884695318774
12008,13.562363639494276
12009,12.535943794924597
12010,12.581985135037874
12011,15.45526566247106
12012,15.084912880975791
12013,12.535943794924597
12014,13.970759216677662
12015,13.04096621067047
12016,13.535817537481227
12017,17.061224844427816
12018,12.574321324216173
12019,16.063884710668916
12020,13.103862995492241
12021,14.710060847712871
12022,15.45526566247106
12023,15.198318413445064
12024,12.308420241873357
12025,13.328704390579405
12026,11.515178877726704
12027,17.333111768492227
12028,14.733055033743527
12029,13.778725799239336
12030,15.404669485967535
12031,14.309193338940043
12032,15.69675563259521
12033,12.893411722074926
12034,14.529825398785304
12035,12.644924637780468
12036,13.811548934367364
12037,15.404669485967535
12038,15.506581124577004
12039,14.542944708465955
12040,15.725844195418663
12041,15.891730778974432
12042,15.856270134899516
12043,13.616780768127832
12044,13.969560902227746
12045,14.825835109164883
12046,13.578095075480523
12047,12.537690722232965
12048,13.622810268489468
12049,14.542944708465955
12050,11.96257254942944
12051,13.799275528495928
12052,14.499729777362077
12053,15.646755142575252
12054,14.0509236951869
12055,13.622810268489468
12056,17.05364077589626
12057,13.345602422297654
12058,17.196751797047796
12059,15.021705522134841
12060,13.479454950785007
12061,12.444221363225779
12062,14.83576418654647
12063,12.575629907498309
12064,27.59379246329207
12065,14.825835109164883
12066,12.945329113511312
12067,14.183463000449592
12068,13.842652812780603
12069,13.072420291786143
12070,12.559824821179644
12071,13.931493494259312
12072,14.500354435620995
12073,13.464168037094694
12074,13.622810268489468
12075,12.945329113511312
12076,14.30071821149603
12077,11.398129020917786
12078,15.004780972889979
12079,13.422454483908922
12080,13.931493494259312
12081,13.578220692863525
12082,13.80452518224591
12083,10.266807431971385
12084,13.345602422297654
12085,13.10667625246842
12086,15.566515093227546
12087,13.218842996526332
12088,14.06525274240093
12089,16.30193603319469
12090,16.30193603319469
12091,13.578220692863525
12092,16.15105163815597
12093,12.390162828802309
12094,13.85504945156702
12095,13.950897023277706
12096,10.392550691087672
12097,14.187922383678822
12098,14.26224151200968
12099,12.41625256168553
12100,10.392550691087672
12101,14.013700207208474
12102,12.651420790867094
12103,15.610010149235471
12104,15.646755142575252
12105,14.903913142205413
12106,12.734044546586647
12107,13.661886631954514
12108,15.213494356875165
12109,15.646755142575252
12110,15.610010149235471
12111,13.072420291786143
12112,13.434154866940503
12113,15.24263741507643
12114,13.441146009554817
12115,15.209386374083717
12116,14.825835109164883
12117,14.84204688957213
12118,13.27501465336429
12119,14.954532941127235
12120,15.580644691550589
12121,15.605618506582989
12122,16.28227976720376
12123,14.553104449394896
12124,14.005724294270047
12125,12.516304484650108
12126,12.516304484650108
12127,13.464168037094694
12128,15.607533708587969
12129,14.00766615194917
12130,16.304706033820107
12131,15.29031320577746
12132,14.250727245101734
12133,12.839259947998864
12134,13.785482488485354
12135,15.940280262348146
12136,12.559824821179644
12137,13.089879825167836
12138,12.575629907498309
12139,13.890289361215862
12140,12.880593043714901
12141,15.137777014433185
12142,14.250727245101734
12143,14.06525274240093
12144,14.183772418784265
12145,15.209386374083717
12146,12.68623382022048
12147,13.890289361215862
12148,13.931493494259312
12149,14.280053170223512
12150,14.183772418784265
12151,12.757266403648572
12152,10.392550691087672
12153,14.94842047244653
12154,14.268270282652523
12155,16.18664304204656
12156,14.821736086772432
12157,14.952479459691178
12158,14.674410379154146
12159,19.22140672505488
12160,13.622810268489468
12161,15.209386374083717
12162,14.454356817042196
12163,13.807426152524966
12164,15.213494356875165
12165,12.68623382022048
12166,12.945329113511312
12167,12.68623382022048
12168,12.390162828802309
12169,14.064434957397419
12170,12.516304484650108
12171,13.968892092272178
12172,16.30193603319469
12173,15.926403125653964
12174,15.891730778974432
12175,13.460972871842484
12176,13.422454483908922
12177,13.244305944345728
12178,15.616112149985131
12179,12.516304484650108
12180,14.227835548370779
12181,12.734044546586647
12182,14.94842047244653
12183,15.220560960387916
12184,14.346547332221089
12185,16.37267714646549
12186,13.500388211123795
12187,12.103640024122802
12188,14.731989846733196
12189,14.081840199496668
12190,11.56020989523589
12191,16.349936842096326
12192,15.640395090183604
12193,12.734044546586647
12194,14.06525274240093
12195,13.890289361215862
12196,12.444221363225779
12197,15.580644691550589
12198,13.998139973611107
12199,14.825835109164883
12200,15.220560960387916
12201,15.607533708587969
12202,13.441146009554817
12203,13.785482488485354
12204,14.801938448063517
12205,13.540417461965077
12206,13.464168037094694
12207,16.41863153314726
12208,14.388151995427494
12209,16.243158863592836
12210,16.15858233034555
12211,11.910039285421748
12212,12.945329113511312
12213,15.94385935419961
12214,14.738554527671102
12215,13.464168037094694
12216,12.41625256168553
12217,16.349936842096326
12218,13.931493494259312
12219,10.266807431971385
12220,14.772612971834597
12221,12.57972012170083
12222,13.354599744582112
12223,12.657577120452089
12224,13.642149814006169
12225,12.994955328930091
12226,11.53628508052994
12227,14.211454908039997
12228,13.648603595782577
12229,14.174661703148983
12230,17.60186239289777
12231,14.92756853954609
12232,14.325850901407508
12233,14.255311236895503
12234,16.29754462365392
12235,15.005715577620753
12236,13.779699869566047
12237,13.464595860568961
12238,16.29754462365392
12239,14.2731397822857
12240,8.278092894989998
12241,13.719244155418538
12242,14.443285457519071
12243,12.837544834674834
12244,12.954410655697162
12245,14.211454908039997
12246,12.55353969721968
12247,14.068506197206622
12248,11.861535682320753
12249,11.9942409559819
12250,13.926586848412327
12251,12.4832285107378
12252,13.231609856042224
12253,13.464595860568961
12254,14.318283840921465
12255,12.996289583589183
12256,13.188160368406342
12257,12.215483128175729
12258,12.4832285107378
12259,10.84967258688466
12260,13.81163094167016
12261,14.311048471484876
12262,13.827657564342442
12263,13.461595984268067
12264,14.602774537236725
12265,13.151789480732404
12266,15.005715577620753
12267,13.951143644830436
12268,9.054066409514562
12269,10.997929168788938
12270,13.65114815749613
12271,12.57972012170083
12272,12.87488659238494
12273,14.211454908039997
12274,13.726944187812814
12275,11.643007073194491
12276,13.642149814006169
12277,14.368031630027916
12278,13.19168200183459
12279,18.393703112445163
12280,15.339809144316728
12281,15.005715577620753
12282,13.827657564342442
12283,17.34064033577532
12284,17.169394378643517
12285,12.990333942065547
12286,13.779699869566047
12287,12.990333942065547
12288,13.894980469334174
12289,12.4832285107378
12290,11.240913876854695
12291,12.150205398212869
12292,12.943912107238265
12293,13.849183942120314
12294,14.41220981828126
12295,15.709461481866812
12296,13.463674443407868
12297,12.778285406779728
12298,14.068506197206622
12299,12.582458594176988
12300,13.65114815749613
12301,12.270511014563896
12302,13.844570674265121
12303,16.02145028970062
12304,13.309254059048163
12305,14.648370255294896
12306,13.43803808443531
12307,13.72233091995762
12308,14.325850901407508
12309,14.602774537236725
12310,12.516584937422744
12311,14.648370255294896
12312,15.24026849857216
12313,12.732190903908526
12314,13.926586848412327
12315,13.19168200183459
12316,12.676845740534885
12317,14.318232639698216
12318,16.02145028970062
12319,16.733851790801182
12320,13.429162805360715
12321,13.69094348737752
12322,12.35177019944444
12323,12.244867307343904
12324,13.346165056262539
12325,14.211454908039997
12326,11.433592248525546
12327,11.9942409559819
12328,13.844570674265121
12329,11.473088484158472
12330,15.351638816829528
12331,12.917017774326919
12332,13.849183942120314
12333,14.556680034365522
12334,15.235053112641697
12335,10.947077141426037
12336,11.728332592877788
12337,15.24026849857216
12338,13.23782450782317
12339,14.211454908039997
12340,21.213472317864433
12341,13.021683226494014
12342,14.137562681508136
12343,13.761379646723803
12344,13.860781953574227
12345,14.68498518573334
12346,11.433592248525546
12347,12.54354249957092
12348,12.336302621029521
12349,12.622434253998415
12350,12.60180414250722
12351,14.92756853954609
12352,13.309254059048163
12353,17.60186239289777
12354,13.761379646723803
12355,15.267568142389589
12356,12.244867307343904
12357,14.368031630027916
12358,11.455134978868504
12359,12.4887232256669
12360,13.726944187812814
12361,14.368031630027916
12362,14.60343935556222
12363,13.487360896186653
12364,11.572591753413787
12365,13.460517368251413
12366,12.215483128175729
12367,13.460934473311406
12368,14.172569523273808
12369,13.060027052137682
12370,14.211454908039997
12371,12.538872954187719
12372,13.273047146471002
12373,15.636672869655824
12374,12.14441796836788
12375,13.10672464822024
12376,12.657577120452089
12377,15.67046742444414
12378,13.958363286172322
12379,12.954410655697162
12380,12.401019915751188
12381,14.621365180171837
12382,13.761379646723803
12383,10.84967258688466
12384,14.731801744971898
12385,12.57972012170083
12386,13.779699869566047
12387,14.503243659210629
12388,14.480211144082409
12389,17.099167303425602
12390,16.65359384005296
12391,15.532889918818755
12392,15.552824308120792
12393,14.454212176481752
12394,15.667843201563581
12395,15.03736465328103
12396,14.369716209766114
12397,15.552824308120792
12398,16.827667127412937
12399,14.636951478484251
12400,19.053207487555557
12401,16.286501169541108
12402,14.968595981778138
12403,15.448118450295556
12404,14.454212176481752
12405,13.393751450511457
12406,14.369716209766114
12407,15.710546867199017
12408,14.447824696143114
12409,17.235430520927505
12410,14.244992785842713
12411,15.03736465328103
12412,14.245126999489758
12413,14.25624581111671
12414,14.25624581111671
12415,16.65359384005296
12416,14.623649219890774
12417,15.61776221233073
12418,16.994755191087542
12419,14.369716209766114
12420,16.213975387776664
12421,14.39749640217542
12422,15.539155172966026
12423,15.222244196564791
12424,14.873122512635438
12425,16.59793744387468
12426,14.39749640217542
12427,15.552824308120792
12428,14.480211144082409
12429,17.311131652473584
12430,23.366616147624118
12431,15.830905609325756
12432,16.31968104189212
12433,15.60001051392287
12434,15.50570757654203
12435,16.91271819237285
12436,15.552824308120792
12437,17.47699042273752
12438,12.787861248895197
12439,16.774956497451864
12440,14.39749640217542
12441,15.053512883571432
12442,14.821725291659137
12443,14.833209862338679
12444,14.956228467437528
12445,15.267075809029885
12446,14.244992785842713
12447,15.710546867199017
12448,13.229027704285798
12449,16.001152173062373
12450,15.21003380517271
12451,14.480211144082409
12452,14.984378261481172
12453,14.75984204439534
12454,15.982385984991367
12455,16.716343419024952
12456,15.267075809029885
12457,13.905775950333332
12458,13.746267233894232
12459,14.873122512635438
12460,14.369716209766114
12461,14.821725291659137
12462,15.809664993154037
12463,14.463359095546862
12464,12.787861248895197
12465,14.369716209766114
12466,16.026522286313643
12467,15.667843201563581
12468,15.620350791326056
12469,14.454212176481752
12470,15.55083840360825
12471,15.646073724169833
12472,15.448118450295556
12473,15.796293317096547
12474,16.31968104189212
12475,14.369716209766114
12476,15.222244196564791
12477,14.619902797389598
12478,17.688925030360767
12479,14.703043022788055
12480,16.026522286313643
12481,16.827667127412937
12482,14.25624581111671
12483,12.682522360026077
12484,13.423794461442421
12485,15.50570757654203
12486,15.687817610284677
12487,14.956173681239163
12488,15.552824308120792
12489,13.17950188425296
12490,13.840623240751562
12491,16.716343419024952
12492,15.94953245895642
12493,13.746267233894232
12494,16.69356540347997
12495,16.69356540347997
12496,16.061739198153372
12497,14.200881902478727
12498,15.66745617741001
12499,15.552824308120792
12500,13.310302824912299
12501,15.66745617741001
12502,12.998430309901952
12503,16.994755191087542
12504,15.539155172966026
12505,14.655214940072451
12506,16.827667127412937
12507,16.034237293035535
12508,16.499876698768123
12509,18.814438680877103
12510,17.235430520927505
12511,15.21003380517271
12512,16.213975387776664
12513,15.0001082965718
12514,14.636951478484251
12515,15.075213566829751
12516,14.244992785842713
12517,15.053512883571432
12518,15.218327860132574
12519,14.821725291659137
12520,16.020061819923676
12521,14.454212176481752
12522,15.667843201563581
12523,14.39749640217542
12524,14.652817824491162
12525,17.688925030360767
12526,15.646073724169833
12527,15.667843201563581
12528,17.481754590946977
12529,17.58646979121958
12530,16.827667127412937
12531,16.31968104189212
12532,14.821725291659137
12533,14.480211144082409
12534,17.67555075281644
12535,15.566934018671839
12536,14.652817824491162
12537,17.47699042273752
12538,16.391868680173182
12539,15.269098572954455
12540,15.667843201563581
12541,15.667843201563581
12542,15.326987711360196
12543,15.450215176195561
12544,16.69356540347997
12545,15.129716689500578
12546,14.454212176481752
12547,15.448118450295556
12548,15.267075809029885
12549,13.393751450511457
12550,15.684963468805122
12551,15.21104564424283
12552,13.40739614242775
12553,17.47699042273752
12554,16.213975387776664
12555,13.905775950333332
12556,14.86650510259634
12557,14.463359095546862
12558,15.809664993154037
12559,14.482337031062235
12560,16.034237293035535
12561,16.026522286313643
12562,18.814438680877103
12563,14.821725291659137
12564,15.766696002227
12565,15.552824308120792
12566,16.695530729726496
12567,15.269098572954455
12568,16.020061819923676
12569,14.244992785842713
12570,13.746267233894232
12571,14.593689412543906
12572,11.44455717912022
12573,13.737119445175189
12574,12.036069153991196
12575,10.860381339782892
12576,13.605612034408292
12577,13.938766477239914
12578,15.707067269155036
12579,14.593689412543906
12580,13.885205117881874
12581,12.044358838376805
12582,13.256775082328142
12583,13.124140548880135
12584,13.229343388692673
12585,11.580612063013847
12586,12.989810249277394
12587,11.580612063013847
12588,12.034366711752066
12589,12.202111630785703
12590,12.323791029658478
12591,15.309899349440194
12592,14.986569506589003
12593,12.559573596808175
12594,14.314308164582181
12595,13.987681032208698
12596,15.309899349440194
12597,13.024246762444756
12598,15.707067269155036
12599,13.845532854099092
12600,14.650071245228677
12601,15.082800376927217
12602,12.996391077491822
12603,12.754170733669561
12604,13.754321968725055
12605,13.661847271422612
12606,14.861777445148986
12607,14.948340351548083
12608,14.15633752270352
12609,14.630444857080116
12610,12.783085707280229
12611,13.726603305191897
12612,13.940325238316543
12613,14.228194351992208
12614,11.44298470041912
12615,12.845343652836846
12616,19.71853441960759
12617,13.057953405109586
12618,12.213071747488936
12619,15.246909604734032
12620,11.653513285498825
12621,13.78256025007313
12622,13.491570357017801
12623,14.240230139522575
12624,13.366698478537458
12625,13.222062632916401
12626,13.845532854099092
12627,13.844954660945408
12628,12.213071747488936
12629,11.9660497116749
12630,13.838297484662503
12631,13.500702132511528
12632,10.860381339782892
12633,13.715394740227085
12634,11.551041675211053
12635,12.996391077491822
12636,15.89595249507185
12637,13.715394740227085
12638,12.451712363868674
12639,11.003134797336307
12640,12.179184310203954
12641,13.74426348809978
12642,14.986569506589003
12643,12.746241393188807
12644,12.030374622298417
12645,11.6655291160747
12646,14.225470785504195
12647,12.086320448937553
12648,12.213071747488936
12649,12.044358838376805
12650,15.297160899680389
12651,15.60554355169878
12652,12.903872961305204
12653,15.309493442337793
12654,12.523252519262483
12655,11.314151912226002
12656,14.326810267895132
12657,13.774112046110892
12658,13.733838674628487
12659,12.213071747488936
12660,15.355189055738133
12661,13.940325238316543
12662,11.206717122083699
12663,14.942776197320015
12664,21.236627843964506
12665,16.21075731769152
12666,12.845343652836846
12667,14.524091707160013
12668,9.941742942437909
12669,14.269149037668633
12670,13.42413894443105
12671,14.15633752270352
12672,20.432233538217627
12673,14.47615078212084
12674,14.644879174674918
12675,12.307201026037234
12676,11.554900126693887
12677,15.707067269155036
12678,15.075157280369865
12679,14.240139744184738
12680,13.939336002985348
12681,13.733838674628487
12682,14.972121664018369
12683,13.581664944050246
12684,12.202111630785703
12685,13.715394740227085
12686,13.74426348809978
12687,13.739837052344804
12688,12.98815303245422
12689,13.120884593429087
12690,13.940325238316543
12691,13.220648655367384
12692,13.502108067419275
12693,12.058336967217384
12694,13.940325238316543
12695,13.722338991882117
12696,12.597535451561853
12697,12.752813195938614
12698,13.845532854099092
12699,14.129273472761652
12700,14.942776197320015
12701,13.725468486683079
12702,15.467910683625655
12703,12.109299814055547
12704,11.554900126693887
12705,14.972121664018369
12706,15.831170353836493
12707,13.737119445175189
12708,13.124140548880135
12709,13.218924894054489
12710,12.726052423049497
12711,11.717186807575915
12712,11.653513285498825
12713,13.235109322285926
12714,13.733838674628487
12715,16.432157551064854
12716,13.124140548880135
12717,15.141715073122315
12718,12.658592191342963
12719,13.124140548880135
12720,13.594409686136288
12721,13.124140548880135
12722,12.718797936412512
12723,13.033176964557512
12724,13.987681032208698
12725,13.989659133016946
12726,13.000227531111456
12727,9.499751706271018
12728,12.39729752066783
12729,13.738574455932824
12730,13.164583599167246
12731,13.854004617168044
12732,12.56090931203247
12733,10.040117870768205
12734,13.70474677843405
12735,13.900759118509287
12736,13.349822699005356
12737,10.154636040261598
12738,11.964760902175726
12739,14.874764866784957
12740,15.39529310921354
12741,19.64102419293912
12742,12.082342911628913
12743,17.196091597733506
12744,10.699788964010319
12745,14.030294035113275
12746,13.777944880802814
12747,14.612084151679703
12748,13.167206944537922
12749,12.761985629393163
12750,9.499751706271018
12751,11.545164240017229
12752,9.95058847369146
12753,13.321545745337026
12754,12.884869492660814
12755,13.006001509458354
12756,13.907530077270888
12757,13.53572153924901
12758,12.706919663447739
12759,13.916404018146826
12760,15.308788485687938
12761,14.093960724609078
12762,13.453474177668896
12763,17.196091597733506
12764,13.776049071571796
12765,11.780907342005106
12766,13.908216537856799
12767,13.303491751423019
12768,16.007310433430902
12769,17.03242559894168
12770,21.49602438524508
12771,12.168947176431667
12772,11.326196277114365
12773,12.891689154586729
12774,16.745527417383528
12775,13.000227531111456
12776,13.544560129218974
12777,13.293544347548792
12778,13.164583599167246
12779,16.509032590469175
12780,13.006001509458354
12781,13.465806190000519
12782,14.236939673380204
12783,12.884869492660814
12784,13.171064584224407
12785,13.293544347548792
12786,9.95058847369146
12787,12.56090931203247
12788,13.082744806141251
12789,10.509474365388542
12790,13.59676900885049
12791,13.863323235299767
12792,9.11120573378739
12793,13.167307570476039
12794,17.79361896795053
12795,12.449560769319788
12796,15.425877567249813
12797,15.983514910172216
12798,13.164583599167246
12799,13.321545745337026
12800,12.291913077409788
12801,14.048611997726017
12802,16.007310433430902
12803,12.232250025476441
12804,13.592124021766038
12805,15.983514910172216
12806,11.656930461761181
12807,11.326196277114365
12808,14.030294035113275
12809,8.41837503820559
12810,17.958954509643657
12811,12.590200227991192
12812,14.215748863593069
12813,14.236939673380204
12814,13.363264254920132
12815,12.322199125553645
12816,13.530456910664011
12817,14.122580165679334
12818,12.242254282425021
12819,13.171064584224407
12820,8.891903971041907
12821,11.474582921681861
12822,12.706919663447739
12823,19.519988447103454
12824,14.030294035113275
12825,10.826915105159424
12826,20.938964284565905
12827,12.65310517864835
12828,13.164583599167246
12829,17.0266184318248
12830,14.0330046980456
12831,15.53111248416328
12832,11.326196277114365
12833,10.993690064633283
12834,13.222619384345384
12835,13.773058499699122
12836,17.0266184318248
12837,12.300150823875782
12838,8.891903971041907
12839,12.34029778805472
12840,12.581729265253848
12841,12.486715694411096
12842,13.006001509458354
12843,13.773113312551002
12844,13.773058499699122
12845,10.154636040261598
12846,22.467164346023416
12847,13.610502135869366
12848,12.552142790184815
12849,13.922708274887691
12850,14.119885654781196
12851,13.321545745337026
12852,12.449560769319788
12853,12.91927535698991
12854,15.39529310921354
12855,10.402931582468188
12856,15.39529310921354
12857,14.220209684458961
12858,14.77426183983917
12859,15.920539542704624
12860,14.522599908542283
12861,15.63542483714481
12862,15.57176894223229
12863,13.222619384345384
12864,10.993690064633283
12865,11.872911664255843
12866,11.656930461761181
12867,12.241219579004525
12868,14.323073096591173
12869,11.06639257961058
12870,12.590200227991192
12871,13.53572153924901
12872,13.507051048782914
12873,14.8152465503191
12874,14.122580165679334
12875,11.924349863880494
12876,12.91927535698991
12877,13.222619384345384
12878,12.467536659506811
12879,11.940930650175858
12880,12.581729265253848
12881,10.993690064633283
12882,13.885065035535618
12883,11.940930650175858
12884,15.53965340221572
12885,14.236939673380204
12886,15.487185859797863
12887,12.994944793736412
12888,9.499751706271018
12889,13.035251099971928
12890,13.686974215505547
12891,12.94519543079908
12892,13.544560129218974
12893,12.334843068226656
12894,13.697729256996825
12895,13.776049071571796
12896,13.977541872426917
12897,17.196091597733506
12898,13.507051048782914
12899,12.241219579004525
12900,14.412268406363841
12901,13.880805418983142
12902,13.777944880802814
12903,22.467164346023416
12904,13.908216537856799
12905,11.940930650175858
12906,13.222619384345384
12907,14.236939673380204
12908,12.581729265253848
12909,10.402931582468188
12910,11.06639257961058
12911,12.91927535698991
12912,12.755137856655868
12913,12.740545352578405
12914,13.925159215686564
