ID,Delay
1,0.20091299787349515
2,0.1787311114604916
3,0.3070549445947076
4,0.15117071001031204
5,0.13992284367099075
6,0.14754973557666567
7,0.28859151398175587
8,0.04628790854141229
9,-0.01446043741542033
10,0.15195984419187558
11,0.0605320411523248
12,0.21966023023923886
13,-0.047595553475375
14,0.28859151398175587
15,0.09837832825736657
16,-0.05313843923393238
17,0.1680547069327242
18,0.31452971262153634
19,0.17493034716816905
20,0.23423957064243073
21,0.11421255842037015
22,0.09874957693760887
23,0.12277441782173168
24,0.3070549445947076
25,0.1375934161479916
26,0.09837832825736657
27,0.052683300894742185
28,0.24237483633702295
29,0.04628790854141229
30,0.1861798627139595
31,0.22038306235000604
32,0.10575896066841137
33,-0.07046019327479533
34,0.16169790998287015
35,0.02748350873775296
36,0.10481113966306699
37,0.16819878208880615
38,0.1286733281252003
39,0.0037460251102041653
40,0.11721036760308548
41,0.18943648114986233
42,0.0227443255718197
43,0.26975057451226514
44,0.11092258807393077
45,0.0605320411523248
46,0.1680393013189058
47,0.23206246602696248
48,0.06014441683383698
49,0.1316330014491577
50,0.26079792555173886
51,0.18798255159946198
52,0.17155375855521815
53,0.22038306235000604
54,0.005817785250396668
55,0.1260952342862417
56,0.18080519869418854
57,0.3070549445947076
58,0.029818661095321858
59,0.058097968449529275
60,0.29938506319614167
61,0.2901336230571713
62,0.18580544698399373
63,0.0045322852929498
64,0.16819878208880615
65,0.0008351933595752981
66,0.03050992814996048
67,0.07232581284717349
68,-0.005896371719787602
69,-0.013931145320001975
70,-0.029165512818797423
71,0.1861798627139595
72,0.06827968252842918
73,0.08606390729732327
74,-0.004148067105359879
75,0.11421255842037015
76,0.1772729257249199
77,-0.06828308865932708
78,-0.03963492993144033
79,0.04013103140538231
80,0.2972079585806734
81,0.13992284367099075
82,0.15834806291558548
83,0.1976737900027823
84,0.24938422006782543
85,0.07374243512935452
86,0.03050992814996048
87,0.24642096665576724
88,0.024433560294156248
89,-0.062294763443420414
90,0.0227443255718197
91,0.03050992814996048
92,0.20460508195855423
93,0.07528906625923168
94,0.057814166696737335
95,-0.08213959695175177
96,-0.005896371719787602
97,0.15834806291558548
98,0.2058090556973745
99,0.0037460251102041653
100,0.09837832825736657
101,0.18241320756152896
102,0.1838172817103576
103,0.1723119119309746
104,0.2664735252671401
105,0.08083195201778906
106,0.26975057451226514
107,-0.03963492993144033
108,0.008404202383999998
109,-0.005896371719787602
110,0.1329883479945373
111,-0.047595553475375
112,0.2883077122289639
113,-0.04636649501080323
114,0.3070549445947076
115,0.010591486377499543
116,0.15051298898872387
117,0.08083195201778906
118,0.17677781908013626
119,0.040361828726773435
120,0.1961178172940542
121,0.28859151398175587
122,0.052683300894742185
123,0.09377326010391229
124,0.042068610539373025
125,-0.06014782296473488
126,0.13295979078611386
127,0.11092258807393077
128,0.047140415136184805
129,-0.07159255627421376
130,-0.011439983423385508
131,0.06827968252842918
132,0.12277441782173168
133,0.06932755100970459
134,0.3115664592094782
135,0.0605320411523248
136,0.20312720102485668
137,0.2520257333421074
138,0.0808040677333374
139,0.1549801219815542
140,0.010422853403850948
141,-0.02153477293892249
142,0.1550710136704604
143,0.2901336230571713
144,0.24304718550046933
145,-0.04636649501080323
146,0.16198950571235668
147,-0.005896371719787602
148,0.35345320478267483
149,-0.01011048318222052
150,0.11795996859164948
151,0.20132803271342914
152,0.20818371351560605
153,0.0586507451173878
154,0.013103681685974117
155,0.07696736562413045
156,0.18798255159946198
157,0.212818439428177
158,0.04417716172412661
159,-0.005505415028766239
160,0.08504843066264789
161,-0.06828308865932708
162,0.011881290804796371
163,0.17155375855521815
164,0.11366954224662439
165,0.11795996859164948
166,0.10245680163432758
167,0.0037460251102041653
168,0.18580544698399373
169,0.24205069318599515
170,0.04013103140538231
171,-0.029165512818797423
172,-0.10119462658832867
173,0.19594984811958324
174,0.09429411664790921
175,0.24007583972187999
176,0.050892976694866573
177,0.1838172817103576
178,0.2520257333421074
179,0.11449636017316209
180,0.1787311114604916
181,0.07471823046733539
182,-0.025888463573672332
183,0.3115664592094782
184,0.21966023023923886
185,-0.06014782296473488
186,0.12611689942435877
187,-0.05621912153265671
188,0.047140415136184805
189,-0.009960195141055145
190,0.1438020826468991
191,0.32834112601132165
192,0.44437886328373005
193,0.1705674204702657
194,0.2741386008007266
195,0.32086125623088346
196,0.2741386008007266
197,0.25262356848392536
198,0.14812629047577314
199,0.2778540402290831
200,0.23334398602202353
201,0.06674876925775788
202,0.49097255627198083
203,0.23535672501512542
204,0.1769895657983785
205,0.34777132489186335
206,0.27193474758611375
207,0.4394411207328366
208,0.22567582119451218
209,0.21625438449213288
210,0.13355937716791413
211,0.32853696361683143
212,0.3444716047217876
213,0.31522561163578083
214,0.09826797624285438
215,0.43306565273748093
216,0.3357382565376769
217,0.32853696361683143
218,0.14812629047577314
219,0.45769021526478065
220,0.28220180431885583
221,0.3979998008398519
222,0.21625438449213288
223,0.16741243113780324
224,0.20096317050287507
225,0.23407752808308704
226,0.21920052777629362
227,0.24401820276853686
228,0.49097255627198083
229,0.1586790829536925
230,0.3149742253203012
231,0.22567582119451218
232,0.44437886328373005
233,0.3723926917700277
234,0.3444716047217876
235,0.32086125623088346
236,0.23334398602202353
237,0.18956747387602743
238,0.12777272473674284
239,0.14264972504353626
240,0.21625438449213288
241,0.2021517195289872
242,0.07177296887736784
243,0.18394771334955476
244,0.1736664213722489
245,0.31450847546143396
246,0.43306565273748093
247,0.26730124775116376
248,0.1644167073149301
249,0.2812261344542338
250,0.17661440943357593
251,0.09813967083647665
252,0.21507747467732533
253,0.3171936330663884
254,0.25262356848392536
255,0.2629770399222897
256,0.12777272473674284
257,0.1820732350811459
258,0.20513821692142536
259,0.10964548544735683
260,0.2399771212433403
261,0.217442933518245
262,0.2806548151846212
263,0.31450847546143396
264,0.22413827032718708
265,0.13245908097215667
266,0.2448498006329037
267,0.09707942721674226
268,0.2448498006329037
269,0.26730124775116376
270,0.23744962230823768
271,0.1241051015722478
272,0.1241051015722478
273,0.36359161754171043
274,0.1974052848390737
275,0.22045613379154255
276,0.19653285120603686
277,0.2869009138236569
278,0.1951590329048644
279,0.27626512066028847
280,0.5516455172394341
281,0.16466809363040974
282,0.2448498006329037
283,0.23744962230823768
284,0.1253291678173282
285,0.32086125623088346
286,0.2593094167577947
287,0.31683531140044147
288,0.12834842499470814
289,0.151383073227647
290,0.2399771212433403
291,0.3379845084718862
292,0.11300769564935945
293,0.14013445948240405
294,0.14812629047577314
295,0.3751814364288872
296,0.21254312949032558
297,0.23407752808308704
298,0.45867276180730515
299,0.1586790829536925
300,0.23499457660858564
301,0.3357382565376769
302,0.3379845084718862
303,0.18513626237566688
304,0.2741386008007266
305,0.24779362102071434
306,0.27073196331543786
307,0.28010029216329246
308,0.2629770399222897
309,0.45431812103963004
310,0.27626512066028847
311,0.25600647915349656
312,0.15064897869780478
313,0.1586790829536925
314,0.20488683060594573
315,0.34466257427885943
316,0.18521977514896443
317,0.26480907817403465
318,0.22388688401170745
319,0.3257989987817769
320,0.1736664213722489
321,0.16092533488790184
322,0.2728930264351378
323,0.3723926917700277
324,0.3914188804201284
325,0.33911035076282753
326,0.2295585866436459
327,0.18513626237566688
328,0.2912282023306173
329,0.26295376867923786
330,0.40122510046634724
331,0.43306565273748093
332,0.2476858259330319
333,0.2448498006329037
334,0.23499457660858564
335,0.2580160261283444
336,0.14264972504353626
337,0.29122512165253095
338,0.3379845084718862
339,0.25428071727061574
340,0.09826797624285438
341,0.22700274561521655
342,0.20513821692142536
343,0.23407752808308704
344,0.09826797624285438
345,0.31450847546143396
346,0.46305146922374074
347,0.5084917544220513
348,0.16741243113780324
349,0.30954746166748864
350,0.1586790829536925
351,0.2021517195289872
352,0.11300769564935945
353,0.23535672501512542
354,0.33843234936280114
355,0.3027340169414975
356,0.2812261344542338
357,0.23560811133060505
358,0.2676633961577035
359,0.2300003606357655
360,0.08314710174547166
361,0.042773171531421544
362,0.24655923839448557
363,0.1429325000943199
364,0.20812637361321384
365,0.2645507469644133
366,0.20698205973652226
367,0.23938188548921213
368,0.08780710246113163
369,0.2242165988420587
370,0.23843373352144692
371,0.18374334159279676
372,0.21180411861850848
373,0.12664772630725174
374,0.0880866661538664
375,0.08324329482243717
376,0.044310154007870306
377,0.17656598868752332
378,0.12664772630725174
379,0.17924148591790134
380,0.010815545188648107
381,0.16137136873951963
382,0.044222406695788516
383,0.18420249971184666
384,0.08314710174547166
385,-0.004495058804605878
386,0.2403092902407104
387,0.16434546993686786
388,0.18420249971184666
389,0.2420867160204404
390,0.29802760049715193
391,0.01577798869160038
392,0.3147841219408701
393,0.1431702335897708
394,0.2762356332396123
395,0.24459322854890975
396,0.3136693507924985
397,0.21180411861850848
398,-0.024871688511456935
399,0.1881743196947763
400,0.16994373427556217
401,0.21835141693101853
402,0.16633238253346494
403,0.32248394118474183
404,0.03199205394624338
405,-0.012175985027844297
406,0.020600047573586605
407,0.20684310482456317
408,0.06777178846037626
409,0.3427964633440118
410,0.26134974999262783
411,0.1429325000943199
412,0.12417018018400908
413,0.25733844863103095
414,0.2034655336840341
415,0.22880849834321604
416,0.24483096204436064
417,0.12393244668855818
418,0.20812637361321384
419,0.20390407668278873
420,0.2834630530580932
421,-0.0725222986659923
422,0.037203397005941
423,0.3147841219408701
424,0.2140424406627205
425,0.20623578262592965
426,0.1648831885561401
427,0.22880849834321604
428,0.1431702335897708
429,0.14601986037419498
430,0.12142593416008884
431,0.27204362895038947
432,0.15557485137926072
433,0.08780710246113163
434,0.27686568783237564
435,-0.01783190673734214
436,0.10373537089374882
437,0.2206829934701774
438,-0.016522542806617316
439,0.14597088246246015
440,0.3634108265463138
441,0.2696883349271022
442,0.24459322854890975
443,0.24459322854890975
444,0.20127476883198434
445,0.18374334159279676
446,0.17467538859394413
447,0.09170775825828852
448,0.0595403235659057
449,0.0880866661538664
450,0.16778542161975174
451,0.10855742977573504
452,0.21835141693101853
453,0.23843373352144692
454,0.26486627604511603
455,0.3498362451181266
456,0.12142593416008884
457,0.16778542161975174
458,0.10298909378315621
459,0.18420249971184666
460,0.2517705814541832
461,0.2140424406627205
462,0.2591149477811061
463,0.23125638061617348
464,0.20684310482456317
465,0.25077636284663174
466,0.19394502635835276
467,0.3427964633440118
468,0.12393244668855818
469,0.19025625643483213
470,0.26852710289790127
471,0.16633238253346494
472,0.26134974999262783
473,0.14902755306675067
474,0.08429057640864349
475,0.379929614494581
476,0.23125638061617348
477,0.2242165988420587
478,0.20542154308198557
479,0.2300003606357655
480,0.018030312706560997
481,0.1406889681322763
482,0.10224334822819889
483,0.2696883349271022
484,0.3136693507924985
485,0.20623578262592965
486,0.26852710289790127
487,0.21195807759913912
488,0.24483096204436064
489,0.0880866661538664
490,0.3498362451181266
491,0.13720526998195162
492,0.042773171531421544
493,0.2206829934701774
494,0.17467538859394413
495,0.18198573194182158
496,0.24483096204436064
497,0.08637510123635143
498,0.20698205973652226
499,0.044310154007870306
500,0.026844903098804357
501,0.06777178846037626
502,0.22425147579624286
503,0.19333068953679264
504,0.36317309305086287
505,0.16599260154152723
506,0.2206829934701774
507,0.018030312706560997
508,0.09578379556551131
509,0.3634108265463138
510,0.1377211570346223
511,0.002000954796404747
512,0.03199205394624338
513,0.03598676505471081
514,0.17656598868752332
515,0.3882681994290554
516,0.24655923839448557
517,0.21180411861850848
518,0.031128067347918065
519,0.20390407668278873
520,0.25077636284663174
521,0.1869467457357669
522,0.21180411861850848
523,0.17653665538667307
524,0.20698205973652226
525,0.17157799153228437
526,0.15877713394428902
527,0.13539749531646406
528,0.21835141693101853
529,0.1429325000943199
530,0.2136432116960626
531,0.2676938250902646
532,0.35796174999116526
533,0.1860447457884404
534,0.17337216430757973
535,0.13092284614891353
536,0.17392911148335152
537,-0.10311740489105548
538,-0.04250664298682867
539,0.20623578262592965
540,0.05419720703218911
541,0.17337216430757973
542,0.21835141693101853
543,0.2696883349271022
544,0.14597088246246015
545,0.03816784912203286
546,0.14597088246246015
547,0.08429057640864349
548,0.049759472505622016
549,-0.05309436517983068
550,0.062053663039429344
551,0.19806801984814928
552,0.05862161557532708
553,0.15265711654859077
554,0.1645673534001188
555,0.26429746797106995
556,0.022084790277207444
557,-0.005392407848227143
558,0.044320315526498955
559,0.05944187535455828
560,0.033803922438843406
561,0.28705851548238925
562,0.1812129793641215
563,0.04478613737819598
564,0.29628237594800483
565,-0.030612307751198553
566,0.1092820225205163
567,0.16568041424414912
568,0.09798016600431192
569,-0.0466416656613548
570,0.02578608397243426
571,0.22511989964655046
572,-0.04967150635896933
573,0.10920236756823794
574,0.36142786850171577
575,0.08759052647760515
576,0.1690241342049955
577,-0.03674896358062614
578,0.21774980466224114
579,0.06636388878794963
580,0.12243401716260241
581,0.30320978741309446
582,-0.05309436517983068
583,0.1961503086533288
584,0.24080149643942048
585,0.29628237594800483
586,0.389823314647954
587,0.0940385710163642
588,0.32683117283990987
589,0.10209109291430518
590,0.2921859430919257
591,0.26429746797106995
592,0.07815491865186022
593,0.15058266828564928
594,0.11248652342555926
595,0.09167854191253792
596,0.09020231416247622
597,0.2921859430919257
598,0.2128625134822787
599,0.12218722213941108
600,0.14949409367035044
601,0.21086309602282777
602,0.13753176312110224
603,0.21082437244308755
604,0.018934748589700567
605,0.35220400803610014
606,0.11296336167379548
607,0.01516277684381609
608,0.2223506746766215
609,0.3573314356456367
610,0.17853471677161614
611,0.04569270119067237
612,0.1654262368919684
613,0.06636388878794963
614,0.06352989078949105
615,0.10209109291430518
616,0.09451253991099651
617,0.06169239755969916
618,0.07465097348548333
619,0.199881237781028
620,0.2597165953083564
621,0.2921859430919257
622,0.2123393237728895
623,0.14957644447680518
624,0.15728910546275432
625,0.0026218597159520796
626,0.12214843632171761
627,0.2616856802861989
628,0.24592892404895697
629,0.05944187535455828
630,-0.038225191330687844
631,0.24592892404895697
632,0.055729272040255504
633,0.18468046764991083
634,-0.03674896358062614
635,0.20479122873645697
636,0.20867008678341406
637,0.09020231416247622
638,0.00858056751144691
639,0.2549271058263828
640,0.35220400803610014
641,0.16281444920709734
642,0.12214843632171761
643,0.11806042088678484
644,0.3294429605247809
645,0.14949409367035044
646,0.16203357976645838
647,-0.03569853099929528
648,0.22349596600196162
649,0.09451253991099651
650,0.21951667667816294
651,0.10290071408606927
652,0.3294429605247809
653,0.2657736957211317
654,0.09325266461036005
655,0.11809078928333197
656,0.08759052647760515
657,0.19599392217368494
658,0.018934748589700567
659,0.022756243274819732
660,-0.10567126221834433
661,0.1328436379891752
662,0.3573314356456367
663,0.28705851548238925
664,0.22305075638815094
665,0.12218722213941108
666,0.16568041424414912
667,0.19806801984814928
668,-0.030612307751198553
669,0.07815491865186022
670,0.14576197247168818
671,0.01925079227874886
672,0.1690241342049955
673,0.26860769371959026
674,0.062053663039429344
675,-0.010336716209832092
676,0.08759052647760515
677,0.19806801984814928
678,0.22187296751735613
679,0.31457378667563807
680,0.03807416014493692
681,0.15058266828564928
682,0.049759472505622016
683,0.10290071408606927
684,0.02966334328051612
685,0.01925079227874886
686,0.24080149643942048
687,0.03119213475397234
688,0.24942829412192713
689,-0.04967150635896933
690,-0.010336716209832092
691,0.2619968896371244
692,0.20867008678341406
693,0.07533314031333338
694,0.12218722213941108
695,0.19806801984814928
696,0.15362421873805926
697,0.1419978914734965
698,-0.05309436517983068
699,0.389823314647954
700,0.33977556805274284
701,0.199881237781028
702,0.036729218634493785
703,0.27618624672289893
704,0.20825130833795671
705,0.12243401716260241
706,0.05625597838161395
707,0.13104936520911614
708,0.2619968896371244
709,0.17429096593073015
710,0.21517332177134807
711,0.15362421873805926
712,0.07024159483731973
713,0.16967257370191108
714,0.15059437804044473
715,0.09167854191253792
716,0.022756243274819732
717,0.06636388878794963
718,0.2411367599234716
719,0.09057924191810052
720,0.15058266828564928
721,0.0739424417912583
722,0.0943331937190951
723,0.17837898136566294
724,0.2757678089585046
725,0.1249824343201762
726,0.07533314031333338
727,0.27618624672289893
728,0.11011254499463366
729,0.21542866124323015
730,0.21951667667816294
731,0.08759052647760515
732,0.14691679704270813
733,0.2602988921076502
734,0.2006014802538273
735,0.1617859819017765
736,0.21668864592034698
737,0.39186502734591794
738,0.16246472739263168
739,0.09060460969247011
740,0.09565411948247543
741,0.16303235932625917
742,0.2719405912934044
743,0.27114556919378796
744,0.2409637494862576
745,0.2849811618909657
746,0.24925249311866082
747,0.1427859284960148
748,0.36162453134660916
749,0.18323216395177672
750,0.09565411948247543
751,0.15724772613739457
752,0.2602988921076502
753,0.2522596620329425
754,0.15724772613739457
755,0.3820265748583195
756,0.33150804277045526
757,0.36162453134660916
758,0.24801671739203726
759,0.42448079820258416
760,0.2279922209650721
761,0.2440343032689798
762,0.09189263039682505
763,0.14113973270697155
764,0.27037025230467016
765,0.33430689972137895
766,0.10465978275579968
767,0.14311391755379824
768,0.13516593711912328
769,0.3820265748583195
770,0.16853599985246853
771,0.1653217100678185
772,0.2924705638794481
773,0.15599041094470673
774,0.29744610743322203
775,0.22986852072759262
776,0.225808924878017
777,0.07630330964364199
778,0.18640726301612176
779,0.22659374015867406
780,0.30240712122716734
781,0.14759176466407098
782,0.2588880549876755
783,0.18323216395177672
784,0.2118057315931141
785,0.3176810814672678
786,0.205218804916929
787,0.30240712122716734
788,0.225808924878017
789,0.12286748672355385
790,0.27532714982683876
791,0.10465978275579968
792,0.4528867642233321
793,0.2652552250998242
794,0.3030439510254442
795,0.17607706282080926
796,0.3037403150380154
797,0.2489953170629251
798,0.2690836086182176
799,0.425459397873472
800,0.3784931226552029
801,0.34907894243884735
802,0.36783235762061395
803,0.17201976885486298
804,0.044869830489973755
805,0.36403776446749997
806,0.2522596620329425
807,0.1617859819017765
808,0.18323216395177672
809,0.19372767608856645
810,0.2719405912934044
811,0.3282544686132639
812,0.1411239348322596
813,0.3858984466055853
814,0.11168043840013
815,0.2849811618909657
816,0.3030439510254442
817,0.3276641889393826
818,0.26344671035636635
819,0.32373351257538285
820,0.2522596620329425
821,0.425459397873472
822,0.4788712020377142
823,0.280546439089082
824,0.1975223265558924
825,0.19350225373543886
826,0.11463727737296792
827,0.1653217100678185
828,0.2836931411866107
829,0.24515973471685043
830,0.21364611786102738
831,0.2714336438954373
832,0.318183108416244
833,0.4216238155273973
834,0.3602913375357611
835,0.10663396760262636
836,0.3076097212702479
837,0.18323216395177672
838,0.24515973471685043
839,0.17637609134954968
840,0.14759176466407098
841,0.1411239348322596
842,0.24515973471685043
843,0.12884176011664664
844,0.33150804277045526
845,0.1411239348322596
846,0.18456535776262478
847,0.32373351257538285
848,0.2588880549876755
849,0.33430689972137895
850,0.19136827681006707
851,0.17944503562986547
852,0.25507903831541234
853,0.21571004624945914
854,0.1427859284960148
855,0.1411239348322596
856,0.16853599985246853
857,0.17317599457001176
858,0.3030439510254442
859,0.32785726825167966
860,0.34907894243884735
861,0.14534212390353513
862,0.4676588069408005
863,0.03460485383309511
864,0.15119529502927953
865,0.14440193825815317
866,0.09189263039682505
867,0.07035817886222573
868,0.14534212390353513
869,0.19437544572434876
870,0.3437902174860682
871,0.11168043840013
872,0.20849971880603485
873,0.15599041094470673
874,0.24305570359809195
875,0.27037025230467016
876,0.10663396760262636
877,0.25287332321037026
878,0.12859171125830926
879,0.20138322257085434
880,0.349717950389765
881,0.1259847774414598
882,0.12982035978753448
883,0.225808924878017
884,0.2118057315931141
885,0.3820265748583195
886,0.2714336438954373
887,0.10995541953130356
888,0.14121836822723832
889,0.2599638028920193
890,0.3176810814672678
891,0.18524015184027945
892,0.35105114420061306
893,0.4528867642233321
894,0.14759176466407098
895,0.18456535776262478
896,0.225808924878017
897,0.27532714982683876
898,0.1348837082032123
899,0.2729191909642923
900,0.2055624940477726
901,0.24973279877938417
902,0.1079219883069813
903,0.27037025230467016
904,0.2849811618909657
905,0.2701015735102432
906,0.14824411062980866
907,0.22677780542600218
908,0.16739410330003018
909,0.28532819219167005
910,0.1774365758461929
911,0.1657680786682424
912,0.2701015735102432
913,0.17756862771462126
914,0.14328309683586335
915,0.14186824895542843
916,0.2014799585265028
917,0.32321589360964864
918,0.03960802797801666
919,0.3332407279980733
920,0.2022668391958188
921,0.23104926701595477
922,0.08634923453759916
923,0.06449645925706143
924,0.1567766471875264
925,0.10826901860768565
926,-0.03242108579151459
927,-0.0006492936330319277
928,0.22744397588307627
929,0.14824411062980866
930,-0.06552158258754032
931,0.08664341103981657
932,0.22744397588307627
933,0.2076623117547243
934,0.19001598489235563
935,0.1452163971496877
936,0.021572332001979527
937,0.16739410330003018
938,0.00839142703236219
939,0.13012574668359525
940,0.04236431252907438
941,0.24162265416195086
942,0.424927166803008
943,0.19803181723156307
944,0.14904560186070187
945,0.02120746709507687
946,0.11593743948723054
947,0.26044811345738156
948,0.1452163971496877
949,0.1997007744426083
950,-0.0006492936330319277
951,0.1924392378611087
952,0.13129486180943234
953,0.2610599530930392
954,0.20609381441600494
955,0.2218382164013936
956,0.13012574668359525
957,0.05929440544600012
958,0.194739760648663
959,0.11479206216286345
960,0.09976452873701575
961,0.24886075094738339
962,0.07177845600075713
963,0.1924392378611087
964,0.21666720156200103
965,0.3110191023630618
966,0.22744397588307627
967,0.00839142703236219
968,0.2014799585265028
969,0.1611291438833188
970,0.23199215963878964
971,0.02120746709507687
972,0.18646496819014075
973,0.10790790654820187
974,0.12446997604494828
975,0.14824411062980866
976,0.13379211556862516
977,0.28532819219167005
978,0.20985192345137121
979,0.023578670067860408
980,0.12928812871707052
981,0.15382197145946197
982,0.3319544113708791
983,0.11128907107533094
984,0.2317388192199475
985,0.3332407279980733
986,0.20865731143177624
987,0.19513730474049815
988,0.25758499075120206
989,0.12647631411082916
990,0.09653450403440061
991,0.08081917666615125
992,0.17123034243114166
993,0.22744397588307627
994,0.2204253105973673
995,0.015380064277124322
996,0.14359574221790905
997,0.24227431063182525
998,0.0922396606975294
999,0.12928812871707052
1000,0.11132433657176666
1001,0.13023442314619543
1002,0.2854265315870318
1003,0.23199215963878964
1004,0.3063473023010549
1005,0.04336613701338293
1006,0.1997007744426083
1007,0.05493298605480526
1008,0.2204253105973673
1009,0.24350207219851583
1010,0.14186824895542843
1011,0.21666720156200103
1012,0.235452844023215
1013,0.036239904838154396
1014,0.17756862771462126
1015,0.13129486180943234
1016,0.18568652044070333
1017,0.15847889545388213
1018,0.23104926701595477
1019,0.13455502155251495
1020,0.11700576711838956
1021,0.12419728704030283
1022,0.295057026110193
1023,0.015380064277124322
1024,0.21666720156200103
1025,0.24846308599246114
1026,0.1924392378611087
1027,0.15224212576096768
1028,0.13455502155251495
1029,-0.05122028253871219
1030,0.25758499075120206
1031,0.24350207219851583
1032,0.24587360980935088
1033,0.14186824895542843
1034,0.15878298525340728
1035,0.00839142703236219
1036,0.10446759848381257
1037,0.2610599530930392
1038,-0.005078568501951625
1039,0.04236431252907438
1040,0.13455502155251495
1041,0.24587360980935088
1042,0.05839367043923063
1043,0.14186824895542843
1044,0.28532819219167005
1045,0.11926380756325713
1046,0.1209618723015993
1047,0.14526195657204313
1048,0.24846308599246114
1049,0.013039795444261787
1050,0.13863472842396374
1051,0.3109353012614942
1052,0.12928812871707052
1053,0.15382197145946197
1054,0.06449645925706143
1055,0.23353579287059478
1056,0.2206965953603696
1057,0.15878298525340728
1058,0.1997007744426083
1059,0.22760266350264075
1060,0.13455502155251495
1061,0.060900734893690314
1062,0.23916951254406307
1063,0.21466086349612015
1064,0.17260761392067595
1065,0.03890362814464901
1066,0.19508948629054537
1067,0.027336779103226683
1068,0.26786533954567904
1069,0.16254109428877356
1070,0.14824411062980866
1071,-0.014950593681860053
1072,0.2854265315870318
1073,0.07432193887184782
1074,0.10826901860768565
1075,0.28532819219167005
1076,0.2204253105973673
1077,0.254914330474745
1078,0.1807005210888936
1079,0.17756862771462126
1080,0.3625314347180531
1081,0.3237002914019414
1082,0.23400679739789565
1083,0.17202281095847133
1084,0.07856201135197077
1085,0.15468279339772273
1086,0.3241976848490675
1087,0.17878515871882117
1088,0.24751810798270002
1089,0.37667135963064924
1090,0.30037691803534305
1091,0.16275580080866492
1092,0.17071215130787898
1093,0.3237002914019414
1094,0.21372200173465467
1095,0.16136081484532921
1096,0.3101281232657724
1097,0.2547178182826901
1098,0.20020727882010236
1099,0.141248728948429
1100,0.25052486110408984
1101,0.3237638732965735
1102,0.37602107315681194
1103,0.26425845888829796
1104,0.13554286100729945
1105,0.35444934633946984
1106,0.36801233957436613
1107,0.3101281232657724
1108,0.24613805237235636
1109,0.31260203459128383
1110,0.2849260947893243
1111,0.4811112992200062
1112,0.1810199488750214
1113,0.2929991022002665
1114,0.2523431282179644
1115,0.33719793774586726
1116,0.4915837745802691
1117,0.31260203459128383
1118,0.16275580080866492
1119,0.32073415169539665
1120,0.27645304413397587
1121,0.37602107315681194
1122,0.10859219924123234
1123,0.28973994899471484
1124,0.08550392158029005
1125,0.24613805237235636
1126,0.39717231757638377
1127,0.15468279339772273
1128,0.30419956214425486
1129,0.30419956214425486
1130,0.34634126076522087
1131,0.11751227149588361
1132,0.36801233957436613
1133,0.3241976848490675
1134,0.2114898432842011
1135,0.35584433230280554
1136,0.35584433230280554
1137,0.26716517546042445
1138,0.4202605952373261
1139,0.24601523666999553
1140,0.2580914951286961
1141,0.20020727882010236
1142,0.31362429770307143
1143,0.17991537858417533
1144,0.18547226113406873
1145,0.34527094515680945
1146,0.351958047572057
1147,0.2547178182826901
1148,0.30464721840945935
1149,0.17739017275548546
1150,0.32073415169539665
1151,0.2713431816237261
1152,0.4663511893938165
1153,0.37667135963064924
1154,0.35444934633946984
1155,0.2285053004375214
1156,0.13061175990780077
1157,0.2157472229718916
1158,0.15643076667410627
1159,0.2785924530744307
1160,0.32073415169539665
1161,0.11751227149588361
1162,0.27876082571820815
1163,0.11746154792306349
1164,0.35444934633946984
1165,0.17739017275548546
1166,0.18664041974049617
1167,0.2388355006328339
1168,0.34387595919347375
1169,0.2388355006328339
1170,0.24735155771401457
1171,0.4202605952373261
1172,0.1195135030971432
1173,0.5051743248047611
1174,0.36801233957436613
1175,0.1935059288086674
1176,0.30168073073537294
1177,0.35584433230280554
1178,0.41220156937263225
1179,0.37667135963064924
1180,0.2157472229718916
1181,0.08550392158029005
1182,0.39377181320808147
1183,0.19375803680975712
1184,0.30202864744528773
1185,0.24117703857841105
1186,0.32374923020026897
1187,0.3493074004717656
1188,0.19331844118810265
1189,0.3625314347180531
1190,0.1753882518656691
1191,0.13743071326834455
1192,0.30168073073537294
1193,0.16062250803139738
1194,0.12696309509696574
1195,0.30464721840945935
1196,0.2916041162369308
1197,0.3742010494379083
1198,0.38659446030280803
1199,0.33820914366110805
1200,0.3625314347180531
1201,0.15727808685858524
1202,0.41220156937263225
1203,0.2547178182826901
1204,0.2849337318482182
1205,0.26581607509334765
1206,0.23518355044245398
1207,0.1311091533549269
1208,0.36243052293231987
1209,0.4663511893938165
1210,0.20953528671882365
1211,0.22253695639447768
1212,0.19095316599038176
1213,0.47302921084142296
1214,0.2663134685404738
1215,0.35263411789558147
1216,0.24187065285770154
1217,0.14664111781795702
1218,0.24379651442677922
1219,0.19375803680975712
1220,0.14713851126508315
1221,0.18552782745917118
1222,0.2461105964372735
1223,0.2979601159942118
1224,0.25102225455121596
1225,0.17878515871882117
1226,0.32073415169539665
1227,0.22419447709491752
1228,0.282668902004954
1229,0.26581607509334765
1230,0.16944290322391248
1231,0.22070823676583692
1232,0.19095316599038176
1233,0.2828130226271441
1234,0.21367647858221805
1235,0.27006192627372355
1236,0.36801233957436613
1237,0.25102225455121596
1238,0.3574566406291923
1239,0.3877716323908118
1240,0.2929991022002665
1241,0.05259244338185734
1242,0.24379651442677922
1243,0.24735155771401457
1244,0.2271105430315118
1245,0.3151196937697222
1246,0.2271105430315118
1247,0.20953528671882365
1248,0.2219522110852406
1249,0.3287102439942143
1250,0.20719210125905085
1251,0.2114898432842011
1252,0.47442419680475867
1253,0.21526510866999304
1254,0.014898292420762321
1255,0.2683884129795975
1256,0.2683884129795975
1257,0.32336320545730085
1258,0.22525259169960354
1259,0.2059582921294071
1260,0.02591335666148331
1261,0.02521082813352238
1262,0.08927596684355088
1263,0.2275613914412545
1264,0.3513153597541951
1265,0.22000321442898496
1266,0.3696202245002696
1267,0.17286250049680363
1268,0.20297253024546769
1269,0.2894829747914832
1270,0.3878811403938435
1271,0.08529751026905555
1272,0.3486146960665668
1273,0.24178871147739064
1274,0.2077259724816669
1275,0.27934359906910966
1276,0.29375783695212315
1277,0.22975007785788487
1278,0.15832403014761365
1279,0.2533024785756629
1280,0.1297460901345665
1281,0.22873198946467965
1282,0.09151403202048253
1283,0.2684114248619691
1284,0.22525259169960354
1285,0.34383245620155667
1286,0.3696202245002696
1287,0.11395057671176564
1288,0.30235767702359806
1289,0.26142119586314516
1290,0.19552507069167588
1291,0.07235154206570371
1292,0.3518797383580155
1293,0.14514159381236388
1294,0.3878811403938435
1295,0.2789848120079652
1296,0.0868166921376746
1297,0.3161858525520274
1298,0.2575842249001915
1299,0.09762966525523331
1300,0.0777201359948505
1301,0.14921345570420688
1302,0.34179296162185163
1303,0.1150411735457467
1304,0.1297460901345665
1305,0.23354795287710584
1306,0.2880457305203594
1307,0.20580938171011365
1308,0.2137859865852498
1309,0.17611777742854684
1310,0.04723493350974034
1311,0.08732604205455138
1312,0.13017537902456677
1313,0.19552507069167588
1314,0.25040687199491807
1315,0.23147973115261777
1316,0.3133039414763362
1317,0.10459180983925198
1318,0.26142119586314516
1319,0.13506170424843167
1320,0.0777201359948505
1321,0.06537906849659461
1322,0.17199794972218055
1323,0.26021846764194145
1324,0.14508831393687394
1325,0.30198886918266604
1326,0.06537906849659461
1327,0.043324864951996694
1328,0.20311763810356448
1329,0.17981573256874417
1330,0.08732604205455138
1331,0.1772314416970665
1332,0.06326429141989659
1333,0.24178871147739064
1334,-0.04611575710804794
1335,0.07157460555258263
1336,0.157387594861617
1337,0.2894829747914832
1338,0.3667383134245784
1339,0.14637089113492618
1340,0.2880457305203594
1341,0.2059582921294071
1342,0.3696202245002696
1343,0.25939266407764927
1344,0.012869760635266486
1345,0.24716174562923043
1346,0.32048129438160966
1347,0.16254996478404357
1348,0.06537906849659461
1349,0.08231174838511612
1350,0.26544007355984434
1351,0.32336320545730085
1352,0.2145251240974376
1353,0.24178871147739064
1354,0.14921345570420688
1355,0.04124018604367863
1356,0.04449546297542184
1357,0.3334499821934647
1358,0.23278603999101152
1359,0.17451954225797306
1360,0.2738184104842233
1361,0.04124018604367863
1362,0.3878811403938435
1363,0.10192563842398084
1364,0.21313564503468055
1365,0.1602159845437462
1366,0.1671480347060294
1367,0.05917739093150451
1368,0.2459911476058053
1369,0.30198886918266604
1370,0.03092765033091857
1371,0.29375783695212315
1372,0.3324191839562074
1373,0.1150411735457467
1374,0.25939266407764927
1375,0.1671480347060294
1376,0.2285796393152919
1377,0.26544007355984434
1378,0.3056124654060313
1379,0.05416309726206925
1380,0.09763857776731144
1381,0.14921345570420688
1382,0.02521082813352238
1383,0.1736849782704871
1384,0.25939266407764927
1385,0.05917739093150451
1386,0.27868696364784573
1387,0.19741343676890685
1388,0.14508831393687394
1389,0.12309732105788682
1390,0.08589628051382459
1391,0.3188744455080865
1392,0.1301931510848092
1393,0.2137859865852498
1394,0.263875865721659
1395,-0.00876482234963466
1396,0.38245573022361207
1397,0.1063260954603131
1398,0.3486146960665668
1399,0.2958101402205514
1400,0.21313564503468055
1401,0.21516417682017638
1402,0.2137859865852498
1403,0.1772314416970665
1404,0.1297460901345665
1405,0.29375783695212315
1406,0.2557318501396973
1407,0.1575356711146083
1408,0.2564069021937099
1409,0.02591335666148331
1410,0.1278937153740723
1411,0.028899118545422736
1412,0.28616216491323865
1413,0.33687922412961613
1414,0.11322480407843016
1415,0.31306496234612763
1416,0.23070153310061892
1417,0.2706477707543397
1418,0.10211205896645265
1419,0.11322480407843016
1420,0.33415088997644915
1421,0.13806400643152728
1422,0.08272303826086949
1423,0.021192186030051297
1424,0.3145314048929462
1425,0.1642910172068091
1426,0.25323628450364705
1427,0.2568181920694632
1428,0.13896980853753388
1429,0.20664001166010143
1430,0.1694234777139945
1431,0.18844872680792235
1432,-0.03364323645740583
1433,0.2054287125193091
1434,0.07558195821413853
1435,0.22155864946081727
1436,-0.01771496802478864
1437,0.02275515526622699
1438,0.2873199578870239
1439,0.002863008896852426
1440,-0.03364323645740583
1441,0.06280459648840855
1442,0.2543670833769904
1443,0.107483749989015
1444,0.10977720037112021
1445,0.07529075853064149
1446,0.02275515526622699
1447,0.25168573156227786
1448,0.3467243963513197
1449,0.22899092919104527
1450,0.012047834706553018
1451,0.19281043297522496
1452,0.107483749989015
1453,0.09849968524651825
1454,0.2706477707543397
1455,0.2105611730264945
1456,0.07759057775368411
1457,0.12702251135492565
1458,0.04571366724281983
1459,0.24282050787592174
1460,0.2192072176135526
1461,0.24938591233923524
1462,0.08272303826086949
1463,0.09259741536745884
1464,0.07885844261670927
1465,0.3295727641797205
1466,0.273677461298606
1467,0.21757114470337047
1468,0.02275515526622699
1469,0.07759057775368411
1470,0.2192072176135526
1471,0.17255376592287802
1472,0.2266150191547952
1473,0.2706477707543397
1474,0.18844872680792235
1475,0.13806400643152728
1476,0.3017455013013025
1477,0.13896980853753388
1478,0.29263950049066784
1479,0.1740008071186624
1480,0.28387235417971396
1481,0.107483749989015
1482,0.3219636846231742
1483,0.24938591233923524
1484,0.3295727641797205
1485,0.04015422522211315
1486,0.07759057775368411
1487,0.0987768843891702
1488,0.09659063115944583
1489,0.33505669208245575
1490,0.312159160240121
1491,0.05322504967540668
1492,0.07529075853064149
1493,0.312159160240121
1494,0.05682641235479735
1495,0.045112063804958843
1496,0.15059329003185198
1497,0.21943766624952177
1498,0.107483749989015
1499,0.20296296193362673
1500,0.19685030907482073
1501,0.2069792654606783
1502,0.2568181920694632
1503,0.12854272094854735
1504,0.312159160240121
1505,0.02275515526622699
1506,0.2192072176135526
1507,0.25168573156227786
1508,0.17177653967523815
1509,0.05767213598122317
1510,0.045112063804958843
1511,0.25963059039788544
1512,0.2668079433031589
1513,0.3219636846231742
1514,0.09655261694574596
1515,0.018892366807008676
1516,0.24815140114588274
1517,0.13896980853753388
1518,0.10977720037112021
1519,0.23070153310061892
1520,0.28331574513675173
1521,0.21721339880609752
1522,0.16902304619640277
1523,0.1080604721628638
1524,0.2668079433031589
1525,0.13806400643152728
1526,0.15519945851931433
1527,0.02275515526622699
1528,0.026349134755381143
1529,0.2192072176135526
1530,0.21986459508547568
1531,0.11322480407843016
1532,0.15547761037112673
1533,0.3295727641797205
1534,0.12732895924807985
1535,0.11322480407843016
1536,0.24379369623099428
1537,0.312159160240121
1538,0.28387235417971396
1539,0.21757114470337047
1540,0.11742997583656983
1541,0.19685030907482073
1542,0.18554935799402728
1543,0.045112063804958843
1544,0.14403796850824596
1545,0.16577284566531042
1546,0.2069792654606783
1547,0.1850011231006124
1548,0.1402470947802999
1549,0.19980191255540486
1550,0.17295019857058386
1551,0.04571366724281983
1552,0.3295727641797205
1553,0.3145314048929462
1554,0.0533788086474874
1555,0.07529075853064149
1556,0.2266150191547952
1557,0.19825135961403567
1558,0.13795364439819469
1559,0.16488862451821046
1560,0.28387235417971396
1561,0.2873199578870239
1562,0.10211205896645265
1563,0.05682641235479735
1564,0.05682641235479735
1565,0.1080604721628638
1566,0.1702603155407728
1567,0.19980191255540486
1568,0.2031288932962665
1569,0.06840396582269909
1570,0.06280459648840855
1571,0.04015422522211315
1572,0.2266150191547952
1573,0.21986459508547568
1574,0.2655650050854822
1575,0.10977720037112021
1576,0.25963059039788544
1577,0.2668079433031589
1578,0.054574387137822616
1579,0.058201195381354626
1580,0.06294544116847683
1581,0.26116058945168774
1582,0.025679933497641527
1583,0.2644240941105429
1584,0.07518517984552375
1585,0.10565507425470344
1586,0.31442582620782844
1587,0.07528409179541291
1588,-0.01743280730419225
1589,0.304257461758675
1590,0.15433669939618744
1591,0.21271455301446907
1592,0.17569558541007319
1593,0.214903570408719
1594,0.07528409179541291
1595,-0.03248046277966231
1596,0.2791879332164314
1597,0.11753533005227369
1598,0.09306435555749747
1599,0.26116058945168774
1600,0.15040910257501594
1601,0.23704059497707058
1602,0.010715843818854626
1603,0.2492803336541175
1604,0.16228935837258618
1605,0.23911196920496408
1606,0.09776283861193925
1607,0.2481594559603295
1608,0.361999912235081
1609,0.009672405371305912
1610,0.010715843818854626
1611,0.07518517984552375
1612,0.3284318532047812
1613,0.3053114434572434
1614,0.12154965371423575
1615,0.16188561929864875
1616,0.20497162597084778
1617,0.2979921531408427
1618,0.3116523879632754
1619,0.010715843818854626
1620,0.06134636657143372
1621,0.13300073160333625
1622,0.1836062230288284
1623,-0.04136206985007006
1624,0.3935773457584921
1625,0.1208032385332101
1626,0.06501681539637033
1627,0.05891678452004713
1628,0.08401686880213205
1629,0.039947286854126754
1630,0.06995903200838371
1631,0.26116058945168774
1632,0.20302331461114875
1633,0.18790475842648724
1634,-0.009482308465312228
1635,-0.030319822361733473
1636,0.173765875096219
1637,0.27220283694002434
1638,0.036868164273323456
1639,0.17569558541007319
1640,0.20497162597084778
1641,0.19584596170587532
1642,0.03087647216225403
1643,0.19285495016199533
1644,0.23911196920496408
1645,0.11250216695887033
1646,0.19078357593410183
1647,0.32467782209424306
1648,0.24650689540956444
1649,0.18790475842648724
1650,0.030667043919461193
1651,0.07528409179541291
1652,0.2701171185245587
1653,-0.05479796012215338
1654,0.20772621750344555
1655,0.2492803336541175
1656,-0.09755103333091003
1657,-0.054363203341428315
1658,0.12283236715418283
1659,0.1455930346939306
1660,0.07528409179541291
1661,0.011798635731079879
1662,-0.06341069009679373
1663,0.04713544067236604
1664,0.03471505655450813
1665,0.09341533557765652
1666,0.07349240937061244
1667,0.09810768313143059
1668,0.32467782209424306
1669,0.09810768313143059
1670,0.24937924560400665
1671,-0.07082731803230963
1672,0.06294544116847683
1673,0.09810768313143059
1674,0.10117570874387005
1675,0.20254618856531564
1676,0.04426309047792383
1677,0.087065435643094
1678,-0.006356952538850338
1679,-0.01743280730419225
1680,0.22155198272558868
1681,0.039947286854126754
1682,0.27220283694002434
1683,0.16228935837258618
1684,-0.009482308465312228
1685,0.134550787205594
1686,0.20497162597084778
1687,0.209941114769916
1688,0.07518517984552375
1689,-0.04136206985007006
1690,0.13187985390954826
1691,0.11043079273097683
1692,0.27220283694002434
1693,0.15871460692787903
1694,-0.006356952538850338
1695,0.06294544116847683
1696,0.27220283694002434
1697,0.1619845312485379
1698,0.18790475842648724
1699,0.3116523879632754
1700,0.16188561929864875
1701,0.304257461758675
1702,-0.01743280730419225
1703,0.001636552517946685
1704,0.21271455301446907
1705,0.04426309047792383
1706,0.2002498763665957
1707,0.11757691161537903
1708,0.0027278210392071567
1709,0.06995903200838371
1710,0.3053114434572434
1711,0.18481099762744838
1712,0.17569558541007319
1713,-0.06235670839822534
1714,-0.11771166167430944
1715,0.09428414520117463
1716,0.06501681539637033
1717,0.22956062212567963
1718,0.17333160586092278
1719,0.3145247381577176
1720,0.08743263841662675
1721,0.31442582620782844
1722,0.2356370563003759
1723,0.3021860875307815
1724,0.23704059497707058
1725,0.20190243691736076
1726,0.15975610730344036
1727,0.28217483416181244
1728,0.0027278210392071567
1729,0.2979921531408427
1730,0.334172649356663
1731,0.11250216695887033
1732,0.1730328358828323
1733,0.20497162597084778
1734,0.002856342161623851
1735,0.029715897224616344
1736,0.09365303771401184
1737,0.03087647216225403
1738,-0.0074109342374187315
1739,0.23704059497707058
1740,0.32467782209424306
1741,0.2031222265610379
1742,0.006547049444844022
1743,0.11043079273097683
1744,0.361999912235081
1745,0.24650689540956444
1746,0.025909193903023375
1747,0.2492803336541175
1748,0.20302331461114875
1749,0.039947286854126754
1750,-0.04155127747153503
1751,0.087065435643094
1752,0.08593976654834681
1753,0.134550787205594
1754,0.025679933497641527
1755,0.23911196920496408
1756,0.18481099762744838
1757,0.15277123654806374
1758,0.04591565102868887
1759,-0.05314341369775115
1760,0.09793830767255463
1761,0.05249329982850977
1762,0.08830087105460444
1763,-0.06548206432468723
1764,0.07528409179541291
1765,-0.01645110486950606
1766,0.036868164273323456
1767,0.24650689540956444
1768,0.18481099762744838
1769,-0.05601576389219336
1770,0.11043079273097683
1771,-0.03811731507277216
1772,0.0027038007389777463
1773,0.13495817000163468
1774,0.07855977827800187
1775,-0.05296538890970906
1776,0.11260389138487492
1777,-0.11054506470656122
1778,0.03730287734771992
1779,0.1506860393129472
1780,-0.015501775068024859
1781,0.07891887995983732
1782,-0.055785525762659605
1783,0.2513253552676704
1784,0.24951812032795745
1785,0.004471575090699731
1786,0.0006128659609732079
1787,0.1766116504791132
1788,0.2627963047672597
1789,0.19143909785534513
1790,0.1068095188785878
1791,0.21299148975240031
1792,0.03499199329243938
1793,0.08731330541409821
1794,0.30633336565134234
1795,0.23769611689831388
1796,0.2149917704642017
1797,0.19143909785534513
1798,0.2860839009676059
1799,0.1766116504791132
1800,-0.05388189505311336
1801,0.1359778387358216
1802,0.2411878730976314
1803,0.11070026067532868
1804,0.004471575090699731
1805,0.0025164966705194525
1806,0.17470801976956696
1807,0.37419881636393937
1808,0.08237887497831697
1809,0.14004586983946476
1810,0.14004586983946476
1811,0.29834283882491525
1812,0.13495817000163468
1813,0.01906372485982219
1814,0.06360096308972013
1815,0.02151655007628117
1816,0.15030140254284513
1817,0.06709271928903765
1818,0.1284510007265982
1819,0.08921693612364445
1820,0.28013726301791264
1821,0.09871216841342045
1822,-0.12781463953219085
1823,0.051908980569137286
1824,0.030953541339563684
1825,-0.09451570679640497
1826,0.2411878730976314
1827,0.01906372485982219
1828,0.040896616655607954
1829,0.17856672889929348
1830,0.12759705610873295
1831,0.04858312438035284
1832,0.14200094825964504
1833,-0.0053350303447514125
1834,0.2241758915118764
1835,0.17470801976956696
1836,0.031084762311127473
1837,0.006832982938540233
1838,0.09407085749889982
1839,0.05910219246261056
1840,0.051883321532767424
1841,0.291149626931442
1842,0.0006128659609732079
1843,0.08972081969285284
1844,0.05431833450104023
1845,0.01906372485982219
1846,0.007202571366087318
1847,0.10755397975314582
1848,0.05431833450104023
1849,-0.004515070190865389
1850,0.23982688192463714
1851,0.37494327723849735
1852,-0.0693253130305535
1853,0.08921693612364445
1854,-0.013325557171178504
1855,0.22600413437773104
1856,0.24579002559054816
1857,0.2411878730976314
1858,-0.015501775068024859
1859,0.02376032944609041
1860,0.05000184823301945
1861,0.10972453232694979
1862,0.22600413437773104
1863,0.05842841771878571
1864,0.20113033625866544
1865,0.1766116504791132
1866,-0.09451570679640497
1867,0.12759705610873295
1868,-0.08225747459191746
1869,0.010694327565404838
1870,0.2326495290193637
1871,0.30905332381022843
1872,0.2627963047672597
1873,0.20112333128953253
1874,0.17856672889929348
1875,-0.08753088883755611
1876,0.0719700796415833
1877,0.075462116583455
1878,0.05910219246261056
1879,0.18694032722823556
1880,0.3097977846847864
1881,0.1830381961993764
1882,0.14961408207431107
1883,0.30633336565134234
1884,-0.11634279658779831
1885,0.1284510007265982
1886,0.3028416094520248
1887,-0.04431368281826706
1888,0.27043291055484514
1889,0.006832982938540233
1890,0.3097977846847864
1891,0.040896616655607954
1892,0.038944068165990775
1893,0.37419881636393937
1894,0.16199637528349276
1895,0.16873475142123295
1896,0.11198874715901214
1897,0.1766116504791132
1898,0.14580263191573556
1899,0.27043291055484514
1900,-0.05296538890970906
1901,-0.015501775068024859
1902,0.0006128659609732079
1903,0.2411878730976314
1904,0.04809821752347321
1905,0.12317727853087101
1906,0.21299148975240031
1907,0.17256976242948885
1908,0.055590355435379324
1909,0.07136651106478764
1910,0.24607362930084492
1911,0.16216255603658
1912,0.1359778387358216
1913,0.004471575090699731
1914,0.2149917704642017
1915,0.05000184823301945
1916,0.06360096308972013
1917,-0.07858743836378779
1918,0.051883321532767424
1919,0.17470801976956696
1920,0.21299148975240031
1921,0.29834283882491525
1922,0.09939433213163729
1923,-0.06626596619581904
1924,0.0025164966705194525
1925,0.010694327565404838
1926,0.05910219246261056
1927,0.1068095188785878
1928,-0.03153113297818111
1929,0.004471575090699731
1930,0.24955727039204875
1931,-0.020518769064651776
1932,0.17856672889929348
1933,-0.04431368281826706
1934,0.2911239678950721
1935,0.13230970985632473
1936,0.06990026066317825
1937,0.19868918661213714
1938,-0.06133478620412641
1939,-0.09451570679640497
1940,0.03499199329243938
1941,-0.035998548200315894
1942,0.2479702050776893
1943,-0.16654482056593622
1944,0.18092813674713398
1945,-0.06559476669524883
1946,0.13467111770416523
1947,0.05910219246261056
1948,0.18092813674713398
1949,-0.055785525762659605
1950,0.30905332381022843
1951,0.0027038007389777463
1952,0.08384009603596526
1953,0.12217210361972122
1954,0.1284510007265982
1955,-0.07654418396039664
1956,0.16216255603658
1957,0.2627963047672597
1958,0.31138834713853464
1959,0.42750776859256906
1960,0.24746854961363415
1961,0.33453501316044015
1962,0.27139242351500137
1963,0.2766043318149589
1964,0.13322528495775984
1965,0.3843720302074089
1966,0.16970523490893172
1967,0.2477586139325575
1968,0.3843720302074089
1969,0.25114506819659277
1970,0.296622513786828
1971,0.33664700244017104
1972,0.20642843242430325
1973,0.208808867674546
1974,0.18825454093378438
1975,0.24384262823245062
1976,0.20642843242430325
1977,0.3792821881376307
1978,0.39818372722410794
1979,0.2256824960866327
1980,0.2072671756360261
1981,0.2392787620837257
1982,0.287177718960955
1983,0.18826712223026437
1984,0.27496756168338937
1985,0.4480495140368507
1986,0.20281810732708383
1987,0.1451313838451042
1988,0.30892790409061593
1989,0.4402477731862421
1990,0.236157198193261
1991,0.2115359570898725
1992,0.31138834713853464
1993,0.2035457549230422
1994,0.14076918937128438
1995,0.1855169905063652
1996,0.2524002422331505
1997,0.20281810732708383
1998,0.29835451694461984
1999,0.30892790409061593
2000,0.09796293437925915
2001,0.287177718960955
2002,0.30081495999253854
2003,0.0836431500516932
2004,0.22009357109057234
2005,0.2292935026523613
2006,0.1756012782542839
2007,0.1652171804930657
2008,0.18836850264483496
2009,0.1597692427770461
2010,0.20281810732708383
2011,0.28171895633978405
2012,0.12085074759882344
2013,0.11719592704760359
2014,0.24384262823245062
2015,0.31486434317987816
2016,0.24746854961363415
2017,0.22171964641356107
2018,0.22119745968736276
2019,0.2684638693358391
2020,0.07221403117918607
2021,0.27498768369571797
2022,0.20568730378408132
2023,0.29837463895694843
2024,0.35878713787047006
2025,0.13186873050663156
2026,0.07270363421131515
2027,0.20736855605059668
2028,0.505393265739953
2029,0.23710902824389266
2030,0.30894802610294453
2031,0.4057575834629082
2032,0.15654333293882947
2033,0.31413669558391977
2034,0.3157746984984368
2035,0.16114762090823187
2036,0.44492795014638603
2037,0.24743922843920516
2038,0.12012310000286508
2039,0.09408918746681441
2040,0.35285305883077334
2041,0.22746962882440938
2042,0.32892918492940615
2043,0.32396817113546084
2044,0.20975422765401552
2045,0.3807788676067982
2046,0.287177718960955
2047,0.24854311703599558
2048,0.2614299712316359
2049,0.3102844585417442
2050,0.22171964641356107
2051,0.31612537900821797
2052,0.40368199254659365
2053,0.34061209090919725
2054,0.2911534573950483
2055,0.2292935026523613
2056,0.32589787581378027
2057,0.295509307127671
2058,0.2292935026523613
2059,0.13638111804075695
2060,0.29435507186622845
2061,0.26860732413690935
2062,0.19858474112909688
2063,0.33664700244017104
2064,0.2524002422331505
2065,0.12604681380958785
2066,0.24746854961363415
2067,0.07270363421131515
2068,0.31363797094014834
2069,0.2535041308299409
2070,0.2535041308299409
2071,0.18469198406187634
2072,0.24608267398807687
2073,0.1597692427770461
2074,0.10399851559556589
2075,0.13186873050663156
2076,0.21675863261961575
2077,0.24618405440264746
2078,0.16845006087237402
2079,0.0836431500516932
2080,0.4402477731862421
2081,0.3792821881376307
2082,0.35502996440672513
2083,0.08651533122801419
2084,0.2607023236356776
2085,0.33664700244017104
2086,0.44492795014638603
2087,0.1625789141551362
2088,0.2477586139325575
2089,0.14779699893924875
2090,0.1524104759509132
2091,0.2510436877820222
2092,0.3868134012379999
2093,0.24384262823245062
2094,0.2763241161345177
2095,0.28171895633978405
2096,0.20568730378408132
2097,0.28678121562742825
2098,0.17794313426756497
2099,0.19785709353313852
2100,0.1597692427770461
2101,0.2614299712316359
2102,0.2285514142431928
2103,0.28171895633978405
2104,0.2510638097943508
2105,0.16651693710060347
2106,0.14779699893924875
2107,0.054040139688667194
2108,0.13186873050663156
2109,0.09408918746681441
2110,0.2614299712316359
2111,0.256289985410185
2112,0.16845006087237402
2113,0.31620663741045996
2114,0.2684638693358391
2115,0.12466767095706
2116,0.28171895633978405
2117,0.24384262823245062
2118,0.2984558973591904
2119,0.2635028555418938
2120,0.10466126055408859
2121,0.3868134012379999
2122,0.20975422765401552
2123,0.2796038627221548
2124,0.1597692427770461
2125,0.1756012782542839
2126,0.20281810732708383
2127,0.2826607570140495
2128,0.18962367668139266
2129,0.2715854332263038
2130,0.18469198406187634
2131,0.2841449950865028
2132,0.2222748174929114
2133,0.14426434728454557
2134,0.293073780267944
2135,0.3773699178957434
2136,0.3207107757261513
2137,0.256703016631913
2138,0.11198030718446358
2139,0.18312246984517583
2140,0.11992427345439707
2141,0.2610903158449622
2142,0.2940194272629908
2143,0.11992427345439707
2144,0.14661562191755753
2145,0.12246418027338485
2146,0.09315966192953487
2147,0.12800966509461983
2148,0.18301810742481395
2149,0.06352588173076426
2150,0.078041778484114
2151,0.39178885937793895
2152,0.0917756223313502
2153,0.26503520848956535
2154,0.1397233902323668
2155,0.38585626827986225
2156,0.25745364662334236
2157,0.16280464079613405
2158,0.17644018171579046
2159,0.18093942252708275
2160,0.36170482663568954
2161,0.3391785994607518
2162,0.31381854404096055
2163,0.19141305181335416
2164,0.27651172521319817
2165,0.15254821301563426
2166,0.07255643842965764
2167,0.12246418027338485
2168,0.42905193212237785
2169,0.3050688386786042
2170,0.11846697079451066
2171,0.1397233902323668
2172,0.26982290929830083
2173,0.1616626346370263
2174,0.1173835361262841
2175,0.2711084962713777
2176,0.1616626346370263
2177,0.08023539051551601
2178,0.16740962501689707
2179,0.3245646819264968
2180,0.4236487031805573
2181,0.12895483015329046
2182,0.20327476408714967
2183,0.18981128576007317
2184,0.23716996757102807
2185,0.25679296491891546
2186,0.17241299840759244
2187,0.2928835128477333
2188,0.41165364476989713
2189,0.3789640365946715
2190,0.3773699178957434
2191,0.3639064395686669
2192,0.24981078494672226
2193,0.09993795309844711
2194,0.21307276312582393
2195,0.18440805681825265
2196,0.17019328464154648
2197,0.23189340838075265
2198,0.12246418027338485
2199,0.3773699178957434
2200,0.39178885937793895
2201,0.19795487968040307
2202,0.17773982521220957
2203,0.23904222486764592
2204,0.20916461972650985
2205,0.050036430639595786
2206,0.41165364476989713
2207,0.2522878510164489
2208,0.18312246984517583
2209,0.16994953183588485
2210,0.47280496701772645
2211,0.4223631162074805
2212,0.4265479479747577
2213,0.024120707522470197
2214,0.055980551325088584
2215,0.26982290929830083
2216,0.2507601156496497
2217,0.17241299840759244
2218,0.25999355344233016
2219,0.2744537566831825
2220,0.40482805792562865
2221,0.25911343786071744
2222,0.15293407468256454
2223,0.31336215880150514
2224,0.31764942052569817
2225,0.31336215880150514
2226,0.11601460668395963
2227,0.16558741156332393
2228,0.3207107757261513
2229,0.33607917669024895
2230,0.35850321062684637
2231,0.35850321062684637
2232,0.27830766288352804
2233,0.32193742998719793
2234,0.04398549291442838
2235,0.10000583168193614
2236,0.23729663732257317
2237,0.3639064395686669
2238,0.40482805792562865
2239,0.06729564059857773
2240,0.17708551632673722
2241,0.06374047843528588
2242,0.3194760368778207
2243,0.12895483015329046
2244,0.08023539051551601
2245,0.059886572234940344
2246,0.12895483015329046
2247,0.1975389419901793
2248,0.15293407468256454
2249,0.09431552915033797
2250,0.47280496701772645
2251,0.16558741156332393
2252,0.12232087699485619
2253,0.31764942052569817
2254,0.17241299840759244
2255,0.3591649198167018
2256,0.07178930197540023
2257,0.208073525281141
2258,0.1251172882723083
2259,0.12232087699485619
2260,0.1975389419901793
2261,0.293073780267944
2262,0.2732089948759858
2263,0.19032278522987148
2264,0.09925326694135117
2265,0.3207107757261513
2266,0.2711303099782546
2267,0.11992427345439707
2268,0.15625940569520577
2269,0.30994237157653776
2270,0.25433054432410973
2271,0.15872344363812851
2272,0.3465081522161862
2273,0.09614982129200145
2274,0.31764942052569817
2275,0.15046952811790307
2276,0.31096060461080083
2277,0.208073525281141
2278,0.15046952811790307
2279,0.22777213574512645
2280,0.078041778484114
2281,0.16280464079613405
2282,0.07484725859398561
2283,0.23374465849632936
2284,0.42905193212237785
2285,0.18027973203119735
2286,0.09993795309844711
2287,0.3854102526622577
2288,0.078041778484114
2289,0.15254821301563426
2290,0.24961561201364202
2291,0.20916461972650985
2292,0.3773699178957434
2293,-0.008503232038766989
2294,0.18312246984517583
2295,0.35850321062684637
2296,0.23189340838075265
2297,0.15254821301563426
2298,0.31047206762042473
2299,0.1173835361262841
2300,0.3572176236537696
2301,0.3465081522161862
2302,0.20327476408714967
2303,0.44251541044945436
2304,0.10080617903024358
2305,0.11601460668395963
2306,0.25911343786071744
2307,0.09315966192953487
2308,0.166935829968641
2309,0.3031167847322692
2310,-0.008503232038766989
2311,0.1474233046609471
2312,0.25433054432410973
2313,0.09993795309844711
2314,0.3030499839618842
2315,0.2825003931219479
2316,0.20417875288278264
2317,0.47280496701772645
2318,0.19605730597250362
2319,0.3391785994607518
2320,0.14317966798758008
2321,0.1297174440906309
2322,0.4180383174944627
2323,0.279958423988651
2324,0.22207420768005726
2325,0.37626244265353753
2326,0.16472464842715479
2327,0.37905525295084375
2328,0.12661857318381178
2329,0.29682701529724476
2330,0.341185757632054
2331,0.2938699228198566
2332,0.30623985964572503
2333,0.15115864616369412
2334,0.32568200185763624
2335,0.22027565676486566
2336,0.39853828849060413
2337,0.4336345423886525
2338,0.28192359251895166
2339,0.33400840472678056
2340,0.171665421407875
2341,0.22207420768005726
2342,0.19439389602634782
2343,0.1168107492358722
2344,0.37626244265353753
2345,0.33192326919529314
2346,0.37905525295084375
2347,0.23102469271731751
2348,0.31510861471164014
2349,0.32117103664225
2350,0.2612460408780496
2351,0.36848186580484765
2352,0.3862326058561172
2353,0.3362681994817207
2354,0.4074649303484666
2355,0.379291832875397
2356,0.27342296937918165
2357,0.33400840472678056
2358,0.3551930873919236
2359,0.2718194280240457
2360,0.5366181819964158
2361,0.3791163738058784
2362,0.21758477567135862
2363,0.23460747102713086
2364,0.3044812907407033
2365,0.2693850368426549
2366,0.1885270578296222
2367,0.4180383174944627
2368,0.44426186635958936
2369,0.19220919436526673
2370,0.2628367717550972
2371,0.15115864616369412
2372,0.49763511745279687
2373,0.2773945244962539
2374,0.1393792003558385
2375,0.2938699228198566
2376,0.23549111440646436
2377,0.27838398317312696
2378,0.28886436549967187
2379,0.1409198732326399
2380,0.25717046157810564
2381,0.20214519372441997
2382,0.2938699228198566
2383,0.23598570651126283
2384,0.24187924758884782
2385,0.3256948123357246
2386,0.21330567984367585
2387,0.18976753653747913
2388,0.25990958041263
2389,0.25717046157810564
2390,0.251453698109772
2391,0.24493043301999143
2392,0.44426186635958936
2393,0.49763511745279687
2394,0.14862282827365186
2395,0.2677977855490425
2396,0.4876649542502172
2397,0.27838398317312696
2398,0.19202591616427972
2399,0.2649217592761778
2400,0.338154137562897
2401,0.2061283269384024
2402,0.37905525295084375
2403,0.3328593547629097
2404,0.19202591616427972
2405,0.2649217592761778
2406,0.39853828849060413
2407,0.379291832875397
2408,0.12196614639255876
2409,0.3092692498675845
2410,0.21560741762136915
2411,0.13520483385592877
2412,0.1466447579711633
2413,0.3333927959368932
2414,0.33400840472678056
2415,0.31510861471164014
2416,0.2774590938616502
2417,0.4252156703997361
2418,0.2654481352475303
2419,0.2285058661154516
2420,0.25717046157810564
2421,0.33338277219235474
2422,0.44426186635958936
2423,0.25996074548223247
2424,0.23261508813359966
2425,0.2677977855490425
2426,0.3044812907407033
2427,0.04478163546634095
2428,0.39853828849060413
2429,0.24989144681393674
2430,0.3162100228483047
2431,0.24599808158142444
2432,0.4255488519183657
2433,0.338154137562897
2434,0.2738153207153039
2435,0.24989144681393674
2436,0.2061283269384024
2437,0.2718194280240457
2438,0.49763511745279687
2439,0.21560741762136915
2440,0.28713577689392444
2441,0.2233050469867251
2442,0.33512474734103753
2443,0.2036790353686847
2444,0.10078139132571595
2445,0.209711812896465
2446,0.3551930873919236
2447,0.137995504302715
2448,0.18596672145670312
2449,0.3889830712787173
2450,0.24989144681393674
2451,0.2677977855490425
2452,0.22494978600032206
2453,0.23460747102713086
2454,0.19342918109396803
2455,0.2788942022970922
2456,0.43248962489908593
2457,0.33400840472678056
2458,0.10289925040466663
2459,0.2718194280240457
2460,0.2409791439104783
2461,0.1409198732326399
2462,0.27116317462424144
2463,0.23847602931803125
2464,0.16167507043340434
2465,0.10078139132571595
2466,0.3055655330584752
2467,0.2704537515155337
2468,0.36015410118586894
2469,0.2832965356738605
2470,0.23549111440646436
2471,0.26922888451106425
2472,0.17320914095950501
2473,0.21560741762136915
2474,0.12196614639255876
2475,0.4505960194783509
2476,0.34130606354900905
2477,0.4393140161973498
2478,0.274131938667804
2479,0.17293250649547456
2480,0.3346982386806932
2481,0.32381839051120315
2482,0.2702117520845852
2483,0.41507328568829166
2484,0.1846213052060673
2485,0.44239825501315627
2486,0.29877707159695543
2487,0.2609731604086641
2488,0.4201101971884808
2489,0.29877707159695543
2490,0.2586110562247903
2491,0.27394266297727854
2492,0.2628499353868029
2493,0.3241248515346971
2494,0.3273700375418169
2495,0.2250914284970829
2496,0.29877707159695543
2497,0.356024147847756
2498,0.452624651805845
2499,0.2000733698350451
2500,0.37889278947247135
2501,0.2555613229062626
2502,0.3318268792858723
2503,0.18086955082617612
2504,0.13892762348225712
2505,0.2085861841457836
2506,0.3271374417563519
2507,0.3315819603098737
2508,0.27394266297727854
2509,0.14996763861355702
2510,0.25334316077599145
2511,0.274131938667804
2512,0.2878054481638776
2513,0.24364611637793393
2514,0.3241248515346971
2515,0.3169333866048125
2516,0.3318268792858723
2517,0.3015303326865277
2518,0.2408928552883617
2519,0.28873050301647063
2520,0.2578889215928576
2521,0.2609731604086641
2522,0.31839892399512143
2523,0.3454507607017599
2524,0.29927528916729557
2525,0.2865792958455384
2526,0.23868510258398862
2527,0.4643320748593876
2528,0.23054326424422478
2529,0.3457522103574345
2530,0.29813993153916224
2531,0.19637764512432682
2532,0.37889278947247135
2533,0.4825503757405547
2534,0.1904979306734524
2535,0.2052391776380527
2536,0.32381839051120315
2537,0.14037788926495182
2538,0.1516824323214016
2539,0.337943424687813
2540,0.23006510047200002
2541,0.21116609742552073
2542,0.42399286536457814
2543,0.32144276783040165
2544,0.19736420105500052
2545,0.29813993153916224
2546,0.24163599183470041
2547,0.2688053947581159
2548,0.16293561635361536
2549,0.3965508869099883
2550,0.12764562020125603
2551,0.4173569360989086
2552,0.1941190150478807
2553,0.21403574256184377
2554,0.28005920837921927
2555,0.24888695298565494
2556,0.2675699902793011
2557,0.33201615497639775
2558,0.23868510258398862
2559,0.32381839051120315
2560,0.21728264282746146
2561,0.3713593194272587
2562,0.07628398719200707
2563,0.30899939240643093
2564,0.3719230252779446
2565,0.26481672918972887
2566,0.30398308228058646
2567,0.3454507607017599
2568,0.4094585197959982
2569,0.21403745682034164
2570,0.21539128670516228
2571,0.14367497811141228
2572,0.13072985901706252
2573,0.27394266297727854
2574,0.3212534921398762
2575,0.1954589444673977
2576,0.28820368445095934
2577,0.3318268792858723
2578,0.29877707159695543
2579,0.23260055969757865
2580,0.2659341742026094
2581,0.3220638054405294
2582,0.07628398719200707
2583,0.2555613229062626
2584,0.2154449242149435
2585,0.37889278947247135
2586,0.29877707159695543
2587,0.27681402237209946
2588,0.33394884375813283
2589,0.32601484955975124
2590,0.3273700375418169
2591,0.27681402237209946
2592,0.34427904395344533
2593,0.20027816384410738
2594,0.2828487175499044
2595,0.1781162897366039
2596,0.20315760865085158
2597,0.3719230252779446
2598,0.2221576620566133
2599,0.1912476556530598
2600,0.3212534921398762
2601,0.07628398719200707
2602,0.3346982386806932
2603,0.36355053375763724
2604,0.3346982386806932
2605,0.24364611637793393
2606,0.3315819603098737
2607,0.2408928552883617
2608,0.2909569455405316
2609,0.27852949799725124
2610,0.1326823789156399
2611,0.37289273915634974
2612,0.37725276245944533
2613,0.19711634314236562
2614,0.1954589444673977
2615,0.1912476556530598
2616,0.30546354560139455
2617,0.38946617661846744
2618,0.2689816491833332
2619,0.2689816491833332
2620,0.2878054481638776
2621,0.3169333866048125
2622,0.20721471486435755
2623,0.274131938667804
2624,0.2113394452353558
2625,0.2631233939466464
2626,0.26481672918972887
2627,0.337943424687813
2628,0.35496470463476987
2629,0.4505960194783509
2630,0.20721471486435755
2631,0.3351788232114384
2632,0.4173569360989086
2633,0.31839892399512143
2634,0.32381839051120315
2635,0.34924005774739064
2636,0.13892762348225712
2637,0.28820368445095934
2638,0.2052391776380527
2639,0.1954589444673977
2640,0.3881326106289354
2641,0.16088425110382865
2642,0.24276977362999536
2643,0.38545052692463994
2644,0.1244711591025433
2645,0.2221576620566133
2646,0.23868510258398862
2647,0.27681402237209946
2648,0.1781162897366039
2649,0.20315760865085158
2650,0.2052391776380527
2651,0.16088425110382865
2652,0.2659341742026094
2653,0.2863900201550129
2654,0.2052391776380527
2655,0.3719230252779446
2656,0.5177701443595559
2657,0.12171789801297109
2658,0.20610174836346218
2659,0.33201615497639775
2660,0.4327313831258086
2661,0.3093005117235618
2662,0.019905968664825135
2663,0.17177113855461654
2664,0.04309894844239692
2665,0.3048032209369532
2666,0.16241310019271582
2667,0.32865149530760707
2668,0.1807187525464009
2669,0.04249999899642676
2670,0.38296255747804153
2671,0.24699506128410872
2672,0.4110117849169212
2673,0.24276588339584082
2674,0.22059873495879867
2675,0.17177113855461654
2676,0.014950297319350048
2677,0.25245712179916113
2678,0.13070806712835947
2679,-0.03715122581895408
2680,0.11492774863021582
2681,0.29634507770712903
2682,0.08229529834684329
2683,0.25245712179916113
2684,0.21719410225099067
2685,0.13876163123670998
2686,0.33824885986983255
2687,0.04260982178389505
2688,0.0990861726350441
2689,0.21719410225099067
2690,0.33824885986983255
2691,0.1483334741579892
2692,0.08676470046707535
2693,0.20886740366944778
2694,0.3875741205202939
2695,0.255072958523716
2696,0.29634507770712903
2697,0.32865149530760707
2698,0.31895479838380325
2699,0.18062832161134224
2700,0.13347704068440444
2701,0.13070806712835947
2702,-0.03208974874691267
2703,0.3541683949925205
2704,0.13070806712835947
2705,0.049215843653050956
2706,0.4110117849169212
2707,0.15455634149901332
2708,0.11492774863021582
2709,0.09633775674625139
2710,0.29960927332024156
2711,-0.01329944328123589
2712,0.3166051411384025
2713,0.2823944762646383
2714,0.38296255747804153
2715,0.15258841750559002
2716,0.15455634149901332
2717,0.3180390294847923
2718,0.21733290705077113
2719,0.2823944762646383
2720,0.2462058440286229
2721,0.10532838956135757
2722,0.036894371485082206
2723,0.26537143348280373
2724,0.32242862796658295
2725,0.28902290243880957
2726,0.09900821350752786
2727,-0.013499756862948242
2728,0.24276588339584082
2729,0.0990861726350441
2730,0.18096239224690444
2731,0.046747991001787254
2732,0.07590572452420014
2733,0.0744576253392002
2734,0.15247709409016616
2735,0.043343633061452475
2736,0.2563527552319478
2737,0.2845391032784839
2738,-0.029419291985636198
2739,0.17093708320802192
2740,0.3013299775666847
2741,0.23653758667647318
2742,0.0981579497753805
2743,0.23110473133024173
2744,0.3541683949925205
2745,0.29960927332024156
2746,0.23110473133024173
2747,0.2563527552319478
2748,0.21719410225099067
2749,0.1294440028756519
2750,0.1313010152636009
2751,0.2514596485846916
2752,0.13347704068440444
2753,0.20886740366944778
2754,0.14362248743156966
2755,0.2585462018939845
2756,0.21193706153456154
2757,0.054045557746257356
2758,0.22017748013752944
2759,-0.017983556023273894
2760,0.19714438892301517
2761,0.44810805003175247
2762,0.21237189325682582
2763,0.36149057026084
2764,0.3013299775666847
2765,0.30757219449299816
2766,0.28902290243880957
2767,0.44810805003175247
2768,0.08177980060751969
2769,0.0022805616351954106
2770,0.10532838956135757
2771,0.393796987861318
2772,0.13876163123670998
2773,0.11492774863021582
2774,0.038016199836101106
2775,0.09193508243435639
2776,0.3355784031085561
2777,0.23828208423551517
2778,0.2731033673161216
2779,0.1807187525464009
2780,0.13643965403565872
2781,0.27403310690704086
2782,0.03487788795057717
2783,0.2278674570752095
2784,0.023910007112462328
2785,0.38296255747804153
2786,0.21719410225099067
2787,-0.013499756862948242
2788,0.05828031749457041
2789,0.2611956395603916
2790,0.36149057026084
2791,0.21740850658148447
2792,0.21740850658148447
2793,0.12224992389853531
2794,0.12224992389853531
2795,0.11800826691328958
2796,0.020966103052465018
2797,0.1697352754610353
2798,0.11800826691328958
2799,0.1483334741579892
2800,0.15455634149901332
2801,0.2823395948047016
2802,0.09633775674625139
2803,0.026580463873738802
2804,0.32865149530760707
2805,0.2761716089236142
2806,0.3048032209369532
2807,0.21393526321121598
2808,0.25847157800774156
2809,0.13070806712835947
2810,0.07736449477609783
2811,0.21911441443983498
2812,0.3367055384350728
2813,0.08229529834684329
2814,0.13876163123670998
2815,0.11492774863021582
2816,0.14124997730429703
2817,0.30757219449299816
2818,0.0658515321749025
2819,0.18062832161134224
2820,0.09193508243435639
2821,0.2845391032784839
2822,0.2277760878640721
2823,0.3541683949925205
2824,0.1483334741579892
2825,0.4110117849169212
2826,0.2731033673161216
2827,0.3875741205202939
2828,0.12680765115543108
2829,0.3355784031085561
2830,-0.029419291985636198
2831,0.11044394946989017
2832,0.1697352754610353
2833,0.2514596485846916
2834,0.255072958523716
2835,0.17797671912733498
2836,0.16406493422922283
2837,0.14255274062820816
2838,0.020966103052465018
2839,0.32865149530760707
2840,0.1497081205341212
2841,0.2731033673161216
2842,0.28902290243880957
2843,0.09410127277548844
2844,0.33051692603651467
2845,0.4110117849169212
2846,0.08043989817628372
2847,0.32242862796658295
2848,0.15682376526534036
2849,0.004936745142308768
2850,0.30757219449299816
2851,0.22017748013752944
2852,0.5073222669192416
2853,0.4232074046646997
2854,0.36328814963058176
2855,0.39767778799990927
2856,0.5300889415426151
2857,0.2526009594591058
2858,0.3662794629434146
2859,0.513251426271145
2860,0.5140360394815006
2861,0.6001115245504276
2862,0.34372226221520935
2863,0.3416442426272495
2864,0.47803057120303427
2865,0.3220437853143624
2866,0.23582067043271687
2867,0.44717326508483973
2868,0.5999879024739985
2869,0.35580361132973876
2870,0.5202067701702864
2871,0.5192749355192536
2872,0.43368325627837556
2873,0.18057184568957457
2874,0.5203486953826912
2875,0.6001115245504276
2876,0.3592177902313241
2877,0.2634633867547921
2878,0.37177591673449645
2879,0.3026312783428731
2880,0.5050862347276606
2881,0.514503911947611
2882,0.26300929526046457
2883,0.369192489843171
2884,0.2639411299114974
2885,0.44400111658532654
2886,0.2944010689922872
2887,0.3263082649829222
2888,0.5202067701702864
2889,0.5822371624227289
2890,0.47406484152100814
2891,0.2889930034195825
2892,0.43683748594836364
2893,0.5023146892105981
2894,0.37003507167783406
2895,0.31108200793618407
2896,0.38619790471587556
2897,0.3853262856670919
2898,0.22312462573403563
2899,0.3990374827896997
2900,0.31295886383972255
2901,0.3990374827896997
2902,0.40404225851319564
2903,0.44652872435168395
2904,0.44401345647368806
2905,0.5068586865762271
2906,0.3998456401510136
2907,0.5822847882607973
2908,0.5854673531176877
2909,0.5298980085736067
2910,0.489081504396145
2911,0.5822847882607973
2912,0.2217649309442452
2913,0.31108200793618407
2914,0.5275260482879647
2915,0.5894330827997138
2916,0.2994688550332584
2917,0.5216812648528845
2918,0.49045367561064795
2919,0.18057184568957457
2920,0.4877218096063546
2921,0.4523549480123417
2922,0.28085070005969176
2923,0.49045367561064795
2924,0.350966677462613
2925,0.5192749355192536
2926,0.4316796444173578
2927,0.3615446236255003
2928,0.4296601330430902
2929,0.5884555189495833
2930,0.4600790932842794
2931,0.4441247386617558
2932,0.5658797772952182
2933,0.31807805563233627
2934,0.43683748594836364
2935,0.5094920421158715
2936,0.37502006237079394
2937,0.4002627881594761
2938,0.45750346528015223
2939,0.25949765707276595
2940,0.34572778142485994
2941,0.3438458842916386
2942,0.47406484152100814
2943,0.4563141014697386
2944,0.5238294953541924
2945,0.43683748594836364
2946,0.3394692455919183
2947,0.3854207180257562
2948,0.27474120800067675
2949,0.32932277045928077
2950,0.5462793199823311
2951,0.33027399466494833
2952,0.4874676845784906
2953,0.5216812648528845
2954,0.4232074046646997
2955,0.39767778799990927
2956,0.3724501936322005
2957,0.3214153804534704
2958,0.633083776449564
2959,0.28085070005969176
2960,0.3626985902028252
2961,0.26615132839170125
2962,0.31807805563233627
2963,0.6462449215169672
2964,0.22227030150012145
2965,0.5219899440323754
2966,0.40916104695737665
2967,0.2830638440676792
2968,0.5094920421158715
2969,0.34987445197783545
2970,0.46246447907409755
2971,0.39972201807458435
2972,0.4668874886157347
2973,0.5894330827997138
2974,0.40900327230714095
2975,0.5482399975450434
2976,0.592810549568725
2977,0.7113904140706782
2978,0.5219899440323754
2979,0.21779920126221908
2980,0.3580492535928287
2981,0.5999879024739985
2982,0.22312462573403563
2983,0.49045367561064795
2984,0.5238294953541924
2985,0.42431302449643915
2986,0.5992555970387627
2987,0.47406484152100814
2988,0.3234034801041528
2989,0.5197587413473026
2990,0.513251426271145
2991,0.5482399975450434
2992,0.18057184568957457
2993,0.3220437853143624
2994,0.3580492535928287
2995,0.3394692455919183
2996,0.4335376048600122
2997,0.43683748594836364
2998,0.2648230815445825
2999,0.4441247386617558
3000,0.5298980085736067
3001,0.4976310285159214
3002,0.3580492535928287
3003,0.5035601878678246
3004,0.3705521846329614
3005,0.4600790932842794
3006,0.44925235251144113
3007,0.5140360394815006
3008,0.33163368945473876
3009,0.514503911947611
3010,0.5310068482594659
3011,0.32932277045928077
3012,0.26300929526046457
3013,0.33027399466494833
3014,0.3580492535928287
3015,0.6098027629537479
3016,0.5275260482879647
3017,0.5196351192708735
3018,0.5140360394815006
3019,0.3475734019791528
3020,0.44400111658532654
3021,0.5196351192708735
3022,0.43985398696716144
3023,0.5899300136321812
3024,0.3656944789642126
3025,0.5999879024739985
3026,0.4150058303924569
3027,0.41868796692810145
3028,0.4335376048600122
3029,0.3580492535928287
3030,0.3715183589811677
3031,0.4441247386617558
3032,0.6254385510781801
3033,0.4336386079030205
3034,0.3475734019791528
3035,0.5186366036602559
3036,0.30563958572204425
3037,0.21779920126221908
3038,0.41043685415939035
3039,0.3475734019791528
3040,0.4316796444173578
3041,0.44925235251144113
3042,0.5132561082081963
3043,0.7022408626790766
3044,0.5401343301006856
3045,0.5550141734762088
3046,0.2648803020035669
3047,0.4918255367034704
3048,0.5635940883512849
3049,0.6353669566793338
3050,0.5018283153092309
3051,0.5304430916973653
3052,0.5214718960042719
3053,0.44220832531024706
3054,0.5681830917449959
3055,0.41638124869326865
3056,0.3624362500735386
3057,0.4613556422942907
3058,0.5821810985123559
3059,0.6354507961028844
3060,0.4778288796612325
3061,0.3791058575303949
3062,0.5320521617447778
3063,0.3777264736409906
3064,0.6837705461786201
3065,0.43486399970732764
3066,0.6268147609945063
3067,0.4920152513788155
3068,0.44220832531024706
3069,0.6083002236010862
3070,0.4445298998163155
3071,0.4670586986226933
3072,0.4598478166864327
3073,0.4122133400561644
3074,0.2506783520372308
3075,0.43320699117124384
3076,0.7453946254964594
3077,0.3158759072491231
3078,0.5069439922960199
3079,0.5700464600758721
3080,0.6537967128438846
3081,0.4040597765252999
3082,0.5532010113389887
3083,0.3311789839154036
3084,0.5891937770599156
3085,0.6163034791188409
3086,0.37846560798369483
3087,0.5653443736715213
3088,0.5723680345819404
3089,0.5109798763151521
3090,0.45434296374673094
3091,0.2923768078477777
3092,0.6281896037740604
3093,0.5031215225311287
3094,0.4026049569317403
3095,0.5296019116738834
3096,0.3073284480924958
3097,0.4194249294515375
3098,0.5100879224368198
3099,0.5241322078460485
3100,0.28051362432036775
3101,0.3728774397259505
3102,0.2506783520372308
3103,0.5075288219137088
3104,0.40173820201923144
3105,0.6364318405242928
3106,0.48234935126982764
3107,0.5304430916973653
3108,0.4089411298135318
3109,0.6837705461786201
3110,0.5610057388397225
3111,0.638295208855169
3112,0.5681830917449959
3113,0.6574425258392125
3114,0.27417745143857625
3115,0.5821810985123559
3116,0.6406167833612373
3117,0.43307485134092
3118,0.4613556422942907
3119,0.565190681676667
3120,0.5700464600758721
3121,0.33017720729795125
3122,0.5986918404766621
3123,0.49976663939074645
3124,0.3621348336407247
3125,0.5367792645791568
3126,0.4122133400561644
3127,0.4717176953652896
3128,0.5723680345819404
3129,0.36515915637368407
3130,0.6537967128438846
3131,0.35780085013369833
3132,0.4500903084942403
3133,0.6741046460696323
3134,0.4596064894085677
3135,0.4138728404557153
3136,0.3119174514862069
3137,0.4026049569317403
3138,0.44220832531024706
3139,0.565190681676667
3140,0.3621348336407247
3141,0.2648803020035669
3142,0.27417745143857625
3143,0.5497427132251097
3144,0.4140596741872002
3145,0.532874121916516
3146,0.4604205086895528
3147,0.5251540325399164
3148,0.3119174514862069
3149,0.5069439922960199
3150,0.4500903084942403
3151,0.30657875781411376
3152,0.36515915637368407
3153,0.4265912090928949
3154,0.35780085013369833
3155,0.6504298472916528
3156,0.4862355373616937
3157,0.5400514748217894
3158,0.48234935126982764
3159,0.33651338017974275
3160,0.5296019116738834
3161,0.4832413051481599
3162,0.37338936572427
3163,0.3679172073455819
3164,0.46622584799483957
3165,0.6837705461786201
3166,0.5061539791341547
3167,0.5820592729852607
3168,0.6364318405242928
3169,0.43486399970732764
3170,0.6406167833612373
3171,0.27417745143857625
3172,0.5550141734762088
3173,0.6524218700643305
3174,0.45566287384948817
3175,0.43320699117124384
3176,0.5628691071705987
3177,0.6556933729534895
3178,0.7022408626790766
3179,0.5564167354460114
3180,0.3208800578629419
3181,0.5884762162404229
3182,0.5893946910416528
3183,0.39229489828370345
3184,0.5802672712689192
3185,0.522846738783826
3186,0.5627021344729526
3187,0.3826865151592794
3188,0.4426832344653441
3189,0.6749965999479646
3190,0.48969367687274706
3191,0.4832413051481599
3192,0.5320521617447778
3193,0.6353669566793338
3194,0.38079247869048494
3195,0.5069439922960199
3196,0.3558149483325316
3197,0.6006108546769067
3198,0.43510107227991984
3199,0.5681830917449959
3200,0.313780819817083
3201,0.39330780749673094
3202,0.36515915637368407
3203,0.5191711940521032
3204,0.5874446241741926
3205,0.44220832531024706
3206,0.5874446241741926
3207,0.5635940883512849
3208,0.44975558741052185
3209,0.39229489828370345
3210,0.45434296374673094
3211,0.5248748088395043
3212,0.4179228738018575
3213,0.42377770190591063
3214,0.5821810985123559
3215,0.5723680345819404
3216,0.33863573423937926
3217,0.3777264736409906
3218,0.5830362836221255
3219,0.43442452197427
3220,0.3119174514862069
3221,0.4445298998163155
3222,0.45434296374673094
3223,0.5700464600758721
3224,0.4179228738018575
3225,0.45608437304848876
3226,0.6309508832522495
3227,0.5874446241741926
3228,0.22628206357534364
3229,0.35606303559265223
3230,0.45590263829553473
3231,0.3557316048854046
3232,0.2693303164687562
3233,0.46658435817148874
3234,0.4235663318333254
3235,0.515937642120782
3236,0.5729108603830491
3237,0.45192988302654374
3238,0.3418424883121883
3239,0.33367021402074437
3240,0.5210481308492456
3241,0.4933921619510307
3242,0.3291797076183124
3243,0.28363161651758434
3244,0.46013211247297386
3245,0.2962614281886273
3246,0.44713514290806194
3247,0.3367315514796429
3248,0.4645696862452679
3249,0.3367315514796429
3250,0.21360920903059105
3251,0.2705611620860858
3252,0.3136938371891414
3253,0.24686925850864788
3254,0.5682956313648482
3255,0.17028230771596864
3256,0.3893278398746883
3257,0.45590263829553473
3258,0.20062747950937937
3259,0.28544409658855546
3260,0.3279107150283265
3261,0.3367315514796429
3262,0.29114835701939007
3263,0.2052427085275803
3264,0.2296385669407473
3265,0.5759721978419476
3266,0.2705611620860858
3267,0.45590263829553473
3268,0.25788830754133324
3269,0.595300012513678
3270,0.5759721978419476
3271,0.4742609246485882
3272,0.4391423797168989
3273,0.20830404598647884
3274,0.4947966967540546
3275,0.5301545199599671
3276,0.5031501388111372
3277,0.32905498500254343
3278,0.329292836049441
3279,0.4008119064008448
3280,0.24232593531992624
3281,0.3557316048854046
3282,0.4066977405247317
3283,0.3367315514796429
3284,0.31929700814243694
3285,0.4119554742091351
3286,0.5108267052882367
3287,0.2987098132091327
3288,0.31681310970718196
3289,0.21360920903059105
3290,0.5077653678293381
3291,0.24133736119592536
3292,0.5301545199599671
3293,0.4935887393203187
3294,0.40599744759556194
3295,0.3136938371891414
3296,0.5031501388111372
3297,0.4933921619510307
3298,0.26289861641880413
3299,0.42037065347386937
3300,0.33829706154819866
3301,0.4793718614811336
3302,0.37231238272136796
3303,0.31929700814243694
3304,0.20937973485315192
3305,0.46013211247297386
3306,0.5585376545047416
3307,0.5729108603830491
3308,0.5077653678293381
3309,0.2612424643869553
3310,0.46013211247297386
3311,0.5077653678293381
3312,0.4696806230778133
3313,0.5077653678293381
3314,0.33367021402074437
3315,0.33829706154819866
3316,0.409645619252566
3317,0.4399577900027885
3318,0.5759721978419476
3319,0.2860369586643801
3320,0.17028230771596864
3321,0.24694116433812718
3322,0.281807484486941
3323,0.281807484486941
3324,0.33367021402074437
3325,0.4935887393203187
3326,0.2455668353733645
3327,0.39148576577855687
3328,0.46150834878636937
3329,0.31227737889612067
3330,0.41575542445566843
3331,0.3055215628976975
3332,0.25662723536875437
3333,0.3055215628976975
3334,0.3335223102268801
3335,0.33367021402074437
3336,0.35455488735787605
3337,0.3595248794117231
3338,0.5077653678293381
3339,0.3727373981175051
3340,0.3136938371891414
3341,0.33367021402074437
3342,0.5077653678293381
3343,0.3438525104221926
3344,0.40246826634729255
3345,0.2612424643869553
3346,0.32905498500254343
3347,0.281807484486941
3348,0.4138749179091859
3349,0.25662723536875437
3350,0.515937642120782
3351,0.3560593661513734
3352,0.45433099588109593
3353,0.5108267052882367
3354,0.3367315514796429
3355,0.5682956313648482
3356,0.4138750934300051
3357,0.3727373981175051
3358,0.515937642120782
3359,0.44713514290806194
3360,0.31929700814243694
3361,0.2705611620860858
3362,0.3418424883121883
3363,0.35703140721643317
3364,0.22540909276330817
3365,0.2987098132091327
3366,0.33461492501255413
3367,0.2582396899181171
3368,0.46013211247297386
3369,0.2694147386783992
3370,0.515937642120782
3371,0.20830404598647884
3372,0.40599744759556194
3373,0.4138750934300051
3374,0.2987098132091327
3375,0.45590263829553473
3376,0.3672014458888226
3377,0.20937973485315192
3378,0.34805503840830515
3379,0.41575542445566843
3380,0.32905498500254343
3381,0.46614676086572887
3382,0.3842169030421429
3383,0.5108267052882367
3384,0.22628206357534364
3385,0.3136938371891414
3386,0.41706641104168046
3387,0.515937642120782
3388,0.4035447177138734
3389,0.5108267052882367
3390,0.4742609246485882
3391,0.46150834878636937
3392,0.5729108603830491
3393,0.4933921619510307
3394,0.308582900356596
3395,0.5810831346744929
3396,0.3165068530735598
3397,0.5682956313648482
3398,0.3560593661513734
3399,0.2860369586643801
3400,0.5301545199599671
3401,0.5379504595714374
3402,0.24686925850864788
3403,0.5810831346744929
3404,0.45682638131138226
3405,0.3055215628976975
3406,0.46614676086572887
3407,0.281807484486941
3408,0.3473775344526026
3409,0.308582900356596
3410,0.5759721978419476
3411,0.5210481308492456
3412,0.46658435817148874
3413,0.46013211247297386
3414,0.2296385669407473
3415,0.20585764334658896
3416,0.24755609915713583
3417,0.4106768563458028
3418,0.20808139191589442
3419,0.19203473593018783
3420,0.34329331164712157
3421,0.462123283605378
3422,0.26185739920596396
3423,0.4850086726897985
3424,0.3228273743825127
3425,0.5892800472493891
3426,0.2899556560201542
3427,0.3228273743825127
3428,0.4894065412112339
3429,0.3170626966839583
3430,0.2673980021988794
3431,0.24058084837512145
3432,0.5045228404683963
3433,0.2899556560201542
3434,0.4375182414566919
3435,0.41504967456216063
3436,0.5727715892476932
3437,0.45284076057158545
3438,0.47881416027118456
3439,0.44659629212341395
3440,0.3070091762298376
3441,0.2337331917407347
3442,0.5032805584188227
3443,0.2337331917407347
3444,0.28489098943267244
3445,0.33679477198083435
3446,0.4716368073659111
3447,0.4408777753213443
3448,0.49928009753579344
3449,0.5435661830657751
3450,0.3650445125814203
3451,0.5790663981949731
3452,0.29457763378192675
3453,0.39846137706805956
3454,0.5303720323846749
3455,0.30613649771670615
3456,0.3695391610333028
3457,0.34853605457972453
3458,0.34329331164712157
3459,0.2323506390245355
3460,0.3199073100602075
3461,0.44314952216826514
3462,0.4549459307001046
3463,0.28471291308755126
3464,0.5470629090504815
3465,0.40260231738442626
3466,0.25309670215005126
3467,0.4885053986745049
3468,0.5597028877856565
3469,0.21678384231384112
3470,0.5735257952020576
3471,0.30613649771670615
3472,0.20410089842394957
3473,0.3471997296007074
3474,0.5089713359391137
3475,0.5867199458831578
3476,0.18807154051379332
3477,0.42925751452798094
3478,0.541298231351927
3479,0.5675288463150903
3480,0.5045228404683963
3481,0.3476555202360505
3482,0.5045228404683963
3483,0.5036423061247224
3484,0.5045228404683963
3485,0.3310575837330986
3486,0.260750249838236
3487,0.4730494825726302
3488,0.4231270352700748
3489,0.3920026225728886
3490,0.4483003761889769
3491,0.3232758556993402
3492,0.3949646510833532
3493,0.5597028877856565
3494,0.47881416027118456
3495,0.49928009753579344
3496,0.30054379965089095
3497,0.3207654140706781
3498,0.4753174342864782
3499,0.25309670215005126
3500,0.3033764217253083
3501,0.3883374249132074
3502,0.20585764334658896
3503,0.36647935292661493
3504,0.36279673896514014
3505,0.34853605457972453
3506,0.34329331164712157
3507,0.2993556285416528
3508,0.3555089508148202
3509,0.3782777931811644
3510,0.2938150255487374
3511,0.5790663981949731
3512,0.4408777753213443
3513,0.30646411402185
3514,0.394324449166871
3515,0.31504357104653563
3516,0.3275608577483923
3517,0.38731110339516844
3518,0.24236859828916218
3519,0.45284076057158545
3520,0.4740382705780038
3521,0.3309718394791528
3522,0.27505154988706415
3523,0.5867199458831578
3524,0.28471291308755126
3525,0.462123283605378
3526,0.22858233772002295
3527,0.21041097194638875
3528,0.44314952216826514
3529,0.38116007200793395
3530,0.34329331164712157
3531,0.4030268995648177
3532,0.5220793679424824
3533,0.30613649771670615
3534,0.2953929456301792
3535,0.4446955943619653
3536,0.5735257952020576
3537,0.33533404806808176
3538,0.1737702404649652
3539,0.4519086284322636
3540,0.5210312984700922
3541,0.22858233772002295
3542,0.28489098943267244
3543,0.46587212966735675
3544,0.2647656582113031
3545,0.35676626393031047
3546,0.21905179402768915
3547,0.4052948512786657
3548,0.4730494825726302
3549,0.46841708643395935
3550,0.40879157726337206
3551,0.5470629090504815
3552,0.44314952216826514
3553,0.5089713359391137
3554,0.4071546001119511
3555,0.5142140788717167
3556,0.292313590300305
3557,0.2629202798077169
3558,0.3228273743825127
3559,0.2794993435533441
3560,0.36279673896514014
3561,0.4505690137246646
3562,0.5498993251676911
3563,0.3070091762298376
3564,0.3883374249132074
3565,0.2938150255487374
3566,0.35588572958663645
3567,0.4885053986745049
3568,0.24825720020960734
3569,0.5036423061247224
3570,0.4071546001119511
3571,0.3033764217253083
3572,0.28716273627959327
3573,0.31659045563659755
3574,0.15441121608701375
3575,0.25469007045713093
3576,0.3143667070672921
3577,0.2642469758229424
3578,0.2993556285416528
3579,0.15441121608701375
3580,0.3143667070672921
3581,0.3929261162945333
3582,0.4035578990494653
3583,0.2953929456301792
3584,0.3170626966839583
3585,0.5210312984700922
3586,0.21041097194638875
3587,0.4730494825726302
3588,0.36279673896514014
3589,0.292313590300305
3590,0.37808795295439795
3591,0.38144591991473925
3592,0.34329331164712157
3593,0.22002916685656676
3594,0.5045228404683963
3595,0.45814240222329344
3596,0.3992854629608163
3597,0.541298231351927
3598,0.30183877498593953
3599,0.25469007045713093
3600,0.2931211987832584
3601,0.2673980021988794
3602,0.5303720323846749
3603,0.2647656582113031
3604,0.26148522143716063
3605,0.5889540935074731
3606,0.21841347461098876
3607,0.34744942431802
3608,0.34450829272622313
3609,0.12718498950356688
3610,0.30863964801186766
3611,0.4359074855362817
3612,0.32745087390298094
3613,0.41747772937173094
3614,0.22164643054360594
3615,0.38873207812661376
3616,0.21406615023965087
3617,0.26971543078774657
3618,0.2786170268570825
3619,0.17213738208169188
3620,0.4161464000260278
3621,0.3452655101334497
3622,0.3086339259659692
3623,0.2222963595902368
3624,0.30022919421548094
3625,0.35467255359048094
3626,0.4291888499771997
3627,0.2980433726822778
3628,0.39927780871743407
3629,0.41747772937173094
3630,0.4619189525162622
3631,0.38209450488442626
3632,0.4619189525162622
3633,0.20174467807168212
3634,0.3680659556900903
3635,0.2536498332535669
3636,0.19188797717446532
3637,0.3452655101334497
3638,0.3641272807633325
3639,0.47755158191079344
3640,0.3458806300675317
3641,0.4431248927628442
3642,0.27665817981118407
3643,0.2769385600602075
3644,0.29205048327798094
3645,0.35229218249673094
3646,0.15018952136391844
3647,0.37240326648110594
3648,0.5687438273941918
3649,0.23814690356606688
3650,0.26971543078774657
3651,0.37005293612832274
3652,0.1997576976334497
3653,0.2643367076432153
3654,0.5008937144791528
3655,0.21493065600747313
3656,0.39719879870766844
3657,0.4857264781510278
3658,0.4271632457291528
3659,0.3413935924088403
3660,0.32745087390298094
3661,0.32380688433999266
3662,0.3845998073136255
3663,0.36486351733559813
3664,0.17213738208169188
3665,0.22164643054360594
3666,0.44233620410317626
3667,0.29325783496255126
3668,0.2146216655289575
3669,0.16121208911294188
3670,0.38732445483559813
3671,0.26298439746255126
3672,0.4064551616227075
3673,0.20174467807168212
3674,0.07118523364419188
3675,0.30495751147622313
3676,0.3661700511490747
3677,0.3652259135758325
3678,0.22128594165200438
3679,0.43122971301430907
3680,0.37974417453164305
3681,0.45474159961098876
3682,0.28488838916177
3683,0.43122971301430907
3684,0.336432578614895
3685,0.33712494616860594
3686,0.2866851115738794
3687,0.35241616015786376
3688,0.3661700511490747
3689,0.5475093150650903
3690,0.3608886027848169
3691,0.20409500842446532
3692,0.30734169726723876
3693,0.6118975902115746
3694,0.33294403796548094
3695,0.5405913615738793
3696,0.26879513507241454
3697,0.31585705523843016
3698,0.4619189525162622
3699,0.388704421571438
3700,0.21207916980141844
3701,0.4354335094010278
3702,0.3321868205582544
3703,0.4476186061417505
3704,0.3013507152115747
3705,0.15548575168008055
3706,0.500495078614895
3707,0.3680659556900903
3708,0.3652259135758325
3709,0.3765746379410669
3710,0.3652259135758325
3711,0.21207916980141844
3712,0.5687438273941918
3713,0.2643367076432153
3714,0.35241616015786376
3715,0.42469513659829344
3716,0.21406615023965087
3717,0.2567778850113794
3718,0.2980433726822778
3719,0.42469513659829344
3720,0.19339668994302
3721,0.5889540935074731
3722,0.29685700183266844
3723,0.26148522143716063
3724,0.5081759715592309
3725,0.21807778125161376
3726,0.4254676127945825
3727,0.3661700511490747
3728,0.26121485476845946
3729,0.40752899890298094
3730,0.26149094348305907
3731,0.42469513659829344
3732,0.47037422900552
3733,0.5889540935074731
3734,0.37005293612832274
3735,0.4103003764664575
3736,0.2093249583756372
3737,0.3680659556900903
3738,0.16121208911294188
3739,0.37005293612832274
3740,0.42716896777505126
3741,0.3598824763810083
3742,0.21807778125161376
3743,0.19188797717446532
3744,0.30003035312051024
3745,0.26088059192055907
3746,0.4064551616227075
3747,0.4747039104020044
3748,0.2896338725602075
3749,0.27483666186684813
3750,0.5012522960221215
3751,0.4363147044693872
3752,0.28143227343911376
3753,0.4458819652115747
3754,0.4064551616227075
3755,0.34450829272622313
3756,0.42469513659829344
3757,0.32745087390298094
3758,0.5288802409684106
3759,0.34971344714516844
3760,0.388704421571438
3761,0.43383705859536376
3762,0.3591662669693872
3763,0.16978705172890868
3764,0.5012522960221215
3765,0.44863808398598876
3766,0.27665817981118407
3767,0.16780007129067626
3768,0.21207916980141844
3769,0.26149094348305907
3770,0.25046837573403563
3771,0.21018326526040282
3772,0.35349571948403563
3773,0.269721152833645
3774,0.3086339259659692
3775,0.11180031543130126
3776,0.2972804332291528
3777,0.179694297364895
3778,0.26088059192055907
3779,0.4254676127945825
3780,0.14321434741372313
3781,0.17292320971841063
3782,0.15018952136391844
3783,0.31701576953286376
3784,0.4619189525162622
3785,0.3709918284928247
3786,0.375861289552395
3787,0.26971543078774657
3788,0.4148942256485864
3789,0.5109435344254418
3790,0.2772856975113794
3791,0.42089951281899657
3792,0.24916947131509032
3793,0.5012522960221215
3794,0.33714211230630126
3795,0.37775719409341063
3796,0.5232786028192452
3797,0.3100398390179427
3798,0.18458218953550165
3799,0.2536414472943099
3800,0.36382411459640207
3801,0.47978679163415466
3802,0.3596857587197818
3803,0.3076002452726716
3804,0.44233065001086364
3805,0.21042432338681843
3806,0.269042868919045
3807,0.24614250903481688
3808,0.5483180308854028
3809,0.45609963183755126
3810,0.41004669909829344
3811,0.3249779099660088
3812,0.48468707541183176
3813,0.47781362087217
3814,0.31099124274931983
3815,0.2818911878948958
3816,0.4985261363668339
3817,0.3310120617540277
3818,0.42351146064482764
3819,0.29042160754555907
3820,0.48006928210610594
3821,0.3678553907757552
3822,0.38241855127770935
3823,0.15561045096377646
3824,0.3525084058145084
3825,0.31147853357751404
3826,0.447569212186888
3827,0.2963885262676778
3828,0.21042432338681843
3829,0.298651816896145
3830,0.43320269904814795
3831,0.4623185420548364
3832,0.3678553907757552
3833,0.42351146064482764
3834,0.42351146064482764
3835,0.25588930533389365
3836,0.2798033977066919
3837,0.42745507006997313
3838,0.48413499282653644
3839,0.4408478297942907
3840,0.2896631757119693
3841,0.30597785656024706
3842,0.26956971572692706
3843,0.36605561023110594
3844,0.5480355404134516
3845,0.36726657373864685
3846,0.34253935047816203
3847,0.1913775006631412
3848,0.22446538473389877
3849,0.47195353852233973
3850,0.450539068197611
3851,0.4378779737835677
3852,0.38134682422036376
3853,0.3320302150960687
3854,0.4984990382706567
3855,0.2757548841067417
3856,0.49134878346156047
3857,0.35346320812274706
3858,0.21192918218169587
3859,0.30597785656024706
3860,0.447569212186888
3861,0.255203202588187
3862,0.29567332587920264
3863,0.32408249621743407
3864,0.2860583260723653
3865,0.3693769971231021
3866,0.2840379564569405
3867,0.40976420862634216
3868,0.38120177928973925
3869,0.3137968972393575
3870,0.24831705442980895
3871,0.21042432338681843
3872,0.24831705442980895
3873,0.2993558733270577
3874,0.3130096950286657
3875,0.4985261363668339
3876,0.5370990310760506
3877,0.28486104390561884
3878,0.3302178783101933
3879,0.48006928210610594
3880,0.177550351067083
3881,0.2987053906114496
3882,0.25738826142273036
3883,0.2963885262676778
3884,0.2652196071859125
3885,0.3776332164322778
3886,0.29826025196741984
3887,0.4408478297942907
3888,0.34315867744170264
3889,0.3513767574186677
3890,0.3575251905804427
3891,0.26752467475615577
3892,0.43486808279708566
3893,0.23220180014327707
3894,0.2798033977066919
3895,0.3592337563702169
3896,0.2896631757119693
3897,0.43381599132587206
3898,0.4266386384205986
3899,0.3592618791864327
3900,0.3360855434294099
3901,0.16017268637374582
3902,0.4164383266325349
3903,0.4726094387288812
3904,0.4163341077395542
3905,0.5522503413909704
3906,0.16017268637374582
3907,0.32408249621743407
3908,0.5090965785735876
3909,0.3927736427905394
3910,0.32832827912292567
3911,0.3283276118987829
3912,0.2818911878948958
3913,0.4710882703164615
3914,0.3310120617540277
3915,0.19580774656848082
3916,0.21042432338681843
3917,0.3405097334271224
3918,0.2896631757119693
3919,0.4118760912225655
3920,0.4800730103688408
3921,0.16614522487607625
3922,0.2795209072347406
3923,0.297858384713746
3924,0.4726094387288812
3925,0.4378779737835677
3926,0.450539068197611
3927,0.3157208477647699
3928,0.502064740105169
3929,0.2930912532562048
3930,0.32614322028838233
3931,0.3360855434294099
3932,0.22324557624541358
3933,0.4334645671529667
3934,0.37123120074624266
3935,0.3664111092754903
3936,0.4279345074990787
3937,0.20369897283110994
3938,0.2839589519185917
3939,0.2725395717376501
3940,0.47978679163415466
3941,0.4230970897430212
3942,0.3776332164322778
3943,0.2818911878948958
3944,0.34681452200869833
3945,0.21617244223312082
3946,0.5074761425645746
3947,0.3776332164322778
3948,0.3253577558880599
3949,0.22628064534604853
3950,0.33388817553872313
3951,0.3704558635270044
3952,0.3709487102742914
3953,0.19580774656848082
3954,0.29042160754555907
3955,0.21924880687762988
3956,0.21042432338681843
3957,0.29042160754555907
3958,0.4592775859588415
3959,0.3157208477647699
3960,0.4346598580547872
3961,0.35348887763701514
3962,0.5492804853802473
3963,0.4118760912225655
3964,0.33757031207436766
3965,0.4286576533829614
3966,0.4984990382706567
3967,0.6099286479635135
3968,0.3575251905804427
3969,0.3708252467864782
3970,0.3302178783101933
3971,0.2818911878948958
3972,0.3664111092754903
3973,0.3124208595874144
3974,0.35076955982874797
3975,0.16724582038603858
3976,0.15184392482724812
3977,0.33388817553872313
3978,0.49394526825866786
3979,0.21924880687762988
3980,0.24614250903481688
3981,0.2860583260723653
3982,0.31591848560999797
3983,0.42299588607604816
3984,0.2847598402386458
3985,0.4316225197436644
3986,0.450437864530638
3987,0.3671435311504903
3988,0.3875660457366735
3989,0.3112366711290277
3990,0.21115674526181843
3991,0.42255525938586364
3992,0.20798998228625426
3993,0.21938695461240437
3994,0.5198947215592309
3995,0.3118089525506905
3996,0.22813411079131202
3997,0.4454502620452673
3998,0.29309581259444895
3999,0.357611802682496
4000,0.5399084443288018
4001,0.35848334972430956
4002,0.257758262208645
4003,0.28366030142764365
4004,0.5534867428060297
4005,0.39644236884795264
4006,0.5419806043008365
4007,0.437964585885621
4008,0.3433783857708724
4009,0.3679420028778085
4010,0.34382815681181983
4011,0.47313395960290466
4012,0.4407466261273177
4013,0.3756850569134505
4014,0.26340917774866984
4015,0.3762982403428949
4016,0.5089953749066145
4017,0.19094765429848876
4018,0.5078958360956124
4019,0.47683511174712556
4020,0.41520607715005126
4021,0.3196288371598169
4022,0.5078448804446323
4023,0.3389195583577875
4024,0.5534867428060297
4025,0.5399084443288018
4026,0.284865603243863
4027,0.357611802682496
4028,0.2972211025472406
4029,0.29299462085122313
4030,0.28366030142764365
4031,0.3671435311504903
4032,0.5161525035416528
4033,0.25236173055112665
4034,0.4305780927041568
4035,0.3708298061247224
4036,0.4305780927041568
4037,0.26331426168702377
4038,0.44454698912219176
4039,0.39472799650744567
4040,0.3762982403428949
4041,0.246341566214899
4042,0.31591848560999797
4043,0.45649770924281047
4044,0.3708298061247224
4045,0.4324697344110421
4046,0.26965632782898036
4047,0.24058650473312082
4048,0.5161525035416528
4049,0.20740942188929484
4050,0.24910787769984172
4051,0.2756357338549925
4052,0.4408523891325349
4053,0.437964585885621
4054,0.4490078488687076
4055,0.42850593273212206
4056,0.2713388292596749
4057,0.39644236884795264
4058,0.372138145021145
4059,0.4636750621480839
4060,0.3833222789449589
4061,0.3855732873150411
4062,0.31598571483661425
4063,0.36390793567055907
4064,0.3762982403428949
4065,0.4636750621480839
4066,0.4636750621480839
4067,0.3762982403428949
4068,0.284865603243863
4069,0.38517848474938904
4070,0.3603938429241927
4071,0.3605555096963443
4072,0.40737450366372313
4073,0.437964585885621
4074,0.3826050319427282
4075,0.2674601589830316
4076,0.5062133346649178
4077,0.3615999367358519
4078,0.2713388292596749
4079,0.4381971711354424
4080,0.2828215161660709
4081,0.3552593745940954
4082,0.21115674526181843
4083,0.2807493561940361
4084,0.3247894801849157
4085,0.5493670974823006
4086,0.2918905107782296
4087,0.3679420028778085
4088,0.17603235594348082
4089,0.3532208584066156
4090,0.3358369273824589
4091,0.43954193835610594
4092,0.2953668040914433
4093,0.17603235594348082
4094,0.4646911176272495
4095,0.20524895434731688
4096,0.2713388292596749
4097,0.31598571483661425
4098,0.45005227590821517
4099,0.4305780927041568
4100,0.3291265045257577
4101,0.3196678513722588
4102,0.5430250313403441
4103,0.318057874808649
4104,0.33549225573891844
4105,0.23031220830474275
4106,0.4353922799297872
4107,0.4213285798268486
4108,0.28366030142764365
4109,0.27767670398110594
4110,0.42564860804040466
4111,0.36912088743762145
4112,0.3877640986954614
4113,0.43367503622726145
4114,0.4396470873163155
4115,0.6648892544027094
4116,0.377963880668024
4117,0.4636750621480839
4118,0.23769870148620692
4119,0.2971209481426778
4120,0.21115674526181843
4121,0.2819777999969491
4122,0.24910787769984172
4123,0.16687764675107625
4124,0.29664082906186884
4125,0.47854604274717
4126,0.4636750621480839
4127,0.3532208584066156
4128,0.2170553352954222
4129,0.4426993878909214
4130,0.4316225197436644
4131,0.30768827625941203
4132,0.26340917774866984
4133,0.2546233132549825
4134,0.5997437618489985
4135,0.5198947215592309
4136,0.30768827625941203
4137,0.18338144705752646
4138,0.39644236884795264
4139,0.2261794416790755
4140,0.11087789089170125
4141,0.5127173686539575
4142,0.40613360725127295
4143,0.3027399579385318
4144,0.44454698912219176
4145,0.2971209481426778
4146,0.5719164989705805
4147,0.2725191468434502
4148,0.4305780927041568
4149,0.24045558295928077
4150,0.30066779796649706
4151,0.6217354915853266
4152,0.4305780927041568
4153,0.23135663534425033
4154,0.21938695461240437
4155,0.19617648444853858
4156,0.369624504308503
4157,0.24045558295928077
4158,0.5208763637298376
4159,0.5127173686539575
4160,0.3027399579385318
4161,0.437964585885621
4162,0.3655165234902896
4163,0.4877007519395746
4164,0.21393874828387988
4165,0.5493670974823006
4166,0.38753807788247313
4167,0.5208998942887231
4168,0.3121215129410669
4169,0.43946945910805907
4170,0.4810382152115747
4171,0.25768578296059813
4172,0.41973984485024657
4173,0.23659050708169188
4174,0.27033913379067626
4175,0.5211459422623559
4176,0.44029152636880126
4177,0.42709076648110594
4178,0.5139514232193871
4179,0.25351059680337157
4180,0.5300532603775903
4181,0.5112859035050317
4182,0.3617450023209497
4183,0.5396109843766137
4184,0.5555678630387231
4185,0.3379298472916528
4186,0.3379298472916528
4187,0.5360442424332543
4188,0.32504379992837157
4189,0.4939166331803247
4190,0.432685020021145
4191,0.5211459422623559
4192,0.6994506145035668
4193,0.2532264018570825
4194,0.2291785502945825
4195,0.38778221850747313
4196,0.46958840136880126
4197,0.42283356433266844
4198,0.2633715892350122
4199,0.4135638499771997
4200,0.4810382152115747
4201,0.2664710307633325
4202,0.2376009250199243
4203,0.5397444987809106
4204,0.34616005664223876
4205,0.27688515429848876
4206,0.5987216258561059
4207,0.48988259082192626
4208,0.3379298472916528
4209,0.3535052562271997
4210,0.19493019824380126
4211,0.48490631823891844
4212,0.40696633105630126
4213,0.2870532298600122
4214,0.35948097949380126
4215,0.4290496135270044
4216,0.5808707500016137
4217,0.5880481029068871
4218,0.3850785518204614
4219,0.656296851686184
4220,0.42709076648110594
4221,0.5401736522232934
4222,0.27531540637368407
4223,0.5581313396012231
4224,0.36619484668130126
4225,0.44499075656289305
4226,0.32504379992837157
4227,0.2686549449479028
4228,0.2633715892350122
4229,0.36501801257485594
4230,0.38778221850747313
4231,0.4437457347428247
4232,0.48699677234048094
4233,0.4320613170182153
4234,0.5621653819596215
4235,0.2376009250199243
4236,0.5880481029068871
4237,0.3918544078385278
4238,0.6053191447770043
4239,0.47386086230630126
4240,0.5396109843766137
4241,0.35948097949380126
4242,0.4618593478714868
4243,0.5396109843766137
4244,0.4246417308365747
4245,0.49459755664223876
4246,0.19590246920937743
4247,0.40232002978677
4248,0.4777461314713403
4249,0.5963088298355981
4250,0.45925820117348876
4251,0.32504379992837157
4252,0.3535052562271997
4253,0.3836699748551294
4254,0.5180255198990746
4255,0.4856787944352075
4256,0.43656838183755126
4257,0.49285614734048094
4258,0.3349076533829614
4259,0.3718153262650415
4260,0.31212914233559813
4261,0.5611048961197778
4262,0.2100745463883325
4263,0.3433300281083032
4264,0.34564316516274657
4265,0.23659050708169188
4266,0.5324336314713403
4267,0.40232002978677
4268,0.4135638499771997
4269,0.40952980761880126
4270,0.6078597331559106
4271,0.2877589488541528
4272,0.41250336413735594
4273,0.3911315227066919
4274,0.656296851686184
4275,0.37406647448891844
4276,0.5396109843766137
4277,0.4497004771744653
4278,0.4437457347428247
4279,0.373480918458645
4280,0.4437457347428247
4281,0.4810382152115747
4282,0.41250336413735594
4283,0.2949248576676294
4284,0.37406647448891844
4285,0.32157433276528563
4286,0.40696633105630126
4287,0.5300532603775903
4288,0.20923149829262938
4289,0.48731911425942626
4290,0.25351059680337157
4291,0.35537445788735594
4292,0.3313323283707544
4293,0.28385985141152587
4294,0.29598915820473876
4295,0.33900559192055907
4296,0.27275192981118407
4297,0.33686936145180907
4298,0.5307608867203637
4299,0.40952980761880126
4300,0.453436973146145
4301,0.4521681094681665
4302,0.40952980761880126
4303,0.5139514232193871
4304,0.40689099078530516
4305,0.3579646373307153
4306,0.47616589312905516
4307,0.2961813235794946
4308,0.41935837512368407
4309,0.4521681094681665
4310,0.3442889476334497
4311,0.4521681094681665
4312,0.27378762011880126
4313,0.35948097949380126
4314,0.32157433276528563
4315,0.5139514232193871
4316,0.5963088298355981
4317,0.434332969239895
4318,0.490729453614895
4319,0.453436973146145
4320,0.3547998691117212
4321,0.33672048116944564
4322,0.37290315977648864
4323,0.46455861593507064
4324,0.3327762935514802
4325,0.41128745423278895
4326,0.36350617803130525
4327,0.19408788234677937
4328,0.46455861593507064
4329,0.2987769453411849
4330,0.3865226118450911
4331,0.3954650188004419
4332,0.36413874970398036
4333,0.41547130087569895
4334,0.5093678615804438
4335,0.5298167739959725
4336,0.6253042573170831
4337,0.4770611904378656
4338,0.44416821246499266
4339,0.40865506679502156
4340,0.4335489625172783
4341,0.4438791627125908
4342,0.4733555171842927
4343,0.5250848619745186
4344,0.5992221387454135
4345,0.574429430794311
4346,0.561082007936184
4347,0.4013815278248955
4348,0.4619092128988031
4349,0.30555835114441005
4350,0.4228106761490747
4351,0.3200396100381412
4352,0.26165306811684813
4353,0.2526682809063497
4354,0.5025244975602075
4355,0.42708482295957234
4356,0.4890980281585485
4357,0.49627538106382196
4358,0.40865506679502156
4359,0.28693895689562926
4360,0.4076053176971444
4361,0.44292574278430114
4362,0.4357483898790277
4363,0.28693895689562926
4364,0.47602639592681306
4365,0.4124804759537622
4366,0.331832841260062
4367,0.34431589529971396
4368,0.4438791627125908
4369,0.39453603292725814
4370,0.32452500110024657
4371,0.2746174847276605
4372,0.49904282974059894
4373,0.4228106761490747
4374,0.34006305061064795
4375,0.4928332591568872
4376,0.4619092128988031
4377,0.4177970441409214
4378,0.6104453413372786
4379,0.49904282974059894
4380,0.32830228359189656
4381,0.5759611275317502
4382,0.4402190471207544
4383,0.574429430794311
4384,0.49627538106382196
4385,0.275760511527399
4386,0.40865506679502156
4387,0.3518172775360116
4388,0.46455861593507064
4389,0.3671903755786253
4390,0.3008493273065499
4391,0.47006888709746436
4392,0.2642927315356566
4393,0.3813348216695683
4394,0.28755374274931983
4395,0.30771813787017244
4396,0.31816379053552185
4397,0.2951691662462152
4398,0.39567361272368806
4399,0.42902024673278644
4400,0.47852464101255243
4401,0.18666010252551207
4402,0.34818826116118806
4403,0.3815661693131372
4404,0.48064227424346045
4405,0.3803130412613794
4406,0.4251750027330316
4407,0.6253042573170831
4408,0.24735176806802
4409,0.3327762935514802
4410,0.4438791627125908
4411,0.5645241298431187
4412,0.6206864498372797
4413,0.3831646297331208
4414,0.5111744915635981
4415,0.40865506679502156
4416,0.5108156349780394
4417,0.48565590625161376
4418,0.37169478872970285
4419,0.48064227424346045
4420,0.35269473532394113
4421,0.5201255355926522
4422,0.5452998487835676
4423,0.2987769453411849
4424,0.40865506679502156
4425,0.37648332999209677
4426,0.47006888709746436
4427,0.36901334950159953
4428,0.3680126521940583
4429,0.27259958670596396
4430,0.5874289075234926
4431,0.4627821300382966
4432,0.3358890091033944
4433,0.32899797842959677
4434,0.4928332591568872
4435,0.3813348216695683
4436,0.6426781795736078
4437,0.33672048116944564
4438,0.36901334950159953
4439,0.36350617803130525
4440,0.36843724629819696
4441,0.4573812630297972
4442,0.3455934876637627
4443,0.42625279805600946
4444,0.31951136909209327
4445,0.3598622463460687
4446,0.3307345716839583
4447,0.574429430794311
4448,0.44366116902768915
4449,0.37290315977648864
4450,0.29256737475747313
4451,0.2083891823956075
4452,0.48053287008956613
4453,0.6487241191549198
4454,0.5129481826873787
4455,0.5044068477864985
4456,0.34006305061064795
4457,0.3917745439813546
4458,0.32275442310999797
4459,0.3520383980395628
4460,0.5301442546529667
4461,0.4466819318362339
4462,0.3059321666275903
4463,0.2565702287958077
4464,0.24034680873838093
4465,0.6858319423909907
4466,0.41051028708175363
4467,0.5672520778890375
4468,0.36257295958117614
4469,0.3200396100381412
4470,0.5821504944997002
4471,0.2526682809063497
4472,0.46729902455042766
4473,0.4438791627125908
4474,0.3813348216695683
4475,0.38681353018740927
4476,0.3368464732682153
4477,0.46553147082680907
4478,0.5682386247919013
4479,0.44416821246499266
4480,0.48053287008956613
4481,0.3327762935514802
4482,0.44292574278430114
4483,0.2608984902569356
4484,0.38681353018740927
4485,0.48565590625161376
4486,0.40865506679502156
4487,0.32899797842959677
4488,0.4878196271487339
4489,0.20565331225747313
4490,0.29625035787843
4491,0.4335489625172783
4492,0.3304055248887933
4493,0.37290315977648864
4494,0.3901929043050531
4495,0.548781618868863
4496,0.5928591869588618
4497,0.23656761889809813
4498,0.40600381291900056
4499,0.3008493273065499
4500,0.46553147082680907
4501,0.3008493273065499
4502,0.32454608420089426
4503,0.4878196271487339
4504,0.2608984902569356
4505,0.5195708675069706
4506,0.3803130412613794
4507,0.47852464101255243
4508,0.5195708675069706
4509,0.28026698569015207
4510,0.4061211727376703
4511,0.5328073647143675
4512,0.45683611319522177
4513,0.4891827618272699
4514,0.23012840991372313
4515,0.4983130717789575
4516,0.3012782359635278
4517,0.4551593089615747
4518,0.39120400195473876
4519,0.24442970996255126
4520,0.24694168811196532
4521,0.38151276355141844
4522,0.35209381823891844
4523,0.40272057299966063
4524,0.4162966037308618
4525,0.44616806750649657
4526,0.26800644641274657
4527,0.4277697825943872
4528,0.42347395663613524
4529,0.3945790553605005
4530,0.23877823596352782
4531,0.2763873363053247
4532,0.5143309855973168
4533,0.3012782359635278
4534,0.2624846721207544
4535,0.5261794353043481
4536,0.44942963366860594
4537,0.20648491626137938
4538,0.4917227054154321
4539,0.45037949328774657
4540,0.44942963366860594
4541,0.25285065417641844
4542,0.28895676379555907
4543,0.36461937671059813
4544,0.4497615123307153
4545,0.20267403369302
4546,0.5237323070084496
4547,0.29934799914712157
4548,0.15606415515298094
4549,0.520402076295559
4550,0.46502602343911376
4551,0.4917227054154321
4552,0.37125313525552
4553,0.4854823375260278
4554,0.24694168811196532
4555,0.39660179858559813
4556,0.30676377063149657
4557,0.5255137706314965
4558,0.38517773394936766
4559,0.41477692370766844
4560,0.5091162944352075
4561,0.5647479320084496
4562,0.4057232165848657
4563,0.23092377429360594
4564,0.24892533069009032
4565,0.43951428180093016
4566,0.5647479320084496
4567,0.4029284740006372
4568,0.23092377429360594
4569,0.2945491099869653
4570,0.37609589343423094
4571,0.4854823375260278
4572,0.45533478503579344
4573,0.46069061999673094
4574,0.49291527514809813
4575,0.4363147044693872
4576,0.4162966037308618
4577,0.5129443431412621
4578,0.5686675334488793
4579,0.26413643603677
4580,0.5286361003434106
4581,0.42692482715005126
4582,0.43316519503945555
4583,0.31095373874062743
4584,0.4460059428727075
4585,0.3882838511979028
4586,0.20020973925942626
4587,0.48842919116372313
4588,0.4572650218521997
4589,0.45334542041177
4590,0.41477692370766844
4591,0.23092377429360594
4592,0.3662921214615747
4593,0.42446816211098876
4594,0.19707978015298094
4595,0.28870880847329344
4596,0.3225756907975122
4597,0.3662921214615747
4598,0.2944422984635278
4599,0.4805785441910669
4600,0.37085974460000243
4601,0.26413643603677
4602,0.320136191896145
4603,0.439093711427395
4604,0.35312950854653563
4605,0.41856396441811766
4606,0.2670203471695825
4607,0.20266640429848876
4608,0.13064491992348876
4609,0.16720831637734618
4610,0.30885041003579344
4611,0.2945491099869653
4612,0.47598183398598876
4613,0.3920813823258325
4614,0.21320450549477782
4615,0.2904082561051294
4616,0.45334542041177
4617,0.40515244250649657
4618,0.23054039721841063
4619,0.47244179492348876
4620,0.269477012208645
4621,0.22320807223672118
4622,0.2944422984635278
4623,0.46275055652016844
4624,0.48842919116372313
4625,0.5143309855973168
4626,0.3869105601822778
4627,0.19776261096352782
4628,0.20099938159341063
4629,0.26457321887368407
4630,0.34037506823891844
4631,0.14666283374184813
4632,0.4634906077896997
4633,0.28855812793130126
4634,0.20648491626137938
4635,0.4287635112320825
4636,0.5215941691910668
4637,0.23915398364419188
4638,0.4449998164688989
4639,0.25285065417641844
4640,0.49291527514809813
4641,0.22320807223672118
4642,0.47244179492348876
4643,0.39328682666177
4644,0.16694557910317626
4645,0.5410434031998559
4646,0.520402076295559
4647,0.2337561870133325
4648,0.33585751300210204
4649,0.28870880847329344
4650,0.26899254565591063
4651,0.4572650218521997
4652,0.19707978015298094
4653,0.30593884234780516
4654,0.30593884234780516
4655,0.33688080554360594
4656,0.4220210338150903
4657,0.38531220202798094
4658,0.27267468219155516
4659,0.35391247516030516
4660,0.26748717074746337
4661,0.4830256724869653
4662,0.23604882006997313
4663,0.24892533069009032
4664,0.3882838511979028
4665,0.491365554383938
4666,0.4610339427506372
4667,0.20020973925942626
4668,0.26748717074746337
4669,0.35312950854653563
4670,0.27851403003091063
4671,0.35345137362832274
4672,0.5188075328385278
4673,0.5309993052994653
4674,0.4983130717789575
4675,0.22552597766274657
4676,0.3872424388443872
4677,0.520402076295559
4678,0.5132247233902856
4679,0.38151276355141844
4680,0.25285065417641844
4681,0.3644152904068872
4682,0.47598183398598876
4683,0.6092921519791528
4684,0.24892533069009032
4685,0.17234337573403563
4686,0.38151276355141844
4687,0.5410434031998559
4688,0.20266640429848876
4689,0.2803279185807153
4690,0.23054039721841063
4691,0.43316757922524657
4692,0.20648491626137938
4693,0.46275055652016844
4694,0.28870880847329344
4695,0.4917227054154321
4696,0.3012782359635278
4697,0.5190135264908715
4698,0.4054461741959497
4699,0.2947779918229028
4700,0.3833705211197778
4701,0.44358742480630126
4702,0.5252944255387231
4703,0.3485003734146997
4704,0.4610205913102075
4705,0.37020981555337157
4706,0.4205981517350122
4707,0.39449703936928954
4708,0.4699145579850122
4709,0.521308066896145
4710,0.38156044726723876
4711,0.5183798099076196
4712,0.5749923015152856
4713,0.5107337260758325
4714,0.5318385386979028
4715,0.3376380229508325
4716,0.4592944407975122
4717,0.29713166003579344
4718,0.46358978991860594
4719,0.26504242663735594
4720,0.5001603389298364
4721,0.23556387668008055
4722,0.3370715404068872
4723,0.4333125377213403
4724,0.44358742480630126
4725,0.5615335727250024
4726,0.44284069781655516
4727,0.38323700671548094
4728,0.24853432422036376
4729,0.31770050769204344
4730,0.44095528369302
4731,0.45755112414712157
4732,0.36959564929360594
4733,0.3819171214615747
4734,0.37020981555337157
4735,0.30760300402993407
4736,0.5755740428482934
4737,0.24902260547036376
4738,0.3704119945084497
4739,0.36197960620278563
4740,0.37015450244302
4741,0.5309993052994653
4742,0.19386542086953368
4743,0.3727656627213403
4744,0.5293170238053246
4745,0.29414427523965087
4746,0.46310150866860594
4747,0.5035573268448754
4748,0.2361975932633325
4749,0.43915856128091063
4750,0.35475170855874266
4751,0.39569199328774657
4752,0.27305138354653563
4753,0.38274872546548094
4754,0.5093585277115746
4755,0.45013106112832274
4756,0.5002156520401879
4757,0.3382445598160669
4758,0.21364891772622313
4759,0.29713166003579344
4760,0.45982229953164305
4761,0.20732414965981688
4762,0.3405982280289575
4763,0.30306923632973876
4764,0.47328102832192626
4765,0.4531184459244653
4766,0.4707118297135278
4767,0.30711472277993407
4768,0.3139277720963403
4769,0.3176451945816919
4770,0.47221291308755126
4771,0.4054461741959497
4772,0.6893111491715356
4773,0.2947779918229028
4774,0.39852822070473876
4775,0.42192185168618407
4776,0.4793902659928247
4777,0.31534493213052
4778,0.34734833484048094
4779,0.48054039721841063
4780,0.2633239055191919
4781,0.3053618693863794
4782,0.5078860545670434
4783,0.544501426271145
4784,0.544501426271145
4785,0.45216381793374266
4786,0.5107337260758325
4787,0.5179663920914575
4788,0.29713166003579344
4789,0.33761084323281493
4790,0.5875998759781762
4791,0.49755585437173094
4792,0.47328102832192626
4793,0.47279274707192626
4794,0.5293170238053246
4795,0.5183798099076196
4796,0.3806678081070825
4797,0.28245651965493407
4798,0.24645340686196532
4799,0.539008262208645
4800,0.45755112414712157
4801,0.4489642406021997
4802,0.37015450244302
4803,0.26170075183266844
4804,0.21364891772622313
4805,0.4564124370133325
4806,0.4699145579850122
4807,0.3733302379166528
4808,0.2954131389176294
4809,0.3053618693863794
4810,0.5642234111344262
4811,0.3023744845902368
4812,0.37355149035805907
4813,0.4793902659928247
4814,0.4699145579850122
4815,0.5313502574479028
4816,0.43915856128091063
4817,0.48661720996255126
4818,0.3733302379166528
4819,0.5379039073502465
4820,0.5293170238053246
4821,0.46310150866860594
4822,0.45384323840493407
4823,0.30160629992837157
4824,0.4204789424454614
4825,0.32215798144692626
4826,0.5779086375748559
4827,0.2947932506119653
4828,0.39307892566079344
4829,0.3450804973160669
4830,0.35475170855874266
4831,0.5475951457535668
4832,0.30306923632973876
4833,0.34734833484048094
4834,0.38274872546548094
4835,0.30503380542153563
4836,0.2688819194352075
4837,0.4978200221573755
4838,0.4333125377213403
4839,0.5779086375748559
4840,0.3139277720963403
4841,0.404852988771145
4842,0.5179663920914575
4843,0.23556387668008055
4844,0.404852988771145
4845,0.4507647777115747
4846,0.5179110789811059
4847,0.4096003795182153
4848,0.29713166003579344
4849,0.5179663920914575
4850,0.30760300402993407
4851,0.3830958629166528
4852,0.3023744845902368
4853,0.4087878490006372
4854,0.44095528369302
4855,0.5875998759781762
4856,0.5724231029068871
4857,0.3496028209244653
4858,0.36334145312661376
4859,0.3819171214615747
4860,0.521308066896145
4861,0.5190135264908715
4862,0.46358978991860594
4863,0.30711472277993407
4864,0.4963880801712915
4865,0.4507647777115747
4866,0.38805687671059813
4867,0.30760300402993407
4868,0.5107337260758325
4869,0.6493064189469262
4870,0.6493064189469262
4871,0.47132599597329344
4872,0.30760300402993407
4873,0.4699145579850122
4874,0.3733302379166528
4875,0.6630812907730981
4876,0.36744225268716063
4877,0.2361975932633325
4878,0.47328102832192626
4879,0.5276576304947778
4880,0.22257340197915282
4881,0.5779963756119653
4882,0.38118088488930907
4883,0.43899643664712157
4884,0.5875426555191918
4885,0.4488002086197778
4886,0.28196394687051024
4887,0.33351242785805907
4888,0.39330780749673094
4889,0.48254502063149657
4890,0.43972504382485594
4891,0.3483020091568872
4892,0.5552760386979028
4893,0.487006309083645
4894,0.5018416667496606
4895,0.2936450267350122
4896,0.5153933787857934
4897,0.38190949206704344
4898,0.3668433452164575
4899,0.5212045932328149
4900,0.4196997905289575
4901,0.41430580859536376
4902,0.22539818530434813
4903,0.48949921374673094
4904,0.5079289699112817
4905,0.2534819865738794
4906,0.206915977052395
4907,0.38676178698891844
4908,0.4258948588883325
4909,0.48429596667641844
4910,0.2557288432633325
4911,0.38118088488930907
4912,0.2922087932145044
4913,0.28945648913735594
4914,0.33351242785805907
4915,0.5525447154557153
4916,0.5145999217545434
4917,0.27372658496255126
4918,0.5357562327896996
4919,0.19253456836098876
4920,0.2804919505631372
4921,0.15353644137734618
4922,0.26972878222817626
4923,0.5079289699112817
4924,0.3514319682633325
4925,0.3462916636979028
4926,0.2534819865738794
4927,0.4591304088150903
4928,0.3209620738541528
4929,0.39088166003579344
4930,0.502570273927395
4931,0.27587425952309813
4932,0.5875426555191918
4933,0.3121272349869653
4934,0.4823218608414575
4935,0.2751551890885278
4936,0.3201533580338403
4937,0.40394318347329344
4938,0.4691363597428247
4939,0.4416228557145044
4940,0.49907028918618407
4941,0.5097476268326684
4942,0.19253456836098876
4943,0.50742256884927
4944,0.32137978320473876
4945,0.21987450366372313
4946,0.5744963908707543
4947,0.6011248851334496
4948,0.39088166003579344
4949,0.5674029613053246
4950,0.41427338366860594
4951,0.5062476420914575
4952,0.3684474254166528
4953,0.48949921374673094
4954,0.29518044238442626
4955,0.33924973254555907
4956,0.2751551890885278
4957,0.23345673327798094
4958,0.5145999217545434
4959,0.5027257228409692
4960,0.3143340373551294
4961,0.2716571116959497
4962,0.43424713855141844
4963,0.35916817431802
4964,0.48973191027993407
4965,0.50742256884927
4966,0.30082810168618407
4967,0.2804919505631372
4968,0.31243384127968993
4969,0.48972237353677
4970,0.6260024333512231
4971,0.5956984782730981
4972,0.30005944018716063
4973,0.38370430713052
4974,0.4026247287308618
4975,0.5022841716324731
4976,0.5956984782730981
4977,0.42939484362954344
4978,0.2724391246354028
4979,0.5332633281266137
4980,0.2724391246354028
4981,0.35849106555337157
4982,0.46195900683755126
4983,0.37338936572427
4984,0.4488002086197778
4985,0.40551483874673094
4986,0.4761401439225122
4987,0.2431250834977075
4988,0.32830918078774657
4989,0.4258948588883325
4990,0.32478249316567626
4991,0.45640480761880126
4992,0.3209620738541528
4993,0.36515915637368407
4994,0.3462916636979028
4995,0.5525046611344262
4996,0.5552550578629418
4997,0.4536334300553247
4998,0.2751551890885278
4999,0.40914643054360594
5000,0.5054360652481957
5001,0.4416228557145044
5002,0.4214831615006372
5003,0.4061175609146997
5004,0.48972237353677
5005,0.40394318347329344
5006,0.5875426555191918
5007,0.3094817424332544
5008,0.39330780749673094
5009,0.38190949206704344
5010,0.3787719035660669
5011,0.30003273730630126
5012,0.3414393687760278
5013,0.40551483874673094
5014,0.38118088488930907
5015,0.39330780749673094
5016,0.509019019654934
5017,0.2892333293473169
5018,0.39330780749673094
5019,0.4093114162003442
5020,0.35861313586587157
5021,0.49907028918618407
5022,0.33373558764809813
5023,0.436225059083645
5024,0.48972237353677
5025,0.456059100679104
5026,0.3274451518570825
5027,0.32838356738442626
5028,0.24149382357949462
5029,0.15353644137734618
5030,0.4761401439225122
5031,0.26456368213052
5032,0.38692772631997313
5033,0.5081521297013207
5034,0.361884238771145
5035,0.3684474254166528
5036,0.23969948535317626
5037,0.3209620738541528
5038,0.42866623645180907
5039,0.5359793925797387
5040,0.3784095073258325
5041,0.22257340197915282
5042,0.5211459422623559
5043,0.5242911601578637
5044,0.5330296779190942
5045,0.19061577563637938
5046,0.5274487758194848
5047,0.3784095073258325
5048,0.24998200183266844
5049,0.5552550578629418
5050,0.3209620738541528
5051,0.4591304088150903
5052,0.5328856730973168
5053,0.33351242785805907
5054,0.33690941577309813
5055,0.5577479625260278
5056,0.35861313586587157
5057,0.23489487414712157
5058,0.4371386790787622
5059,0.23423302417153563
5060,0.23423302417153563
5061,0.5525447154557153
5062,0.3596125865494653
5063,0.3530322337662622
5064,0.3186980510270044
5065,0.21287071948403563
5066,0.44079315905923094
5067,0.3784095073258325
5068,0.5194388652359887
5069,0.3717681193863794
5070,0.30003273730630126
5071,0.5579711223160668
5072,0.6139885211502953
5073,0.48739207034463133
5074,0.6822372699295922
5075,0.6236797595536157
5076,0.35864031558388915
5077,0.4438082004105493
5078,0.41094553714150633
5079,0.30367815738076415
5080,0.462655665925686
5081,0.3970257068192407
5082,0.4167381549393579
5083,0.314340236238186
5084,0.43990671878213133
5085,0.3607383990799829
5086,0.4427677417313501
5087,0.40395701175088133
5088,0.6170040393387719
5089,0.5732075000321313
5090,0.692575099519436
5091,0.6852527881180688
5092,0.4254509234940454
5093,0.5351487422501489
5094,0.650186183503811
5095,0.5989033008133813
5096,0.28251803164834227
5097,0.42291224246377196
5098,0.36771738772744383
5099,0.4899212146317407
5100,0.6251560473954125
5101,0.43990671878213133
5102,0.535083415559475
5103,0.5005832934891625
5104,0.44568026309365477
5105,0.5973287845169946
5106,0.5151649737870141
5107,0.37294161563271727
5108,0.3757072711502954
5109,0.6424127841507836
5110,0.36840975528115477
5111,0.469247462800686
5112,0.30215180163735594
5113,0.33851778750771727
5114,0.32490694766396727
5115,0.3835083270584985
5116,0.570605876496975
5117,0.5439659381424828
5118,0.314340236238186
5119,0.4861503863846704
5120,0.3545471454178735
5121,0.5696350360428735
5122,0.5316063190018578
5123,0.45106089358681883
5124,0.47622645144814696
5125,0.35967791324013915
5126,0.3102966571366235
5127,0.6414562488114282
5128,0.5788990283524438
5129,0.62819254641885
5130,0.6070324206864282
5131,0.45103180652016844
5132,0.4610172534501001
5133,0.5316063190018578
5134,0.37863314395302977
5135,0.467996242097561
5136,0.6471477771317407
5137,0.467996242097561
5138,0.2963806415116235
5139,0.43990671878213133
5140,0.30367815738076415
5141,0.42518580203408446
5142,0.36747896914834227
5143,0.40488970523232665
5144,0.4321056628739282
5145,0.44669640307778563
5146,0.6557441974198266
5147,0.5266147876297875
5148,0.4041987681900903
5149,0.692575099519436
5150,0.31645310168618407
5151,0.42518580203408446
5152,0.6632610583817407
5153,0.6168056750809594
5154,0.6602455401932641
5155,0.26859820132607665
5156,0.5000320697342797
5157,0.6640487933670922
5158,0.650186183503811
5159,0.650186183503811
5160,0.5677448535477563
5161,0.6388546252762719
5162,0.6170040393387719
5163,0.3966594958817407
5164,0.4199882770096704
5165,0.6629215503251
5166,0.6139885211502953
5167,0.5660301471268578
5168,0.684610011628811
5169,0.6629215503251
5170,0.3560386920487329
5171,0.5176864886795922
5172,0.5387836719071313
5173,0.51662028079385
5174,0.6194645190751
5175,0.4128643298661157
5176,0.45103180652016844
5177,0.3704754138504907
5178,0.4694615626847192
5179,0.40243685489052977
5180,0.4274956012284204
5181,0.3523803973709985
5182,0.679147365144436
5183,0.5717216754471703
5184,0.6208950305497094
5185,0.4311424518143579
5186,0.4722496295487329
5187,0.4548412585770532
5188,0.6359936023270532
5189,0.5539604449784203
5190,0.28251803164834227
5191,0.47323763614052977
5192,0.5908638263260766
5193,0.535083415559475
5194,0.5928989673172875
5195,0.4297519946610376
5196,0.48916590457314696
5197,0.5677448535477563
5198,0.36073220019692626
5199,0.30367815738076415
5200,0.45106089358681883
5201,0.49772227053994383
5202,0.5623375201737328
5203,0.43990671878213133
5204,0.4167381549393579
5205,0.6208950305497094
5206,0.3994365954911157
5207,0.4094158435379907
5208,0.45103180652016844
5209,0.37294161563271727
5210,0.4861503863846704
5211,0.7353855395829125
5212,0.47622645144814696
5213,0.42291224246377196
5214,0.6168628955399438
5215,0.5526462817704125
5216,0.462655665925686
5217,0.462655665925686
5218,0.627429606965725
5219,0.6632610583817407
5220,0.44869578128213133
5221,0.44536936526650633
5222,0.5660301471268578
5223,0.5248638415848657
5224,0.614001872590725
5225,0.31147921328896727
5226,0.37863314395302977
5227,0.46623194461220946
5228,0.4248081470047876
5229,0.5802971149002953
5230,0.5989033008133813
5231,0.7284065509354516
5232,0.4427677417313501
5233,0.45103180652016844
5234,0.475839259675686
5235,0.32490694766396727
5236,0.35317766909951415
5237,0.6903015399491235
5238,0.5629760051285668
5239,0.4961448932206079
5240,0.2963806415116235
5241,0.6922317767655297
5242,0.4861503863846704
5243,0.4427677417313501
5244,0.6629215503251
5245,0.38433802371377196
5246,0.370339992097561
5247,0.3910270953690454
5248,0.466378810456936
5249,0.5436302447831078
5250,0.37710726504677977
5251,0.2963806415116235
5252,0.5161110187088891
5253,0.4598022723709985
5254,0.4826236987626001
5255,0.5366512561356469
5256,0.5931125903641625
5257,0.6168628955399438
5258,0.45333445315713133
5259,0.4321056628739282
5260,0.45103180652016844
5261,0.4686523700272485
5262,0.11066933365180584
5263,0.26561640782577656
5264,0.2681448717930036
5265,0.13883751088278895
5266,0.13340664059007146
5267,0.30015590065766923
5268,0.14678510043188406
5269,0.3942128280934723
5270,0.10936763485452705
5271,0.22176920033174966
5272,0.05991681429907156
5273,0.29534159701437074
5274,0.1541359016449699
5275,0.13859935675166338
5276,0.32310152556310556
5277,0.15240669399583318
5278,0.13883751088278895
5279,0.12606074684907548
5280,0.11631520602270437
5281,0.2590937664688673
5282,0.17044401464370246
5283,0.2768445065201368
5284,0.13883751088278895
5285,0.23614814156343095
5286,0.10812946234248369
5287,0.2738165884962415
5288,0.11443599383937772
5289,0.29041035983129815
5290,0.24227412860500272
5291,0.09404971798440986
5292,0.3726878195753431
5293,0.10525798946702458
5294,0.3473701087047884
5295,0.1490063717545118
5296,0.26136923131850714
5297,0.2897157001754824
5298,0.1587080837950361
5299,0.2865462185606611
5300,0.0838532499285706
5301,0.15781803818061443
5302,0.3129326646913827
5303,0.2952742626846876
5304,0.03765132626077705
5305,0.11443599383937772
5306,0.0838532499285706
5307,0.2885311476479715
5308,0.11443599383937772
5309,0.3548611927291933
5310,0.29041035983129815
5311,0.2289465532370231
5312,0.19859266576674933
5313,0.32310152556310556
5314,0.37807815724509364
5315,0.0824195930512199
5316,0.04388745638891531
5317,0.22906256017592902
5318,0.12344737921260088
5319,0.32643080053237433
5320,0.22188785275003486
5321,0.2681448717930036
5322,0.19084446909638084
5323,0.12606074684907548
5324,0.04471002674776528
5325,0.08243911915915614
5326,0.3117074299118105
5327,0.10110841847139809
5328,0.11562054636688865
5329,0.11348819881761052
5330,0.24345868113251365
5331,0.2822246161510774
5332,0.04200824420558866
5333,0.1587080837950361
5334,0.31187342686874525
5335,0.20161407643454676
5336,0.1587080837950361
5337,0.1587080837950361
5338,0.17839711191864646
5339,0.19394064464292607
5340,0.20301564547582937
5341,0.34795580905050355
5342,0.1888373124008333
5343,0.3726878195753431
5344,0.24031760891458565
5345,0.22906256017592902
5346,0.13883751088278895
5347,0.32310152556310556
5348,0.13340664059007146
5349,0.31291313858344644
5350,0.22176920033174966
5351,0.07657862212072275
5352,0.1794762661636915
5353,0.0838532499285706
5354,0.254067422450423
5355,0.2681448717930036
5356,0.10110841847139809
5357,0.2359675971081087
5358,0.027454858204937788
5359,0.04471002674776528
5360,0.11889954300239178
5361,0.10285330333433232
5362,0.13859935675166338
5363,0.437833312129054
5364,0.1490063717545118
5365,0.20159455032661053
5366,0.20113643329250272
5367,0.16371928256124574
5368,0.2681448717930036
5369,0.1948299017956087
5370,0.05173107061885088
5371,0.10110841847139809
5372,0.1490063717545118
5373,0.36530139321138017
5374,0.2865462185606611
5375,0.09293651729905583
5376,0.05922215464325584
5377,0.11631520602270437
5378,0.04200824420558866
5379,0.23509677569972928
5380,0.13340664059007146
5381,0.35555585238500903
5382,0.027454858204937788
5383,0.31291313858344644
5384,0.11631520602270437
5385,0.26667564564841395
5386,0.2897157001754824
5387,0.20113643329250272
5388,0.04471002674776528
5389,0.13157831288057778
5390,0.19859266576674933
5391,0.2885311476479715
5392,0.053632997215286415
5393,0.07413127621194893
5394,0.16800642516027353
5395,0.35479496733995797
5396,0.22879024420283525
5397,0.3042163458874056
5398,0.16371928256124574
5399,0.05803760211574491
5400,0.13881798477485272
5401,0.3450932552994337
5402,0.13883751088278895
5403,0.1692878791840324
5404,0.13883751088278895
5405,0.23911772769064027
5406,0.13881798477485272
5407,0.20159455032661053
5408,0.11304977139017158
5409,0.31187342686874525
5410,0.11562054636688865
5411,0.29041035983129815
5412,0.16371928256124574
5413,0.2590937664688673
5414,0.20113643329250272
5415,0.26665611954047774
5416,0.10614230507661454
5417,0.07700824886643864
5418,0.16371928256124574
5419,0.17721255939113553
5420,0.22011767428487855
5421,0.3403490648337028
5422,0.12344737921260088
5423,0.3780586311371574
5424,0.33280323760362984
5425,0.2590937664688673
5426,0.12606074684907548
5427,0.15415542775290614
5428,0.11443599383937772
5429,0.22570794108124412
5430,0.23509677569972928
5431,0.33280323760362984
5432,0.34795580905050355
5433,0.11631520602270437
5434,0.5857832286711091
5435,0.6515741700368096
5436,0.7074404979264184
5437,0.7022766628021031
5438,0.6946213100309724
5439,0.5670121996210029
5440,0.4959498668229028
5441,0.5972530696745271
5442,0.5432382030172245
5443,0.6565791641326912
5444,0.6515741700368096
5445,0.470304807890013
5446,0.502010778402689
5447,0.5165015483414575
5448,0.8136791743987828
5449,0.5165015483414575
5450,0.6992249889058963
5451,0.5386345241423005
5452,0.5796023631607934
5453,0.6946213100309724
5454,0.470304807890013
5455,0.5821010921354646
5456,0.8060238216276521
5457,0.4327977983758858
5458,0.5082713389908715
5459,0.5195268480585029
5460,0.5656539474578866
5461,0.6776946394329817
5462,0.7408783290739411
5463,0.7130510661955232
5464,0.5796023631607934
5465,0.5082713389908715
5466,0.3953085297780205
5467,0.5821010921354646
5468,0.4286063520794661
5469,0.5989599580006768
5470,0.5390539521413018
5471,0.8330432449432381
5472,0.6242724929901131
5473,0.7311290113812239
5474,0.6045192091351301
5475,0.5991965556656762
5476,0.7022766628021031
5477,0.5180401363128453
5478,0.5348447649286201
5479,0.6142685268278474
5480,0.6945632307415754
5481,0.5263130519743318
5482,0.5288852064495833
5483,0.6292024058980838
5484,0.5309167308492557
5485,0.6848719923382551
5486,0.7756892467057153
5487,0.5082713389908715
5488,0.5432382030172245
5489,0.4846061079388411
5490,0.6612654084401299
5491,0.7756892467057153
5492,0.5815515870289971
5493,0.601856748549451
5494,0.5760339109783918
5495,0.5942355418717309
5496,0.7313319717498787
5497,0.6473649828241279
5498,0.4639922404801294
5499,0.7207064189666539
5500,0.49895910450648234
5501,0.6671212522869856
5502,0.6412879501434334
5503,0.5514537120377465
5504,0.6814742488546268
5505,0.6950993098968297
5506,0.700263145021145
5507,0.5903869075460331
5508,0.6978311890797784
5509,0.6978311890797784
5510,0.5670121996210029
5511,0.5082713389908715
5512,0.4639922404801294
5513,0.7674737376851932
5514,0.48005412558273025
5515,0.7198229188161065
5516,0.6570562212274482
5517,0.6920476360006229
5518,0.6946213100309724
5519,0.6412879501434334
5520,0.4639922404801294
5521,0.5670121996210029
5522,0.6739493632828637
5523,0.6776946394329817
5524,0.5922869637676778
5525,0.8330432449432381
5526,0.6515741700368096
5527,0.7119679012054234
5528,0.5668898845230981
5529,0.7022766628021031
5530,0.7678977523895272
5531,0.5391322398697778
5532,0.5723517744427473
5533,0.7074404979264184
5534,0.5942355418717309
5535,0.4286063520794661
5536,0.5815515870289971
5537,0.7628700588102693
5538,0.5386345241423005
5539,0.5934385814422398
5540,0.7038899932952889
5541,0.4959498668229028
5542,0.6374179149186059
5543,0.5517379069840356
5544,0.5180401363128453
5545,0.5514537120377465
5546,0.7043125484342927
5547,0.5857832286711091
5548,0.5554200435196801
5549,0.6372150935882359
5550,0.6515741700368096
5551,0.7033017485028059
5552,0.7198229188161065
5553,0.5713868541402713
5554,0.5468647334928864
5555,0.6946213100309724
5556,0.6296142427728584
5557,0.687443957125699
5558,0.5744385280364781
5559,0.5071746135270043
5560,0.7216407333465584
5561,0.7962745039349348
5562,0.6374179149186059
5563,0.6443968171315362
5564,0.5237360352711846
5565,0.6188722057027713
5566,0.5462898769134312
5567,0.5533324752899178
5568,0.7705254115814
5569,0.7038899932952889
5570,0.8136791743987828
5571,0.7325068736588403
5572,0.6473649828241279
5573,0.4955873841481377
5574,0.8188430095230981
5575,0.5986024165665551
5576,0.5427360886769463
5577,0.4286063520794661
5578,0.714463380441285
5579,0.7074404979264184
5580,0.7074404979264184
5581,0.6515741700368096
5582,0.5865126008229424
5583,0.5071746135270043
5584,0.6473649828241279
5585,0.8188430095230981
5586,0.4913781969354561
5587,0.5554200435196801
5588,0.6372150935882359
5589,0.7043125484342927
5590,0.6128026519866951
5591,0.6091205154510506
5592,0.753120741117552
5593,0.7074404979264184
5594,0.7156137316034248
5595,0.8060238216276521
5596,0.5385269014642646
5597,0.4370069855885674
5598,0.5339684047454625
5599,0.810627500502576
5600,0.6739493632828637
5601,0.6219238795989781
5602,0.6992249889058963
5603,0.5922869637676778
5604,0.8330432449432381
5605,0.6671212522869856
5606,0.5533324752899178
5607,0.470304807890013
5608,0.7119679012054234
5609,0.7628700588102693
5610,0.7216407333465584
5611,0.5149884624166385
5612,0.6946213100309724
5613,0.6188722057027713
5614,0.4959498668229028
5615,0.5213748489471444
5616,0.6848719923382551
5617,0.7536975169693871
5618,0.5989599580006768
5619,0.5364199901139184
5620,0.7485336818450719
5621,0.7074404979264184
5622,0.7171317363297387
5623,0.4846061079388411
5624,0.7074404979264184
5625,0.3244048381363794
5626,0.5938656841905512
5627,0.3912066415020528
5628,0.6169418849700719
5629,0.4428467311614782
5630,0.4216765359112325
5631,0.6172852916402713
5632,0.4805394683929452
5633,0.4612572996502669
5634,0.4615394149871835
5635,0.46129850575159953
5636,0.7007800613494881
5637,0.455775627355378
5638,0.5657320168139768
5639,0.39643395190591063
5640,0.3507365182110372
5641,0.5893775497528084
5642,0.6339807655932737
5643,0.5657320168139768
5644,0.638901832154934
5645,0.3138297407513411
5646,0.4216870449300531
5647,0.37930040709094176
5648,0.5090247665496834
5649,0.2913430248887933
5650,0.638901832154934
5651,0.6920729899918481
5652,0.3678201525018624
5653,0.5106478953873559
5654,0.5050338117962629
5655,0.5806704783951684
5656,0.6302826259489411
5657,0.3698294966107161
5658,0.27986277029971396
5659,0.3891116653533944
5660,0.39240753894204344
5661,0.6590111767442621
5662,0.4805394683929452
5663,0.5823854296014717
5664,0.41457084362079394
5665,0.6779526851888422
5666,0.46952871510218547
5667,0.5854674602066918
5668,0.455775627355378
5669,0.30567848925942626
5670,0.4853792336108519
5671,0.536128410558503
5672,0.4894471568746464
5673,0.3519374156510278
5674,0.6920729899918481
5675,0.5084472102804081
5676,0.5003176951920434
5677,0.4428467311614782
5678,0.36101965138148234
5679,0.5501145504232172
5680,0.3937682660647495
5681,0.5047650737447635
5682,0.5806704783951684
5683,0.5828791016774346
5684,0.5128565186696221
5685,0.43423838935576514
5686,0.6954281185026521
5687,0.42729032919863974
5688,0.5884944224869653
5689,0.5629180281048567
5690,0.582200196847535
5691,0.3724890971695825
5692,0.4143199475833042
5693,0.588885168204645
5694,0.576848254000699
5695,0.5047650737447635
5696,0.3058108838626011
5697,0.4615394149871835
5698,0.638344129789427
5699,0.5805062802859409
5700,0.5926448131119653
5701,0.4502404247911371
5702,0.3826132172780205
5703,0.5476086651475824
5704,0.5193549667449959
5705,0.6043771593377998
5706,0.47106684134463583
5707,0.4853792336108519
5708,0.6522743556852693
5709,0.27986277029971396
5710,0.34750933967314795
5711,0.48172374091826514
5712,0.3618106397219761
5713,0.6339807655932737
5714,0.6820873775237828
5715,0.3199797893082544
5716,0.4141085951214583
5717,0.5926448131119653
5718,0.41020669490781453
5719,0.6101079387349979
5720,0.638344129789427
5721,0.43423838935576514
5722,0.5025263184743096
5723,0.6771345284106565
5724,0.3804045939957544
5725,0.45283234362954344
5726,0.5094623120852573
5727,0.6302826259489411
5728,0.41701940724085734
5729,0.4333907638641366
5730,0.4428467311614782
5731,0.4023766078704626
5732,0.45022309069985594
5733,0.3199797893082544
5734,0.6389336147064
5735,0.4329139018570825
5736,0.4329139018570825
5737,0.4197705303819574
5738,0.5706848659271031
5739,0.3748103653045663
5740,0.5926448131119653
5741,0.5872935250469746
5742,0.5620765241213901
5743,0.3891116653533944
5744,0.5854674602066918
5745,0.5585546639087033
5746,0.46952871510218547
5747,0.588885168204645
5748,0.6083335431643588
5749,0.6814978926068098
5750,0.41571734884933176
5751,0.6339807655932737
5752,0.5828791016774346
5753,0.45323844276152686
5754,0.37018952764068025
5755,0.4280388210173005
5756,0.5118674233624043
5757,0.5926448131119653
5758,0.6101079387349979
5759,0.5140030238981599
5760,0.573493125489895
5761,0.48330223803872313
5762,0.4333907638641366
5763,0.3654661324145628
5764,0.6172852916402713
5765,0.6013088578419854
5766,0.5090247665496834
5767,0.6779526851888422
5768,0.3814954903247191
5769,0.3058108838626011
5770,0.43989289050454344
5771,0.5903617167984887
5772,0.5975999019857172
5773,0.4197705303819574
5774,0.44162097321472255
5775,0.4351225251393486
5776,0.4853792336108519
5777,0.6522743556852693
5778,0.5651283616261651
5779,0.3912066415020528
5780,0.5926448131119653
5781,0.5657320168139768
5782,0.5757017487721612
5783,0.4330487651510136
5784,0.3094663765551878
5785,0.4123622203385278
5786,0.42468369250649657
5787,0.5893775497528084
5788,0.5620765241213901
5789,0.4236081926629952
5790,0.31441922566831415
5791,0.42468369250649657
5792,0.5219658993001703
5793,0.4333907638641366
5794,0.728687803236951
5795,0.638344129789427
5796,0.5174811689739973
5797,0.3683119172291924
5798,0.5548991712161166
5799,0.5840256069059724
5800,0.49205394111357764
5801,0.3678201525018624
5802,0.5094623120852573
5803,0.3724890971695825
5804,0.5884944224869653
5805,0.4110766673600122
5806,0.49430954699868407
5807,0.38210737948769774
5808,0.44384873156899657
5809,0.6038218761002465
5810,0.3416372561966821
5811,0.6186610484635278
5812,0.3803435588395044
5813,0.6742354655777856
5814,0.5529280925309106
5815,0.4620295787369653
5816,0.4984790111100122
5817,0.5916053081070825
5818,0.5504122996842309
5819,0.6965533519303246
5820,0.60074532275552
5821,0.3501464152848169
5822,0.42257416491860594
5823,0.4295398021256372
5824,0.28223717456216063
5825,0.483161094239895
5826,0.4536029124771997
5827,0.5628329539811059
5828,0.7616988444840356
5829,0.4770251536881372
5830,0.4093238139664575
5831,0.42263520007485594
5832,0.31279099231118407
5833,0.6378623271500512
5834,0.625626685670559
5835,0.3821040416275903
5836,0.5224581981217309
5837,0.5493479991471215
5838,0.33334267382973876
5839,0.27183449511880126
5840,0.4106646800553247
5841,0.4819880748307153
5842,0.39442551379555907
5843,0.5712367320572778
5844,0.37606537585610594
5845,0.42257416491860594
5846,0.37859642749184813
5847,0.5504122996842309
5848,0.3637439036881372
5849,0.3950225139176294
5850,0.3065673137223169
5851,0.6003009105240746
5852,0.6431189799820825
5853,0.6280194545304223
5854,0.4359961772477075
5855,0.48248017077798094
5856,0.6079226756607934
5857,0.40962136035317626
5858,0.4076567912613794
5859,0.3842955852066919
5860,0.483161094239895
5861,0.33533966784829344
5862,0.7209922099625512
5863,0.5573779368912621
5864,0.4359961772477075
5865,0.4477473521744653
5866,0.4093238139664575
5867,0.4810992503678247
5868,0.4042140269791528
5869,0.5163489604508325
5870,0.61099922900552
5871,0.34700119738930907
5872,0.6277514720475121
5873,0.5105544353043481
5874,0.4042140269791528
5875,0.5106936717545434
5876,0.7616988444840356
5877,0.3239356303727075
5878,0.33334267382973876
5879,0.5925017619645043
5880,0.63950264697427
5881,0.3637439036881372
5882,0.6213480258500024
5883,0.5313254619156762
5884,0.43296540027016844
5885,0.3532611156021997
5886,0.6067515636002465
5887,0.4958106303727075
5888,0.3821040416275903
5889,0.3096796298539087
5890,0.31353295092934813
5891,0.4500304484879419
5892,0.34826576953286376
5893,0.490790488771145
5894,0.7185450816666528
5895,0.4810992503678247
5896,0.4106646800553247
5897,0.34700119738930907
5898,0.5385028148209496
5899,0.61099922900552
5900,0.24672234301919188
5901,0.4601660991227075
5902,0.5493479991471215
5903,0.5712367320572778
5904,0.33823693042153563
5905,0.6090899730240746
5906,0.4106646800553247
5907,0.5099455142533227
5908,0.31748497729653563
5909,0.7616988444840356
5910,0.42257416491860594
5911,0.3480407023941919
5912,0.3532611156021997
5913,0.39742529635781493
5914,0.5562025332962914
5915,0.6431189799820825
5916,0.35395872836465087
5917,0.33178627734536376
5918,0.5628329539811059
5919,0.42959273105019774
5920,0.4581500316178247
5921,0.4600096965348169
5922,0.6067515636002465
5923,0.5916053081070825
5924,0.5224581981217309
5925,0.46324265246743407
5926,0.5553084636246606
5927,0.4106646800553247
5928,0.6499053264176293
5929,0.5569754863297387
5930,0.5852347636734887
5931,0.5209227824723168
5932,0.42257416491860594
5933,0.3964320445572778
5934,0.42263520007485594
5935,0.45031273608559813
5936,0.44128144030923094
5937,0.46324265246743407
5938,0.6499053264176293
5939,0.43572914843911376
5940,0.5573779368912621
5941,0.5781942630326196
5942,0.6213480258500024
5943,0.6263524318253442
5944,0.27183449511880126
5945,0.4942370677506372
5946,0.6742354655777856
5947,0.3625670695816919
5948,0.40962136035317626
5949,0.39442551379555907
5950,0.5273562694107934
5951,0.37606537585610594
5952,0.3940306926285669
5953,0.4106646800553247
5954,0.6618148112809106
5955,0.4600096965348169
5956,0.52158272509927
5957,0.4637671733414575
5958,0.49779808764809813
5959,0.4637671733414575
5960,0.61099922900552
5961,0.37514984851235594
5962,0.3438636088883325
5963,0.35711205249184813
5964,0.3821040416275903
5965,0.5502005839859887
5966,0.5112525249039575
5967,0.40684616809243407
5968,0.5812627101456567
5969,0.5573779368912621
5970,0.6206904674088403
5971,0.4076567912613794
5972,0.3885108256852075
5973,0.5504122996842309
5974,0.5916053081070825
5975,0.7030078197037621
5976,0.3501464152848169
5977,0.39442551379555907
5978,0.6434546733414575
5979,0.3940306926285669
5980,0.6095896983658715
5981,0.7185450816666528
5982,0.3950225139176294
5983,0.28842079882973876
5984,0.6186610484635278
5985,0.6502963328873559
5986,0.4819880748307153
5987,0.5112525249039575
5988,0.4752112651383325
5989,0.5404626155411645
5990,0.3527919078385278
5991,0.4051142955338403
5992,0.5815771619180239
5993,0.5497885966813012
5994,0.5534383082901879
5995,0.35644161944741454
5996,0.5635463023697778
5997,0.3790845058675531
5998,0.3317781711136743
5999,0.5611010814225121
6000,0.5127307200943871
6001,0.5611010814225121
6002,0.3224180737832584
6003,0.4931517863785669
6004,0.19662773852700438
6005,0.5142888210531
6006,0.41045677905434813
6007,0.3390427852188989
6008,0.459296348146145
6009,0.2662078166520044
6010,0.46766388659829344
6011,0.3051368022477075
6012,0.6083461070572778
6013,0.41494477038735594
6014,0.4926015162980005
6015,0.36102211718911376
6016,0.4934626842057153
6017,0.39279282336587157
6018,0.46084511523598876
6019,0.5400973582779809
6020,0.48922598605508055
6021,0.4623509669815942
6022,0.32354796176308837
6023,0.3230847500081781
6024,0.20692731405518783
6025,0.27067482715005126
6026,0.46766388659829344
6027,0.26496756320351805
6028,0.4617840076004907
6029,0.5592833781754418
6030,0.3566218638932153
6031,0.3353606486832544
6032,0.31048691516274657
6033,0.4022265697037622
6034,0.22897637133950438
6035,0.5211421275650903
6036,0.3093043590104028
6037,0.48922598605508055
6038,0.41520226245278563
6039,0.4934626842057153
6040,0.26990876592193025
6041,0.29690659289712157
6042,0.31048691516274657
6043,0.4028807902848169
6044,0.4028807902848169
6045,0.20901406054848876
6046,0.2845851207291528
6047,0.38645947223061766
6048,0.4934626842057153
6049,0.4478808665787622
6050,0.24761498217934813
6051,0.4315938137288812
6052,0.36788475756997313
6053,0.564011695436184
6054,0.49493325000161376
6055,0.5921202922379418
6056,0.42692053561562743
6057,0.47953474765176024
6058,0.4701746503213443
6059,0.41334450488442626
6060,0.33835900073403563
6061,0.5191279674088403
6062,0.2849761271988794
6063,0.42343247180337157
6064,0.49102795367593016
6065,0.4701746503213443
6066,0.5707923198258325
6067,0.4387561107193872
6068,0.38411057238930907
6069,0.6394377971207543
6070,0.564011695436184
6071,0.3778582835709497
6072,0.2636443400895044
6073,0.5770274425064965
6074,0.392340781739895
6075,0.3317781711136743
6076,0.3420439982926294
6077,0.3436461711441919
6078,0.5477834964310571
6079,0.6352740550553246
6080,0.4701746503213443
6081,0.38411057238930907
6082,0.5087786937271996
6083,0.6044703746354028
6084,0.47616493945473876
6085,0.4908362651383325
6086,0.31543637777589095
6087,0.29690659289712157
6088,0.20901406054848876
6089,0.33863556628579344
6090,0.40951216464394774
6091,0.2849761271988794
6092,0.38581764941567626
6093,0.3112264895951196
6094,0.45974457507485594
6095,0.35436547046059813
6096,0.5786010051285668
6097,0.25071251635903563
6098,0.5617114329850121
6099,0.3224180737832584
6100,0.5793503902669672
6101,0.5611010814225121
6102,0.32354796176308837
6103,0.47616493945473876
6104,0.47806465869302
6105,0.38411057238930907
6106,0.4022265697037622
6107,0.4623509669815942
6108,0.43262779956216063
6109,0.4051142955338403
6110,0.5166941905533715
6111,0.4926015162980005
6112,0.36788475756997313
6113,0.3566218638932153
6114,0.3093043590104028
6115,0.29488469625733627
6116,0.45289337878579344
6117,0.4623509669815942
6118,0.5211421275650903
6119,0.347540977052395
6120,0.27067482715005126
6121,0.30012429004067626
6122,0.4051142955338403
6123,0.4331284785782739
6124,0.2845851207291528
6125,0.2486257698657347
6126,0.4284259105240747
6127,0.347540977052395
6128,0.48524201159829344
6129,0.37254059558266844
6130,0.31418786443267244
6131,0.33747589831704344
6132,0.30851280932778563
6133,0.4926015162980005
6134,0.5679045939957543
6135,0.4862853313004419
6136,0.47497093921059813
6137,0.30929291491860594
6138,0.44351876025552
6139,0.5711890483414575
6140,0.6083461070572778
6141,0.31418786443267244
6142,0.3555632854020044
6143,0.5497885966813012
6144,0.43125927691811766
6145,0.23903191333169188
6146,0.33931076770180907
6147,0.41045677905434813
6148,0.44544221426270736
6149,0.3093043590104028
6150,0.429999473146145
6151,0.4175604382852115
6152,0.33931076770180907
6153,0.4723573947464868
6154,0.3092261577164575
6155,0.19161522631997313
6156,0.523871543458645
6157,0.5534383082901879
6158,0.45289337878579344
6159,0.51035225634927
6160,0.33835900073403563
6161,0.34653389697427
6162,0.32553017382973876
6163,0.25251305346841063
6164,0.523871543458645
6165,0.5966445231949731
6166,0.4728841927172972
6167,0.29690659289712157
6168,0.23631203418130126
6169,0.4588099742447778
6170,0.38411057238930907
6171,0.23331368213052
6172,0.29690659289712157
6173,0.4403296733414575
6174,0.37092316394204344
6175,0.2556074658731021
6176,0.49529755359048094
6177,0.4701746503213443
6178,0.3598853374039575
6179,0.46006500964516844
6180,0.3079768443619653
6181,0.3225337291275903
6182,0.5844012523209496
6183,0.25697052722329344
6184,0.5213938975846215
6185,0.25287926440591063
6186,0.40104592090005126
6187,0.5714675212418481
6188,0.53128731494302
6189,0.413458945802395
6190,0.2673827434098169
6191,0.47134316211098876
6192,0.31166184192055907
6193,0.4187670970475122
6194,0.33173668628091063
6195,0.3598681712662622
6196,0.31588661914223876
6197,0.3903552318131372
6198,0.23536789660805907
6199,0.3406268382584497
6200,0.28336632495278563
6201,0.4380265498673364
6202,0.4785205150162622
6203,0.4877234721695825
6204,0.36053145175332274
6205,0.2963477397477075
6206,0.21138298755044188
6207,0.3557769084488794
6208,0.40227997546548094
6209,0.30407822375649657
6210,0.25287926440591063
6211,0.17376244311684813
6212,0.28489744906777587
6213,0.450934531739895
6214,0.14601433520669188
6215,0.469972732118313
6216,0.28975975756997313
6217,0.469972732118313
6218,0.20201409106606688
6219,0.44088423495644774
6220,0.4423142695938989
6221,0.4877234721695825
6222,0.5247775340592309
6223,0.4785205150162622
6224,0.5671798015152856
6225,0.28483689074868407
6226,0.3167201304947778
6227,0.19108879809731688
6228,0.4612647319352075
6229,0.4877234721695825
6230,0.23536789660805907
6231,0.4207097316300317
6232,0.33981049304360594
6233,0.44088423495644774
6234,0.44596779590005126
6235,0.27444184069985594
6236,0.46006500964516844
6237,0.39135468249673094
6238,0.2555114055191919
6239,0.36016571765298094
6240,0.23397171740884032
6241,0.4259063029801294
6242,0.33587563281411376
6243,0.32326805835122313
6244,0.4565783763443872
6245,0.40745079760903563
6246,0.45577728991860594
6247,0.3883296275650903
6248,0.3683959270035669
6249,0.2971583629166528
6250,0.33173668628091063
6251,0.28489744906777587
6252,0.5995360637223168
6253,0.5522867465531274
6254,0.43539440875405516
6255,0.3883296275650903
6256,0.4337068820511743
6257,0.53128731494302
6258,0.33173668628091063
6259,0.25287926440591063
6260,0.39500344043130126
6261,0.3711119914566919
6262,0.496950271180813
6263,0.40227997546548094
6264,0.23234284167641844
6265,0.4067593837296411
6266,0.4572364116227075
6267,0.4531451488053247
6268,0.23536789660805907
6269,0.33076393847817626
6270,0.4485369945084497
6271,0.2731562877213403
6272,0.2729998851334497
6273,0.4032794261490747
6274,0.3747941279923364
6275,0.4785205150162622
6276,0.25988686328286376
6277,0.546769263795559
6278,0.30124962573403563
6279,0.4380265498673364
6280,0.4572364116227075
6281,0.5950347209488793
6282,0.2917567515885278
6283,0.27825463061684813
6284,0.5240260386979028
6285,0.34693920855874266
6286,0.439485671571438
6287,0.2597991252457544
6288,0.31588661914223876
6289,0.3683959270035669
6290,0.47645485644692626
6291,0.46076977496499266
6292,0.5020619655167504
6293,0.18806374316567626
6294,0.4565783763443872
6295,0.46006500964516844
6296,0.46764862780923094
6297,0.31588661914223876
6298,0.29979050402993407
6299,0.3406268382584497
6300,0.27444184069985594
6301,0.3705788875138208
6302,0.3447161937271997
6303,0.4572364116227075
6304,0.13508904223794188
6305,0.387213828614895
6306,0.2725759768998071
6307,0.37086165194863524
6308,0.5241099620377465
6309,0.22225487475747313
6310,0.4339190745865747
6311,0.36016571765298094
6312,0.39004242663735594
6313,0.4836322093521997
6314,0.387213828614895
6315,0.32133209948891844
6316,0.23234284167641844
6317,0.4310179973160669
6318,0.33173668628091063
6319,0.32830536609048094
6320,0.3506823802506372
6321,0.3483983302628442
6322,0.5240260386979028
6323,0.30407822375649657
6324,0.24549782519692626
6325,0.243598105958645
6326,0.5671798015152856
6327,0.5518809581314965
6328,0.27825463061684813
6329,0.33173668628091063
6330,0.29979050402993407
6331,0.38575470691079344
6332,0.4226619029557153
6333,0.34885704760903563
6334,0.20097077136391844
6335,0.5950347209488793
6336,0.44088423495644774
6337,0.24266922717446532
6338,0.4185706401383325
6339,0.3752032542740747
6340,0.17678749804848876
6341,0.13206398730630126
6342,0.22304642444009032
6343,0.3406249309098169
6344,0.28489744906777587
6345,0.4742070460831567
6346,0.43458664660805907
6347,0.18806374316567626
6348,0.3225337291275903
6349,0.2971583629166528
6350,0.3194152141129419
6351,0.3883296275650903
6352,0.21138298755044188
6353,0.45005905871743407
6354,0.48054611926430907
6355,0.3598853374039575
6356,0.34885704760903563
6357,0.33076393847817626
6358,0.3079768443619653
6359,0.24057305102700438
6360,0.39135468249673094
6361,0.4572364116227075
6362,0.45109093432778563
6363,0.5283137584244653
6364,0.4498978877579614
6365,0.3225337291275903
6366,0.2604914927994653
6367,0.24061835055703368
6368,0.3123084331070825
6369,0.4572364116227075
6370,0.4376117015396997
6371,0.5254851604020043
6372,0.27825463061684813
6373,0.4747060625360421
6374,0.4916437665322818
6375,0.5856843394918338
6376,0.33066655660889877
6377,0.2593661819549569
6378,0.42969755360316203
6379,0.5501321642206124
6380,0.3036452804656991
6381,0.5569600246663813
6382,0.4081505916829828
6383,0.36829371772490577
6384,0.46676913721520935
6385,0.3177156800465752
6386,0.3429880287768675
6387,0.4665251130299736
6388,0.5242805036135776
6389,0.5278808151336678
6390,0.4016065743090941
6391,0.5569600246663813
6392,0.49179746176026595
6393,0.573828615974975
6394,0.3041259074723169
6395,0.32589662955264365
6396,0.34840500598305907
6397,0.4081505916829828
6398,0.4081505916829828
6399,0.4811966274137849
6400,0.2582724897747786
6401,0.3438871899941959
6402,0.45912087207192626
6403,0.3177156800465752
6404,0.464132675390046
6405,0.4341853468304427
6406,0.4799975350567403
6407,0.37115945369687703
6408,0.610377326262219
6409,0.5242805036135776
6410,0.5073607771282942
6411,0.2680148633547886
6412,0.411860832433503
6413,0.325209841525113
6414,0.2582724897747786
6415,0.4799975350567403
6416,0.3142722456341536
6417,0.2450648819061288
6418,0.5925292523928745
6419,0.3322409585186544
6420,0.34842915913999384
6421,0.2654303506084981
6422,0.42969755360316203
6423,0.2844076302172972
6424,0.42403900866860594
6425,0.310704520860473
6426,0.47401927450851145
6427,0.3041259074723169
6428,0.6158184566253453
6429,0.4070477046722204
6430,0.2664254223497308
6431,0.38436806445473876
6432,0.310704520860473
6433,0.4833937043385674
6434,0.2450648819061288
6435,0.4666913067491449
6436,0.31187548981628505
6437,0.3303016035443099
6438,0.506529763562308
6439,0.3177156800465752
6440,0.3693631975458077
6441,0.5501321642206124
6442,0.3036452804656991
6443,0.379279283151246
6444,0.36829371772490577
6445,0.27539553986511317
6446,0.5073607771282942
6447,0.41176028571806983
6448,0.41176028571806983
6449,0.33565698064360994
6450,0.26731623099307333
6451,0.4343933620208532
6452,0.3429880287768675
6453,0.26731623099307333
6454,0.6158184566253453
6455,0.459632066354371
6456,0.30539420787860644
6457,0.4666913067491449
6458,0.310674003282348
6459,0.30415006062925165
6460,0.38280568517241853
6461,0.3863385235460199
6462,0.4972385921233923
6463,0.2809307430143708
6464,0.5785069865865604
6465,0.4081505916829828
6466,0.4081505916829828
6467,0.5641373775716547
6468,0.33690941577309813
6469,0.5086660530688597
6470,0.44392772041045264
6471,0.325209841525113
6472,0.3638714931722406
6473,0.3585513441448958
6474,0.40701785431823817
6475,0.5679335994405643
6476,0.4738930264810123
6477,0.4081505916829828
6478,0.307407240043024
6479,0.217436825676458
6480,0.3135751573846749
6481,0.35121823812745345
6482,0.4693233047576913
6483,0.3036452804656991
6484,0.5953755778951542
6485,0.30539420787860644
6486,0.4989748146655394
6487,0.356635215333645
6488,0.33565698064360994
6489,0.5349400555284418
6490,0.4666913067491449
6491,0.45245471344909755
6492,0.6539330882711307
6493,0.22373189479795125
6494,0.4186220314624144
6495,0.49179746176026595
6496,0.22373189479795125
6497,0.4866652049773962
6498,0.5206227702779667
6499,0.3036452804656991
6500,0.42691226325713233
6501,0.47370246593524706
6502,0.325209841525113
6503,0.2770765820840396
6504,0.5115231655355219
6505,0.3693631975458077
6506,0.379279283151246
6507,0.23486244922036376
6508,0.4984272912212911
6509,0.31288836935714426
6510,0.5140830302750512
6511,0.573828615974975
6512,0.325209841525113
6513,0.2521241223009027
6514,0.379123548636774
6515,0.38382838705733957
6516,0.4518017329925329
6517,0.29838304869250426
6518,0.38436806445473876
6519,0.35121823812745345
6520,0.3142722456341536
6521,0.4216211835244693
6522,0.5598925153115786
6523,0.3438871899941959
6524,0.32401074916806843
6525,0.31893473021105895
6526,0.5242293684368879
6527,0.5463866375203852
6528,0.5044159450286657
6529,0.5033351207291528
6530,0.5780938183458246
6531,0.5206227702779667
6532,0.5053315562887088
6533,0.4811966274137849
6534,0.4173760814351933
6535,0.4896887734600606
6536,0.5827868788128645
6537,0.4916437665322818
6538,0.28982460742348876
6539,0.3540452806756905
6540,0.5044159450286657
6541,0.34840500598305907
6542,0.4990758083577875
6543,0.3765239270754917
6544,0.2999709455853255
6545,0.24270917440675033
6546,0.4552992962117914
6547,0.44953644519204344
6548,0.5508013988053246
6549,0.42008126025552
6550,0.623635890535061
6551,0.6249524379288598
6552,0.40076935534829344
6553,0.39063894992226805
6554,0.4971667552506372
6555,0.47033703570718016
6556,0.34941017871255126
6557,0.5248533511673852
6558,0.3789092326676294
6559,0.39579880481118407
6560,0.5939914012467309
6561,0.44953644519204344
6562,0.4971667552506372
6563,0.3602992320572778
6564,0.41717064624184813
6565,0.445319297364895
6566,0.3400317454850122
6567,0.547919395021145
6568,0.6124211574112817
6569,0.37289154773110594
6570,0.6254321361100121
6571,0.30991661792153563
6572,0.5298892283951684
6573,0.445319297364895
6574,0.4150267863785669
6575,0.6052061343705102
6576,0.5248533511673852
6577,0.5970584178482934
6578,0.5286074901139184
6579,0.3821326518570825
6580,0.57315743213052
6581,0.6052061343705102
6582,0.41380036120766844
6583,0.47736799960488524
6584,0.576157691529934
6585,0.5483189845597192
6586,0.5665026927506371
6587,0.42008126025552
6588,0.36460793261880126
6589,0.2938872600113794
6590,0.39678490405434813
6591,0.5508013988053246
6592,0.3585902476822778
6593,0.49882233386391844
6594,0.40076935534829344
6595,0.47143280749673094
6596,0.5202456737076684
6597,0.2736235881363794
6598,0.30681908374184813
6599,0.7166086459671899
6600,0.36281883960122313
6601,0.6905776286637231
6602,0.6905776286637231
6603,0.3489404941117212
6604,0.6036826396500512
6605,0.4049402499710962
6606,0.5436240459000512
6607,0.4271441722428247
6608,0.41717064624184813
6609,0.29165375476235594
6610,0.5298892283951684
6611,0.4150267863785669
6612,0.43557846789712157
6613,0.7166086459671899
6614,0.29165375476235594
6615,0.2736235881363794
6616,0.5833350444352075
6617,0.30681908374184813
6618,0.4981871867691919
6619,0.5874553943192407
6620,0.5624018931900903
6621,0.37390244250649657
6622,0.521430137208645
6623,0.7166086459671899
6624,0.5068579936539575
6625,0.2723418498551294
6626,0.4704486156021997
6627,0.3687678599869653
6628,0.6055556560074731
6629,0.6412917399918481
6630,0.3948146129166528
6631,0.4352465892350122
6632,0.4353991771256372
6633,0.4827319407975122
6634,0.4554969096695825
6635,0.631333472779934
6636,0.6631881022965356
6637,0.36631500964516844
6638,0.5091525340592309
6639,0.2723418498551294
6640,0.3489404941117212
6641,0.37390244250649657
6642,0.5407420421158715
6643,0.30681908374184813
6644,0.6527797008072778
6645,0.36281883960122313
6646,0.37390244250649657
6647,0.5508013988053246
6648,0.49882233386391844
6649,0.6412917399918481
6650,0.5663491511856957
6651,0.5630847240006371
6652,0.47868454699868407
6653,0.4971667552506372
6654,0.3602992320572778
6655,0.5976048732315942
6656,0.5993453288590356
6657,0.47868454699868407
6658,0.43800461535805907
6659,0.5624018931900903
6660,0.5791751170670434
6661,0.6200343394791528
6662,0.3362342143570825
6663,0.47143280749673094
6664,0.40304482226723876
6665,0.4352465892350122
6666,0.46615326648110594
6667,0.35053551440591063
6668,0.6148973727738305
6669,0.45572579150552
6670,0.34941017871255126
6671,0.44825470691079344
6672,0.24090111499184813
6673,0.37942421679848876
6674,0.3377257609879419
6675,0.6200343394791528
6676,0.5298892283951684
6677,0.4368978763138696
6678,0.4971667552506372
6679,0.5202456737076684
6680,0.5365000987564965
6681,0.3948146129166528
6682,0.6190501475846215
6683,0.34765351062173094
6684,0.565415504029934
6685,0.5791751170670434
6686,0.5298892283951684
6687,0.547919395021145
6688,0.6744872355973168
6689,0.3937255168473169
6690,0.6593219066178246
6691,0.6474238658463403
6692,0.6197425151383325
6693,0.57199776416177
6694,0.6400100017105981
6695,0.526169898561184
6696,0.521430137208645
6697,0.5286074901139184
6698,0.6200343394791528
6699,0.6747714305436059
6700,0.5980426097428246
6701,0.4827319407975122
6702,0.49882233386391844
6703,0.5981379771744653
6704,0.5083400035416528
6705,0.24090111499184813
6706,0.3333522105729028
6707,0.42008126025552
6708,0.35235321765298094
6709,0.606522681764309
6710,0.37289154773110594
6711,0.42734825854653563
6712,0.3585902476822778
6713,0.37289154773110594
6714,0.3919554973160669
6715,0.57315743213052
6716,0.29453575854653563
6717,0.3489404941117212
6718,0.5702153468644067
6719,0.5365000987564965
6720,0.43210518603677
6721,0.36631500964516844
6722,0.5517855906998559
6723,0.39063894992226805
6724,0.3463965678727075
6725,0.5078378940140649
6726,0.3788481975113794
6727,0.5298892283951684
6728,0.6190501475846215
6729,0.6905776286637231
6730,0.348517539552395
6731,0.7179251933609887
6732,0.6055556560074731
6733,0.348517539552395
6734,0.6200343394791528
6735,0.30358357808530634
6736,0.27197016165713583
6737,0.5882673409106565
6738,0.49862948877770935
6739,0.2613231990690583
6740,0.3366765163656
6741,0.2800845655032261
6742,0.3525660841351302
6743,0.486537346105378
6744,0.35277285920105067
6745,0.5487206494005121
6746,0.3792175807708532
6747,0.24500317952573603
6748,0.5979398577020576
6749,0.28956156126574645
6750,0.5487528199391534
6751,0.5512437008138422
6752,0.48035044990264014
6753,0.4373181378038324
6754,0.4024110240621464
6755,0.3849402938934335
6756,0.5278191127532751
6757,0.3660181561807193
6758,0.49262795842681306
6759,0.2780626813272037
6760,0.26679528003091063
6761,0.3167590096661153
6762,0.35251231513701514
6763,0.4615890834684724
6764,0.2753338374847204
6765,0.3915665004606599
6766,0.39999766669951514
6767,0.4865560677172972
6768,0.23265298293884112
6769,0.4768648293139769
6770,0.641651670424451
6771,0.2470218990202302
6772,0.33418754283954394
6773,0.4329188673382552
6774,0.4550303414532247
6775,0.40512756053973925
6776,0.3050807325726302
6777,0.25930447957456415
6778,0.358699211339753
6779,0.4463709393838443
6780,0.33418754283954394
6781,0.6626462124105219
6782,0.3064288094708028
6783,0.569673456978393
6784,0.40668976550454344
6785,0.2912621059173376
6786,0.641651670424451
6787,0.45811572419128505
6788,0.5807849193131371
6789,0.5024958008961846
6790,0.3094800030382074
6791,0.42574151443298175
6792,0.3867815926739278
6793,0.5024958008961846
6794,0.4953184479909111
6795,0.3032752299820825
6796,0.5230718059224979
6797,0.3867713237320825
6798,0.4399653697525903
6799,0.6459304118668481
6800,0.23902501613584187
6801,0.3120421918459995
6802,0.4399653697525903
6803,0.2589434579083028
6804,0.2227509533555902
6805,0.2613231990690583
6806,0.2589434579083028
6807,0.2589434579083028
6808,0.5487528199391534
6809,0.4648006955483951
6810,0.3915665004606599
6811,0.33418754283954394
6812,0.5709728755706578
6813,0.3387807695672921
6814,0.3337509487028474
6815,0.39999766669951514
6816,0.23180375493560212
6817,0.5345279002701684
6818,0.3342620158707544
6819,0.36700717432458435
6820,0.20330472371518915
6821,0.20532344320968332
6822,0.4034871242757562
6823,0.47089091761071716
6824,0.23265298293884112
6825,0.48191368823403563
6826,0.5487206494005121
6827,0.358699211339753
6828,0.2227509533555902
6829,0.2986143628457584
6830,0.3867815926739278
6831,0.5327943651483468
6832,0.4068422463061644
6833,0.3643446114184691
6834,0.3891691057489327
6835,0.5487206494005121
6836,0.4498963756246464
6837,0.29328082541183176
6838,0.13051595241513875
6839,0.27398351856898234
6840,0.3465090150075127
6841,0.3569653546007074
6842,0.48035044990264014
6843,0.4731730969973667
6844,0.4560621777871646
6845,0.37465766613055956
6846,0.31996071582192626
6847,0.38293544275720154
6848,0.4550303414532247
6849,0.20532344320968332
6850,0.5729915950651521
6851,0.4731730969973667
6852,0.17221440822568562
6853,0.32998327442835734
6854,0.46450531726235594
6855,0.39999766669951514
6856,0.486537346105378
6857,0.4550303414532247
6858,0.5443213789349348
6859,0.4731730969973667
6860,0.2800845655032261
6861,0.4602265758199589
6862,0.37426237293909953
6863,0.5547860948846748
6864,0.4373181378038324
6865,0.23705225340441832
6866,0.5209255570607354
6867,0.4987802060671909
6868,0.35251231513701514
6869,0.17665322707946612
6870,0.548599198681937
6871,0.5979398577020576
6872,0.3355506269818099
6873,0.6138983124928643
6874,0.32319367175454344
6875,0.5192805552994653
6876,0.3490266945483519
6877,0.5577734509805239
6878,0.35029137378091063
6879,0.48035044990264014
6880,0.37465766613055956
6881,0.5115500961395272
6882,0.406184562902253
6883,0.4052113488384786
6884,0.5278191127532751
6885,0.5707445496754815
6886,0.4615890834684724
6887,0.486537346105378
6888,0.3525660841351302
6889,0.2613231990690583
6890,0.2800845655032261
6891,0.3182290880487374
6892,0.37854111438149657
6893,0.26461060928161456
6894,0.2879286164479424
6895,0.32910825277589095
6896,0.27735255697921457
6897,0.3366765163656
6898,0.4165147630975655
6899,0.3849402938934335
6900,0.26900987974719176
6901,0.32319367175454344
6902,0.2780626813272037
6903,0.20330472371518915
6904,0.37465766613055956
6905,0.46968747640870345
6906,0.4463709393838443
6907,0.4595703639739782
6908,0.3050807325726302
6909,0.32998327442835734
6910,0.3050807325726302
6911,0.4391935864785709
6912,0.3342620158707544
6913,0.40668976550454344
6914,0.20532344320968332
6915,0.42340556604821716
6916,0.4327880168473169
6917,0.5487206494005121
6918,0.48035044990264014
6919,0.26900987974719176
6920,0.3337509487028474
6921,0.33055056021670615
6922,0.17665322707946612
6923,0.4615890834684724
6924,0.24670660739297118
6925,0.29030907397622313
6926,0.7292968059098168
6927,0.3891993785416528
6928,0.6257563853775903
6929,0.43791067843789305
6930,0.4887591624771997
6931,0.4187365794693872
6932,0.5393973613297387
6933,0.3806239390885278
6934,0.451605918458645
6935,0.6676112437760278
6936,0.4310542369400903
6937,0.5575076365982934
6938,0.5656391406571313
6939,0.42966950183266844
6940,0.42611229663247313
6941,0.33637917285317626
6942,0.2672148967301294
6943,0.3789397502457544
6944,0.6191750789200707
6945,0.4324370646988794
6946,0.614823463014309
6947,0.3346639895951196
6948,0.5126634860550805
6949,0.6129370952164575
6950,0.46518051867837157
6951,0.60074532275552
6952,0.5691119456803246
6953,0.5419102931534692
6954,0.5234805369889184
6955,0.6171809459244653
6956,0.7188407207047387
6957,0.48824799304360594
6958,0.2672148967301294
6959,0.34454071765298094
6960,0.6275855327164575
6961,0.5614234233414575
6962,0.5029722476517602
6963,0.6313668513810082
6964,0.45968163256997313
6965,0.5234805369889184
6966,0.55033028369302
6967,0.5584617877518578
6968,0.6129370952164575
6969,0.5691119456803246
6970,0.5976353908097192
6971,0.42261946444863524
6972,0.631476523927395
6973,0.37521088366860594
6974,0.4446288371598169
6975,0.5481311107193871
6976,0.39237892871255126
6977,0.48824799304360594
6978,0.37826645617837157
6979,0.4717437053238794
6980,0.4305049205338403
6981,0.60074532275552
6982,0.4619075084244653
6983,0.33924401049966063
6984,0.5875417018448754
6985,0.5686007762467309
6986,0.4412738109146997
6987,0.5697375560318871
6988,0.50363838916177
6989,0.5190097117936059
6990,0.6373606944596215
6991,0.46857941394204344
6992,0.5656391406571313
6993,0.4412738109146997
6994,0.48371994738930907
6995,0.5650044703995629
6996,0.4336577678238794
6997,0.6579772258316918
6998,0.46857941394204344
6999,0.5584617877518578
7000,0.5019942546402856
7001,0.4990893626725122
7002,0.5325843120133325
7003,0.43121063952798094
7004,0.37513411288613524
7005,0.6148577952896996
7006,0.6143747592484399
7007,0.40080368762368407
7008,0.5005275035416528
7009,0.3322192454850122
7010,0.6148577952896996
7011,0.4900561595475122
7012,0.5656391406571313
7013,0.3891993785416528
7014,0.48748505359048094
7015,0.33637917285317626
7016,0.6258679652726098
7017,0.48824799304360594
7018,0.44312775378579344
7019,0.6242991710221215
7020,0.5234805369889184
7021,0.6118961597001
7022,0.2926665568863794
7023,0.33924401049966063
7024,0.5951892161881371
7025,0.6777335429703637
7026,0.5671988750016137
7027,0.6368495250260278
7028,0.5673619533097192
7029,0.3322192454850122
7030,0.7121478343521996
7031,0.607438209108059
7032,0.3229399943863794
7033,0.39237892871255126
7034,0.31284630542153563
7035,0.4662219310318872
7036,0.4472399974381372
7037,0.48380673175210204
7038,0.47715485339516844
7039,0.3545447612320825
7040,0.6023360515152856
7041,0.4850989604508325
7042,0.3232146525895044
7043,0.4412738109146997
7044,0.5489321971451684
7045,0.6258679652726098
7046,0.7121478343521996
7047,0.44312775378579344
7048,0.3572417521988794
7049,0.3683348918473169
7050,0.6997252727066918
7051,0.7243396068131371
7052,0.7292968059098168
7053,0.6363240504776879
7054,0.36884606128091063
7055,0.4169093394791528
7056,0.7428790355240746
7057,0.31873572116250243
7058,0.49885285144204344
7059,0.6118961597001
7060,0.42966950183266844
7061,0.5697375560318871
7062,0.46518051867837157
7063,0.5465747142350121
7064,0.46857941394204344
7065,0.24670660739297118
7066,0.7428790355240746
7067,0.44076264148110594
7068,0.3848754191910669
7069,0.6178942943131371
7070,0.39564240222329344
7071,0.29030907397622313
7072,0.44958603625649657
7073,0.3430968547379419
7074,0.34447968249673094
7075,0.39564240222329344
7076,0.5467845225846215
7077,0.49052441363686766
7078,0.3990966105973169
7079,0.520392539552395
7080,0.5584617877518578
7081,0.41267121081704344
7082,0.614823463014309
7083,0.6143747592484399
7084,0.3806239390885278
7085,0.46857941394204344
7086,0.6689940715348168
7087,0.49527657275552
7088,0.4619075084244653
7089,0.403327109864895
7090,0.24670660739297118
7091,0.46668541674966063
7092,0.6171809459244653
7093,0.5005275035416528
7094,0.4900561595475122
7095,0.44337570910805907
7096,0.3123351359879419
7097,0.5575076365982934
7098,0.6153689647232934
7099,0.35403359179848876
7100,0.5226384425675317
7101,0.5575076365982934
7102,0.5584617877518578
7103,0.42966950183266844
7104,0.5614234233414575
7105,0.44791329150552
7106,0.605759742311184
7107,0.35752022509927
7108,0.35508263354653563
7109,0.34771263842934813
7110,0.4945117259537622
7111,0.40759194140786376
7112,0.48083031421059813
7113,0.4982701564347192
7114,0.46832001452798094
7115,0.4749957347428247
7116,0.5379763865982934
7117,0.32340920215005126
7118,0.4875260615860864
7119,0.3751403117691919
7120,0.3484069133316919
7121,0.5278235698258325
7122,0.34929001574868407
7123,0.4696131969010278
7124,0.34970009570473876
7125,0.5414954448258325
7126,0.3729578280960962
7127,0.3320208812271997
7128,0.562760474733059
7129,0.40052330737466063
7130,0.47146332507485594
7131,0.27749741320962157
7132,0.5949298167740746
7133,0.37037575488442626
7134,0.26186669116372313
7135,0.5052768016373559
7136,0.3803645396744653
7137,0.5311270976578637
7138,0.31655991320962157
7139,0.5688315654313012
7140,0.5616542125260278
7141,0.3757830882584497
7142,0.32620346789712157
7143,0.5572081828629418
7144,0.3711119914566919
7145,0.35752022509927
7146,0.39397919421548094
7147,0.38198960070962157
7148,0.5379763865982934
7149,0.34929001574868407
7150,0.5160208964859887
7151,0.6166793132340356
7152,0.3294912601029321
7153,0.4154554629837915
7154,0.39268601184243407
7155,0.6166793132340356
7156,0.3050109172379419
7157,0.35508263354653563
7158,0.34929001574868407
7159,0.3751403117691919
7160,0.65708077197427
7161,0.4554969096695825
7162,0.459993484071438
7163,0.27994454150552
7164,0.2877417827164575
7165,0.4154554629837915
7166,0.5311270976578637
7167,0.4244891429459497
7168,0.3377105021988794
7169,0.4128447795426294
7170,0.31655991320962157
7171,0.3751403117691919
7172,0.40765488391274657
7173,0.4092942500626489
7174,0.2898188853775903
7175,0.3600341105973169
7176,0.5616542125260278
7177,0.3320208812271997
7178,0.4056121135270044
7179,0.4696131969010278
7180,0.6235972667252465
7181,0.3621455455338403
7182,0.6370803142105981
7183,0.36281883960122313
7184,0.485478045991604
7185,0.3833705211197778
7186,0.4458056712662622
7187,0.4902869487320825
7188,0.2924071574723169
7189,0.41798508410805907
7190,0.43525421862954344
7191,0.43862831836098876
7192,0.29722321277016844
7193,0.6667510295426293
7194,0.4092942500626489
7195,0.43615257983559813
7196,0.3369685435807153
7197,0.485478045991604
7198,0.5427886271988793
7199,0.5109549785172387
7200,0.4458056712662622
7201,0.5121814036881371
7202,0.2924071574723169
7203,0.5688315654313012
7204,0.29370033984536376
7205,0.48847878222817626
7206,0.5842334056412621
7207,0.33772146945351805
7208,0.34387314563149657
7209,0.3931914592301294
7210,0.44112789874428954
7211,0.3993617320572778
7212,0.4458056712662622
7213,0.6235839152848168
7214,0.5129414821183129
7215,0.5688315654313012
7216,0.5688315654313012
7217,0.4655181193863794
7218,0.5309220576798364
7219,0.3050109172379419
7220,0.5427886271988793
7221,0.2734404826676294
7222,0.265265586427395
7223,0.4945117259537622
7224,0.31969940905923094
7225,0.5596572185074731
7226,0.3816577220475122
7227,0.35301125293130126
7228,0.3294912601029321
7229,0.41798508410805907
7230,0.3095446849381372
7231,0.41860687976235594
7232,0.34982407336587157
7233,0.4853259349381372
7234,0.4458056712662622
7235,0.3666735911881372
7236,0.3561946177994653
7237,0.3993617320572778
7238,0.33772146945351805
7239,0.2509642863785669
7240,0.3654528880631372
7241,0.4204164767777368
7242,0.7105151439225121
7243,0.2877417827164575
7244,0.27749741320962157
7245,0.3682643199479028
7246,0.5311270976578637
7247,0.587261321595852
7248,0.5769339824234887
7249,0.39268601184243407
7250,0.6667510295426293
7251,0.29722321277016844
7252,0.56503975634927
7253,0.3791695857560083
7254,0.46110451465005126
7255,0.3993617320572778
7256,0.3320208812271997
7257,0.5481711650406762
7258,0.3685656810318872
7259,0.47865021472329344
7260,0.4752227092301294
7261,0.45077431445473876
7262,0.4458056712662622
7263,0.45077431445473876
7264,0.48847878222817626
7265,0.35301125293130126
7266,0.4128447795426294
7267,0.5342646861588403
7268,0.46110451465005126
7269,0.47830069308633055
7270,0.3320208812271997
7271,0.3385249400650903
7272,0.44599831347817626
7273,0.3833705211197778
7274,0.297614219239895
7275,0.35373986010903563
7276,0.4128447795426294
7277,0.5202256465470239
7278,0.453070762208645
7279,0.34387314563149657
7280,0.49206269030923094
7281,0.22921240573281493
7282,0.485478045991604
7283,0.56503975634927
7284,0.2877417827164575
7285,0.3757830882584497
7286,0.38704025988930907
7287,0.6235972667252465
7288,0.41860687976235594
7289,0.3320208812271997
7290,0.4945117259537622
7291,0.49206269030923094
7292,0.6235839152848168
7293,0.265265586427395
7294,0.5064374232804223
7295,0.5643893504654809
7296,0.5003815913712426
7297,0.5552028028851301
7298,0.5738347088487543
7299,0.4260835793139769
7300,0.5055859600694574
7301,0.6221704628588987
7302,0.35782938353137145
7303,0.6580395259612828
7304,0.5055859600694574
7305,0.6221247935807153
7306,0.5616654537435297
7307,0.3992160169964583
7308,0.5320757821270528
7309,0.3855677867447778
7310,0.3423987651383325
7311,0.4940247935933964
7312,0.5518429791124262
7313,0.4734604213590974
7314,0.45289798103056983
7315,0.3423854136979028
7316,0.3535473201628083
7317,0.506343254308503
7318,0.5746957336517342
7319,0.4002791915985116
7320,0.40294364635516894
7321,0.677945055794311
7322,0.486243394479371
7323,0.38285553698891844
7324,0.5055859600694574
7325,0.33930886035317626
7326,0.4759131942840585
7327,0.38701537792255175
7328,0.26823029912505525
7329,0.5266352916275903
7330,0.2989371626263411
7331,0.4273646681195052
7332,0.4462825084244653
7333,0.3966578046182193
7334,0.5467443611743285
7335,0.40616513754151595
7336,0.5043549937887088
7337,0.4662842311614782
7338,0.5640745515065362
7339,0.3637675240704122
7340,0.7430905483480219
7341,0.5513352535482172
7342,0.5466370143646032
7343,0.24932031981066832
7344,0.6221704628588987
7345,0.5712519044118096
7346,0.6580395259612828
7347,0.4061194682633325
7348,0.5526002733514718
7349,0.41839079090784953
7350,0.3988804378265173
7351,0.3221067278192452
7352,0.5502662213870151
7353,0.29037137410581415
7354,0.3053200756700433
7355,0.29612648730630126
7356,0.5244959393838443
7357,0.37608899623838093
7358,0.5640745515065362
7359,0.48024363837920264
7360,0.46337977869470154
7361,0.545065047792141
7362,0.5712519044118096
7363,0.5538760448014184
7364,0.35470688586587157
7365,0.506343254308503
7366,0.4284278427215585
7367,0.4544733563760318
7368,0.3392460201139802
7369,0.38285553698891844
7370,0.4025096448489292
7371,0.2976104045426294
7372,0.6666053144818098
7373,0.4837906215544099
7374,0.5038499019857172
7375,0.5404101634537621
7376,0.42242808662139014
7377,0.4578345625286849
7378,0.5502662213870151
7379,0.3777478253038324
7380,0.4355633770616449
7381,0.5686959775515659
7382,0.5562659774871834
7383,0.3754223964925531
7384,0.5745920030877998
7385,0.6220961833512231
7386,0.36850915349517244
7387,0.4670142129131856
7388,0.4566127086197778
7389,0.24932031981066832
7390,0.40294364635516894
7391,0.4449751232023591
7392,0.3536558296801878
7393,0.6652785563980981
7394,0.4735689308764769
7395,0.378505119542878
7396,0.4089750139520577
7397,0.5539217140796019
7398,0.7430905483480219
7399,0.5712519044118096
7400,0.5928940334075719
7401,0.5927446881631411
7402,0.4314221523519281
7403,0.685780088393201
7404,0.6316880367513422
7405,0.39427943549834327
7406,0.45289798103056983
7407,0.6148857631439
7408,0.6003245309063496
7409,0.39065022847593134
7410,0.5466370143646032
7411,0.44341376964618456
7412,0.5240157162340082
7413,0.37411169239710734
7414,0.38561345602296127
7415,0.3583270335709497
7416,0.24932031981066832
7417,0.618514970166312
7418,0.3423854136979028
7419,0.5247730104730538
7420,0.38285553698891844
7421,0.4314221523519281
7422,0.5173185864785709
7423,0.6395006531911065
7424,0.6245106838460688
7425,0.38550494650558176
7426,0.39065022847593134
7427,0.5743775767965213
7428,0.3549369184857161
7429,0.4002791915985116
7430,0.546698691896145
7431,0.3992160169964583
7432,0.5055859600694574
7433,0.5948840404068871
7434,0.4259750697965974
7435,0.4748500196820052
7436,0.6434782937237324
7437,0.4465394420308964
7438,0.27036965136880126
7439,0.5736325590496809
7440,0.6652157161589021
7441,0.49415314441079344
7442,0.5320757821270528
7443,0.40616513754151595
7444,0.2544280314957544
7445,0.5430888684817416
7446,0.40850940094909755
7447,0.42242808662139014
7448,0.4187988795989782
7449,0.5538760448014184
7450,0.3416987930389413
7451,0.5502662213870151
7452,0.6434782937237324
7453,0.32645714526528563
7454,0.25007761404971396
7455,0.5538132045622224
7456,0.5672002238912479
7457,0.4152651185231377
7458,0.3709860200123955
7459,0.4757012508626703
7460,0.4042376473614278
7461,0.5248984292217793
7462,0.5738347088487543
7463,0.5723058009659692
7464,0.4441431561807193
7465,0.5480254499798567
7466,0.35470688586587157
7467,0.27036965136880126
7468,0.5538132045622224
7469,0.5636129524829221
7470,0.5466370143646032
7471,0.6220619533415193
7472,0.3938230364129952
7473,0.570752958426813
7474,0.5038499019857172
7475,0.6148857631439
7476,0.5244959393838443
7477,0.6025229965301522
7478,0.5244959393838443
7479,0.3536101604020044
7480,0.6169884716661371
7481,-0.0047410518318966866
7482,0.23200067468714844
7483,0.17462643057864852
7484,0.05790552087855469
7485,0.015957936472008244
7486,0.1335338025191635
7487,-0.04044045525162457
7488,0.03137735992809426
7489,0.2116913846941956
7490,0.06984146800666283
7491,0.18365246175950725
7492,0.050992479572006436
7493,0.12363505820941123
7494,0.3099978833297104
7495,0.3176486537904659
7496,0.024756810184554723
7497,0.04678829581302352
7498,-0.0047410518318966866
7499,0.27662521719163613
7500,-0.006805952467821695
7501,0.19859537173303068
7502,0.09169922802726777
7503,0.02134269865522518
7504,0.2023193875998624
7505,0.19984730449347923
7506,0.10956486136478133
7507,0.22575249370032988
7508,0.038671007404037686
7509,0.33964038352679404
7510,0.1625535533876339
7511,-0.009610095910609295
7512,0.08240628640357334
7513,0.24485239077599943
7514,0.14200348051557674
7515,0.19447664526836758
7516,0.07075723696740568
7517,0.27662521719163613
7518,0.12216912243644745
7519,0.27127971362693754
7520,0.26492143075171787
7521,0.2507005145920981
7522,0.1366187183323598
7523,0.21147972463792522
7524,0.08975990977912376
7525,0.1268812626212283
7526,0.15804535268968303
7527,0.3495717456711996
7528,0.2618709054603208
7529,0.3364252061806485
7530,0.08607515383752287
7531,0.190053090280602
7532,0.08837541528773438
7533,0.006318172522007892
7534,0.15687569052737899
7535,0.2579484037371643
7536,-0.04044045525162457
7537,0.27549481789771396
7538,0.21042069163947533
7539,0.2638550635877175
7540,0.16744907767337508
7541,0.02134269865522518
7542,0.3176486537904659
7543,0.24485239077599943
7544,0.03738457082933147
7545,0.03738457082933147
7546,0.1366187183323598
7547,0.04678829581302352
7548,0.04078616809471097
7549,0.04642783088118793
7550,0.2116913846941956
7551,0.2638550635877175
7552,0.28778611157218964
7553,0.21236000988761933
7554,0.16522270559495647
7555,0.26492143075171787
7556,0.13724526134162376
7557,0.17856630273890625
7558,0.19548513961622166
7559,0.09843564431372959
7560,0.22088344962161727
7561,0.21147972463792522
7562,0.22575249370032988
7563,0.06161125865607689
7564,0.08975990977912376
7565,0.16299967438121926
7566,-0.04044045525162457
7567,0.15804535268968303
7568,0.02134269865522518
7569,0.11907820013897305
7570,0.06344328803450824
7571,0.2826721708029874
7572,0.2605833450175299
7573,0.0682173020918076
7574,0.23200067468714844
7575,0.09718455981834379
7576,0.20727195453269925
7577,0.03738457082933147
7578,0.09914269145423613
7579,0.04078616809471097
7580,-0.0047410518318966866
7581,0.05922268892259237
7582,0.08777575165172707
7583,0.15447579357902558
7584,0.23200067468714844
7585,0.09169922802726777
7586,0.1857436556441797
7587,0.2858467933240456
7588,0.03738457082933147
7589,0.2638550635877175
7590,0.04642783088118793
7591,0.12216912243644745
7592,0.190053090280602
7593,0.017332160145334702
7594,0.11824564606090676
7595,0.3176486537904659
7596,0.12022980418830345
7597,0.28386263519664895
7598,0.051657339891736126
7599,0.190053090280602
7600,0.18365246175950725
7601,0.20594648627178555
7602,0.07075723696740568
7603,0.06578834921878524
7604,-0.04044045525162457
7605,0.11443390544349394
7606,0.07690557428431641
7607,0.04921724868604588
7608,0.19141801882775725
7609,-0.028823528804062498
7610,0.014358845243772872
7611,0.21702512789758147
7612,0.06810498635474521
7613,0.0015071291549218768
7614,0.09169922802726777
7615,0.14200348051557674
7616,0.15804535268968303
7617,0.21147972463792522
7618,-0.04044045525162457
7619,0.04921724868604588
7620,0.20417341180873047
7621,0.06161125865607689
7622,0.015957936472008244
7623,0.14379607123763324
7624,0.27549481789771396
7625,-0.04044045525162457
7626,0.11907820013897305
7627,0.10875996318488548
7628,0.20451403178892216
7629,0.10308337669085654
7630,0.24485239077599943
7631,0.08777575165172707
7632,0.1335338025191635
7633,0.05790552087855469
7634,0.05083879519494475
7635,0.06161125865607689
7636,0.3715634754075277
7637,0.32892918984595615
7638,-0.0030855524616841545
7639,0.03666061552534237
7640,0.021068597562999003
7641,0.14355349998187217
7642,0.08212723430091581
7643,0.21147972463792522
7644,0.08975990977912376
7645,0.04678829581302352
7646,0.2834094089864203
7647,0.10572234462257452
7648,0.1916865475034339
7649,0.4160217145262458
7650,0.38585261730527076
7651,0.15886145035106505
7652,0.4438489774046638
7653,0.12502841381405982
7654,0.30796614955421514
7655,0.40198927348837343
7656,0.38585261730527076
7657,0.1905581743993019
7658,0.1434094698704933
7659,0.3706594147366494
7660,0.25842963315968903
7661,0.11817413946809469
7662,0.04993009642890389
7663,0.2896702995380531
7664,0.13108799770252455
7665,0.211757463496677
7666,0.19118882011269808
7667,0.3002237180052497
7668,0.26975382359607003
7669,0.06057577530223693
7670,0.08494575275391339
7671,0.32756937535388253
7672,0.32351297981958854
7673,0.06057577530223693
7674,0.1956530676079312
7675,0.15071869682168246
7676,0.16493650365741302
7677,0.16493650365741302
7678,0.17155812099354018
7679,0.29443996552297635
7680,0.18323142780274151
7681,0.28013888667579717
7682,0.3324182453570286
7683,0.29951102985352274
7684,0.22133489538104584
7685,0.1338709957456214
7686,0.046145025698563436
7687,0.19118882011269808
7688,0.05072072406831592
7689,0.22133489538104584
7690,0.1553590717730442
7691,0.23238808294954
7692,0.10104589859325255
7693,0.3697482214165249
7694,0.29443996552297635
7695,0.23665281225116302
7696,0.19318624425799896
7697,0.1630401689896512
7698,0.12541587604492901
7699,0.30796614955421514
7700,0.19707172516653101
7701,0.211757463496677
7702,0.12166074176851123
7703,0.15518294431691557
7704,0.28164551570789564
7705,0.330690332724862
7706,0.1956530676079312
7707,0.23341272212254657
7708,0.014316848910635366
7709,0.09119084735933154
7710,0.1956530676079312
7711,0.13108799770252455
7712,0.06057577530223693
7713,0.18323142780274151
7714,0.10104589859325255
7715,0.1956530676079312
7716,0.11261112595406877
7717,0.24678204372303236
7718,0.2629452492138743
7719,0.1916865475034339
7720,0.16910505370429452
7721,0.29684765244332656
7722,0.16660183075735133
7723,0.4174217789259677
7724,0.34310467148629537
7725,0.1474485192416872
7726,0.34069698456594505
7727,0.1690095176777016
7728,0.28042364196113045
7729,0.2850717404661872
7730,0.2971327821381744
7731,0.3002237180052497
7732,0.05072072406831592
7733,0.09340087245460577
7734,0.1558857704541087
7735,0.34917303014667084
7736,0.31312654353367936
7737,0.11817413946809469
7738,0.1063284881525367
7739,0.16274862712606875
7740,0.34069698456594505
7741,0.18560188416311305
7742,0.39759195836169503
7743,0.34069698456594505
7744,0.3041312039262966
7745,0.2708769903374234
7746,0.29058676189169375
7747,0.27909691239205703
7748,0.2728360218404242
7749,0.16274862712606875
7750,0.25842963315968903
7751,0.18323142780274151
7752,0.34069698456594505
7753,0.4605755417433505
7754,0.04993009642890389
7755,0.13925467588429838
7756,0.08332995800351295
7757,0.4438489774046638
7758,0.2373490967434853
7759,0.3904146054564216
7760,0.1966475612973792
7761,0.16750441648488432
7762,0.4082501640400063
7763,0.11817413946809469
7764,0.3368437809346625
7765,0.2652860011679253
7766,0.11817413946809469
7767,0.19118882011269808
7768,0.20650673698281527
7769,0.39759195836169503
7770,0.20650673698281527
7771,0.09119084735933154
7772,0.4438489774046638
7773,0.19321852153524843
7774,0.23857527176219787
7775,0.19118882011269808
7776,0.11261112595406877
7777,0.2268250694355141
7778,0.34917303014667084
7779,0.25842963315968903
7780,0.1063284881525367
7781,0.2617091305112464
7782,0.26975382359607003
7783,0.1338709957456214
7784,0.38585261730527076
7785,0.16434089015480108
7786,0.11019090076509326
7787,0.07817983702948983
7788,0.2751410524018463
7789,0.06276131461953402
7790,0.13108799770252455
7791,0.13845317963430445
7792,0.34028654495555727
7793,0.15071869682168246
7794,0.13459997600302187
7795,0.17559717036473407
7796,0.29058676189169375
7797,0.0471419460630042
7798,0.05072072406831592
7799,0.11817413946809469
7800,0.1630401689896512
7801,0.3152774086078774
7802,0.3588355106709906
7803,0.1808647720900302
7804,0.3697482214165249
7805,0.06304219623628467
7806,0.24160517247302316
7807,0.38585261730527076
7808,0.21902898212495653
7809,0.2695730152544895
7810,0.3368437809346625
7811,0.18191974762746851
7812,0.14642388006868062
7813,0.09119084735933154
7814,0.16274862712606875
7815,0.18360881237363014
7816,0.19318624425799896
7817,0.11817413946809469
7818,0.15886145035106505
7819,0.3650964012226235
7820,0.19533522096800293
7821,0.3917245173684642
7822,0.2171688873933862
7823,0.37846099621641177
7824,0.1557380524906683
7825,0.4178117484570712
7826,0.38787114340071577
7827,0.26915784257181546
7828,0.30930775944427785
7829,0.4478204962365576
7830,0.4599732661477611
7831,0.25142354313568416
7832,0.37315567328205806
7833,0.23380911622515066
7834,0.2845355203650597
7835,0.43798153641143295
7836,0.39582001872074307
7837,0.31451017824339356
7838,0.23573773147979232
7839,0.1464538062356042
7840,0.3679927558423251
7841,0.3077179654897832
7842,0.5131660923441966
7843,0.1322485858602935
7844,0.2499024137319707
7845,0.2144856019493484
7846,0.3013538880821609
7847,0.39699597733744046
7848,0.4432529963804092
7849,0.21627811726182938
7850,0.29962773698099515
7851,0.2889305576762279
7852,0.16209280763140066
7853,0.22539909674397213
7854,0.3723943945519873
7855,0.26562876351099485
7856,0.4513770905766058
7857,0.3292895486853722
7858,0.4432529963804092
7859,0.26915784257181546
7860,0.3261763507528716
7861,0.33239712566939195
7862,0.2039648944540435
7863,0.30224232014268876
7864,0.40377964825239976
7865,0.22175376260892382
7866,0.22175376260892382
7867,0.4897795844732477
7868,0.39893908150415885
7869,0.1464538062356042
7870,0.3080941040681909
7871,0.2881578959775772
7872,0.27630675111284597
7873,0.2638863826028392
7874,0.37489476055708726
7875,0.2426063386234808
7876,0.33843405214476074
7877,0.3292895486853722
7878,0.19533522096800293
7879,0.32697339432962796
7880,0.38454716446319076
7881,0.37349998242246646
7882,0.34615432507383365
7883,0.21627811726182938
7884,0.1653264731885165
7885,0.26915784257181546
7886,0.44491734356489976
7887,0.202852197959237
7888,0.16209280763140066
7889,0.1557380524906683
7890,0.3261763507528716
7891,0.3319344081235733
7892,0.24531753851643306
7893,0.5549250770269587
7894,0.39582001872074307
7895,0.37846099621641177
7896,0.30720333393663407
7897,0.3495629996777743
7898,0.3080941040681909
7899,0.202852197959237
7900,0.18891914679280025
7901,0.24273534254993434
7902,0.27660908550825913
7903,0.19350402200833788
7904,0.35998980844632616
7905,0.3777405484975957
7906,0.27534741703705135
7907,0.2171688873933862
7908,0.43798153641143295
7909,0.3319344081235733
7910,0.2652203306020879
7911,0.1653264731885165
7912,0.1322485858602935
7913,0.45460858196822007
7914,0.387431786900916
7915,0.26562876351099485
7916,0.32697339432962796
7917,0.33491486851410207
7918,0.27073366609739746
7919,0.3925863531636272
7920,0.22172486491214932
7921,0.3168421915076378
7922,0.30313309027424556
7923,0.2410091914487686
7924,0.17470354683619013
7925,0.21627811726182938
7926,0.46195232159482974
7927,0.3217019343606517
7928,0.48366741474718095
7929,0.3286995454307937
7930,0.2795404166699618
7931,0.1464538062356042
7932,0.37472640781623157
7933,0.19357621378910245
7934,0.33366055922473903
7935,0.31707920879927476
7936,0.39582001872074307
7937,0.326662948154597
7938,0.4363452125250055
7939,0.4501525095008019
7940,0.27534741703705135
7941,0.34615432507383365
7942,0.5083984889341202
7943,0.33843405214476074
7944,0.39230313152876695
7945,0.341614124357747
7946,0.3080941040681909
7947,0.2812677649067913
7948,0.2171688873933862
7949,0.19357621378910245
7950,0.26063545538655025
7951,0.3217019343606517
7952,0.37985577435103257
7953,0.28220350710081543
7954,0.252194759321329
7955,0.24396794083037826
7956,0.42816077976447375
7957,0.28450143046390713
7958,0.2943562770120189
7959,0.2988368836674261
7960,0.33366055922473903
7961,0.2181701148293542
7962,0.2987343722982818
7963,0.3286995454307937
7964,0.172889788882644
7965,0.4432529963804092
7966,0.19357621378910245
7967,0.25928603894102115
7968,0.341614124357747
7969,0.3391103053323314
7970,0.12563812046271594
7971,0.42816077976447375
7972,0.27578743292561275
7973,0.3168421915076378
7974,0.1557380524906683
7975,0.46524472611673734
7976,0.2749130097660589
7977,0.4897795844732477
7978,0.26066774971704954
7979,0.2699519959721136
7980,0.2795404166699618
7981,0.24896109376421316
7982,0.34615432507383365
7983,0.2144856019493484
7984,0.46334709972945054
7985,0.25142354313568416
7986,0.5131660923441966
7987,0.30155097751838
7988,0.22450832661241532
7989,0.3217019343606517
7990,0.37056319559232226
7991,0.19350402200833788
7992,0.219116871993106
7993,0.44497914748157497
7994,0.28450143046390713
7995,0.4258287665002295
7996,0.22591697483283313
7997,0.1322485858602935
7998,0.26562876351099485
7999,0.410154273533015
8000,0.16209280763140066
8001,0.25173361269163574
8002,0.44497914748157497
8003,0.49097425905394043
8004,0.2803723081411504
8005,0.3987221284386062
8006,0.36274213139252004
8007,0.42342895437424893
8008,0.15603965688889737
8009,0.1955082097509024
8010,0.07460087822432043
8011,0.20404074630862015
8012,0.30832405221413295
8013,0.33269063070812555
8014,0.10219708517589901
8015,0.18354388829281024
8016,0.177389845804689
8017,0.15517200566929562
8018,0.1908598413390028
8019,0.36431285496761495
8020,0.1585884356928604
8021,0.10219708517589901
8022,0.2875320716870381
8023,0.3361513150925509
8024,0.2679606944814633
8025,0.07633325247551179
8026,0.09894146062535031
8027,0.2740419045470959
8028,0.11182757969906024
8029,0.24696487356370206
8030,0.24696487356370206
8031,0.11182757969906024
8032,0.3802751915568661
8033,0.012073174492537808
8034,0.20108607058055572
8035,0.20574299457497588
8036,0.18354388829281024
8037,0.32112378166670325
8038,0.23522640619504515
8039,0.3263137475036389
8040,0.128083275787245
8041,0.21465820242112393
8042,0.12778991628831143
8043,0.2888867532830446
8044,0.18807770166623655
8045,0.07633325247551179
8046,0.12335207705028228
8047,0.32417015933216686
8048,0.1908598413390028
8049,0.1470286278581095
8050,0.22912994983620635
8051,0.358283461820538
8052,0.10816483401478405
8053,0.012073174492537808
8054,0.16052286992800802
8055,0.28989429604958217
8056,0.058214888529298375
8057,0.14379860315549436
8058,0.040322915093123746
8059,0.21622635278928343
8060,0.3423211252312868
8061,0.21465820242112393
8062,0.14340119265736218
8063,0.3538539266152359
8064,0.20404074630862015
8065,0.08962841165016813
8066,0.128083275787245
8067,0.3423211252312868
8068,0.14951244953103057
8069,0.07084276918895416
8070,0.040322915093123746
8071,0.09089390399880401
8072,0.1483075296502321
8073,0.004304138705980537
8074,0.23100253697445086
8075,0.2887084340615249
8076,0.22225255058760168
8077,0.07168488406361218
8078,0.27470807500417005
8079,0.2098051934098673
8080,0.18807770166623655
8081,0.233819399629024
8082,0.11887997673506262
8083,0.13044682577648495
8084,0.31535933456545606
8085,0.22137204245128964
8086,0.07168488406361218
8087,0.22604152318050555
8088,0.1632015386083243
8089,0.35361140142214864
8090,0.42342895437424893
8091,0.12778991628831143
8092,0.2787935539258076
8093,0.26088117118310694
8094,0.16234654472822668
8095,0.08378948308628781
8096,0.1436954889456628
8097,0.26974706121022474
8098,0.04661480548806182
8099,0.1480495610692618
8100,0.11311552963381546
8101,0.24529591635265682
8102,0.1908598413390028
8103,0.35819940038258796
8104,0.08646462912988431
8105,0.33735106430178424
8106,-0.05995593927699344
8107,0.09063023613447668
8108,0.23522640619504515
8109,0.1890653713087115
8110,0.07084276918895416
8111,0.10565776956032438
8112,0.2783133661370485
8113,0.30217842959583874
8114,0.296064106188318
8115,0.012073174492537808
8116,0.2957271851135549
8117,0.14340119265736218
8118,0.11887997673506262
8119,0.23093156285817393
8120,0.10458299307609772
8121,0.3423211252312868
8122,0.31449386235286886
8123,0.13124813176792843
8124,0.3423211252312868
8125,0.26868287161388726
8126,0.14327051882274322
8127,0.09089390399880401
8128,0.12993119712304838
8129,0.07633325247551179
8130,0.38602666326100593
8131,0.11904255512185088
8132,0.17759553030529354
8133,0.24696487356370206
8134,0.20404074630862015
8135,0.1632015386083243
8136,0.3903215065978772
8137,0.07168488406361218
8138,0.07633325247551179
8139,0.10565776956032438
8140,0.2198717130417697
8141,0.3440644875549084
8142,0.18722602482845477
8143,0.1757562294982678
8144,0.40704577337039083
8145,0.15603965688889737
8146,0.13124813176792843
8147,0.25592141055287
8148,-0.013814225240232875
8149,0.2957879573598813
8150,0.38602666326100593
8151,0.30832405221413295
8152,0.2184944415522354
8153,0.2711086535883682
8154,0.04661480548806182
8155,0.2748667626237345
8156,0.3397696442180372
8157,0.336887134649635
8158,0.17173407516604203
8159,0.08350400395924815
8160,0.3607887543274221
8161,0.2887084340615249
8162,0.13124813176792843
8163,0.1818191206736087
8164,0.37921851049197286
8165,0.058214888529298375
8166,0.11461328025293119
8167,0.11887997673506262
8168,0.07857243183083526
8169,0.27900291834104124
8170,0.19252605569313688
8171,0.14213771951149626
8172,0.2645584497610925
8173,0.204844179615922
8174,0.23295061956179708
8175,0.1908598413390028
8176,0.2645584497610925
8177,0.16052286992800802
8178,0.15173169760490632
8179,0.1818191206736087
8180,0.06883643112307328
8181,0.3440644875549084
8182,0.23817067050160046
8183,0.32171768118088956
8184,0.1737404132319229
8185,0.09894146062535031
8186,0.16227057222850494
8187,0.09469483848047025
8188,0.11512186769969635
8189,0.19907973251467484
8190,0.3263137475036389
8191,0.18378285832936533
8192,0.1818191206736087
8193,0.2932965187882853
8194,0.058214888529298375
8195,0.1858988275450575
8196,0.1642698662394833
8197,0.08378948308628781
8198,0.13702400890021751
8199,0.05358227164310164
8200,0.3185438127480313
8201,0.12640522981614705
8202,0.19081759910296592
8203,0.1503474758119503
8204,0.1674939033093972
8205,0.13702400890021751
8206,0.10397853564842191
8207,0.1259986011448598
8208,0.11423935588294706
8209,0.012192389330212688
8210,0.32388931631272994
8211,0.19081759910296592
8212,0.13563951440882813
8213,0.15687512422532673
8214,0.268147548742711
8215,0.3185438127480313
8216,0.20209813515845615
8217,0.3761932889670499
8218,0.3602700641526449
8219,0.040082956083506815
8220,0.056011224516124
8221,0.3091350045814146
8222,0.33282808569805505
8223,0.18079790164025725
8224,0.2792647738082422
8225,0.09655388560920189
8226,0.2152570147140039
8227,0.21248680471605022
8228,0.05845131572181425
8229,0.19677887890617402
8230,0.044178546659409595
8231,0.11838984946917686
8232,0.07864145904918801
8233,0.0945697274818052
8234,0.36491275291155967
8235,0.19980057445197533
8236,0.12939133342200956
8237,0.13702400890021751
8238,0.16298517175746094
8239,0.230916560880601
8240,0.11305244833987899
8241,0.06653557751457245
8242,0.07853995246321918
8243,0.27301659282142365
8244,0.1438307205058111
8245,0.2668014619139865
8246,0.23158176810306258
8247,0.028250278226792408
8248,0.044178546659409595
8249,0.0825649354247287
8250,0.24518932994300566
8251,0.2451272454871763
8252,0.23731718940169574
8253,0.2705765016157334
8254,0.3114783809633175
8255,0.13503985077282082
8256,0.09648134780713963
8257,0.1523419257703347
8258,0.2648621436658425
8259,0.10516961999964844
8260,0.36491275291155967
8261,0.398185018703378
8262,0.2007514087620473
8263,-0.0038209518574701395
8264,0.2593089191380239
8265,0.2555507092574447
8266,0.13333925295861662
8267,0.20209813515845615
8268,0.09892143901282988
8269,0.15673699077064238
8270,0.07702096887660156
8271,0.29211648989709316
8272,0.10516961999964844
8273,0.39683584479229334
8274,0.21741605202857334
8275,0.11802133608849943
8276,0.23649262453050252
8277,0.13503985077282082
8278,0.12640522981614705
8279,0.27732205788794834
8280,0.063222035593102
8281,0.19980057445197533
8282,0.11802133608849943
8283,0.16634229926006677
8284,0.2646936813212408
8285,0.2979646137131918
8286,0.22217804311937053
8287,0.23300775476527344
8288,0.09996658682054241
8289,0.22217804311937053
8290,0.28073555349534707
8291,0.2364508121817752
8292,0.09648134780713963
8293,0.16794618555140625
8294,0.1694332215575412
8295,0.29211648989709316
8296,0.19677887890617402
8297,0.30125650354457034
8298,0.18918179536790486
8299,0.29211648989709316
8300,0.25874382375901894
8301,0.22274069098369959
8302,0.31305848095695527
8303,0.24032028586429305
8304,0.02275191230208637
8305,0.17170527053663182
8306,0.17330943030745746
8307,0.14444865893943754
8308,0.13702400890021751
8309,0.25874382375901894
8310,0.2792647738082422
8311,0.2925682313520615
8312,0.254536053653793
8313,0.21967258166892972
8314,0.3505788257493246
8315,0.14444865893943754
8316,0.07000683809251423
8317,0.08760685118208064
8318,0.13503985077282082
8319,0.20209813515845615
8320,0.22274069098369959
8321,0.19081759910296592
8322,0.24270195158491267
8323,0.09825657869310017
8324,0.11802133608849943
8325,0.06860679777631892
8326,0.13702400890021751
8327,0.27228679370506254
8328,0.20900883372718534
8329,0.06860679777631892
8330,0.09892143901282988
8331,0.398185018703378
8332,0.10516961999964844
8333,0.2813077417029966
8334,0.05358227164310164
8335,0.1179214924185916
8336,0.27301659282142365
8337,0.12640522981614705
8338,0.2855172565354574
8339,0.22189052969974227
8340,0.13896332714836152
8341,0.3121855298728116
8342,0.16794618555140625
8343,0.11904488537590058
8344,0.268147548742711
8345,0.27256922394176614
8346,0.23731718940169574
8347,0.22274069098369959
8348,0.08464866995042522
8349,0.20613617094526424
8350,0.21248680471605022
8351,0.10516961999964844
8352,0.3185438127480313
8353,0.2148746887064947
8354,0.17394948403540927
8355,0.11511856435960491
8356,0.1503474758119503
8357,0.15976657580955472
8358,0.06590374381107039
8359,0.3009049938173214
8360,0.44133878152076084
8361,0.3742804971351255
8362,0.1523419257703347
8363,0.22274069098369959
8364,0.398185018703378
8365,0.29211648989709316
8366,0.13503985077282082
8367,0.15976657580955472
8368,0.10397853564842191
8369,0.09405239493411727
8370,0.04252304728919706
8371,0.06590374381107039
8372,0.24585947085412443
8373,0.10689119964977395
8374,0.2660415218324581
8375,-0.018122251906298265
8376,0.19980057445197533
8377,0.21316468427686022
8378,0.276472014202577
8379,0.27930601220103557
8380,0.16793630769274967
8381,0.13791515630454432
8382,0.20717074379321143
8383,0.26012661260337244
8384,0.12541901777295397
8385,0.43708741376904775
8386,0.3115615670921637
8387,0.19763119115045671
8388,0.12259723943442713
8389,0.22826243023536005
8390,0.2046540996159391
8391,0.16467310890551612
8392,0.12259723943442713
8393,0.21628823332608926
8394,0.10130651574107463
8395,0.33502952457855356
8396,0.24714533690212176
8397,0.09847251774261606
8398,0.1783134643302099
8399,0.15709455590220744
8400,0.17224653344126994
8401,0.16467310890551612
8402,0.3336052952255944
8403,0.21294451336524287
8404,0.3245813552603857
8405,0.24714533690212176
8406,0.0693488893983012
8407,0.14177663903209026
8408,0.1389426410336317
8409,0.3435464750690986
8410,0.28806559556051425
8411,0.35240861813880364
8412,-0.005830266058736933
8413,0.15306713384360682
8414,0.2901121031208564
8415,0.0845170078720788
8416,0.28601567026477726
8417,0.3394500422130195
8418,0.3592124042954186
8419,0.302884261573371
8420,0.2700159738957505
8421,0.30219120494747653
8422,0.129436750262938
8423,0.16022746079488923
8424,0.27544228311878116
8425,0.3435464750690986
8426,0.0693488893983012
8427,0.0006224334597389469
8428,0.19408071246994302
8429,0.3158428374991552
8430,0.1926701773565114
8431,0.2626927603643239
8432,0.09702357162671577
8433,0.07305018309352801
8434,0.3158428374991552
8435,0.35240861813880364
8436,0.09931123462570472
8437,0.15278433015368717
8438,0.1088850687443833
8439,0.1348546255986989
8440,0.1389426410336317
8441,0.3234503458439927
8442,0.16467310890551612
8443,0.14935519203539893
8444,0.21284023996692572
8445,0.013349133538926194
8446,0.24533211896924303
8447,0.1389426410336317
8448,0.19785847716153848
8449,0.14177663903209026
8450,0.1501725424688161
8451,0.19371096495387957
8452,0.1405167637314538
8453,0.34078264813086784
8454,0.1348546255986989
8455,0.1823399771611989
8456,0.2017192065853895
8457,0.10588571469642083
8458,0.334322614603483
8459,0.07692744240160987
8460,0.14935519203539893
8461,0.1348546255986989
8462,0.1495328794880439
8463,0.2432580212947787
8464,0.28804452996226604
8465,0.3740952719610036
8466,0.1783134643302099
8467,0.35240861813880364
8468,0.19784676740674303
8469,0.16022746079488923
8470,0.315871792840684
8471,0.3870396671738366
8472,0.09444858831138025
8473,0.12541901777295397
8474,0.1348546255986989
8475,0.16969811628369616
8476,0.12259723943442713
8477,0.13582674864528582
8478,0.18476923813062202
8479,0.3870396671738366
8480,0.22317044016223822
8481,0.2966923932430209
8482,0.21183145252121255
8483,0.044901531970481134
8484,0.2966923932430209
8485,0.10670597447565203
8486,0.27719332680102393
8487,0.13720623728137885
8488,0.26610722594083536
8489,0.26610722594083536
8490,0.24714533690212176
8491,0.1779283256342821
8492,0.12120654091235206
8493,0.1389426410336317
8494,0.21294451336524287
8495,0.21804301255270173
8496,0.11362798790904338
8497,0.1405167637314538
8498,0.18476923813062202
8499,0.31303779484222544
8500,0.13791515630454432
8501,0.30219120494747653
8502,0.1755453776650064
8503,0.1327969079476713
8504,0.30219120494747653
8505,0.06242687596490984
8506,0.08533825926603067
8507,0.3563143443398111
8508,0.16535488840442572
8509,0.06242687596490984
8510,0.14159729284018885
8511,0.24411549620450723
8512,0.28688456520434424
8513,0.0006224334597389469
8514,0.19408071246994302
8515,0.4175541106925146
8516,0.19784676740674303
8517,0.1958247828136054
8518,0.0883680999636452
8519,0.13746641328356998
8520,0.16535488840442572
8521,0.2559341859045078
8522,0.14177663903209026
8523,0.1248847651134101
8524,0.0640748759831266
8525,0.14130267013745795
8526,0.14177663903209026
8527,0.2966923932430209
8528,-0.04443418773757653
8529,0.2606233329585008
8530,0.09931123462570472
8531,0.11493618382623796
8532,0.2667807757992567
8533,0.28804452996226604
8534,0.3089497794072927
8535,0.16022746079488923
8536,0.3870396671738366
8537,0.1389426410336317
8538,0.10931776216052311
8539,0.12259723943442713
8540,0.04187169127286661
8541,0.34078264813086784
8542,0.1389426410336317
8543,0.14130267013745795
8544,0.22726687301831733
8545,0.07002034239591348
8546,0.31303779484222544
8547,0.35047388653418815
8548,0.15016481320716302
8549,0.200888317859153
8550,0.19068112425626504
8551,0.10130651574107463
8552,0.1806728052745429
8553,0.37440034787513177
8554,0.2326846341487826
8555,0.19763119115045671
8556,0.03692738291126166
8557,0.3115615670921637
8558,0.09702357162671577
8559,0.15426055790374887
8560,0.13787108225044262
8561,0.08904890790767483
8562,-0.030270429677203725
8563,0.10523141133946248
8564,0.17832034720128073
8565,0.13558957902886673
8566,-0.021018989538233335
8567,0.243213947240677
8568,0.11554378164952292
8569,0.06341720935078624
8570,0.3080620246728326
8571,0.17740546372607974
8572,0.35431904371580136
8573,0.046348326902882264
8574,0.04136772740130615
8575,0.07000842469291346
8576,0.25711928513721255
8577,0.08531296956700155
8578,0.08885307896380615
8579,0.3241829346838047
8580,-0.024328457153120014
8581,0.23745461094622802
8582,0.08904890790767483
8583,0.019950641357622173
8584,0.047162162334478175
8585,0.2896388912074279
8586,0.12100653425044827
8587,0.04809929248066905
8588,0.2793265651480562
8589,0.11958991196826724
8590,0.0820830420893098
8591,0.0545785362534682
8592,0.06341720935078624
8593,0.3547844280118276
8594,0.31163066519444477
8595,0.10414429295306396
8596,0.09815707581596034
8597,0.22599521058158534
8598,0.1871869427920845
8599,0.005346277637265168
8600,0.11554378164952292
8601,0.1280960511388828
8602,0.3080620246728326
8603,0.12198232958842914
8604,0.09355200766250604
8605,0.23670058027095608
8606,0.25186918107964795
8607,0.06540335653945917
8608,-0.05065347822210983
8609,0.293685065776861
8610,0.09144126084522036
8611,0.1614766575414639
8612,0.1951577598862807
8613,0.04809929248066905
8614,0.12255316538032543
8615,0.04136772740130615
8616,0.14155821576900296
8617,0.033049152048299835
8618,0.22589219319981405
8619,0.049625376148007355
8620,0.20561216203667923
8621,0.3080620246728326
8622,0.35431904371580136
8623,0.09815707581596034
8624,0.13727354357768695
8625,0.25186918107964795
8626,0.1955418067773248
8627,0.18562866564961436
8628,0.21957601105206834
8629,0.26008253854927077
8630,0.16920586216693115
8631,0.3466491623172354
8632,0.2992898324632012
8633,0.25039130014595046
8634,0.1802238899072076
8635,0.21202635119487445
8636,0.16877593039199823
8637,0.07449697802592914
8638,0.293685065776861
8639,0.22139014242813104
8640,0.04311603201573386
8641,0.09355200766250604
8642,0.09355200766250604
8643,0.04136772740130615
8644,0.2893147923070889
8645,0.3241829346838047
8646,0.21531880605381795
8647,0.3578473428391777
8648,0.2380394416650201
8649,0.18036871713813793
8650,0.11715712922172206
8651,0.17707837616437302
8652,0.2966483191889192
8653,0.09355200766250604
8654,0.06341720935078624
8655,0.2990060307104092
8656,0.4010011056565605
8657,0.2656254243078281
8658,0.31701467363335895
8659,0.15207523878416074
8660,0.02112425802871698
8661,0.24338191641514792
8662,0.3008846717675592
8663,0.03715361593887323
8664,0.10414429295306396
8665,0.23568644898490565
8666,0.013219076278259273
8667,0.034980766321141665
8668,0.15136755942031854
8669,0.11659165013079834
8670,0.243213947240677
8671,0.18236647752002505
8672,0.05566830150509375
8673,0.046348326902882264
8674,0.35756354108638577
8675,0.3358556131028496
8676,0.04136772740130615
8677,0.139753766616192
8678,0.2990060307104092
8679,0.04809929248066905
8680,0.12640856936069245
8681,0.2676471614710998
8682,0.25039130014595046
8683,0.16176045929425584
8684,0.3578473428391777
8685,0.07708276021641561
8686,0.17018508150668854
8687,0.047162162334478175
8688,0.09994740001583594
8689,0.10740851595493073
8690,0.10824392168023392
8691,0.10523141133946248
8692,0.07777402727105423
8693,0.1755814027013828
8694,0.3358556131028496
8695,0.2536764068851065
8696,0.09144126084522036
8697,0.1280960511388828
8698,0.23306954610508748
8699,0.13727354357768695
8700,-0.03487549783065802
8701,0.13332800641841702
8702,0.21957601105206834
8703,0.20924581085675584
8704,0.13361180817120896
8705,0.1984348091314058
8706,0.26008253854927077
8707,-0.02319609415370158
8708,0.13361180817120896
8709,0.3763107734521295
8710,0.09355200766250604
8711,0.13558957902886673
8712,0.056685644271423336
8713,0.12272643282504792
8714,0.23524665072055573
8715,0.27156405225581937
8716,0.06540335653945917
8717,0.11958991196826724
8718,0.31163066519444477
8719,0.09309194414117142
8720,0.10523141133946248
8721,0.11347499268607752
8722,0.1280960511388828
8723,0.25039130014595046
8724,0.1585659455480625
8725,0.2722522296245541
8726,0.02112425802871698
8727,0.09144126084522036
8728,-0.008299099242963764
8729,0.21530340043999954
8730,0.07925986483188385
8731,0.019950641357622173
8732,0.11958991196826724
8733,0.21530340043999954
8734,0.23306954610508748
8735,0.24742804673389224
8736,0.10591484423848155
8737,0.04136772740130615
8738,0.10779614027341855
8739,0.07449697802592914
8740,0.22139014242813104
8741,0.2806083737636108
8742,0.2896389354581167
8743,0.3673366975011875
8744,0.2402506938286188
8745,0.13231252978374164
8746,0.1871869427920845
8747,0.13454383505528464
8748,0.17679457441158108
8749,0.270583861570851
8750,0.18000958988681107
8751,0.2793265651480562
8752,0.3034953994998526
8753,0.2485921318345229
8754,0.16219184775130957
8755,0.12462859389719155
8756,0.15313961311524849
8757,0.28644993110841255
8758,0.1898168397493019
8759,0.3362870015599033
8760,0.28644993110841255
8761,0.3916844568240048
8762,0.25837413883084076
8763,0.13778960681852298
8764,0.352067320058047
8765,0.003633997880873485
8766,0.12955939746793704
8767,0.22198427444168473
8768,0.01784480713545758
8769,0.39366087595948684
8770,0.27685078943352276
8771,0.27513155619630325
8772,0.12955939746793704
8773,0.3969486949532886
8774,0.17797216624945322
8775,0.33180320239957767
8776,0.2669330944889732
8777,0.23727548843094254
8778,0.2646726057025782
8779,0.0906077321825462
8780,0.35656461084465557
8781,0.1910872074298451
8782,0.25613150279054153
8783,0.23231447463699723
8784,0.11039172767225686
8785,0.21552360034879642
8786,0.29735215778525403
8787,0.27513155619630325
8788,0.38396963755616653
8789,0.2901748048799806
8790,0.3485940766877785
8791,0.28229801273220795
8792,0.20182044062010707
8793,0.21713835749022425
8794,0.06611262916151467
8795,0.2645970061718649
8796,0.17670810199674564
8797,0.24440848804410892
8798,0.21903523767571026
8799,0.4522183863354634
8800,0.29002998251693457
8801,0.3777810251576084
8802,0.3969486949532886
8803,0.3070433961885744
8804,0.36560090656455096
8805,0.16159022949873883
8806,0.17750976462142676
8807,0.26637851356092873
8808,0.12462859389719155
8809,0.2866013971997212
8810,0.3126355326038975
8811,0.2531960889789454
8812,0.17797216624945322
8813,0.3182705129744435
8814,0.21102382942384224
8815,0.3705858064241066
8816,0.34360917682822284
8817,0.3485940766877785
8818,0.2987237477057853
8819,0.20637842141910293
8820,0.33180320239957767
8821,0.26215796706613687
8822,0.18370375315675247
8823,0.21903523767571026
8824,0.2644582013720844
8825,0.19559757327908295
8826,0.16219184775130957
8827,0.3548362936140919
8828,0.3485940766877785
8829,0.32071547744211343
8830,0.20045044227784614
8831,0.1807411398054982
8832,0.33180320239957767
8833,0.21820118232911567
8834,0.25613150279054153
8835,0.3705858064241066
8836,0.2644582013720844
8837,0.12462859389719155
8838,0.09036304756349067
8839,0.10471015212473062
8840,0.34283194224366653
8841,0.2741104473942466
8842,0.09036304756349067
8843,0.3740590497943751
8844,0.18483193988974625
8845,0.1466074880419212
8846,0.15509848830637124
8847,0.19559757327908295
8848,0.20182044062010707
8849,0.1932900831195704
8850,0.21713835749022425
8851,0.366218897504897
8852,0.21699937458212906
8853,0.27606975196424904
8854,0.34360917682822284
8855,0.3696927270876767
8856,0.23435315454582745
8857,0.16159022949873883
8858,0.27685078943352276
8859,0.16744892215603607
8860,0.1932900831195704
8861,0.17797216624945322
8862,0.3393498137890524
8863,0.1736717894970602
8864,0.32248122248045863
8865,0.19349897628494644
8866,0.1436018558673451
8867,0.22732957477744156
8868,0.0872034641437123
8869,0.19605905667561538
8870,0.09036304756349067
8871,0.1413653718965822
8872,0.13854037879530373
8873,0.08528029895719486
8874,0.352067320058047
8875,0.1186219370228428
8876,0.2714494196606587
8877,0.15770804859098392
8878,0.20182044062010707
8879,0.30857927457112316
8880,0.3126355326038975
8881,0.3696927270876767
8882,0.3023370576448097
8883,0.1436018558673451
8884,0.129392690986318
8885,0.1881779430001636
8886,0.3023370576448097
8887,0.10568096443360786
8888,0.10207117324539566
8889,0.1807411398054982
8890,0.19375766419112164
8891,0.18244414565500405
8892,0.19973311106690872
8893,0.33180320239957767
8894,0.14627231262862164
8895,0.3548362936140919
8896,0.40143249411361426
8897,0.1898168397493019
8898,0.33312694644802826
8899,0.20182044062010707
8900,0.33180320239957767
8901,0.36386924025949624
8902,0.1436018558673451
8903,0.11545320474429824
8904,0.4302266565991353
8905,0.2014174076251576
8906,0.24074873180121104
8907,0.14635027175613785
8908,0.3162583551394345
8909,0.32036746643721536
8910,0.15805372447699229
8911,0.2951597047395363
8912,0.3916844568240048
8913,0.20182044062010707
8914,0.2644582013720844
8915,0.21903523767571026
8916,0.34360917682822284
8917,0.18190199884764613
8918,0.19559757327908295
8919,0.3759155944287008
8920,0.15313961311524849
8921,0.3212972060281346
8922,0.18244414565500405
8923,0.20182044062010707
8924,0.1436018558673451
8925,0.1013096568673511
8926,0.1898168397493019
8927,0.029280543097819856
8928,0.35827873129623145
8929,0.4302266565991353
8930,0.15770804859098392
8931,0.38284250222964983
8932,0.2783688304513355
8933,0.07044460579102974
8934,0.35827873129623145
8935,0.352067320058047
8936,0.3393498137890524
8937,0.2677954433053394
8938,0.29002998251693457
8939,0.26637851356092873
8940,0.14627231262862164
8941,0.3014019216658498
8942,0.38396963755616653
8943,0.1721723701679439
8944,0.12536634498946603
8945,0.29682136951314253
8946,-0.06328096558546747
8947,0.18054176746236125
8948,0.2219721188906607
8949,0.24389566475264962
8950,0.10347863264681889
8951,0.3204961031662317
8952,0.1216842084538215
8953,0.06319488195218415
8954,0.22583082802038723
8955,0.35010570857311857
8956,0.12618297908093107
8957,0.1216842084538215
8958,0.11449099656034822
8959,0.26225586958529545
8960,0.11086506221081388
8961,0.025948430936587108
8962,0.24838743041062628
8963,0.18222226912272843
8964,0.19414485601224274
8965,0.09443837663767046
8966,0.01887868473544388
8967,0.1459762675345142
8968,0.07834886143222122
8969,0.18730996896055851
8970,0.2732425744624549
8971,0.10955122596960598
8972,0.10569251683987946
8973,0.049967899860071496
8974,0.1417521458317128
8975,0.12272621570454875
8976,0.11255716134337101
8977,0.20523366759324346
8978,0.28496021601940763
8979,0.30362751185763803
8980,0.3108048647629114
8981,0.31006040388835343
8982,0.18222226912272843
8983,0.2170683980379184
8984,0.09914742065386117
8985,0.09914742065386117
8986,0.1298651156165756
8987,0.1296747352802486
8988,0.14133495661999357
8989,0.0709987695308143
8990,0.16853774694241852
8991,0.03843731257702482
8992,0.09536231664456696
8993,0.05870295639921541
8994,0.05795842668649859
8995,0.23501760027048296
8996,0.22583082802038723
8997,0.1592528462801059
8998,0.3104437019550533
8999,0.12272621570454875
9000,0.019728313959020083
9001,0.11053898036349738
9002,0.1776187305572382
9003,0.2732682334988248
9004,0.059348808026459504
9005,0.08220556862097317
9006,0.08644784981124337
9007,0.22698555541948617
9008,0.22387574960020695
9009,0.16868061396862638
9010,0.12618297908093107
9011,0.4214629154850331
9012,0.14663277221636117
9013,0.131104195157059
9014,0.03120015690341263
9015,0.18296672999728644
9016,0.23152584407116544
9017,0.03943036625399857
9018,0.04787696508206696
9019,0.20523366759324346
9020,0.06696233580613409
9021,0.033938541949915246
9022,0.059348808026459504
9023,0.24544097062040682
9024,0.3563174229313222
9025,0.23152584407116544
9026,0.2505643504701738
9027,0.1143568184101314
9028,-0.00570128978861531
9029,0.18730996896055851
9030,0.24782255775671536
9031,0.28496021601940763
9032,0.22583082802038723
9033,0.2159988505423267
9034,0.2732425744624549
9035,0.1345727307559517
9036,0.10636629158370431
9037,0.12212537357821732
9038,0.10636629158370431
9039,0.15407361799968156
9040,0.12961731506304086
9041,0.18222226912272843
9042,0.3176970096759389
9043,0.024464700918438775
9044,0.22583082802038723
9045,0.019728313959020083
9046,0.1466761572172669
9047,0.12618297908093107
9048,0.0792546379177701
9049,0.1641818433415168
9050,0.12272621570454875
9051,0.05409708205963398
9052,0.10636629158370431
9053,-0.02264715384217586
9054,0.0881607157767017
9055,0.023587023088746606
9056,0.33334800008869964
9057,-0.014070687083032662
9058,0.1216842084538215
9059,0.10280777393208781
9060,0.26225586958529545
9061,0.31975164229167374
9062,0.01573296614291264
9063,0.23870319697643888
9064,-0.06328096558546747
9065,0.0497805957916132
9066,0.12618297908093107
9067,0.09914742065386117
9068,0.2732425744624549
9069,0.12272621570454875
9070,0.09536231664456696
9071,0.20523366759324346
9072,0.01573296614291264
9073,0.082716411087767
9074,-0.0805505404110971
9075,0.11086506221081388
9076,0.35533972982502776
9077,0.06319488195218415
9078,0.18222226912272843
9079,0.0881607157767017
9080,-0.02069207542199558
9081,0.1892650473807388
9082,0.2170683980379184
9083,0.1592528462801059
9084,0.24003782088054093
9085,0.10636629158370431
9086,0.1592528462801059
9087,0.18296672999728644
9088,0.3274013621390064
9089,0.082716411087767
9090,0.1916264552285793
9091,0.31975164229167374
9092,0.023587023088746606
9093,0.23667679382280649
9094,0.04787696508206696
9095,0.29097632057409817
9096,0.1448267128193111
9097,0.19687818119540482
9098,0.22819223586822773
9099,0.17457076315022307
9100,-0.01833066757415508
9101,0.2732425744624549
9102,0.1143568184101314
9103,0.3176970096759389
9104,0.22583082802038723
9105,0.12272621570454875
9106,-0.022061213909459754
9107,0.08682509664631682
9108,0.1592528462801059
9109,0.17457076315022307
9110,0.09094662043835294
9111,0.18296672999728644
9112,0.009146784048321588
9113,0.030825340786941824
9114,0.10636629158370431
9115,0.17475786391998555
9116,0.3563174229313222
9117,0.16192398620561899
9118,0.0707357276175552
9119,0.3619668620668534
9120,0.3384137260525357
9121,0.07821764046065743
9122,0.09914742065386117
9123,0.17239645607214504
9124,0.11053898036349738
9125,0.09914742065386117
9126,0.33334800008869964
9127,0.08620816728708453
9128,0.1662223532225579
9129,0.10712383787052265
9130,0.48751187230733584
9131,0.2508692602338039
9132,0.2933467731091706
9133,0.15192535967518234
9134,0.43016812060423354
9135,0.3456387380780422
9136,0.4120868182078706
9137,0.2366770743920767
9138,0.43016812060423354
9139,0.18048938407885357
9140,0.181593272675644
9141,0.159528333549181
9142,0.3246921038524018
9143,0.21203764141050913
9144,0.38241742740912
9145,0.23479099245891977
9146,0.19655301118154228
9147,0.13599709124256515
9148,0.25880005621096625
9149,0.20984301327622995
9150,0.31514377566204477
9151,0.29830778690311593
9152,0.48751187230733584
9153,0.47119672954527475
9154,0.18730564089641977
9155,0.4060512369915638
9156,0.17193177007815375
9157,0.2831179533284287
9158,0.3761932840504999
9159,0.3634707365315537
9160,0.38241742740912
9161,0.28977163494078256
9162,0.40972775557452246
9163,0.3287346353688593
9164,0.276557601773455
9165,0.2560729667956398
9166,0.3992192938353509
9167,0.276557601773455
9168,0.3238684309360527
9169,0.19239548296619796
9170,0.29832790891544453
9171,0.181593272675644
9172,0.19148595989195444
9173,0.18048938407885357
9174,0.40972775557452246
9175,0.2933668951214992
9176,0.3842595553294526
9177,0.18364521716185073
9178,0.3188495323473976
9179,0.271390883665757
9180,0.47119672954527475
9181,0.48751187230733584
9182,0.2947326487347279
9183,0.38030233379149075
9184,0.20748395064288183
9185,0.1642468318431511
9186,0.2934481535237412
9187,0.17555769145933725
9188,0.25880005621096625
9189,0.33430117942255394
9190,0.3287346353688593
9191,0.40972775557452246
9192,0.2660011157605378
9193,0.48751187230733584
9194,0.10710371585819406
9195,0.19655301118154228
9196,0.43016812060423354
9197,0.22480275178212822
9198,0.3712322702565546
9199,0.2509505186360459
9200,0.13090724917278695
9201,0.3157279684569329
9202,0.42704655671376884
9203,0.4748732481282334
9204,0.1792342100422959
9205,0.21777553530559945
9206,0.3647259105681114
9207,0.35131040939064256
9208,0.4772323107615815
9209,0.2215250968530142
9210,0.29830778690311593
9211,0.13599709124256515
9212,0.4509460916676874
9213,0.2854770159617768
9214,0.2750730202014015
9215,0.1498087882592642
9216,0.3621284423009719
9217,0.25021103472401046
9218,0.31587142325800316
9219,0.17555769145933725
9220,0.2087391246794395
9221,0.22520723338865872
9222,0.23553122135135812
9223,0.18563238509865035
9224,0.2500822064481776
9225,0.16556391476548776
9226,0.16573705669188138
9227,0.15988463736933126
9228,0.24727400005308725
9229,0.24512119265423227
9230,0.35754855766283794
9231,0.1573826444980644
9232,0.38315566673266216
9233,0.38412017203730003
9234,0.47612842216479107
9235,0.16446002616869732
9236,0.159528333549181
9237,0.2682693197752923
9238,0.13163489676874532
9239,0.3633894781293117
9240,0.3561920032117097
9241,0.3248350140653651
9242,0.2551720485179558
9243,0.2684615588084565
9244,0.24512119265423227
9245,0.45968460942891787
9246,0.18048938407885357
9247,0.16738719912395883
9248,0.2689837455346548
9249,0.28614571355959906
9250,0.17555769145933725
9251,0.2560729667956398
9252,0.42804296672789194
9253,0.2933668951214992
9254,0.33357353182659555
9255,0.2640227317407095
9256,0.2933668951214992
9257,0.20984301327622995
9258,0.2852680673756952
9259,0.2689837455346548
9260,0.18498921300557802
9261,0.4120868182078706
9262,0.20262355776653695
9263,0.23303296113271416
9264,0.18730564089641977
9265,0.40962637515995187
9266,0.13163489676874532
9267,0.3456387380780422
9268,0.48751187230733584
9269,0.17247704119373702
9270,0.373161974934874
9271,0.3480790591136323
9272,0.25021103472401046
9273,0.14135328658790816
9274,0.20740269224063984
9275,0.34697517051684185
9276,0.1573826444980644
9277,0.40972775557452246
9278,0.3761932840504999
9279,0.2719514563109368
9280,0.1975215411082612
9281,0.2508491382214753
9282,0.24584884025019063
9283,0.3437365531518423
9284,0.29832790891544453
9285,0.3396518423583001
9286,0.2038074320599232
9287,0.24584884025019063
9288,0.23988083452869796
9289,0.10846027030932232
9290,0.17193177007815375
9291,0.2509505186360459
9292,0.3621284423009719
9293,0.40972775557452246
9294,0.37552103756822214
9295,0.2508098540441359
9296,0.3086940703527297
9297,0.2660212377728664
9298,0.1498087882592642
9299,0.23553122135135812
9300,0.34697517051684185
9301,0.2500822064481776
9302,0.271390883665757
9303,0.31865652263609506
9304,0.2689837455346548
9305,0.3839111015612648
9306,0.4747919897259914
9307,0.2689837455346548
9308,0.13163489676874532
9309,0.28977163494078256
9310,0.2038074320599232
9311,0.29812068320673357
9312,0.19655301118154228
9313,0.4060512369915638
9314,0.19880135314369934
9315,0.12132840127282951
9316,0.09345848815346497
9317,0.3616899253289222
9318,0.14537178225252434
9319,0.16479942917336746
9320,0.2554591769668798
9321,0.235168857547581
9322,0.12132840127282951
9323,0.40926401135617474
9324,0.11228091451746408
9325,0.12132840127282951
9326,0.10668008248038569
9327,0.08518624509298561
9328,0.16716119228456444
9329,0.3719419212153368
9330,0.12759883138758127
9331,0.12917304888349213
9332,0.384612428614829
9333,0.2503863256821317
9334,0.09317975014978264
9335,0.37569595232587494
9336,0.29664334472510046
9337,0.21691871538739838
9338,0.09152718959901757
9339,0.2540668264848702
9340,0.0059020292710237066
9341,0.29664334472510046
9342,0.2937709945306582
9343,-0.014447806693840687
9344,0.1366463181429467
9345,0.28743005002462624
9346,0.16802509204738308
9347,0.2504867744176982
9348,0.171150447973845
9349,0.2588577744417748
9350,0.11020954028957058
9351,0.3605690476351342
9352,0.235168857547581
9353,0.1499879515269783
9354,0.04890065163904045
9355,0.11020954028957058
9356,0.235168857547581
9357,0.28743005002462624
9358,-0.07044756255321569
9359,0.24320897277685824
9360,0.38143674847775677
9361,0.2156699444522931
9362,0.13432953476418777
9363,0.18410496682458732
9364,0.07294403261873528
9365,0.057979942939948376
9366,0.0678645841283349
9367,0.37569595232587494
9368,0.17670266548819819
9369,0.25223572509194153
9370,0.0943995397934598
9371,0.0997573989496035
9372,0.057979942939948376
9373,0.0943995397934598
9374,0.2156699444522931
9375,0.0298312918169015
9376,0.3414586657974462
9377,0.35891648708436913
9378,0.14537178225252434
9379,0.22295968453116694
9380,0.40926401135617474
9381,0.21691871538739838
9382,0.30836779806238596
9383,0.016944276759360277
9384,0.04674126268420488
9385,0.13432953476418777
9386,0.2411730309816575
9387,0.0872113859752205
9388,0.260077564085452
9389,0.1955093161088937
9390,0.1499879515269783
9391,0.18036374267431918
9392,0.1699346305291175
9393,0.04724809108827538
9394,-0.07044756255321569
9395,0.18181488632668777
9396,0.12132840127282951
9397,0.12132840127282951
9398,0.25647743121974637
9399,0.14537178225252434
9400,0.11722313112947746
9401,0.16068969912264153
9402,0.28290115542146965
9403,0.29664334472510046
9404,0.2540668264848702
9405,0.11722313112947746
9406,0.18181488632668777
9407,0.28329826952014237
9408,0.05002152933282844
9409,0.29664334472510046
9410,-0.07956297477059088
9411,0.43125574109250286
9412,-0.015092609277131575
9413,0.15301808532568636
9414,0.3616899253289222
9415,0.13867589412782616
9416,0.0872113859752205
9417,0.2937709945306582
9418,0.0841322633944172
9419,0.12254819091650668
9420,0.12254819091650668
9421,0.23804767505519558
9422,0.28430469409816433
9423,0.40926401135617474
9424,0.11967584072206444
9425,0.014783636341431441
9426,0.09430062784357063
9427,0.2297632354364199
9428,0.09317975014978264
9429,0.260077564085452
9430,0.07294403261873528
9431,0.050120441282717615
9432,0.04999192016030091
9433,0.18581807770557338
9434,0.2656387519567607
9435,0.11020954028957058
9436,0.08207806762549105
9437,0.3391301716862265
9438,0.1224492789666175
9439,0.24311006082696907
9440,0.15976626607996408
9441,0.34411465833691884
9442,0.15301808532568636
9443,0.20702020642453411
9444,0.40926401135617474
9445,0.28637606832605783
9446,0.30836779806238596
9447,0.03778179065578152
9448,0.23263558563086215
9449,0.11722313112947746
9450,0.12132840127282951
9451,0.10262974914404574
9452,0.3186350744614285
9453,0.27185890793313305
9454,0.06729294420275957
9455,0.12254819091650668
9456,0.11967584072206444
9457,0.11967584072206444
9458,0.2937709945306582
9459,0.3084246885727815
9460,-0.018217965203593478
9461,0.09317975014978264
9462,0.048864530722573185
9463,0.12254819091650668
9464,0.2411730309816575
9465,0.3719419212153368
9466,0.18168235674482025
9467,0.1608202477785325
9468,0.29664334472510046
9469,0.11333489621603249
9470,0.1734521473942343
9471,0.3719419212153368
9472,0.1323349496217942
9473,0.27320991701814934
9474,0.1699346305291175
9475,0.3157627242669863
9476,0.2549903166245393
9477,0.09152718959901757
9478,0.16068969912264153
9479,0.1224492789666175
9480,0.1729861058413284
9481,-0.04121611951794356
9482,0.26216766952981274
9483,0.10252930284533769
9484,0.32226158037763275
9485,0.1312809679232258
9486,0.2156699444522931
9487,0.28743005002462624
9488,0.23207509674854213
9489,0.3414586657974462
9490,0.17009646627527658
9491,0.11228091451746408
9492,0.0872113859752205
9493,0.12552745715968777
9494,0.1729861058413284
9495,0.13499375759218163
9496,0.2937709945306582
9497,0.24751397548768944
9498,0.040907146582243425
9499,0.2016007985172812
9500,0.02071587959952631
9501,0.048864530722573185
9502,0.16479942917336746
9503,0.09029109851710965
9504,0.1533295881699495
9505,0.2466693535317961
9506,0.13155467552973724
9507,0.09354415242824068
9508,0.25424615885761603
9509,0.14644055877672166
9510,0.2314665988329404
9511,0.24853886795307809
9512,0.27726445975685926
9513,0.0741090022198981
9514,0.22063626342867348
9515,-0.05585330576996171
9516,0.13155467552973724
9517,0.16594587150002332
9518,0.15980441613032317
9519,0.21884209065337812
9520,0.24069867911721082
9521,0.17143427930510283
9522,0.0741090022198981
9523,0.07502065482521864
9524,0.21842296166254974
9525,0.3015569880202137
9526,0.2659472389247578
9527,0.08122268026027193
9528,0.21567524963472817
9529,0.12386390255405536
9530,0.06333785469383539
9531,0.2135964816545587
9532,0.16594587150002332
9533,0.18832959228609536
9534,0.13507120158222538
9535,0.196455097159134
9536,0.22876176830171213
9537,0.06304208781269413
9538,0.1458253108136481
9539,0.3249150699113946
9540,0.10680442268699945
9541,0.0467709142246327
9542,0.3703868059964382
9543,0.28569783264254067
9544,0.19328395949528873
9545,0.3452916996182457
9546,0.42719371361567476
9547,0.18400795015129978
9548,0.16814300106479754
9549,0.10177436177882662
9550,0.18292050872789353
9551,0.2057313166730231
9552,0.21567524963472817
9553,0.1336392003574452
9554,0.08789211659331954
9555,0.18446936910304537
9556,0.260654502258167
9557,0.18651446267976912
9558,0.3319548516855094
9559,0.32659427748845277
9560,0.14304789468660506
9561,0.09900652967131376
9562,0.196455097159134
9563,0.23397311136140975
9564,0.16613783297291806
9565,0.19328395949528873
9566,0.21325670066262098
9567,0.2494371968784413
9568,0.1542630713686401
9569,0.2938233375155793
9570,0.3008107109096211
9571,0.260654502258167
9572,0.19019659921541365
9573,0.18651446267976912
9574,0.022392410609636815
9575,0.19043433271086455
9576,0.22063626342867348
9577,0.3254824404223154
9578,0.25424615885761603
9579,0.21815686737047166
9580,0.2466693535317961
9581,0.3703868059964382
9582,0.11552531761958099
9583,0.1813031196200715
9584,0.10316930594826551
9585,0.07502065482521864
9586,0.019058756183093203
9587,0.25424615885761603
9588,0.2656155160521123
9589,0.06333785469383539
9590,0.24853886795307809
9591,-0.05585330576996171
9592,0.34008035655854807
9593,0.21868189737215193
9594,0.151278104037191
9595,0.3703868059964382
9596,0.06786414669468036
9597,0.122671264979754
9598,0.22876176830171213
9599,0.3769341043089482
9600,0.11229164155754978
9601,0.316952434048196
9602,0.34008035655854807
9603,0.1686900332811826
9604,0.26558165962547603
9605,0.07839216646901181
9606,0.160984857706078
9607,0.38403995079829195
9608,0.12195640022606195
9609,0.16613783297291806
9610,0.19328395949528873
9611,0.16814300106479754
9612,0.19072331619526559
9613,0.14304789468660506
9614,0.2494371968784413
9615,0.08789211659331954
9616,0.20695312065913177
9617,0.3452916996182457
9618,0.14930205757469478
9619,0.09148650581688227
9620,0.09876879617586287
9621,0.13155467552973724
9622,-0.006734701941876503
9623,0.18446936910304537
9624,0.26130653978381424
9625,0.21932464058250728
9626,0.0467709142246327
9627,0.27852047973726723
9628,0.23330884490953416
9629,0.24576861901118255
9630,0.14644055877672166
9631,0.34278518708977634
9632,0.18795306725337005
9633,0.16594587150002332
9634,0.11904184367206913
9635,0.3769341043089482
9636,0.3703868059964382
9637,0.11829556656147652
9638,0.2389549448683582
9639,0.23421084485686064
9640,0.19072331619526559
9641,0.07441144500719041
9642,0.3491068414305302
9643,0.33382102535678976
9644,0.20327098412348724
9645,0.10316930594826551
9646,0.09354415242824068
9647,0.2265055850389951
9648,0.1095868110263215
9649,0.3655647471144519
9650,0.19629165218784442
9651,0.1625746650722187
9652,0.13783655162690744
9653,0.3491068414305302
9654,0.3122530936801301
9655,0.13535076527496015
9656,0.11552531761958099
9657,0.2135964816545587
9658,0.26558165962547603
9659,0.14328562818205595
9660,0.19830526766530088
9661,0.17119654580965193
9662,0.1095868110263215
9663,0.1609772883527106
9664,0.15025319290424996
9665,0.22380075450776682
9666,0.2057313166730231
9667,0.13155467552973724
9668,0.15980441613032317
9669,0.11904184367206913
9670,0.27726445975685926
9671,0.2314665988329404
9672,0.15216269796046725
9673,0.0741090022198981
9674,0.25072963280512783
9675,0.19629165218784442
9676,0.34008035655854807
9677,0.11229164155754978
9678,0.14877159150872166
9679,0.1746902993773076
9680,0.3620482210619638
9681,0.2883492892717462
9682,0.29209506116545436
9683,0.21214728767723384
9684,0.13783655162690744
9685,0.2541072039456569
9686,0.019058756183093203
9687,0.1826615944375578
9688,0.03755769725679026
9689,0.3452916996182457
9690,0.2331595428400367
9691,0.15777832647981344
9692,0.11933773163625758
9693,0.12429402187244643
9694,0.002665997307810128
9695,0.28957968181356875
9696,0.24717586640188258
9697,0.07193467952000751
9698,0.2479692139309853
9699,0.11933773163625758
9700,0.21444503139015264
9701,0.14392472099160433
9702,0.09614537074939955
9703,0.15221531296578755
9704,0.329683252646737
9705,0.06534702683297505
9706,0.07193467952000751
9707,0.12833307124364032
9708,0.16449336437558326
9709,0.23971728710507545
9710,0.14392472099160433
9711,0.24240620041695943
9712,0.27624888069849485
9713,0.05906438903144294
9714,0.23971728710507545
9715,0.23508940793996244
9716,0.34315050633532784
9717,0.10791884519582182
9718,0.10791884519582182
9719,0.27458075908993873
9720,0.12024031736379057
9721,0.30190893102557714
9722,0.18690252379706795
9723,0.2607020504331214
9724,0.115484528004975
9725,0.20533227996161874
9726,0.27624888069849485
9727,0.23183281327096333
9728,0.17407079625995212
9729,0.014179146990738592
9730,0.14838896848683744
9731,0.06293933991262476
9732,0.09614537074939955
9733,0.34315050633532784
9734,0.19141007255410433
9735,0.12429402187244643
9736,0.28957968181356875
9737,0.1436509881137575
9738,0.10809497265195045
9739,0.07193467952000751
9740,0.18614862300145282
9741,0.367573717605945
9742,0.1995179446019386
9743,0.16386919418651427
9744,0.046909982002468514
9745,0.19141007255410433
9746,0.14392472099160433
9747,0.19070845073446718
9748,0.2343814165868019
9749,0.0493176689228188
9750,0.16485221637696026
9751,0.18210957363025893
9752,0.16449336437558326
9753,0.25515127257636483
9754,0.115484528004975
9755,0.20004969040233458
9756,0.2834262336037683
9757,0.08752632926797152
9758,0.07193467952000751
9759,0.24986868301708068
9760,0.32441995478856217
9761,0.09199057676320463
9762,0.003456624947222167
9763,0.04392674823823779
9764,0.05906438903144294
9765,0.11933773163625758
9766,0.30190893102557714
9767,0.14392472099160433
9768,0.17715328339407008
9769,0.31076125530575904
9770,0.17444258133251037
9771,-0.06936311646172112
9772,0.07278185287792052
9773,0.3024282250522341
9774,0.18690252379706795
9775,0.030208504900894842
9776,0.26182339504139174
9777,0.2607020504331214
9778,0.12833307124364032
9779,0.16458753009858934
9780,0.22787695328075255
9781,0.252246930732429
9782,0.06293933991262476
9783,0.30190893102557714
9784,0.15880296565282
9785,0.1893887131300693
9786,0.1176724045363193
9787,0.26077123571307714
9788,0.15880296565282
9789,0.115484528004975
9790,0.05906438903144294
9791,0.19008499762239156
9792,0.021753385200202452
9793,0.1966942913388831
9794,0.0838238985814308
9795,0.115484528004975
9796,0.21099446132557143
9797,0.2343814165868019
9798,0.252246930732429
9799,0.030208504900894842
9800,0.2384204659579958
9801,0.27624888069849485
9802,0.12833307124364032
9803,0.28957968181356875
9804,0.34315050633532784
9805,0.041604021561023136
9806,0.06789563014881361
9807,0.27624888069849485
9808,0.252246930732429
9809,-0.01247164348539502
9810,0.05924466510835498
9811,0.05906438903144294
9812,0.25514656683625875
9813,0.22248972447497628
9814,0.030915737908396065
9815,0.06789563014881361
9816,0.2343814165868019
9817,0.12429402187244643
9818,0.3503278592406013
9819,0.05906438903144294
9820,0.16449336437558326
9821,0.1814561214071831
9822,0.29343288544485135
9823,0.10809497265195045
9824,-0.012942977488189067
9825,0.4133114426222568
9826,0.162969879567475
9827,0.115484528004975
9828,0.367573717605945
9829,0.29343288544485135
9830,0.115484528004975
9831,0.17956097031442037
9832,0.26801330948678365
9833,0.12429402187244643
9834,0.06293933991262476
9835,-0.009089773856906486
9836,0.338588518184177
9837,0.06293933991262476
9838,0.08953428344062263
9839,0.115484528004975
9840,0.338588518184177
9841,0.07815177692383526
9842,0.14980762604543726
9843,0.24001363178315965
9844,0.20004969040233458
9845,0.2834262336037683
9846,0.18349341778134498
9847,0.46173037083728097
9848,-0.012942977488189067
9849,0.338588518184177
9850,0.17715328339407008
9851,0.33715120770436335
9852,0.42489615591840346
9853,0.31492514420917533
9854,0.24004005395450984
9855,0.2963705804703292
9856,0.15819783630790324
9857,0.3058495086711845
9858,0.3813160962882333
9859,0.3135775676615675
9860,0.4273205545303878
9861,0.20194689251881648
9862,0.3152831650495283
9863,0.22218790720131926
9864,0.33007712174823783
9865,0.29337469555836726
9866,0.4551478174088058
9867,0.4410359123291752
9868,0.3792909241437666
9869,0.23273636025516248
9870,0.3028852840570489
9871,0.2472841014018769
9872,0.1944026103861769
9873,0.2661189189799269
9874,0.2970209036098385
9875,0.1282964206658055
9876,0.10979675256290827
9877,0.24500106774845515
9878,0.36039100337703905
9879,0.34522421511530554
9880,0.24004005395450984
9881,0.33715120770436335
9882,0.41330050566061977
9883,0.14879737861154005
9884,0.2977655664336649
9885,0.3984699508722571
9886,0.3131977775635502
9887,0.276258494573429
9888,0.3130801742144414
9889,0.23566566474435255
9890,0.3608883968241652
9891,0.35739222238686613
9892,0.24320883561542533
9893,0.46322990578738904
9894,0.33219019391041804
9895,0.2696752462612057
9896,0.3710133293213627
9897,0.2599187351189305
9898,0.3187561294611243
9899,0.20369486579520002
9900,0.2807735030718633
9901,0.3524312085929208
9902,0.15407585107365046
9903,0.23273636025516248
9904,0.4031084314238993
9905,0.4551478174088058
9906,0.3129175439727274
9907,0.3524312085929208
9908,0.2567993858399174
9909,0.2508010021098097
9910,0.34522421511530554
9911,0.1282964206658055
9912,0.4565428033721415
9913,0.31006263696232234
9914,0.2544562003801446
9915,0.3081191604204961
9916,0.34071298065604777
9917,0.291060613547873
9918,0.2459435028118095
9919,0.3792909241437666
9920,0.325085551244288
9921,0.23920535185202602
9922,0.33219019391041804
9923,0.33837144271047065
9924,0.215164706798618
9925,0.3710279724176673
9926,0.24360196486623237
9927,0.2812708965189894
9928,0.0767682648420088
9929,0.17837325247602065
9930,0.1282964206658055
9931,0.5388478737013629
9932,0.204542185979679
9933,0.3563196560052911
9934,0.40472073975028605
9935,0.2679723358869307
9936,0.24500106774845515
9937,0.2609861008557484
9938,0.41190401532155085
9939,0.3388682153580245
9940,0.12582611047306452
9941,0.3187561294611243
9942,0.3563196560052911
9943,0.3519113175305531
9944,0.33403790840926384
9945,0.46871081064370207
9946,0.3436676719727299
9947,0.3936053598863146
9948,0.325905791305151
9949,0.2696752462612057
9950,0.19015546265067668
9951,0.20862491396642296
9952,0.3469503037366078
9953,0.48522163552371717
9954,0.33837144271047065
9955,0.34071298065604777
9956,0.4551478174088058
9957,0.421465148559002
9958,0.25290401247716515
9959,0.4565428033721415
9960,0.34522421511530554
9961,0.20194689251881648
9962,0.43503573151190555
9963,0.20194689251881648
9964,0.3786391368754347
9965,0.4338585594239018
9966,0.18222450219669734
9967,0.18781392470509956
9968,0.1282964206658055
9969,0.16070724648563123
9970,0.43503573151190555
9971,0.3086165538676222
9972,0.2630113220929854
9973,0.34026320132136023
9974,0.33303390510079783
9975,0.34522421511530554
9976,0.35739222238686613
9977,0.42439876247127734
9978,0.408890798365837
9979,0.18222450219669734
9980,0.1282964206658055
9981,0.15585629836232612
9982,0.48522163552371717
9983,0.4224537916007333
9984,0.28969255902272273
9985,0.2934021514934501
9986,0.261095480350872
9987,0.36039100337703905
9988,0.29478220710379377
9989,0.34382922915196984
9990,0.204542185979679
9991,0.24622599102955867
9992,0.3084259292658118
9993,0.40237920180470893
9994,0.22465427187657921
9995,0.1742271942180595
9996,0.2799406311090735
9997,0.1828069601283932
9998,0.5001812240656165
9999,0.19390521693905077
10000,0.33007712174823783
10001,0.3044526688489125
10002,0.3129175439727274
10003,0.27145857621601127
10004,0.24077002792976115
10005,0.16070724648563123
10006,0.3681549591106376
10007,0.2860995997539277
10008,0.319604646387975
10009,0.4737023811476519
10010,0.22051368720529005
10011,0.24102213593085087
10012,0.41028578432917273
10013,0.34382922915196984
10014,0.4900416484721144
10015,0.24320883561542533
10016,0.29960722733905815
10017,0.3081191604204961
10018,0.4737023811476519
10019,0.3781417434283086
10020,0.4287155404937235
10021,0.3492927465663815
10022,0.459465668493726
10023,0.4900416484721144
10024,0.2696752462612057
10025,0.3131977775635502
10026,0.3187561294611243
10027,0.1742271942180595
10028,0.15654616126639143
10029,0.3710133293213627
10030,0.12187610316951952
10031,0.2656215255328008
10032,0.24622599102955867
10033,0.459465668493726
10034,0.276258494573429
10035,0.4468878856547316
10036,0.2508010021098097
10037,0.2884411376995048
10038,0.2063257047885827
10039,0.2548577858740061
10040,0.303693945145028
10041,0.26297414537055286
10042,0.35100441415910916
10043,0.48402707203929085
10044,0.35295813310227847
10045,0.46098980860509703
10046,0.21928386797595673
10047,0.35030805014653793
10048,0.20832227360052624
10049,0.2043555998383263
10050,0.22670913475095922
10051,0.4391291264670117
10052,0.2336713621372155
10053,0.24205437356088755
10054,0.37551856773435766
10055,0.2853276802831858
10056,0.46098980860509703
10057,0.24205437356088755
10058,0.25282659316886635
10059,0.22670913475095922
10060,0.23250425096137317
10061,0.35100441415910916
10062,0.20933287370286438
10063,0.42895293968259984
10064,0.23049626307287047
10065,0.15518608742807505
10066,0.29468231310535126
10067,0.2416395448454425
10068,0.2409917752096602
10069,0.3496712203482611
10070,0.13786870881356386
10071,0.21446690516271422
10072,0.3963430415599411
10073,0.27568225969958954
10074,0.19845939415037328
10075,0.4350053707907149
10076,0.15894453752122376
10077,0.3481983580177567
10078,0.2366785310514972
10079,0.22732232700628796
10080,0.2407663528565326
10081,0.3481983580177567
10082,0.36034238572699817
10083,0.4623230024159451
10084,0.2855203811768451
10085,0.26297414537055286
10086,0.10332097793449135
10087,0.13365163589347573
10088,0.31869774301653103
10089,0.2681120102051654
10090,0.42895293968259984
10091,0.30260197743479866
10092,0.16190137649406167
10093,0.12246458757005188
10094,0.3133851835483483
10095,0.2014986171631395
10096,0.26007919748430447
10097,0.0831569736585438
10098,0.24775772531633572
10099,0.3700336241303185
10100,0.3861369111620304
10101,0.17610585923774036
10102,0.14770715925635614
10103,0.2336713621372155
10104,0.19845939415037328
10105,0.04742830488623895
10106,0.26091021698212113
10107,0.26091021698212113
10108,0.28746282004399887
10109,0.3322452610120594
10110,0.13589452396673718
10111,0.32167187386606333
10112,0.3496712203482611
10113,0.31736454920568297
10114,0.4037424220947801
10115,0.24753360857654266
10116,0.33845882525134735
10117,0.3641451814257023
10118,0.40256334582736325
10119,0.2014986171631395
10120,0.2548577858740061
10121,0.34259164567572864
10122,0.2683094068348904
10123,0.27998960252387317
10124,0.3435702453466165
10125,0.3415582253271311
10126,0.37101222380120635
10127,0.2548577858740061
10128,0.4147327895621283
10129,0.15518608742807505
10130,0.26613782535833874
10131,0.2910001765697067
10132,0.2577818100098529
10133,0.33973466300054184
10134,0.3203838531617084
10135,0.34995096418799676
10136,0.31788816238273354
10137,0.32781053821017575
10138,0.22670913475095922
10139,0.27991027038788285
10140,0.16105510099847198
10141,0.295280816513131
10142,0.4037424220947801
10143,0.22051992202628823
10144,0.32368678253387895
10145,0.20933287370286438
10146,0.3843916122559467
10147,0.4219501506297653
10148,0.4623230024159451
10149,0.29625941618401885
10150,0.20533419950921417
10151,0.23879216800970593
10152,0.2868946547965033
10153,0.2416395448454425
10154,0.23688532153537106
10155,0.14725475420642548
10156,0.26091021698212113
10157,0.37262456044261116
10158,0.4037424220947801
10159,0.35100441415910916
10160,0.3823157988459315
10161,0.26940003090952036
10162,0.2701757027441233
10163,0.28822784860735134
10164,0.12246458757005188
10165,0.21446690516271422
10166,0.4075780044408548
10167,0.28403402606417966
10168,0.4065994047699669
10169,0.23493934410154516
10170,0.29031980271918567
10171,0.14725475420642548
10172,0.31736454920568297
10173,0.3856947545187695
10174,0.2965165922397546
10175,0.13786870881356386
10176,0.4497774135081833
10177,0.307562991228744
10178,0.28863090654070594
10179,0.33973466300054184
10180,0.31736454920568297
10181,0.1788629792936847
10182,0.3843916122559467
10183,0.27109883915228405
10184,0.3751213673727734
10185,0.32368678253387895
10186,0.17610585923774036
10187,0.17708445890862823
10188,0.1572195186523973
10189,0.25282659316886635
10190,0.3023431374365061
10191,0.1884038318280653
10192,0.26940003090952036
10193,0.33813459321297795
10194,0.26613782535833874
10195,0.4623230024159451
10196,0.33813459321297795
10197,0.16190137649406167
10198,0.23049626307287047
10199,0.26297414537055286
10200,0.3760256208961747
10201,0.44756291996283093
10202,0.20863558093478513
10203,0.13365163589347573
10204,0.38874835174774613
10205,0.307562991228744
10206,0.2730730239991107
10207,0.2166377745539393
10208,0.34761065643524613
10209,0.2043555998383263
10210,0.32757940078605385
10211,0.2587460036734564
10212,0.31869774301653103
10213,0.4065994047699669
10214,0.46098980860509703
10215,0.46098980860509703
10216,0.1911737272495202
10217,0.35295813310227847
10218,0.17708445890862823
10219,0.2743610447034657
10220,0.37877214189154895
10221,0.26011716269536606
10222,0.29625941618401885
10223,0.4350053707907149
10224,0.4088886304677029
10225,0.23250425096137317
10226,0.26007919748430447
10227,0.44517007579112355
10228,0.13616032023946434
10229,0.21931592236857878
10230,0.17378181596453407
10231,0.42624608353563326
10232,0.3384892207736247
10233,0.32858005282709385
10234,0.41789210413572436
10235,0.36686670737118493
10236,0.47309116283936364
10237,0.27564707134917193
10238,0.16143312786772662
10239,0.2657136680235697
10240,0.3716350850927556
10241,0.4484697959611993
10242,0.3802404508081441
10243,0.43868297954122215
10244,0.3108293127758243
10245,0.3251181393501769
10246,0.2950577201418081
10247,0.23314943646147662
10248,0.2591148671972478
10249,0.3617725745825277
10250,0.3102178678003316
10251,0.40343248801083337
10252,0.2645878257326284
10253,0.4484697959611993
10254,0.3980566722506755
10255,0.4484697959611993
10256,0.29494992505412565
10257,0.3935518027891947
10258,0.24830141400053912
10259,0.43643672760701285
10260,0.2671066981906169
10261,0.3394247289165951
10262,0.3950354240129571
10263,0.4697563647125786
10264,0.3045612569317318
10265,0.2871528859600521
10266,0.2059431820747863
10267,0.3568115607885824
10268,0.13391406830525504
10269,0.2645878257326284
10270,0.3145653468722575
10271,0.4803297518585747
10272,0.47309116283936364
10273,0.14553207536394813
10274,0.26278249036174284
10275,0.22656825939698083
10276,0.24292627085948293
10277,0.3151788815942769
10278,0.5337641238068169
10279,0.216059834931586
10280,0.23240036149676063
10281,0.3179960624365316
10282,0.14553207536394813
10283,0.31024113904338346
10284,0.144343526337836
10285,0.43980882183216347
10286,0.22933733420223962
10287,0.3568115607885824
10288,0.3924259604982534
10289,0.22656825939698083
10290,0.20074191806146882
10291,0.2810315848936869
10292,0.43868297954122215
10293,0.32858005282709385
10294,0.3802404508081441
10295,0.24292627085948293
10296,0.18991382416463004
10297,0.2524023160425191
10298,0.42649746985111286
10299,0.41789210413572436
10300,0.3288904737403423
10301,0.4365253821997152
10302,0.3288904737403423
10303,0.23756501690052284
10304,0.26278249036174284
10305,0.31024113904338346
10306,0.4697563647125786
10307,0.4215597273002194
10308,0.3214026999218204
10309,0.3151788815942769
10310,0.4482378132719614
10311,0.20074191806146882
10312,0.13728616253040565
10313,0.20118868307919274
10314,0.30528012524943815
10315,0.3032705782745903
10316,0.23124146450505906
10317,0.362238324441395
10318,0.144343526337836
10319,0.4830375966894353
10320,0.3617725745825277
10321,0.32268849622111784
10322,0.1960039243188863
10323,0.40343248801083337
10324,0.3102178678003316
10325,0.3617725745825277
10326,0.27907756725830896
10327,0.3096043330783122
10328,0.42244553554998093
10329,0.2446552510723568
10330,0.43980882183216347
10331,0.3617725745825277
10332,0.31024113904338346
10333,0.2950577201418081
10334,0.32849023357532753
10335,0.43980882183216347
10336,0.26531687115385943
10337,0.23314943646147662
10338,0.1960039243188863
10339,0.25974601884539344
10340,0.07231441256830476
10341,0.3032705782745903
10342,0.33827129123041416
10343,0.37530270825725065
10344,0.38524860759297996
10345,0.3338514875342876
10346,0.21564829920408374
10347,0.2635184836132266
10348,0.37244956318085126
10349,0.24746457349162565
10350,0.41789210413572436
10351,0.3980566722506755
10352,0.3538843450414861
10353,0.23756501690052284
10354,0.1957525380034067
10355,0.17136920069334155
10356,0.2742668447363103
10357,0.3758010627379252
10358,0.43643672760701285
10359,0.22933733420223962
10360,0.24833738760800134
10361,0.2710749219825298
10362,0.32849023357532753
10363,0.29211389975399743
10364,0.1750368238578366
10365,0.40343248801083337
10366,0.1957525380034067
10367,0.2093152762999369
10368,0.3919266733999532
10369,0.43868297954122215
10370,0.2645878257326284
10371,0.38524860759297996
10372,0.34566965435698443
10373,0.3984188206572153
10374,0.24746457349162565
10375,0.2517887813204997
10376,0.1729389424786068
10377,0.24746457349162565
10378,0.21168080643602388
10379,0.23643917460958153
10380,0.17259326693842195
10381,0.2598072286114193
10382,0.3015448163917095
10383,0.2081894340089956
10384,0.2093152762999369
10385,0.2950577201418081
10386,0.2521509297270395
10387,0.21724838395769813
10388,0.32849023357532753
10389,0.2989960090307699
10390,0.31024113904338346
10391,0.3901388644074028
10392,0.1979130778188985
10393,0.28060808514311725
10394,0.3294659034399496
10395,0.3571754689678646
10396,0.2521509297270395
10397,0.2093152762999369
10398,0.43980882183216347
10399,0.3901388644074028
10400,0.22656825939698083
10401,0.20193046708758094
10402,0.4685779805645443
10403,0.41789210413572436
10404,0.3640994105215352
10405,0.4268341437963949
10406,0.1960039243188863
10407,0.3032705782745903
10408,0.47309116283936364
10409,0.1729389424786068
10410,0.2710749219825298
10411,0.270847357907723
10412,0.3368746787856927
10413,0.30493219015178563
10414,0.2151494215587733
10415,0.42819685613268815
10416,0.1282811354259608
10417,0.20980181431864084
10418,0.2595394792269888
10419,0.1638140217876795
10420,0.37939178629745984
10421,0.23629295512070203
10422,0.447386757193967
10423,0.1352484646487038
10424,0.28961427328166844
10425,0.2390775597104593
10426,0.10368246709460222
10427,0.21884323243015275
10428,0.3018541252622171
10429,0.3560697052488166
10430,0.2713799666027186
10431,0.2544234219240944
10432,0.32008416769084813
10433,0.2543954765805765
10434,0.3721344056285345
10435,0.4637094270902622
10436,0.46536613587253556
10437,0.26257986699694597
10438,0.4490424606809455
10439,0.19206376238826545
10440,0.3908029554463606
10441,0.30731163006794265
10442,0.3877337399172585
10443,0.10638113325346618
10444,0.33556862498888607
10445,0.447386757193967
10446,0.17210731488239578
10447,0.39474379441253565
10448,0.35050689860214734
10449,0.15340342259500803
10450,0.3379147473025124
10451,0.19163984929675065
10452,0.46536613587253556
10453,0.2715915413499346
10454,0.3368746787856927
10455,0.10491780668971942
10456,0.26761736607645337
10457,0.26146562215862157
10458,0.11131020213732357
10459,0.15340342259500803
10460,0.34916495442481477
10461,0.2039613214647194
10462,0.21703930522570247
10463,0.16349820524928974
10464,0.10638113325346618
10465,0.46536613587253556
10466,0.2886095202554904
10467,0.27326317454943294
10468,0.3696393457567116
10469,0.25985298138630203
10470,0.3304625961789924
10471,0.10638113325346618
10472,0.32587738658556575
10473,0.1282811354259608
10474,0.21377598959212205
10475,0.24514295226232635
10476,0.4637094270902622
10477,0.18267916798682649
10478,0.34742982503948094
10479,0.3587746809581874
10480,0.37237319928180984
10481,0.4530166359544267
10482,0.2355303303814295
10483,0.2599034498790858
10484,0.3480505482769373
10485,0.27500495892536453
10486,0.1282811354259608
10487,0.15653087602654675
10488,0.1282811354259608
10489,0.3217408764731215
10490,0.08137430882547678
10491,0.17809744184721618
10492,0.13463087385405212
10493,0.14134823995833298
10494,0.3853454506406351
10495,0.3807664106945155
10496,0.269547454119639
10497,0.30861432668743016
10498,0.35546791239609266
10499,0.250682307920492
10500,0.3657420101809304
10501,0.2732916033853732
10502,0.250682307920492
10503,0.30733389531725847
10504,0.19803925181994075
10505,0.2255560905288568
10506,0.3721344056285345
10507,0.3302998082256678
10508,0.2676977650738123
10509,0.4782351197909536
10510,0.35239083883342626
10511,0.30861432668743016
10512,0.21092890858741242
10513,0.08534848409895798
10514,0.41745240804729344
10515,0.2039613214647194
10516,0.31948499113796164
10517,0.2968931114682718
10518,0.21638641339313797
10519,0.34916495442481477
10520,0.33606816893713104
10521,0.2725783798703987
10522,0.3490865338217543
10523,0.15653087602654675
10524,0.4667865006529286
10525,0.21335716869005794
10526,0.28298897906307013
10527,0.26146562215862157
10528,0.39430756731990607
10529,0.22909390646223923
10530,0.29269134684433484
10531,0.26312233094089493
10532,0.3376399490842658
10533,0.39474379441253565
10534,0.30800926371445203
10535,0.21638641339313797
10536,0.28899991232161426
10537,0.46536613587253556
10538,0.23629295512070203
10539,0.23629295512070203
10540,0.5060623826693715
10541,0.30173425108669205
10542,0.2039613214647194
10543,0.3198892090329963
10544,0.1638140217876795
10545,0.251110025993528
10546,0.24027170872782053
10547,0.3721344056285345
10548,0.41866766831390284
10549,0.2390775597104593
10550,0.1638140217876795
10551,0.447386757193967
10552,0.25585480357775325
10553,0.30493219015178563
10554,0.21718652364787938
10555,0.2069647732424538
10556,0.24514295226232635
10557,0.32008416769084813
10558,0.16284347657077775
10559,0.26312233094089493
10560,0.33556862498888607
10561,0.33606816893713104
10562,0.3102710354697035
10563,0.29269134684433484
10564,0.23629295512070203
10565,0.5712078752230825
10566,0.3368746787856927
10567,0.4637094270902622
10568,0.30235061627399734
10569,0.3657420101809304
10570,0.30493219015178563
10571,0.2255560905288568
10572,0.34430714275011653
10573,0.3664906367747917
10574,0.39430756731990607
10575,0.3480505482769373
10576,0.4375388729941176
10577,0.20086385375158416
10578,0.1638140217876795
10579,0.2543954765805765
10580,0.30731163006794265
10581,0.28899991232161426
10582,0.3473311874875861
10583,0.4186302183247786
10584,0.34742982503948094
10585,0.33196722886077784
10586,0.17571158086413347
10587,0.40620512639636003
10588,0.162779524977099
10589,0.12230940168608337
10590,0.2039613214647194
10591,0.35546791239609266
10592,0.22511973118875803
10593,0.18165316319559396
10594,0.2713799666027186
10595,0.3807140813145585
10596,0.21175860761403154
10597,0.10441295826710242
10598,0.3496217761446918
10599,0.14489376437632706
10600,0.32347131189614015
10601,0.1515732675295709
10602,0.32809986927842566
10603,0.3661385446291803
10604,0.1786278482293281
10605,0.13459014117564513
10606,0.4571369692512654
10607,0.3442448373650703
10608,0.4269711003575272
10609,0.2610500857063435
10610,0.2205799624153279
10611,0.21175860761403154
10612,0.23978675480741807
10613,0.27969404372597073
10614,0.1923880284509052
10615,0.18739139926402237
10616,0.11436166431960554
10617,0.19047918298240116
10618,0.2870975839700157
10619,0.41400241254567216
10620,0.2770141769789786
10621,0.2845167289656686
10622,0.39587879518766056
10623,0.3353098296414531
10624,0.3861751496672542
10625,0.3803185429817149
10626,0.2055881292687074
10627,0.4269711003575272
10628,0.4351452395149373
10629,0.3910965553226504
10630,0.18224469913474034
10631,0.10441295826710242
10632,0.09175956209651559
10633,0.13408079125876834
10634,0.16022059375852238
10635,0.006162635682481071
10636,0.2619433036747012
10637,0.19232810612577744
10638,0.17743947814566052
10639,0.3410219360732169
10640,0.14990805804576232
10641,0.12957584750620987
10642,0.4351452395149373
10643,0.23290143458329665
10644,0.351105343064254
10645,0.10768783052913278
10646,0.10441295826710242
10647,0.2856873269890937
10648,0.09412001788462951
10649,0.39587879518766056
10650,0.3036710013148036
10651,0.2239912413846172
10652,0.1835088670134456
10653,0.19943713544606279
10654,0.12645665897360753
10655,0.3904053197178788
10656,0.16389473969753965
10657,0.29874404900180473
10658,0.2205799624153279
10659,0.31268718766411135
10660,0.19943713544606279
10661,0.3677453935027034
10662,0.12074455254184377
10663,0.23290143458329665
10664,0.2944258447503242
10665,0.2217836413790668
10666,0.10768783052913278
10667,0.16692678226462315
10668,0.12370725783729886
10669,0.14935589174527775
10670,0.2870975839700157
10671,0.4388760533576915
10672,0.2574139822718349
10673,0.1449026768884052
10674,0.2856873269890937
10675,0.12000930269710153
10676,0.17701018925566026
10677,0.21464051868972273
10678,0.16389473969753965
10679,0.20231904652175398
10680,0.11675402576535832
10681,0.2845167289656686
10682,0.25223411198515244
10683,0.22970334781638096
10684,0.12061179753202744
10685,0.3645743367909949
10686,0.2721195143445905
10687,0.19047918298240116
10688,0.13459014117564513
10689,0.351105343064254
10690,0.14698735579672326
10691,0.32225310762874215
10692,0.10644149005259826
10693,0.39857945887528884
10694,0.2427891698127696
10695,0.12957584750620987
10696,0.30868529498423886
10697,0.351105343064254
10698,0.30445615543356846
10699,0.10965740573374894
10700,0.3066567631987431
10701,0.12957584750620987
10702,0.3026838242888362
10703,0.13316037963491834
10704,0.41400241254567216
10705,0.2795991931368793
10706,0.2856873269890937
10707,0.03278717033969533
10708,0.19047918298240116
10709,0.2528759465489335
10710,0.1449026768884052
10711,0.3036710013148036
10712,0.3353098296414531
10713,0.14698735579672326
10714,0.3677453935027034
10715,0.1515732675295709
10716,0.36296334126328894
10717,0.1481579538201484
10718,0.31831731774802613
10719,0.21998881696461747
10720,0.1612146758328594
10721,0.30056657769675665
10722,0.3036710013148036
10723,0.1956433053826484
10724,0.19943713544606279
10725,0.13459014117564513
10726,0.21175860761403154
10727,0.21104344422634824
10728,0.10441295826710242
10729,0.2427891698127696
10730,0.41400241254567216
10731,0.23290143458329665
10732,0.23290143458329665
10733,0.042846797823592686
10734,0.03849927677145909
10735,0.4269711003575272
10736,0.10651723250570763
10737,0.13306602470981252
10738,0.09209148609913367
10739,0.09412001788462951
10740,0.10531434113796934
10741,0.31453956242460557
10742,0.3430742393416451
10743,0.3334262640343324
10744,0.2399072587370784
10745,0.23978675480741807
10746,0.1481579538201484
10747,0.4073179766365193
10748,0.1449026768884052
10749,0.3881302743655084
10750,0.4351452395149373
10751,0.2427891698127696
10752,0.2581070866828868
10753,0.13468769120415042
10754,0.17432103602372634
10755,0.3353098296414531
10756,0.2634036810265199
10757,0.2574139822718349
10758,0.41688432362136335
10759,0.24215070499411534
10760,0.4178705249239887
10761,0.08850428516477238
10762,0.310691498306746
10763,0.3036710013148036
10764,0.36344995167312116
10765,0.2721195143445905
10766,0.237101558249184
10767,0.32225310762874215
10768,0.1113857856693301
10769,0.2976709711160118
10770,0.16506003558482482
10771,0.101427196383163
10772,0.23643859856235158
10773,0.16747950910328935
10774,0.08019773258200596
10775,0.19204339082058652
10776,0.2875875641249747
10777,0.2703771531462581
10778,0.22970334781638096
10779,0.3410219360732169
10780,0.30484832402128526
10781,0.18232580336952542
10782,0.14700916337211917
10783,0.2748254905623483
10784,0.10644149005259826
10785,0.02818241026762308
10786,0.24247412387908104
10787,0.22155989202004178
10788,0.12762503330290917
10789,0.13777827306015153
10790,0.09755261747536337
10791,0.3001823929662879
10792,0.10962962193710465
10793,0.4084600573975248
10794,0.27213660263036216
10795,0.023978518151007017
10796,0.3238214483535606
10797,0.25928452077788083
10798,-0.0408688316854621
10799,0.36020430779027013
10800,0.36020430779027013
10801,0.23099760715544823
10802,0.15328993505129052
10803,0.3238214483535606
10804,0.2784475026832049
10805,0.15577368442595604
10806,0.0980414488217684
10807,0.2101589306862313
10808,0.38646832766119665
10809,-0.0015396827133301039
10810,0.23896826299172147
10811,0.09937529270232323
10812,0.33783949407082303
10813,0.13777827306015153
10814,0.16081801437352622
10815,0.015130924173912902
10816,0.1041894203750488
10817,0.23137322725836462
10818,0.27213660263036216
10819,0.18624357883513573
10820,0.1523433789284188
10821,0.17234425820066288
10822,0.28243165291501837
10823,0.08137988133651872
10824,0.21302750173491208
10825,0.40298498662453397
10826,-0.024075156618552918
10827,0.27383173497658475
10828,0.3464394120092566
10829,0.23219048364023614
10830,0.023915873435254725
10831,0.2716477712839571
10832,0.16374434026222928
10833,0.17906225713234647
10834,0.24247412387908104
10835,0.0980414488217684
10836,0.08334593479216698
10837,0.14537422556551446
10838,0.2784475026832049
10839,0.24166884048967258
10840,0.3139472887473014
10841,0.08394566835943884
10842,0.24382050840553915
10843,0.28361181919158107
10844,0.23300375646242333
10845,0.02818241026762308
10846,0.15328993505129052
10847,0.21539680857332696
10848,0.15240602364417108
10849,0.15240602364417108
10850,0.041643057098135594
10851,0.15536816923317587
10852,0.26165382761629574
10853,0.18610915398167638
10854,0.21300219578964372
10855,0.2227187401382324
10856,0.26165382761629574
10857,0.20281415260984256
10858,0.2123731738526029
10859,0.10435234887461114
10860,0.14563903069066075
10861,0.09600763192053827
10862,0.15577368442595604
10863,0.16374434026222928
10864,0.023978518151007017
10865,0.23145725789946286
10866,0.25928452077788083
10867,0.3265011774527648
10868,0.2730041607887703
10869,0.2728095934348014
10870,0.35983122380715116
10871,0.11505069640043558
10872,0.2428430682617826
10873,0.26956953710207177
10874,0.13777827306015153
10875,0.04795395715097833
10876,0.19764606852205743
10877,0.3265011774527648
10878,0.1423963537490684
10879,0.1559747821289701
10880,0.2051092073874381
10881,0.20055483861190934
10882,0.18610915398167638
10883,0.2986739145743469
10884,0.27213660263036216
10885,0.1523433789284188
10886,0.21358923618376854
10887,0.11530356113494042
10888,0.19764606852205743
10889,0.3464394120092566
10890,0.16278259653719415
10891,0.2123731738526029
10892,0.08137988133651872
10893,0.031160282084069152
10894,0.10734594853859647
10895,0.3372820951840731
10896,0.041154225751730555
10897,0.08394566835943884
10898,0.11594586647703006
10899,0.30204157535613185
10900,0.1712812414443809
10901,0.26165382761629574
10902,0.11368140434788732
10903,0.26956953710207177
10904,0.15240602364417108
10905,0.1423963537490684
10906,0.38646832766119665
10907,0.15240602364417108
10908,0.3586410647827787
10909,0.2716477712839571
10910,0.3265011774527648
10911,0.32246056856695837
10912,0.10734594853859647
10913,0.0845808019912559
10914,0.24188172204355646
10915,0.19989137520667108
10916,0.15577368442595604
10917,0.23910646309729608
10918,0.057681648488512316
10919,0.28066768553617777
10920,0.3915840252907235
10921,0.3238214483535606
10922,0.27383173497658475
10923,0.1523433789284188
10924,0.10435234887461114
10925,0.2504447797153543
10926,0.11565926137846677
10927,0.4084600573975248
10928,0.21302750173491208
10929,0.24166884048967258
10930,0.10435234887461114
10931,0.22756730165791098
10932,0.13482224328379083
10933,0.1847418882748934
10934,0.3338651566050734
10935,0.40298498662453397
10936,0.2151825891959289
10937,0.3464394120092566
10938,0.22155989202004178
10939,0.0845808019912559
10940,0.18425305692848837
10941,0.33783949407082303
10942,0.1810798554950733
10943,0.18456975296505057
10944,0.405315390163042
10945,0.3759798263732716
10946,0.1763551332952504
10947,0.2363187275746335
10948,0.16141454927366222
10949,0.1862344924329036
10950,0.3652839739212918
10951,0.23381850434940765
10952,0.3774437637488217
10953,0.2670440583759327
10954,0.17224828079708182
10955,0.15283011489448736
10956,0.3774437637488217
10957,0.1338574984075551
10958,0.43498205648445604
10959,0.25366803725681325
10960,0.30203248895389967
10961,0.04611183190364884
10962,0.16141454927366222
10963,0.1764127217152585
10964,0.2648074724676137
10965,0.2844524293476124
10966,0.14742574366996963
10967,0.2535347731241469
10968,0.20188467256467785
10969,0.16759275899910447
10970,0.29862417801408664
10971,0.4192127974161391
10972,0.2972877227831778
10973,0.1810798554950733
10974,0.20922850661812017
10975,0.15975834961423246
10976,0.37507218988065594
10977,0.30602624054440825
10978,0.19022824402341215
10979,0.1206246815541257
10980,0.4095215590128188
10981,0.13886304795344276
10982,0.22454642348823736
10983,0.35584523315915434
10984,0.26116416169804046
10985,0.19465108811457557
10986,0.09163770350883682
10987,0.23235456697385753
10988,0.3919040830942156
10989,0.16141454927366222
10990,0.3118496019730496
10991,0.35549639754829593
10992,0.11529447473270829
10993,0.18456975296505057
10994,0.15576459802372392
10995,0.11515562288206066
10996,0.16109480484514133
10997,0.1316096984911856
10998,0.3062029806084462
10999,0.2009770360720622
11000,0.17224828079708182
11001,0.3168625444134037
11002,0.3813367974158684
11003,0.20334860994022796
11004,0.2818166883798601
11005,0.39177081896154925
11006,0.26585199273807936
11007,0.15527128683113572
11008,0.29700134111731097
11009,0.13210782679985245
11010,0.21271840408809745
11011,0.19574141012215135
11012,0.15710126274789962
11013,0.32972280733030285
11014,0.17373602144163097
11015,0.17476465142948563
11016,0.1852499138709465
11017,0.2816834242471938
11018,0.2926347353460317
11019,0.1368007569843311
11020,0.2009770360720622
11021,0.13210782679985245
11022,0.39706391961698406
11023,0.3652839739212918
11024,0.20188467256467785
11025,0.20733174952934463
11026,0.14742574366996963
11027,0.13294615372209445
11028,0.14477979057993087
11029,0.1852499138709465
11030,0.47777030779211566
11031,0.28759648437985746
11032,0.17933317124445838
11033,0.3652839739212918
11034,0.400335451207446
11035,0.3918282936670732
11036,0.2818166883798601
11037,0.2836027327893489
11038,0.2587925878298747
11039,0.13210782679985245
11040,0.13886304795344276
11041,0.39943549348514984
11042,0.16050691278104656
11043,0.16257772120903213
11044,0.3774437637488217
11045,0.2413465650888445
11046,0.3652839739212918
11047,0.29533730858530194
11048,0.2972877227831778
11049,0.13886304795344276
11050,0.37507218988065594
11051,0.19574141012215135
11052,0.2567138581806202
11053,0.3919040830942156
11054,0.11661956025761078
11055,0.17933317124445838
11056,0.1490094759466176
11057,0.33327078329109666
11058,0.1206246815541257
11059,0.26116416169804046
11060,0.22234866334598968
11061,0.15576459802372392
11062,0.16109480484514133
11063,0.23381850434940765
11064,0.16759275899910447
11065,0.13294615372209445
11066,0.20334860994022796
11067,0.2818166883798601
11068,0.3683838637003188
11069,0.33941404573362316
11070,0.1728283849490153
11071,0.2818166883798601
11072,0.16141454927366222
11073,0.2009770360720622
11074,0.4095215590128188
11075,0.3385064092410075
11076,0.2661251754919858
11077,0.2413465650888445
11078,0.2421097367962162
11079,0.3298597518323177
11080,0.3868135578966912
11081,0.21629495294217937
11082,0.3256010621746342
11083,0.24318829849727713
11084,0.13886304795344276
11085,0.3593450676795403
11086,0.1185395815374379
11087,0.2971346052499773
11088,0.35024777725704276
11089,0.3754200547893803
11090,0.1983332246502201
11091,0.20324994958622392
11092,0.08429089859493338
11093,0.29862417801408664
11094,0.1763551332952504
11095,0.2926347353460317
11096,0.032667299351977264
11097,0.31902695487832305
11098,0.477903571924782
11099,0.33941404573362316
11100,0.22803632095821463
11101,0.3394989760050063
11102,0.39177081896154925
11103,0.23171845749385916
11104,0.13210782679985245
11105,0.22803632095821463
11106,0.3444599897989516
11107,0.17933317124445838
11108,0.3593450676795403
11109,0.17507626648434965
11110,0.2413465650888445
11111,0.3759798263732716
11112,0.3774437637488217
11113,0.2926347353460317
11114,0.33327078329109666
11115,0.3570406111093523
11116,0.27642537988407545
11117,0.26466123811643566
11118,0.3652839739212918
11119,0.20188467256467785
11120,0.16141454927366222
11121,0.07806945824642228
11122,0.400335451207446
11123,0.34200930105232713
11124,0.44846915298042483
11125,0.3868135578966912
11126,0.23969840102729986
11127,0.2587925878298747
11128,0.17802093340246722
11129,0.3278080907595622
11130,0.15371293695096844
11131,0.09822218171995128
11132,0.23441932512610003
11133,0.19408246596775075
11134,0.1328307591298093
11135,0.17802093340246722
11136,0.2932924397326287
11137,0.17802093340246722
11138,0.15608451081913421
11139,0.025285431457804375
11140,0.18418283136014812
11141,0.3278080907595622
11142,0.26470796815793957
11143,0.31801987480019805
11144,0.4086477430673601
11145,0.07604956136726851
11146,-0.05715202307681991
11147,0.2720518022113819
11148,0.3096432478555922
11149,0.33954945877559745
11150,0.28658940430173246
11151,0.2064039381357195
11152,0.1278121673632559
11153,0.2453706362249379
11154,0.3061642259319584
11155,0.014877090692711342
11156,0.0848437276787587
11157,0.33017966462772796
11158,0.0360727492688411
11159,0.2658239495154777
11160,0.11531362208793838
11161,0.28093061122368057
11162,0.3278080907595622
11163,0.07872525528438651
11164,0.16903085382108562
11165,0.31801987480019805
11166,0.16253896653254432
11167,0.1654543049670037
11168,0.15371293695096844
11169,0.32871572725217785
11170,0.28658940430173246
11171,0.4736599714884047
11172,0.10392042100031776
11173,0.12556428582792156
11174,0.32871572725217785
11175,0.2842537056800285
11176,0.13798581474985275
11177,0.14847731100105757
11178,0.0996861190955014
11179,0.21858789361698563
11180,0.10612508376560231
11181,0.2825956527112239
11182,0.19493112239311416
11183,0.29124231011991375
11184,0.17815419753513356
11185,0.24278495027225921
11186,0.10850049890263017
11187,0.4085144789346938
11188,0.31801987480019805
11189,0.27631544576668254
11190,0.15371293695096844
11191,0.1654543049670037
11192,0.3877179573633623
11193,0.0848437276787587
11194,0.282625189357378
11195,0.15608451081913421
11196,0.16993849031370128
11197,0.23441932512610003
11198,0.3445641945459795
11199,0.12498418167598807
11200,0.1546205734435841
11201,0.3497998204958903
11202,0.32871572725217785
11203,0.15608451081913421
11204,0.11415045015256847
11205,0.05964132248957557
11206,0.33017966462772796
11207,0.17127706445438798
11208,0.15608451081913421
11209,0.2824587082092091
11210,0.10556601577339361
11211,0.0560958587695059
11212,0.025285431457804375
11213,0.13730565384395682
11214,0.28980254226265145
11215,0.03353690200386236
11216,0.4086477430673601
11217,0.027657005325970152
11218,0.07567068039973182
11219,0.028445335955125883
11220,0.23441932512610003
11221,0.08434559937009184
11222,0.014877090692711342
11223,0.2421564668377201
11224,0.2413210128967091
11225,0.2767452926794858
11226,0.24602987207157548
11227,0.16631605066044267
11228,0.2923681410165789
11229,0.3008884643737599
11230,0.10800718771004195
11231,0.028445335955125883
11232,0.23517775045418257
11233,0.1429641449023184
11234,0.0848437276787587
11235,0.28155107171659344
11236,0.33407269829477465
11237,0.2599072068889896
11238,0.3120809685584465
11239,0.2661719055334897
11240,0.1674773644068193
11241,0.10850049890263017
11242,0.2599072068889896
11243,0.0560958587695059
11244,0.15371293695096844
11245,0.0560958587695059
11246,0.2645855028519559
11247,0.20627067400305316
11248,0.14553586319454276
11249,0.0560958587695059
11250,0.02710165604143039
11251,0.3278080907595622
11252,0.27176285575722936
11253,0.1865544052283139
11254,0.2825956527112239
11255,0.2825956527112239
11256,0.10174537682552384
11257,0.2124361252013966
11258,-0.015933255000025348
11259,0.13206907212336463
11260,0.21876951157648963
11261,0.07127548241634415
11262,0.09731454522733562
11263,0.13206907212336463
11264,0.33017966462772796
11265,0.10556601577339361
11266,0.2648892195352797
11267,0.09731454522733562
11268,0.13381575637397955
11269,0.22370123373054976
11270,0.12793585969608734
11271,0.2371883302265186
11272,0.16196440749702642
11273,0.30458738244755207
11274,0.2126818624443837
11275,0.23441932512610003
11276,0.2453706362249379
11277,0.09751569145883712
11278,0.11415045015256847
11279,0.2453706362249379
11280,0.23455258925876638
11281,0.11249425049313871
11282,0.27631544576668254
11283,0.18988462388117713
11284,0.1546205734435841
11285,0.2932924397326287
11286,0.32871572725217785
11287,0.21876951157648963
11288,0.37825984253757033
11289,0.3262143689669094
11290,0.11729896157359954
11291,0.32139603778889775
11292,0.3411115139884622
11293,0.20490316421780258
11294,0.24272304358849145
11295,0.2201966056165683
11296,0.22227305664889846
11297,0.3240781214931932
11298,0.4104655998741232
11299,0.47871434865342005
11300,0.20546194708523674
11301,0.4901646476878034
11302,0.13000269105345041
11303,0.2596711021555768
11304,0.41862341854835244
11305,0.3693279045616232
11306,0.35905596707130166
11307,0.345404030660256
11308,0.23639809082550833
11309,0.3710824896322969
11310,0.38244292233253213
11311,0.49988875092693874
11312,0.31643502399495244
11313,0.4022288037558636
11314,0.16157806008434172
11315,0.3994755426662914
11316,0.3540416318453274
11317,0.2525032767591464
11318,0.22083143265041977
11319,0.4289673575696933
11320,0.3930163094785282
11321,0.3885701626701028
11322,0.3223622937063677
11323,0.2917714503506151
11324,0.43539670975002914
11325,0.5121563774241316
11326,0.21595713589454385
11327,0.3223622937063677
11328,0.3087869075039354
11329,0.47999548224690236
11330,0.3562634915275247
11331,0.31483408940039487
11332,0.21595713589454385
11333,0.316245748304427
11334,0.17994647803673364
11335,0.409884900787122
11336,0.44390762864483463
11337,0.4464506814267704
11338,0.35785138783799036
11339,0.19211899231476615
11340,0.24733746895613884
11341,0.3055789401936797
11342,0.4022288037558636
11343,0.13000269105345041
11344,0.3016275185142599
11345,0.3656630231162152
11346,0.30282542202735635
11347,0.3885701626701028
11348,0.19402331604831252
11349,0.3465393882883893
11350,0.3694961299130666
11351,0.18491026556668205
11352,0.37138895065579086
11353,0.31038749306774016
11354,0.38645760700276494
11355,0.2584301965466145
11356,0.4567226189170919
11357,0.3562634915275247
11358,0.5037873883108599
11359,0.3191171076992479
11360,0.33546778357205315
11361,0.2900338727510891
11362,0.26942176117770705
11363,0.2766194728115526
11364,0.28792084275616275
11365,0.4325253503552082
11366,0.36382186501598235
11367,0.22813364994726987
11368,0.4712569644856719
11369,0.2645467419485552
11370,0.23047082111409306
11371,0.13287405044827133
11372,0.2950166363577349
11373,0.4022288037558636
11374,0.4325253503552082
11375,0.4245168615805391
11376,0.30282542202735635
11377,0.36419748572590627
11378,0.27732919959309377
11379,0.20872676461315032
11380,0.4022288037558636
11381,0.3262143689669094
11382,0.44645437897869655
11383,0.4022288037558636
11384,0.4464506814267704
11385,0.4104655998741232
11386,0.280891602181125
11387,0.27732919959309377
11388,0.41249403657147
11389,0.3212067620983723
11390,0.38486684212508415
11391,0.4204280307698516
11392,0.39614884540608525
11393,0.2475422629652011
11394,0.31011403450789665
11395,0.2739373891072571
11396,0.2612998416829375
11397,0.23776202979454614
11398,0.25860354435644956
11399,0.3858135947523105
11400,0.22622907338486536
11401,0.45359886704815494
11402,0.49988875092693874
11403,0.23315290481838852
11404,0.15179782691368676
11405,0.32139603778889775
11406,0.17490971932234978
11407,0.2739373891072571
11408,0.4289673575696933
11409,0.21595713589454385
11410,0.2596711021555768
11411,0.199984998824223
11412,0.2584301965466145
11413,0.45738843948635727
11414,0.2657396246420625
11415,0.31483408940039487
11416,0.31309735951767786
11417,0.4901646476878034
11418,0.3915431430745391
11419,0.16157806008434172
11420,0.061299205714224536
11421,0.1897267112073886
11422,0.2201966056165683
11423,0.33017107937598916
11424,0.4465085913168672
11425,0.19093907723250603
11426,0.23776202979454614
11427,0.41862341854835244
11428,0.5078227451253203
11429,0.4865781153184435
11430,0.31319827332370315
11431,0.22538038885769768
11432,0.40328824696884974
11433,0.3965041568684844
11434,0.33546778357205315
11435,0.22227305664889846
11436,0.19402331604831252
11437,0.3891396907070604
11438,0.2201966056165683
11439,0.4157531489560353
11440,0.43539670975002914
11441,0.3923848767141802
11442,0.43864189575714896
11443,0.22407661865753958
11444,0.3915431430745391
11445,0.16980826943492766
11446,0.1999277779843876
11447,0.3240781214931932
11448,0.23315290481838852
11449,0.3359946021375644
11450,0.2900338727510891
11451,0.37440154087744565
11452,0.27732919959309377
11453,0.39271485982285365
11454,0.2544788139854513
11455,0.46844241116309854
11456,0.4157531489560353
11457,0.19211899231476615
11458,0.345404030660256
11459,0.2442068764951298
11460,0.3605091024863008
11461,0.42889535603867396
11462,0.4327146260457337
11463,0.4901646476878034
11464,0.31643502399495244
11465,0.31984087918067666
11466,0.051518972543569574
11467,0.2544788139854513
11468,0.30515302071395134
11469,0.5078227451253203
11470,0.36382186501598235
11471,0.17994647803673364
11472,0.21041637244591332
11473,0.35476589351975896
11474,0.3800673367247236
11475,0.01994501209932778
11476,0.2590470364273634
11477,0.29616947861030196
11478,0.3224676714010856
11479,0.3703656246841993
11480,0.2929229346325227
11481,0.3357952467690652
11482,0.21158838774572275
11483,0.08296581182978838
11484,0.10824299007737614
11485,0.1231091818527825
11486,0.31392021866157144
11487,0.15539356146357744
11488,0.09064722575864873
11489,0.22447665851222928
11490,0.3952199081715973
11491,0.30110867831274346
11492,0.24344730526292302
11493,0.347419999778763
11494,0.3085088744767902
11495,0.1335514418374246
11496,0.16550205962511422
11497,0.3694117295150911
11498,0.16158724345884404
11499,0.11367386037009364
11500,0.3036723166456556
11501,0.14020061642014958
11502,0.12022386646944497
11503,0.14517619484712235
11504,0.17701800983058866
11505,0.36019676381247645
11506,0.20618806935030434
11507,0.16357930514379812
11508,0.32410860564123056
11509,0.1861016100038827
11510,0.2177081137647962
11511,0.15011740245542607
11512,0.3224676714010856
11513,0.30041401865692774
11514,0.1231091818527825
11515,0.30110867831274346
11516,0.23610141152192704
11517,0.3294887152721712
11518,0.24854876869966142
11519,0.2907227802536074
11520,0.1136543342621574
11521,0.3357952467690652
11522,0.2165377398349958
11523,0.1681218197525587
11524,0.3251973251637848
11525,0.359137525989839
11526,0.4028199515061028
11527,0.39212465581801886
11528,0.11492343817256181
11529,0.22635587069555593
11530,0.17782353179308297
11531,0.19912936886331611
11532,0.36019676381247645
11533,0.23644207732530953
11534,0.2859018907614371
11535,0.06888606747171455
11536,0.3369797992965761
11537,0.16170009296047147
11538,0.31288050694687025
11539,0.2895382277260965
11540,0.2207001972457949
11541,0.11316516598245674
11542,0.2673817734059723
11543,0.20597218291612984
11544,0.5066224197682769
11545,0.1628846454879824
11546,0.14131381710550361
11547,0.22129009978624703
11548,0.21320911322138994
11549,0.19627047087560556
11550,0.21158838774572275
11551,0.24585676488784308
11552,0.1231091818527825
11553,0.14837251759249184
11554,0.11492343817256181
11555,0.10084369381448799
11556,0.3294887152721712
11557,0.07471895732603154
11558,0.20510166340964442
11559,0.1566317339756208
11560,0.2762106523581168
11561,0.09064722575864873
11562,0.16357930514379812
11563,0.17782353179308297
11564,0.3703656246841993
11565,0.28119610564562203
11566,0.17332484597016923
11567,0.2691519518711286
11568,0.2929229346325227
11569,0.14837251759249184
11570,0.19627047087560556
11571,0.33381031768175484
11572,0.061643467909874655
11573,0.44147692721456605
11574,0.1328547226791536
11575,0.15795295888083583
11576,0.3098471960739739
11577,0.1681218197525587
11578,0.20379474037934892
11579,0.4634686569508942
11580,0.40094073932277613
11581,0.23061748419306963
11582,0.3369797992965761
11583,0.2788431902744489
11584,0.359137525989839
11585,0.1534064041977083
11586,0.19627047087560556
11587,0.19627047087560556
11588,0.23923312228292543
11589,0.07594476795870278
11590,0.276054343323929
11591,0.06866451178096025
11592,0.1628846454879824
11593,0.2673817734059723
11594,0.35148044500849934
11595,0.2826996902760895
11596,0.14837251759249184
11597,0.1782025623580996
11598,0.15580034758458994
11599,0.2207001972457949
11600,0.39235735442052744
11601,0.1231091818527825
11602,0.11692645424653642
11603,0.17884241200167153
11604,0.1231091818527825
11605,0.347419999778763
11606,0.20140000076606365
11607,0.1566317339756208
11608,0.23356743545844647
11609,0.306742865756298
11610,0.1681218197525587
11611,0.4049111465749176
11612,0.23923312228292543
11613,0.09064722575864873
11614,0.3703656246841993
11615,0.15252208858811833
11616,0.1806527237233551
11617,0.2992294661294168
11618,0.3301583389577301
11619,0.12968369217231365
11620,0.15252208858811833
11621,0.15539356146357744
11622,0.319592736900345
11623,0.1806707397111652
11624,0.3703656246841993
11625,0.26378773467394234
11626,0.17884241200167153
11627,0.3036723166456556
11628,0.3224676714010856
11629,0.24389763565375897
11630,0.16737257099825356
11631,0.40094073932277613
11632,0.22635587069555593
11633,0.15539356146357744
11634,0.2736666998581536
11635,0.07471895732603154
11636,0.3767576232560871
11637,0.14020061642014958
11638,0.16550205962511422
11639,0.16357930514379812
11640,0.34253836180578134
11641,0.1861016100038827
11642,0.30110867831274346
11643,0.14837251759249184
11644,0.15539356146357744
11645,0.19216998736965116
11646,0.48509741125014777
11647,0.2832316962292024
11648,0.09394169002854802
11649,0.24585676488784308
11650,0.20409038265726143
11651,0.18864276284028642
11652,0.18608208389594647
11653,0.13111734904966435
11654,0.1861016100038827
11655,0.15580034758458994
11656,0.12122996966945584
11657,0.2992294661294168
11658,0.4199113860734699
11659,0.18532810555262103
11660,0.15474784911010875
11661,0.09237616292605261
11662,0.2432156395120868
11663,0.18532810555262103
11664,0.12659919798706187
11665,0.07001925438732073
11666,0.15474784911010875
11667,0.07001925438732073
11668,0.31282910420657595
11669,0.37683686330081423
11670,0.35312818303713583
11671,0.2506479192423148
11672,0.2605520282821132
11673,0.1438167160668397
11674,0.11137621633181433
11675,0.2883270379651489
11676,0.35312818303713583
11677,0.09424135095511538
11678,0.24411440819591448
11679,0.33458405700811766
11680,0.1228460573352323
11681,0.25269281164040286
11682,0.08901930779308245
11683,0.3603290614672214
11684,0.17984605249672608
11685,0.21981786504397177
11686,0.38528162987256864
11687,0.3565757867444458
11688,0.34546304163246827
11689,0.1604889031995239
11690,0.20432815895838274
11691,0.15808525653558075
11692,0.1604889031995239
11693,0.32094156041969973
11694,0.21303694478640417
11695,0.276255028312139
11696,0.12485467687477786
11697,0.3603290614672214
11698,0.07001925438732073
11699,0.22990553609499792
11700,0.2644774979271913
11701,0.28258598387573375
11702,0.18532810555262103
11703,0.1591346329369569
11704,0.10557086021924833
11705,0.12659919798706187
11706,0.09834945738647594
11707,0.1228460573352323
11708,0.19785738915294573
11709,0.2202142976916776
11710,0.10048914879650042
11711,0.296650011460329
11712,0.22126490623975614
11713,0.2980182763684692
11714,0.3201361373188577
11715,0.3005003836247408
11716,0.30880853540335756
11717,0.1438167160668397
11718,0.09237616292605261
11719,0.14050027734671694
11720,0.22460008081703858
11721,0.12998713738196324
11722,0.3325017985888034
11723,0.12998713738196324
11724,0.0874183243432069
11725,0.3311364533008077
11726,0.38528162987256864
11727,0.24411440819591448
11728,0.2989498306833716
11729,0.10183848625891637
11730,0.32607402092688514
11731,0.27796563222171267
11732,0.26647131673464636
11733,0.3508347326550306
11734,0.12945771631508546
11735,0.24374173894533896
11736,0.32376328082757294
11737,0.14604098351026396
11738,0.14604098351026396
11739,0.26712869420656943
11740,0.19276370293372105
11741,0.15704129949221396
11742,0.13787277452185243
11743,0.15704129949221396
11744,0.24551545873512942
11745,0.15704129949221396
11746,0.24901047321038544
11747,0.268822748581911
11748,0.27112256780495364
11749,0.07001925438732073
11750,0.17651087791944364
11751,0.20223320067260875
11752,0.36409532323708255
11753,0.13279581993907855
11754,0.07001925438732073
11755,0.07245772115359167
11756,0.12485467687477786
11757,0.304082291190557
11758,0.20274170949222048
11759,0.29230887444043974
11760,0.14017259374489505
11761,0.37683686330081423
11762,0.12485467687477786
11763,0.18623390765862763
11764,0.21805962636233767
11765,0.15302475206091493
11766,0.22997177183960094
11767,0.31407204242425263
11768,0.2675165105509085
11769,0.15717945442957415
11770,0.15474784911010875
11771,0.24374696618949038
11772,0.24901047321038544
11773,0.08438455358376223
11774,0.12255485765173524
11775,0.15717945442957415
11776,0.26647131673464636
11777,0.28258598387573375
11778,0.11427772581909312
11779,0.2716548508324647
11780,0.25039299241736024
11781,0.12998713738196324
11782,0.31791186987543346
11783,0.2539041107811952
11784,0.32094156041969973
11785,0.1604889031995239
11786,0.28357035667920927
11787,0.17984605249672608
11788,0.18532810555262103
11789,0.11427772581909312
11790,0.02954913109630511
11791,0.08533717125743792
11792,0.304082291190557
11793,0.09237616292605261
11794,0.28487943425783896
11795,0.12255485765173524
11796,0.32376328082757294
11797,0.08964259178663114
11798,0.14050027734671694
11799,0.18097040063773256
11800,0.3550655544463263
11801,0.1604889031995239
11802,0.12485467687477786
11803,0.281346089235785
11804,0.296650011460329
11805,0.11657117620119833
11806,0.09670602575173098
11807,0.12659919798706187
11808,0.24314365731043353
11809,0.30880853540335756
11810,0.2989498306833716
11811,0.25269281164040286
11812,0.2655182750439783
11813,0.15671969384044573
11814,0.06422751180300573
11815,0.16227158620120485
11816,0.1448579822616054
11817,0.12485467687477786
11818,0.3830573624291444
11819,0.3594232593612148
11820,0.07001925438732073
11821,0.12001877990850829
11822,0.2539041107811952
11823,0.2578252721475882
11824,0.37683686330081423
11825,0.16281676947260143
11826,0.11566806494379284
11827,0.18751119390139365
11828,0.09670602575173098
11829,0.2869055312564917
11830,0.23274142296338896
11831,0.09440620652868836
11832,0.12485467687477786
11833,0.08533717125743792
11834,0.3311364533008077
11835,0.2989498306833716
11836,0.12485467687477786
11837,0.15808525653558075
11838,0.08438455358376223
11839,0.14530505425208043
11840,0.1801066491016762
11841,0.1604889031995239
11842,0.1493761580875464
11843,0.2989498306833716
11844,0.07001925438732073
11845,0.31100632387912347
11846,0.34731216144064775
11847,0.42899183641940536
11848,0.43696667055105665
11849,0.2702145994809288
11850,0.2423194055072329
11851,0.3446416347552049
11852,0.33056063479495423
11853,0.13444401124929883
11854,0.2987177972308657
11855,0.42350444665410747
11856,0.2818643319457727
11857,0.11323048965427751
11858,0.23929001528537347
11859,0.2605697789647696
11860,0.3127122343686241
11861,0.2798791872546934
11862,0.2971555459350305
11863,0.4347068757961165
11864,0.22413666799533155
11865,0.3623727138327339
11866,0.4304658639281946
11867,0.42899183641940536
11868,0.1923245889575519
11869,0.21374066215490506
11870,0.18525960342380876
11871,0.2647272097156309
11872,0.3594966875598692
11873,0.30851013999914334
11874,0.3945683938891925
11875,0.22187965811951038
11876,0.3622171151488977
11877,0.34469063621496365
11878,0.3206870685002754
11879,0.27750991908853906
11880,0.23323082057779687
11881,0.38353229860281446
11882,0.43696667055105665
11883,0.3827348173764366
11884,0.3101008708761909
11885,0.12385781362521436
11886,0.31218585839727153
11887,0.3206870685002754
11888,0.39450962882970975
11889,0.3044345606991994
11890,0.2832498056323566
11891,0.2540470928118932
11892,0.20623032926022583
11893,0.46978356081760003
11894,0.4263804729269722
11895,0.2921945321410852
11896,0.2971555459350305
11897,0.38065689505798694
11898,0.24926017848795312
11899,0.2628715167424629
11900,0.14202435356115506
11901,0.3101008708761909
11902,0.4728129510394595
11903,0.36149436278262354
11904,0.4265559319964907
11905,0.24940929284551372
11906,0.22173955337498064
11907,0.4347068757961165
11908,0.3907096515080879
11909,0.4347068757961165
11910,0.2722138851214158
11911,0.36843513576334375
11912,0.17985756948458936
11913,0.22126064172246684
11914,0.40847413419186646
11915,0.5187367885637986
11916,0.2971555459350305
11917,0.3446416347552049
11918,0.25697591201755876
11919,0.3565333489886782
11920,0.1984982908871788
11921,0.3772474276111387
11922,0.23246307086447587
11923,0.12098178735234966
11924,0.3580026132495441
11925,0.27576996523654534
11926,0.3096029031127649
11927,0.31908352714513943
11928,0.16726090151584222
11929,0.31688191787693376
11930,0.4797537240201797
11931,0.4347068757961165
11932,0.24165799514744157
11933,0.3072248446033262
11934,0.3945683938891925
11935,0.2135093440243947
11936,0.3446416347552049
11937,0.20647312501883008
11938,0.22674803148776473
11939,0.2423194055072329
11940,0.2582476739398501
11941,0.18525960342380876
11942,0.20647312501883008
11943,0.3725178990933816
11944,0.42899183641940536
11945,0.3812725038478743
11946,0.16195123074948364
11947,0.35995955162532206
11948,0.22674803148776473
11949,0.2933414111516426
11950,0.35995955162532206
11951,0.24940929284551372
11952,0.38844985675314775
11953,0.3389857585715034
11954,0.40687961291769853
11955,0.4797537240201797
11956,0.20055479830813783
11957,0.3176732481625694
11958,0.17723106471842187
11959,0.20421333026388994
11960,0.4821710079241502
11961,0.5187367885637986
11962,0.17698154321172466
11963,0.2323668773459175
11964,0.49090952568538065
11965,0.4074182003069627
11966,0.18664329947693226
11967,0.31100632387912347
11968,0.17850430351232693
11969,0.26840934625127544
11970,0.170274094161741
11971,0.19842274528478787
11972,0.3361284646207656
11973,0.2522853191183784
11974,0.29569716281009095
11975,0.3806468713134485
11976,0.46530241661555644
11977,0.2628715167424629
11978,0.3209764870817031
11979,0.2702145994809288
11980,0.2647272097156309
11981,0.3924260557797569
11982,0.3827348173764366
11983,0.37294610097873
11984,0.2548966826108116
11985,0.24926017848795312
11986,0.27592963885763994
11987,0.48089864150974626
11988,0.16407484835696595
11989,0.3584649725607641
11990,0.21374066215490506
11991,0.4797537240201797
11992,0.43696667055105665
11993,0.3725178990933816
11994,0.3772474276111387
11995,0.3808824929410781
11996,0.2648488747924524
11997,0.22413666799533155
11998,0.3411340219409503
11999,0.31842727374533525
12000,0.23497824083835067
12001,0.2675397558859594
12002,0.11323048965427751
12003,0.3140357141009829
12004,0.25623829704260037
12005,0.2987177972308657
12006,0.3068267980077383
12007,0.24926017848795312
12008,0.3649840773251671
12009,0.17723106471842187
12010,0.2423194055072329
12011,0.4074182003069627
12012,0.42350444665410747
12013,0.17723106471842187
12014,0.31506188467013624
12015,0.23579115695071595
12016,0.2343789803832727
12017,0.38065689505798694
12018,0.27212788955662126
12019,0.3622171151488977
12020,0.2853665770199913
12021,0.4509835661557335
12022,0.4074182003069627
12023,0.3806468713134485
12024,0.2933414111516426
12025,0.28824324303157206
12026,0.18525960342380876
12027,0.4728129510394595
12028,0.4347068757961165
12029,0.27828879183841126
12030,0.3584649725607641
12031,0.2675397558859594
12032,0.2987177972308657
12033,0.17841309012634632
12034,0.3985532100485542
12035,0.2065617412493932
12036,0.19390885709225708
12037,0.3584649725607641
12038,0.20808211349461997
12039,0.15145351949614255
12040,0.06239502329500665
12041,0.39370351113035035
12042,0.32241383852545447
12043,0.045724416407763646
12044,0.20036028905136247
12045,0.3351899586537351
12046,0.22632635625344022
12047,0.19967012276526483
12048,0.13245346609038083
12049,0.15145351949614255
12050,0.1591999994742492
12051,0.19910179955820487
12052,0.3737026318581063
12053,0.21100843938332303
12054,0.3059400549209434
12055,0.13245346609038083
12056,0.33090965647371756
12057,0.25748567452307736
12058,0.26266090769442074
12059,0.3285403496353027
12060,0.17290822329107947
12061,0.11114632470468924
12062,0.3275082575308898
12063,0.10434659330544149
12064,0.3740634192911004
12065,0.3351899586537351
12066,0.09198334279936521
12067,0.26937427428129496
12068,0.27057661718019677
12069,0.17488913242400292
12070,0.05808766691383993
12071,0.14481671659645712
12072,0.12538710617040122
12073,0.19960747804951254
12074,0.13245346609038083
12075,0.09198334279936521
12076,0.21860753145527426
12077,0.14320908632587973
12078,0.3388253659594936
12079,0.13184490111234964
12080,0.14481671659645712
12081,0.20551504796632955
12082,0.31891187040505087
12083,0.17145882692646566
12084,0.25748567452307736
12085,0.28637056221838986
12086,0.30891792673738944
12087,0.21551226659042497
12088,0.18504237218124528
12089,0.36121138786839513
12090,0.36121138786839513
12091,0.20551504796632955
12092,0.3474464920873816
12093,0.23014001717444452
12094,0.32571160180429864
12095,0.2638431475119498
12096,0.17152147164221795
12097,0.2623840436012703
12098,0.14664420342015294
12099,0.1591373547584969
12100,0.17152147164221795
12101,0.31745282473150915
12102,0.11294107308264764
12103,0.23148862185064978
12104,0.21100843938332303
12105,0.3434606478171256
12106,0.16256766025603417
12107,0.3371368512184579
12108,0.278261706276542
12109,0.21100843938332303
12110,0.23148862185064978
12111,0.17488913242400292
12112,0.16231479552152933
12113,0.34770333154062677
12114,0.3771329373556435
12115,0.19523003164213865
12116,0.3351899586537351
12117,0.2781127920425254
12118,0.18208634240488455
12119,0.3571377304907019
12120,0.4074684069113639
12121,0.2774239090795691
12122,0.429460136647692
12123,0.29157343887303794
12124,0.45572415651861853
12125,0.14273848241457174
12126,0.14273848241457174
12127,0.19960747804951254
12128,0.23337325310277013
12129,0.08258093389015897
12130,0.43884812441181725
12131,0.13482277292879571
12132,0.11715689681981528
12133,0.12346779687265799
12134,0.33087591831267477
12135,0.29614981865452794
12136,0.05808766691383993
12137,0.05600943273195455
12138,0.10434659330544149
12139,0.31683363622316546
12140,0.1568937210581984
12141,0.34853781255226834
12142,0.11715689681981528
12143,0.18504237218124528
12144,0.20759328214821493
12145,0.19523003164213865
12146,0.2196083573217566
12147,0.31683363622316546
12148,0.14481671659645712
12149,0.25282587712892723
12150,0.20759328214821493
12151,0.14663939182341698
12152,0.17152147164221795
12153,0.24869116997288732
12154,0.09435264963778009
12155,0.3819791287768764
12156,0.27235214609774105
12157,0.39716664614264197
12158,0.14716281798246683
12159,0.14718060768796754
12160,0.13245346609038083
12161,0.19523003164213865
12162,0.19145970619870972
12163,0.3065486198989746
12164,0.278261706276542
12165,0.2196083573217566
12166,0.09198334279936521
12167,0.2196083573217566
12168,0.23014001717444452
12169,0.3371994959342101
12170,0.14273848241457174
12171,0.15805639928468893
12172,0.36121138786839513
12173,0.18230812449129571
12174,0.39370351113035035
12175,0.23350767795622948
12176,0.13184490111234964
12177,0.1929031298117545
12178,0.3572763303134988
12179,0.14273848241457174
12180,0.1163087338644326
12181,0.16256766025603417
12182,0.24869116997288732
12183,0.3194007017514559
12184,0.10667412180574884
12185,0.4070953229282449
12186,0.1601346334665743
12187,0.11458983129152486
12188,0.2478189377330031
12189,0.18966045287016214
12190,0.0884183248728243
12191,0.4337324267822904
12192,0.27314368270848716
12193,0.16256766025603417
12194,0.18504237218124528
12195,0.31683363622316546
12196,0.11114632470468924
12197,0.4074684069113639
12198,0.32257174535019056
12199,0.3351899586537351
12200,0.3194007017514559
12201,0.23337325310277013
12202,0.3771329373556435
12203,0.33087591831267477
12204,0.22052947067235434
12205,0.0034173956191855814
12206,0.19960747804951254
12207,0.38747540773932165
12208,0.30712262453619665
12209,0.2823849228735144
12210,0.24491016764315118
12211,0.07544650938871683
12212,0.09198334279936521
12213,0.2810906638589715
12214,0.3811292557261671
12215,0.19960747804951254
12216,0.1591373547584969
12217,0.4337324267822904
12218,0.14481671659645712
12219,0.17145882692646566
12220,0.2531142479507324
12221,0.32513029543089356
12222,0.26204366032318416
12223,0.2871726723313799
12224,0.3081408341096948
12225,0.14419453384795639
12226,0.07814329541059017
12227,0.337283065342097
12228,0.3085941829038467
12229,0.2558689911531518
12230,0.2608300049470971
12231,0.4364033156260872
12232,0.3799025043925365
12233,0.3962584663091852
12234,0.27939884903350326
12235,0.39047589153853257
12236,0.2918878820942913
12237,0.1603829318685943
12238,0.27939884903350326
12239,0.3681616343808975
12240,0.204469513570542
12241,0.26116120524418057
12242,0.23227631754886807
12243,0.012955372969668505
12244,0.1566925459727669
12245,0.337283065342097
12246,0.291169953023667
12247,0.3187142212556909
12248,0.11043361958116535
12249,0.1177404638879248
12250,0.34446041824737045
12251,0.1416550476717065
12252,0.16633140354377063
12253,0.1603829318685943
12254,0.38908111340391177
12255,0.25497822102159506
12256,0.19738736004439195
12257,0.3232990964712285
12258,0.1416550476717065
12259,0.14623992288724413
12260,0.20370145277942653
12261,0.2874203849493219
12262,0.29512154765140713
12263,0.24709217789092514
12264,0.27443783523955795
12265,0.3154780322714263
12266,0.39047589153853257
12267,0.3785077262579157
12268,0.20680152683478625
12269,0.13021056497708788
12270,0.20493066020023526
12271,0.32513029543089356
12272,0.2120219398199274
12273,0.337283065342097
12274,0.3497318782163467
12275,0.14946599381693265
12276,0.3081408341096948
12277,0.26461707859259875
12278,0.23727142124396594
12279,0.331196897095318
12280,0.30875647340288503
12281,0.39047589153853257
12282,0.29512154765140713
12283,0.3325916752299388
12284,0.38089668064338
12285,0.35145802931751247
12286,0.2918878820942913
12287,0.35145802931751247
12288,0.19716266926378254
12289,0.1416550476717065
12290,0.12473491962999347
12291,0.0364448396000433
12292,0.10203301615726651
12293,0.3425545253110733
12294,0.2988902259527399
12295,0.2797092952085342
12296,0.04603326029789151
12297,0.16022389175811264
12298,0.3187142212556909
12299,0.08773171610843838
12300,0.20493066020023526
12301,0.06873516377061847
12302,0.3274623086951378
12303,0.22904265199175222
12304,0.16487234509320736
12305,0.3806235248251372
12306,0.46286054091419215
12307,0.33463966160041125
12308,0.3799025043925365
12309,0.27443783523955795
12310,0.13689084486927028
12311,0.3806235248251372
12312,0.397653244443806
12313,0.09918970711451044
12314,0.34446041824737045
12315,0.23727142124396594
12316,0.29271047985883236
12317,0.19919843022064507
12318,0.22904265199175222
12319,0.3276306614359935
12320,0.340607044279622
12321,0.1954712434288406
12322,0.1654953517270889
12323,0.05465382878021538
12324,0.228523333804519
12325,0.337283065342097
12326,0.17122710023393972
12327,0.1177404638879248
12328,0.3274623086951378
12329,0.06962593390217525
12330,0.40411299145551205
12331,0.28386310871690756
12332,0.3425545253110733
12333,0.21340365059595576
12334,0.44251548535215396
12335,0.20263831461087695
12336,0.09346623795755765
12337,0.397653244443806
12338,0.22268789685101986
12339,0.337283065342097
12340,0.35415165665069076
12341,0.12146443669037163
12342,0.31277978140120405
12343,0.24261994795764918
12344,0.34428067641223903
12345,0.21836466438990107
12346,0.17122710023393972
12347,0.15040313511115344
12348,0.11482870851030691
12349,0.06885904915552607
12350,0.25157278454633236
12351,0.4364033156260872
12352,0.16487234509320736
12353,0.2608300049470971
12354,0.24261994795764918
12355,0.32072865672123135
12356,0.05465382878021538
12357,0.26461707859259875
12358,0.0924445954594183
12359,0.14495390332074642
12360,0.3497318782163467
12361,0.26461707859259875
12362,0.34433090000373157
12363,0.2523636378599014
12364,0.0689551288290435
12365,0.28454816050541104
12366,0.3232990964712285
12367,0.18314977126087184
12368,0.4104677465962444
12369,0.17865287571173938
12370,0.337283065342097
12371,0.2855331269535589
12372,0.3168889215491417
12373,0.23723733134281338
12374,0.18455107179808106
12375,0.10847395336957455
12376,0.2871726723313799
12377,0.4073444828471263
12378,0.3419988867394873
12379,0.1566925459727669
12380,0.11806237406742276
12381,0.3485559195996493
12382,0.24261994795764918
12383,0.14623992288724413
12384,0.10091275517181694
12385,0.32513029543089356
12386,0.2918878820942913
12387,0.42232351867822887
12388,0.40332346527246715
12389,0.41446554500991634
12390,0.5406562610721244
12391,0.5266359606022273
12392,0.32907158360803473
12393,0.33330105778547386
12394,0.44807600552193855
12395,0.31667883779949296
12396,0.389106587433282
12397,0.32907158360803473
12398,0.5632017412418757
12399,0.599410348817389
12400,0.45188315298503984
12401,0.3091531418355738
12402,0.30850656350804906
12403,0.45690971837365973
12404,0.33330105778547386
12405,0.4243766590213432
12406,0.389106587433282
12407,0.5774186190810608
12408,0.46660095677698005
12409,0.5580908044093305
12410,0.3809343131418381
12411,0.31667883779949296
12412,0.3178252612071796
12413,0.35278566201879125
12414,0.35278566201879125
12415,0.5406562610721244
12416,0.45080881683496715
12417,0.47956894871564965
12418,0.4042955063375269
12419,0.389106587433282
12420,0.5087724479074631
12421,0.3481704330005903
12422,0.5097673692936335
12423,0.25664383397424567
12424,0.3038913344898481
12425,0.4940830453150921
12426,0.3481704330005903
12427,0.32907158360803473
12428,0.40332346527246715
12429,0.48722188912388226
12430,0.6058017536258353
12431,0.4417850299930229
12432,0.5800825341456586
12433,0.35640064235117624
12434,0.36497396573598817
12435,0.3260554705577655
12436,0.32907158360803473
12437,0.5550294669504319
12438,0.30092293248498786
12439,0.4561582358713303
12440,0.3481704330005903
12441,0.57702119668676
12442,0.38399565060073665
12443,0.4708304309544192
12444,0.3523011111912356
12445,0.3665611072635307
12446,0.3809343131418381
12447,0.5774186190810608
12448,0.4018189864789698
12449,0.5683122299703394
12450,0.4044245043033992
12451,0.40332346527246715
12452,0.39464163357369636
12453,0.504090480432476
12454,0.49697986598398874
12455,0.5420607958751483
12456,0.3665611072635307
12457,0.305152406662427
12458,0.3763190841236372
12459,0.3038913344898481
12460,0.389106587433282
12461,0.38399565060073665
12462,0.5073962115940676
12463,0.3115679009669476
12464,0.30092293248498786
12465,0.389106587433282
12466,0.550414237932231
12467,0.44807600552193855
12468,0.42119783505971864
12469,0.33330105778547386
12470,0.46113919255109886
12471,0.3818790241336479
12472,0.45690971837365973
12473,0.3691881456608211
12474,0.5800825341456586
12475,0.389106587433282
12476,0.25664383397424567
12477,0.32609098397251507
12478,0.6232362969630414
12479,0.5293879413303957
12480,0.550414237932231
12481,0.5632017412418757
12482,0.35278566201879125
12483,0.2608733081516848
12484,0.36095793631023515
12485,0.36497396573598817
12486,0.43148100216323665
12487,0.5851934709782038
12488,0.32907158360803473
12489,0.3384124561404838
12490,0.3308957156386781
12491,0.5420607958751483
12492,0.45921957333022884
12493,0.3763190841236372
12494,0.5031667374166284
12495,0.5031667374166284
12496,0.439095649675395
12497,0.3962522300119553
12498,0.39345926389272645
12499,0.32907158360803473
12500,0.24789157863047312
12501,0.39345926389272645
12502,0.3327081957096492
12503,0.4042955063375269
12504,0.5097673692936335
12505,0.46610003082422496
12506,0.5632017412418757
12507,0.40678897853281687
12508,0.5046564324610883
12509,0.5118337853663617
12510,0.5580908044093305
12511,0.4044245043033992
12512,0.5087724479074631
12513,0.4469221391910945
12514,0.599410348817389
12515,0.42000149723859886
12516,0.3809343131418381
12517,0.57702119668676
12518,0.4539618396458254
12519,0.38399565060073665
12520,0.3558469994776898
12521,0.33330105778547386
12522,0.44807600552193855
12523,0.3481704330005903
12524,0.5408528384414124
12525,0.6232362969630414
12526,0.3818790241336479
12527,0.44807600552193855
12528,0.5725417041477785
12529,0.6201749595041428
12530,0.5632017412418757
12531,0.5800825341456586
12532,0.38399565060073665
12533,0.40332346527246715
12534,0.585214558692531
12535,0.4238044356861372
12536,0.5408528384414124
12537,0.5550294669504319
12538,0.34597391233022645
12539,0.29413335762974163
12540,0.44807600552193855
12541,0.44807600552193855
12542,0.5251584671529566
12543,0.3443895004781519
12544,0.5031667374166284
12545,0.2175464068370624
12546,0.33330105778547386
12547,0.45690971837365973
12548,0.3665611072635307
12549,0.4243766590213432
12550,0.3640772088282757
12551,0.5134108599868226
12552,0.46113901703027965
12553,0.5550294669504319
12554,0.5087724479074631
12555,0.305152406662427
12556,0.34861897465559105
12557,0.3115679009669476
12558,0.5073962115940676
12559,0.32759725887710384
12560,0.40678897853281687
12561,0.550414237932231
12562,0.5118337853663617
12563,0.38399565060073665
12564,0.521525023769682
12565,0.32907158360803473
12566,0.4643305101627742
12567,0.29413335762974163
12568,0.3558469994776898
12569,0.3809343131418381
12570,0.3763190841236372
12571,0.48324752930515275
12572,0.13438906407450021
12573,0.2596487538433435
12574,0.1815377686033088
12575,0.27222089201686783
12576,0.15134333729834992
12577,0.20715932280300067
12578,0.25459002614112336
12579,0.48324752930515275
12580,0.16788532243767956
12581,0.2847031297396841
12582,0.11030502940783138
12583,0.25807620988885144
12584,0.2657921657054558
12585,0.2831984970578987
12586,0.22228335499854524
12587,0.2831984970578987
12588,0.2447563169575911
12589,0.12484321576130203
12590,0.2544701519655983
12591,0.18555738097326385
12592,0.3900157990611517
12593,0.12446431547878192
12594,0.31922653765369796
12595,0.36301095602092626
12596,0.18555738097326385
12597,0.19698178488020798
12598,0.25459002614112336
12599,0.2936090962505701
12600,0.2883045258677923
12601,0.3646676648031996
12602,0.3714035691928091
12603,0.2423501741605747
12604,0.3659086143979593
12605,0.289610579664599
12606,0.3040412636399736
12607,0.3589410272752663
12608,0.2550865171529036
12609,0.171579133309059
12610,0.2608625474132025
12611,0.21081351399512727
12612,0.36608802958359266
12613,0.3701883089261997
12614,0.05765370756862567
12615,0.1848458734666725
12616,0.4222325029086294
12617,0.27143593455919857
12618,0.2650435391115944
12619,0.2630069363486098
12620,0.10052056475642948
12621,0.3007864491558435
12622,0.18902885599960828
12623,0.22243173238811376
12624,0.301900855303721
12625,0.16977520610460872
12626,0.2936090962505701
12627,0.35243756887493016
12628,0.2650435391115944
12629,0.16992242452678563
12630,0.19194836779598026
12631,0.12604176718001267
12632,0.27222089201686783
12633,0.2085907044566595
12634,0.05911703413237243
12635,0.3714035691928091
12636,0.21263935075799206
12637,0.2085907044566595
12638,0.3836234036135476
12639,0.09408414083723923
12640,0.015955251758078798
12641,0.3055066553270241
12642,0.3900157990611517
12643,0.1972709653950911
12644,0.11241812383288344
12645,0.21227538010589503
12646,0.3115105818370936
12647,0.14261927342508615
12648,0.2650435391115944
12649,0.2847031297396841
12650,0.22408844117038712
12651,0.2476224390184303
12652,0.14598532026518493
12653,0.24423300644866847
12654,0.08736677473295837
12655,0.14438275725124286
12656,0.3425186814974966
12657,0.11392266866741063
12658,0.3124742424497171
12659,0.2650435391115944
12660,0.28368331895867566
12661,0.36608802958359266
12662,0.04308767622221618
12663,0.37665607439080456
12664,0.37136611920368484
12665,0.3916951386534169
12666,0.1848458734666725
12667,0.20188005086955907
12668,0.19181346058936555
12669,0.4815908205228794
12670,0.24750282274285534
12671,0.2550865171529036
12672,0.30678344849460587
12673,0.2644273011290028
12674,0.4125412645053091
12675,0.13541506886573274
12676,0.0758086655149299
12677,0.25459002614112336
12678,0.3032427994810536
12679,0.37184501770847306
12680,0.2715463129197975
12681,0.3124742424497171
12682,0.4365116117573958
12683,0.43105410695167024
12684,0.12484321576130203
12685,0.2085907044566595
12686,0.3055066553270241
12687,0.15359975463049041
12688,0.40575253683333296
12689,0.237475592151972
12690,0.36608802958359266
12691,0.0955969840835443
12692,0.40177836155985175
12693,0.1625377151975471
12694,0.36608802958359266
12695,0.24400688294284806
12696,0.3732653824888661
12697,0.2253142807493049
12698,0.2936090962505701
12699,0.22602750426427948
12700,0.37665607439080456
12701,0.2292884560227861
12702,0.2243274422288408
12703,0.06498767839471081
12704,0.0758086655149299
12705,0.4365116117573958
12706,0.4181020367514418
12707,0.2596487538433435
12708,0.25807620988885144
12709,0.18551194387679001
12710,0.30735836010944656
12711,0.3366328690061408
12712,0.10052056475642948
12713,0.2361762077163568
12714,0.3124742424497171
12715,0.20610906249181854
12716,0.25807620988885144
12717,0.2576680910306919
12718,0.39479052445403956
12719,0.25807620988885144
12720,0.20219830900905536
12721,0.25807620988885144
12722,0.5239437761019887
12723,0.1556211244779575
12724,0.36301095602092626
12725,0.2906506481814186
12726,0.21881236554248973
12727,0.14720205221954086
12728,0.10025843967084336
12729,0.19152844640563932
12730,0.34382343320307235
12731,0.3401476119688271
12732,0.1697282793944786
12733,0.24570448583638677
12734,0.3577361667415185
12735,0.21715694310870598
12736,0.3658151629394005
12737,0.199812312136728
12738,0.21285151068441768
12739,0.2931631345180274
12740,0.4057673097479401
12741,0.20272341236610195
12742,0.16251996908965805
12743,0.28473142538848617
12744,0.3582247037318946
12745,0.2196770975286862
12746,0.1592444063055573
12747,0.21175371416688543
12748,0.3076482712138121
12749,0.20230540622357773
12750,0.14720205221954086
12751,0.32557176200462185
12752,0.14281740650672695
12753,0.350380883853363
12754,0.3958991956816499
12755,0.20892673375812004
12756,0.3335122925447693
12757,0.29687971113473577
12758,0.14042376105062862
12759,0.2237042808368842
12760,0.282453663080444
12761,0.36797487484724506
12762,0.25169527279646375
12763,0.28473142538848617
12764,0.23499501439880338
12765,0.2022379178432227
12766,0.19521898268014592
12767,0.23167215593934637
12768,0.42775903948426824
12769,0.38644269858184555
12770,0.3332553802836363
12771,0.07138480664356395
12772,0.19773362723899682
12773,0.327650446902353
12774,0.4154595756366889
12775,0.21881236554248973
12776,0.1915368461445014
12777,0.3083544149660559
12778,0.34382343320307235
12779,0.3257627859377356
12780,0.20892673375812004
12781,0.40448172277486333
12782,0.38694666449301146
12783,0.3958991956816499
12784,0.3718287810475906
12785,0.3083544149660559
12786,0.14281740650672695
12787,0.1697282793944786
12788,0.21467372413799082
12789,0.25533762440223473
12790,0.3783769979738684
12791,0.17396127926619034
12792,0.055071740002820696
12793,0.2948909366389794
12794,0.4390529584990327
12795,0.1657310699156044
12796,0.40642901893779554
12797,0.33526300040794216
12798,0.34382343320307235
12799,0.350380883853363
12800,0.14157962827143172
12801,0.24699007280946356
12802,0.42775903948426824
12803,0.2555491789968093
12804,0.28784915443584236
12805,0.33526300040794216
12806,0.10195906347310552
12807,0.19773362723899682
12808,0.2196770975286862
12809,0.11905340109649398
12810,0.4589177438909909
12811,0.3015946434452035
12812,0.22434961544783097
12813,0.38694666449301146
12814,0.22500392433330332
12815,0.16327870580505338
12816,0.21673368064475854
12817,0.3412835263840846
12818,0.14724934789489713
12819,0.3718287810475906
12820,0.18698748935346055
12821,-0.000928015856554304
12822,0.14042376105062862
12823,0.4466257467531653
12824,0.2196770975286862
12825,0.09730052976068954
12826,0.30561049169576177
12827,0.2576278638945405
12828,0.34382343320307235
12829,0.5200690661388202
12830,0.42622813571576523
12831,0.371199645068595
12832,0.19773362723899682
12833,0.23038656896626958
12834,0.2505388632082434
12835,0.25607543828692864
12836,0.5200690661388202
12837,0.17498484119910976
12838,0.18698748935346055
12839,0.1966052615901513
12840,0.1762189292743842
12841,0.213051544109114
12842,0.20892673375812004
12843,0.14726993080302989
12844,0.25607543828692864
12845,0.199812312136728
12846,0.3830743728983824
12847,0.1261224610018005
12848,0.24521897880149682
12849,0.35031408308297796
12850,0.30471774574443616
12851,0.350380883853363
12852,0.1657310699156044
12853,0.23707538488116692
12854,0.4057673097479401
12855,0.24480304111127305
12856,0.4057673097479401
12857,0.29985195043292473
12858,0.2658567800783606
12859,0.4520921570467224
12860,0.3314090942075966
12861,0.4089689257567833
12862,0.46962721532857427
12863,0.2505388632082434
12864,0.23038656896626958
12865,0.11332988767084579
12866,0.10195906347310552
12867,0.0747743025857518
12868,0.3692015291082917
12869,0.19387972103865128
12870,0.3015946434452035
12871,0.29687971113473577
12872,0.2318515640901794
12873,0.3723058128193061
12874,0.3412835263840846
12875,0.12738456250293895
12876,0.23707538488116692
12877,0.2505388632082434
12878,0.3679159421352149
12879,0.12749948963660976
12880,0.1762189292743842
12881,0.23038656896626958
12882,0.22996493812724864
12883,0.12749948963660976
12884,0.34175955065370184
12885,0.38694666449301146
12886,0.39377225133727994
12887,0.1847028595613708
12888,0.14720205221954086
12889,0.2325048449462364
12890,0.24332140509359737
12891,0.16718837257549082
12892,0.1915368461445014
12893,0.15340959774763566
12894,0.27981567410883407
12895,0.23499501439880338
12896,0.31482562411908555
12897,0.28473142538848617
12898,0.2318515640901794
12899,0.0747743025857518
12900,0.2506722093451081
12901,0.3610826431620543
12902,0.1592444063055573
12903,0.3830743728983824
12904,0.19521898268014592
12905,0.12749948963660976
12906,0.2505388632082434
12907,0.38694666449301146
12908,0.1762189292743842
12909,0.24480304111127305
12910,0.19387972103865128
12911,0.23707538488116692
12912,0.20019817380365829
12913,0.2493866223720313
12914,0.3237758243342919
